axis,fold,model,model_family,task_family,objects,predictor,observed,predicted
target_family,logical_deduction,meta-llama/Llama-2-7b-hf,Llama-2,logical_deduction,3,pooled_mean,0.544,0.25127288540987175
target_family,logical_deduction,meta-llama/Llama-2-13b-hf,Llama-2,logical_deduction,3,pooled_mean,0.652,0.25127288540987175
target_family,logical_deduction,meta-llama/Llama-2-70b-hf,Llama-2,logical_deduction,3,pooled_mean,0.856,0.25127288540987175
target_family,logical_deduction,huggyllama/llama-7b,Llama,logical_deduction,3,pooled_mean,0.416,0.25127288540987175
target_family,logical_deduction,huggyllama/llama-13b,Llama,logical_deduction,3,pooled_mean,0.464,0.25127288540987175
target_family,logical_deduction,huggyllama/llama-30b,Llama,logical_deduction,3,pooled_mean,0.684,0.25127288540987175
target_family,logical_deduction,huggyllama/llama-65b,Llama,logical_deduction,3,pooled_mean,0.78,0.25127288540987175
target_family,logical_deduction,Qwen/Qwen1.5-72B,Qwen1.5,logical_deduction,3,pooled_mean,0.856,0.25127288540987175
target_family,logical_deduction,Qwen/Qwen1.5-32B,Qwen1.5,logical_deduction,3,pooled_mean,0.836,0.25127288540987175
target_family,logical_deduction,Qwen/Qwen1.5-14B,Qwen1.5,logical_deduction,3,pooled_mean,0.768,0.25127288540987175
target_family,logical_deduction,Qwen/Qwen1.5-7B,Qwen1.5,logical_deduction,3,pooled_mean,0.3733333333333333,0.25127288540987175
target_family,logical_deduction,Qwen/Qwen1.5-4B,Qwen1.5,logical_deduction,3,pooled_mean,0.432,0.25127288540987175
target_family,logical_deduction,Qwen/Qwen1.5-1.8B,Qwen1.5,logical_deduction,3,pooled_mean,0.036,0.25127288540987175
target_family,logical_deduction,Qwen/Qwen1.5-0.5B,Qwen1.5,logical_deduction,3,pooled_mean,0.16,0.25127288540987175
target_family,logical_deduction,Qwen/Qwen-72B,Qwen,logical_deduction,3,pooled_mean,0.872,0.25127288540987175
target_family,logical_deduction,Qwen/Qwen-14B,Qwen,logical_deduction,3,pooled_mean,0.244,0.25127288540987175
target_family,logical_deduction,Qwen/Qwen-7B,Qwen,logical_deduction,3,pooled_mean,0.5106666666666666,0.25127288540987175
target_family,logical_deduction,mistralai/Mistral-7B-v0.1,Mistral,logical_deduction,3,pooled_mean,0.78,0.25127288540987175
target_family,logical_deduction,mistralai/Mixtral-8x7B-v0.1,Mixtral,logical_deduction,3,pooled_mean,0.864,0.25127288540987175
target_family,logical_deduction,01-ai/Yi-6B,Yi,logical_deduction,3,pooled_mean,0.4973333333333333,0.25127288540987175
target_family,logical_deduction,01-ai/Yi-34B,Yi,logical_deduction,3,pooled_mean,0.844,0.25127288540987175
target_family,logical_deduction,google/gemma-7b,Gemma,logical_deduction,3,pooled_mean,0.688,0.25127288540987175
target_family,logical_deduction,google/gemma-2b,Gemma,logical_deduction,3,pooled_mean,0.3253333333333333,0.25127288540987175
target_family,logical_deduction,tiiuae/falcon-40b,Falcon,logical_deduction,3,pooled_mean,0.508,0.25127288540987175
target_family,logical_deduction,tiiuae/falcon-7b,Falcon,logical_deduction,3,pooled_mean,0.388,0.25127288540987175
target_family,logical_deduction,tiiuae/falcon-rw-1b,Falcon,logical_deduction,3,pooled_mean,0.308,0.25127288540987175
target_family,logical_deduction,microsoft/phi-2,Phi,logical_deduction,3,pooled_mean,0.816,0.25127288540987175
target_family,logical_deduction,microsoft/phi-1_5,Phi,logical_deduction,3,pooled_mean,0.408,0.25127288540987175
target_family,logical_deduction,EleutherAI/pythia-1b-deduped,Pythia,logical_deduction,3,pooled_mean,0.324,0.25127288540987175
target_family,logical_deduction,EleutherAI/pythia-410m-deduped,Pythia,logical_deduction,3,pooled_mean,0.2413333333333333,0.25127288540987175
target_family,logical_deduction,EleutherAI/pythia-6.9b-deduped,Pythia,logical_deduction,3,pooled_mean,0.364,0.25127288540987175
target_family,logical_deduction,EleutherAI/pythia-2.8b-deduped,Pythia,logical_deduction,3,pooled_mean,0.348,0.25127288540987175
target_family,logical_deduction,EleutherAI/pythia-12b-deduped,Pythia,logical_deduction,3,pooled_mean,0.36,0.25127288540987175
target_family,logical_deduction,EleutherAI/pythia-70m-deduped,Pythia,logical_deduction,3,pooled_mean,0.1466666666666666,0.25127288540987175
target_family,logical_deduction,EleutherAI/pythia-1.4b-deduped,Pythia,logical_deduction,3,pooled_mean,0.328,0.25127288540987175
target_family,logical_deduction,EleutherAI/pythia-160m-deduped,Pythia,logical_deduction,3,pooled_mean,0.092,0.25127288540987175
target_family,logical_deduction,bigscience/bloom-560m,BLOOM,logical_deduction,3,pooled_mean,0.292,0.25127288540987175
target_family,logical_deduction,bigscience/bloom-1b1,BLOOM,logical_deduction,3,pooled_mean,0.3293333333333333,0.25127288540987175
target_family,logical_deduction,bigscience/bloom-3b,BLOOM,logical_deduction,3,pooled_mean,0.3013333333333333,0.25127288540987175
target_family,logical_deduction,bigscience/bloom-7b1,BLOOM,logical_deduction,3,pooled_mean,0.3773333333333333,0.25127288540987175
target_family,logical_deduction,EleutherAI/gpt-neox-20b,GPT-Neo/J,logical_deduction,3,pooled_mean,0.38,0.25127288540987175
target_family,logical_deduction,EleutherAI/gpt-neo-2.7B,GPT-Neo/J,logical_deduction,3,pooled_mean,0.332,0.25127288540987175
target_family,logical_deduction,EleutherAI/gpt-neo-1.3B,GPT-Neo/J,logical_deduction,3,pooled_mean,0.2693333333333333,0.25127288540987175
target_family,logical_deduction,EleutherAI/gpt-neo-125m,GPT-Neo/J,logical_deduction,3,pooled_mean,0.0986666666666666,0.25127288540987175
target_family,logical_deduction,EleutherAI/gpt-j-6b,GPT-Neo/J,logical_deduction,3,pooled_mean,0.36,0.25127288540987175
target_family,logical_deduction,facebook/opt-6.7b,OPT,logical_deduction,3,pooled_mean,0.3146666666666666,0.25127288540987175
target_family,logical_deduction,facebook/opt-1.3b,OPT,logical_deduction,3,pooled_mean,0.2333333333333333,0.25127288540987175
target_family,logical_deduction,facebook/opt-350m,OPT,logical_deduction,3,pooled_mean,0.0373333333333333,0.25127288540987175
target_family,logical_deduction,facebook/opt-13b,OPT,logical_deduction,3,pooled_mean,0.344,0.25127288540987175
target_family,logical_deduction,facebook/opt-2.7b,OPT,logical_deduction,3,pooled_mean,0.3253333333333333,0.25127288540987175
target_family,logical_deduction,facebook/opt-30b,OPT,logical_deduction,3,pooled_mean,0.36,0.25127288540987175
target_family,logical_deduction,facebook/opt-125m,OPT,logical_deduction,3,pooled_mean,0.0373333333333333,0.25127288540987175
target_family,logical_deduction,facebook/opt-66b,OPT,logical_deduction,3,pooled_mean,0.352,0.25127288540987175
target_family,logical_deduction,mosaicml/mpt-30b,MPT,logical_deduction,3,pooled_mean,0.592,0.25127288540987175
target_family,logical_deduction,mosaicml/mpt-7b,MPT,logical_deduction,3,pooled_mean,0.432,0.25127288540987175
target_family,logical_deduction,facebook/xglm-564M,XGLM,logical_deduction,3,pooled_mean,0.2586666666666666,0.25127288540987175
target_family,logical_deduction,facebook/xglm-1.7B,XGLM,logical_deduction,3,pooled_mean,0.316,0.25127288540987175
target_family,logical_deduction,facebook/xglm-4.5B,XGLM,logical_deduction,3,pooled_mean,0.0959999999999999,0.25127288540987175
target_family,logical_deduction,facebook/xglm-7.5B,XGLM,logical_deduction,3,pooled_mean,0.1866666666666666,0.25127288540987175
target_family,logical_deduction,codellama/CodeLlama-7b-hf,CodeLlama,logical_deduction,3,pooled_mean,0.592,0.25127288540987175
target_family,logical_deduction,codellama/CodeLlama-13b-hf,CodeLlama,logical_deduction,3,pooled_mean,0.608,0.25127288540987175
target_family,logical_deduction,codellama/CodeLlama-34b-hf,CodeLlama,logical_deduction,3,pooled_mean,0.788,0.25127288540987175
target_family,logical_deduction,codellama/CodeLlama-70b-hf,CodeLlama,logical_deduction,3,pooled_mean,0.804,0.25127288540987175
target_family,logical_deduction,bigcode/starcoderbase-1b,StarCoder,logical_deduction,3,pooled_mean,0.3066666666666666,0.25127288540987175
target_family,logical_deduction,bigcode/starcoderbase-3b,StarCoder,logical_deduction,3,pooled_mean,0.356,0.25127288540987175
target_family,logical_deduction,bigcode/starcoderbase-7b,StarCoder,logical_deduction,3,pooled_mean,0.384,0.25127288540987175
target_family,logical_deduction,bigcode/starcoderbase,StarCoder,logical_deduction,3,pooled_mean,0.432,0.25127288540987175
target_family,logical_deduction,bigcode/starcoder2-15b,StarCoder2,logical_deduction,3,pooled_mean,0.748,0.25127288540987175
target_family,logical_deduction,bigcode/starcoder2-7b,StarCoder2,logical_deduction,3,pooled_mean,0.524,0.25127288540987175
target_family,logical_deduction,bigcode/starcoder2-3b,StarCoder2,logical_deduction,3,pooled_mean,0.476,0.25127288540987175
target_family,logical_deduction,deepseek-ai/deepseek-coder-1.3b-base,DeepSeek-Coder,logical_deduction,3,pooled_mean,0.352,0.25127288540987175
target_family,logical_deduction,deepseek-ai/deepseek-coder-6.7b-base,DeepSeek-Coder,logical_deduction,3,pooled_mean,0.52,0.25127288540987175
target_family,logical_deduction,deepseek-ai/deepseek-coder-33b-base,DeepSeek-Coder,logical_deduction,3,pooled_mean,0.6,0.25127288540987175
target_family,logical_deduction,meta-llama/Llama-2-7b-hf,Llama-2,logical_deduction,5,pooled_mean,0.3136,0.25127288540987175
target_family,logical_deduction,meta-llama/Llama-2-13b-hf,Llama-2,logical_deduction,5,pooled_mean,0.4648,0.25127288540987175
target_family,logical_deduction,meta-llama/Llama-2-70b-hf,Llama-2,logical_deduction,5,pooled_mean,0.56,0.25127288540987175
target_family,logical_deduction,huggyllama/llama-7b,Llama,logical_deduction,5,pooled_mean,0.224,0.25127288540987175
target_family,logical_deduction,huggyllama/llama-13b,Llama,logical_deduction,5,pooled_mean,0.2984,0.25127288540987175
target_family,logical_deduction,huggyllama/llama-30b,Llama,logical_deduction,5,pooled_mean,0.4264,0.25127288540987175
target_family,logical_deduction,huggyllama/llama-65b,Llama,logical_deduction,5,pooled_mean,0.452,0.25127288540987175
target_family,logical_deduction,Qwen/Qwen1.5-72B,Qwen1.5,logical_deduction,5,pooled_mean,0.2632,0.25127288540987175
target_family,logical_deduction,Qwen/Qwen1.5-32B,Qwen1.5,logical_deduction,5,pooled_mean,0.4408,0.25127288540987175
target_family,logical_deduction,Qwen/Qwen1.5-14B,Qwen1.5,logical_deduction,5,pooled_mean,0.4928,0.25127288540987175
target_family,logical_deduction,Qwen/Qwen1.5-7B,Qwen1.5,logical_deduction,5,pooled_mean,0.072,0.25127288540987175
target_family,logical_deduction,Qwen/Qwen1.5-4B,Qwen1.5,logical_deduction,5,pooled_mean,0.2935999999999999,0.25127288540987175
target_family,logical_deduction,Qwen/Qwen1.5-1.8B,Qwen1.5,logical_deduction,5,pooled_mean,0.0104,0.25127288540987175
target_family,logical_deduction,Qwen/Qwen1.5-0.5B,Qwen1.5,logical_deduction,5,pooled_mean,0.06,0.25127288540987175
target_family,logical_deduction,Qwen/Qwen-72B,Qwen,logical_deduction,5,pooled_mean,0.296,0.25127288540987175
target_family,logical_deduction,Qwen/Qwen-14B,Qwen,logical_deduction,5,pooled_mean,0.2384,0.25127288540987175
target_family,logical_deduction,Qwen/Qwen-7B,Qwen,logical_deduction,5,pooled_mean,0.3344,0.25127288540987175
target_family,logical_deduction,mistralai/Mistral-7B-v0.1,Mistral,logical_deduction,5,pooled_mean,0.492,0.25127288540987175
target_family,logical_deduction,mistralai/Mixtral-8x7B-v0.1,Mixtral,logical_deduction,5,pooled_mean,0.512,0.25127288540987175
target_family,logical_deduction,01-ai/Yi-6B,Yi,logical_deduction,5,pooled_mean,0.32,0.25127288540987175
target_family,logical_deduction,01-ai/Yi-34B,Yi,logical_deduction,5,pooled_mean,0.5064,0.25127288540987175
target_family,logical_deduction,google/gemma-7b,Gemma,logical_deduction,5,pooled_mean,0.416,0.25127288540987175
target_family,logical_deduction,google/gemma-2b,Gemma,logical_deduction,5,pooled_mean,0.2423999999999999,0.25127288540987175
target_family,logical_deduction,tiiuae/falcon-40b,Falcon,logical_deduction,5,pooled_mean,0.2648,0.25127288540987175
target_family,logical_deduction,tiiuae/falcon-7b,Falcon,logical_deduction,5,pooled_mean,0.1984,0.25127288540987175
target_family,logical_deduction,tiiuae/falcon-rw-1b,Falcon,logical_deduction,5,pooled_mean,0.192,0.25127288540987175
target_family,logical_deduction,microsoft/phi-2,Phi,logical_deduction,5,pooled_mean,0.592,0.25127288540987175
target_family,logical_deduction,microsoft/phi-1_5,Phi,logical_deduction,5,pooled_mean,0.252,0.25127288540987175
target_family,logical_deduction,EleutherAI/pythia-1b-deduped,Pythia,logical_deduction,5,pooled_mean,0.172,0.25127288540987175
target_family,logical_deduction,EleutherAI/pythia-410m-deduped,Pythia,logical_deduction,5,pooled_mean,0.1088,0.25127288540987175
target_family,logical_deduction,EleutherAI/pythia-6.9b-deduped,Pythia,logical_deduction,5,pooled_mean,0.212,0.25127288540987175
target_family,logical_deduction,EleutherAI/pythia-2.8b-deduped,Pythia,logical_deduction,5,pooled_mean,0.2024,0.25127288540987175
target_family,logical_deduction,EleutherAI/pythia-12b-deduped,Pythia,logical_deduction,5,pooled_mean,0.2264,0.25127288540987175
target_family,logical_deduction,EleutherAI/pythia-70m-deduped,Pythia,logical_deduction,5,pooled_mean,0.0752,0.25127288540987175
target_family,logical_deduction,EleutherAI/pythia-1.4b-deduped,Pythia,logical_deduction,5,pooled_mean,0.216,0.25127288540987175
target_family,logical_deduction,EleutherAI/pythia-160m-deduped,Pythia,logical_deduction,5,pooled_mean,0.0688,0.25127288540987175
target_family,logical_deduction,bigscience/bloom-560m,BLOOM,logical_deduction,5,pooled_mean,0.18,0.25127288540987175
target_family,logical_deduction,bigscience/bloom-1b1,BLOOM,logical_deduction,5,pooled_mean,0.1776,0.25127288540987175
target_family,logical_deduction,bigscience/bloom-3b,BLOOM,logical_deduction,5,pooled_mean,0.1976,0.25127288540987175
target_family,logical_deduction,bigscience/bloom-7b1,BLOOM,logical_deduction,5,pooled_mean,0.2143999999999999,0.25127288540987175
target_family,logical_deduction,EleutherAI/gpt-neox-20b,GPT-Neo/J,logical_deduction,5,pooled_mean,0.248,0.25127288540987175
target_family,logical_deduction,EleutherAI/gpt-neo-2.7B,GPT-Neo/J,logical_deduction,5,pooled_mean,0.208,0.25127288540987175
target_family,logical_deduction,EleutherAI/gpt-neo-1.3B,GPT-Neo/J,logical_deduction,5,pooled_mean,0.1488,0.25127288540987175
target_family,logical_deduction,EleutherAI/gpt-neo-125m,GPT-Neo/J,logical_deduction,5,pooled_mean,0.0256,0.25127288540987175
target_family,logical_deduction,EleutherAI/gpt-j-6b,GPT-Neo/J,logical_deduction,5,pooled_mean,0.244,0.25127288540987175
target_family,logical_deduction,facebook/opt-6.7b,OPT,logical_deduction,5,pooled_mean,0.2135999999999999,0.25127288540987175
target_family,logical_deduction,facebook/opt-1.3b,OPT,logical_deduction,5,pooled_mean,0.0896,0.25127288540987175
target_family,logical_deduction,facebook/opt-350m,OPT,logical_deduction,5,pooled_mean,0.0112,0.25127288540987175
target_family,logical_deduction,facebook/opt-13b,OPT,logical_deduction,5,pooled_mean,0.244,0.25127288540987175
target_family,logical_deduction,facebook/opt-2.7b,OPT,logical_deduction,5,pooled_mean,0.2128,0.25127288540987175
target_family,logical_deduction,facebook/opt-30b,OPT,logical_deduction,5,pooled_mean,0.256,0.25127288540987175
target_family,logical_deduction,facebook/opt-125m,OPT,logical_deduction,5,pooled_mean,0.0,0.25127288540987175
target_family,logical_deduction,facebook/opt-66b,OPT,logical_deduction,5,pooled_mean,0.264,0.25127288540987175
target_family,logical_deduction,mosaicml/mpt-30b,MPT,logical_deduction,5,pooled_mean,0.3904,0.25127288540987175
target_family,logical_deduction,mosaicml/mpt-7b,MPT,logical_deduction,5,pooled_mean,0.2976,0.25127288540987175
target_family,logical_deduction,facebook/xglm-564M,XGLM,logical_deduction,5,pooled_mean,0.1728,0.25127288540987175
target_family,logical_deduction,facebook/xglm-1.7B,XGLM,logical_deduction,5,pooled_mean,0.2168,0.25127288540987175
target_family,logical_deduction,facebook/xglm-4.5B,XGLM,logical_deduction,5,pooled_mean,0.0616,0.25127288540987175
target_family,logical_deduction,facebook/xglm-7.5B,XGLM,logical_deduction,5,pooled_mean,0.1088,0.25127288540987175
target_family,logical_deduction,codellama/CodeLlama-7b-hf,CodeLlama,logical_deduction,5,pooled_mean,0.3,0.25127288540987175
target_family,logical_deduction,codellama/CodeLlama-13b-hf,CodeLlama,logical_deduction,5,pooled_mean,0.4072,0.25127288540987175
target_family,logical_deduction,codellama/CodeLlama-34b-hf,CodeLlama,logical_deduction,5,pooled_mean,0.528,0.25127288540987175
target_family,logical_deduction,codellama/CodeLlama-70b-hf,CodeLlama,logical_deduction,5,pooled_mean,0.5272,0.25127288540987175
target_family,logical_deduction,bigcode/starcoderbase-1b,StarCoder,logical_deduction,5,pooled_mean,0.1823999999999999,0.25127288540987175
target_family,logical_deduction,bigcode/starcoderbase-3b,StarCoder,logical_deduction,5,pooled_mean,0.248,0.25127288540987175
target_family,logical_deduction,bigcode/starcoderbase-7b,StarCoder,logical_deduction,5,pooled_mean,0.2455999999999999,0.25127288540987175
target_family,logical_deduction,bigcode/starcoderbase,StarCoder,logical_deduction,5,pooled_mean,0.38,0.25127288540987175
target_family,logical_deduction,bigcode/starcoder2-15b,StarCoder2,logical_deduction,5,pooled_mean,0.4456,0.25127288540987175
target_family,logical_deduction,bigcode/starcoder2-7b,StarCoder2,logical_deduction,5,pooled_mean,0.436,0.25127288540987175
target_family,logical_deduction,bigcode/starcoder2-3b,StarCoder2,logical_deduction,5,pooled_mean,0.3416,0.25127288540987175
target_family,logical_deduction,deepseek-ai/deepseek-coder-1.3b-base,DeepSeek-Coder,logical_deduction,5,pooled_mean,0.224,0.25127288540987175
target_family,logical_deduction,deepseek-ai/deepseek-coder-6.7b-base,DeepSeek-Coder,logical_deduction,5,pooled_mean,0.368,0.25127288540987175
target_family,logical_deduction,deepseek-ai/deepseek-coder-33b-base,DeepSeek-Coder,logical_deduction,5,pooled_mean,0.4,0.25127288540987175
target_family,logical_deduction,meta-llama/Llama-2-7b-hf,Llama-2,logical_deduction,7,pooled_mean,0.2497142857142857,0.25127288540987175
target_family,logical_deduction,meta-llama/Llama-2-13b-hf,Llama-2,logical_deduction,7,pooled_mean,0.4217142857142857,0.25127288540987175
target_family,logical_deduction,meta-llama/Llama-2-70b-hf,Llama-2,logical_deduction,7,pooled_mean,0.4531428571428572,0.25127288540987175
target_family,logical_deduction,huggyllama/llama-7b,Llama,logical_deduction,7,pooled_mean,0.152,0.25127288540987175
target_family,logical_deduction,huggyllama/llama-13b,Llama,logical_deduction,7,pooled_mean,0.192,0.25127288540987175
target_family,logical_deduction,huggyllama/llama-30b,Llama,logical_deduction,7,pooled_mean,0.3114285714285714,0.25127288540987175
target_family,logical_deduction,huggyllama/llama-65b,Llama,logical_deduction,7,pooled_mean,0.424,0.25127288540987175
target_family,logical_deduction,Qwen/Qwen1.5-72B,Qwen1.5,logical_deduction,7,pooled_mean,0.1725714285714285,0.25127288540987175
target_family,logical_deduction,Qwen/Qwen1.5-32B,Qwen1.5,logical_deduction,7,pooled_mean,0.0731428571428571,0.25127288540987175
target_family,logical_deduction,Qwen/Qwen1.5-14B,Qwen1.5,logical_deduction,7,pooled_mean,0.228,0.25127288540987175
target_family,logical_deduction,Qwen/Qwen1.5-7B,Qwen1.5,logical_deduction,7,pooled_mean,0.0154285714285714,0.25127288540987175
target_family,logical_deduction,Qwen/Qwen1.5-4B,Qwen1.5,logical_deduction,7,pooled_mean,0.2371428571428571,0.25127288540987175
target_family,logical_deduction,Qwen/Qwen1.5-1.8B,Qwen1.5,logical_deduction,7,pooled_mean,0.0108571428571428,0.25127288540987175
target_family,logical_deduction,Qwen/Qwen1.5-0.5B,Qwen1.5,logical_deduction,7,pooled_mean,0.0137142857142857,0.25127288540987175
target_family,logical_deduction,Qwen/Qwen-72B,Qwen,logical_deduction,7,pooled_mean,0.1885714285714285,0.25127288540987175
target_family,logical_deduction,Qwen/Qwen-14B,Qwen,logical_deduction,7,pooled_mean,0.324,0.25127288540987175
target_family,logical_deduction,Qwen/Qwen-7B,Qwen,logical_deduction,7,pooled_mean,0.2577142857142857,0.25127288540987175
target_family,logical_deduction,mistralai/Mistral-7B-v0.1,Mistral,logical_deduction,7,pooled_mean,0.3937142857142857,0.25127288540987175
target_family,logical_deduction,mistralai/Mixtral-8x7B-v0.1,Mixtral,logical_deduction,7,pooled_mean,0.4045714285714286,0.25127288540987175
target_family,logical_deduction,01-ai/Yi-6B,Yi,logical_deduction,7,pooled_mean,0.3182857142857143,0.25127288540987175
target_family,logical_deduction,01-ai/Yi-34B,Yi,logical_deduction,7,pooled_mean,0.4028571428571428,0.25127288540987175
target_family,logical_deduction,google/gemma-7b,Gemma,logical_deduction,7,pooled_mean,0.376,0.25127288540987175
target_family,logical_deduction,google/gemma-2b,Gemma,logical_deduction,7,pooled_mean,0.1074285714285714,0.25127288540987175
target_family,logical_deduction,tiiuae/falcon-40b,Falcon,logical_deduction,7,pooled_mean,0.1714285714285714,0.25127288540987175
target_family,logical_deduction,tiiuae/falcon-7b,Falcon,logical_deduction,7,pooled_mean,0.1474285714285714,0.25127288540987175
target_family,logical_deduction,tiiuae/falcon-rw-1b,Falcon,logical_deduction,7,pooled_mean,0.1325714285714286,0.25127288540987175
target_family,logical_deduction,microsoft/phi-2,Phi,logical_deduction,7,pooled_mean,0.424,0.25127288540987175
target_family,logical_deduction,microsoft/phi-1_5,Phi,logical_deduction,7,pooled_mean,0.1782857142857142,0.25127288540987175
target_family,logical_deduction,EleutherAI/pythia-1b-deduped,Pythia,logical_deduction,7,pooled_mean,0.096,0.25127288540987175
target_family,logical_deduction,EleutherAI/pythia-410m-deduped,Pythia,logical_deduction,7,pooled_mean,0.0531428571428571,0.25127288540987175
target_family,logical_deduction,EleutherAI/pythia-6.9b-deduped,Pythia,logical_deduction,7,pooled_mean,0.1297142857142857,0.25127288540987175
target_family,logical_deduction,EleutherAI/pythia-2.8b-deduped,Pythia,logical_deduction,7,pooled_mean,0.1154285714285714,0.25127288540987175
target_family,logical_deduction,EleutherAI/pythia-12b-deduped,Pythia,logical_deduction,7,pooled_mean,0.1462857142857143,0.25127288540987175
target_family,logical_deduction,EleutherAI/pythia-70m-deduped,Pythia,logical_deduction,7,pooled_mean,0.0645714285714285,0.25127288540987175
target_family,logical_deduction,EleutherAI/pythia-1.4b-deduped,Pythia,logical_deduction,7,pooled_mean,0.132,0.25127288540987175
target_family,logical_deduction,EleutherAI/pythia-160m-deduped,Pythia,logical_deduction,7,pooled_mean,0.028,0.25127288540987175
target_family,logical_deduction,bigscience/bloom-560m,BLOOM,logical_deduction,7,pooled_mean,0.124,0.25127288540987175
target_family,logical_deduction,bigscience/bloom-1b1,BLOOM,logical_deduction,7,pooled_mean,0.1382857142857143,0.25127288540987175
target_family,logical_deduction,bigscience/bloom-3b,BLOOM,logical_deduction,7,pooled_mean,0.1222857142857142,0.25127288540987175
target_family,logical_deduction,bigscience/bloom-7b1,BLOOM,logical_deduction,7,pooled_mean,0.1605714285714285,0.25127288540987175
target_family,logical_deduction,EleutherAI/gpt-neox-20b,GPT-Neo/J,logical_deduction,7,pooled_mean,0.1611428571428571,0.25127288540987175
target_family,logical_deduction,EleutherAI/gpt-neo-2.7B,GPT-Neo/J,logical_deduction,7,pooled_mean,0.0502857142857142,0.25127288540987175
target_family,logical_deduction,EleutherAI/gpt-neo-1.3B,GPT-Neo/J,logical_deduction,7,pooled_mean,0.1331428571428571,0.25127288540987175
target_family,logical_deduction,EleutherAI/gpt-neo-125m,GPT-Neo/J,logical_deduction,7,pooled_mean,0.0222857142857142,0.25127288540987175
target_family,logical_deduction,EleutherAI/gpt-j-6b,GPT-Neo/J,logical_deduction,7,pooled_mean,0.1291428571428571,0.25127288540987175
target_family,logical_deduction,facebook/opt-6.7b,OPT,logical_deduction,7,pooled_mean,0.1314285714285714,0.25127288540987175
target_family,logical_deduction,facebook/opt-1.3b,OPT,logical_deduction,7,pooled_mean,0.0514285714285714,0.25127288540987175
target_family,logical_deduction,facebook/opt-350m,OPT,logical_deduction,7,pooled_mean,0.0377142857142857,0.25127288540987175
target_family,logical_deduction,facebook/opt-13b,OPT,logical_deduction,7,pooled_mean,0.1297142857142857,0.25127288540987175
target_family,logical_deduction,facebook/opt-2.7b,OPT,logical_deduction,7,pooled_mean,0.1188571428571428,0.25127288540987175
target_family,logical_deduction,facebook/opt-30b,OPT,logical_deduction,7,pooled_mean,0.1725714285714285,0.25127288540987175
target_family,logical_deduction,facebook/opt-125m,OPT,logical_deduction,7,pooled_mean,0.016,0.25127288540987175
target_family,logical_deduction,facebook/opt-66b,OPT,logical_deduction,7,pooled_mean,0.1314285714285714,0.25127288540987175
target_family,logical_deduction,mosaicml/mpt-30b,MPT,logical_deduction,7,pooled_mean,0.3257142857142857,0.25127288540987175
target_family,logical_deduction,mosaicml/mpt-7b,MPT,logical_deduction,7,pooled_mean,0.1851428571428571,0.25127288540987175
target_family,logical_deduction,facebook/xglm-564M,XGLM,logical_deduction,7,pooled_mean,0.1377142857142857,0.25127288540987175
target_family,logical_deduction,facebook/xglm-1.7B,XGLM,logical_deduction,7,pooled_mean,0.172,0.25127288540987175
target_family,logical_deduction,facebook/xglm-4.5B,XGLM,logical_deduction,7,pooled_mean,0.0725714285714285,0.25127288540987175
target_family,logical_deduction,facebook/xglm-7.5B,XGLM,logical_deduction,7,pooled_mean,0.0788571428571428,0.25127288540987175
target_family,logical_deduction,codellama/CodeLlama-7b-hf,CodeLlama,logical_deduction,7,pooled_mean,0.2862857142857142,0.25127288540987175
target_family,logical_deduction,codellama/CodeLlama-13b-hf,CodeLlama,logical_deduction,7,pooled_mean,0.3434285714285714,0.25127288540987175
target_family,logical_deduction,codellama/CodeLlama-34b-hf,CodeLlama,logical_deduction,7,pooled_mean,0.4005714285714286,0.25127288540987175
target_family,logical_deduction,codellama/CodeLlama-70b-hf,CodeLlama,logical_deduction,7,pooled_mean,0.4365714285714285,0.25127288540987175
target_family,logical_deduction,bigcode/starcoderbase-1b,StarCoder,logical_deduction,7,pooled_mean,0.1228571428571428,0.25127288540987175
target_family,logical_deduction,bigcode/starcoderbase-3b,StarCoder,logical_deduction,7,pooled_mean,0.1685714285714285,0.25127288540987175
target_family,logical_deduction,bigcode/starcoderbase-7b,StarCoder,logical_deduction,7,pooled_mean,0.1531428571428571,0.25127288540987175
target_family,logical_deduction,bigcode/starcoderbase,StarCoder,logical_deduction,7,pooled_mean,0.2685714285714285,0.25127288540987175
target_family,logical_deduction,bigcode/starcoder2-15b,StarCoder2,logical_deduction,7,pooled_mean,0.3377142857142857,0.25127288540987175
target_family,logical_deduction,bigcode/starcoder2-7b,StarCoder2,logical_deduction,7,pooled_mean,0.4262857142857142,0.25127288540987175
target_family,logical_deduction,bigcode/starcoder2-3b,StarCoder2,logical_deduction,7,pooled_mean,0.2771428571428572,0.25127288540987175
target_family,logical_deduction,deepseek-ai/deepseek-coder-1.3b-base,DeepSeek-Coder,logical_deduction,7,pooled_mean,0.1502857142857142,0.25127288540987175
target_family,logical_deduction,deepseek-ai/deepseek-coder-6.7b-base,DeepSeek-Coder,logical_deduction,7,pooled_mean,0.2565714285714285,0.25127288540987175
target_family,logical_deduction,deepseek-ai/deepseek-coder-33b-base,DeepSeek-Coder,logical_deduction,7,pooled_mean,0.296,0.25127288540987175
target_family,logical_deduction,meta-llama/Llama-2-7b-hf,Llama-2,logical_deduction,3,task_family_mean,0.544,0.25127288540987175
target_family,logical_deduction,meta-llama/Llama-2-13b-hf,Llama-2,logical_deduction,3,task_family_mean,0.652,0.25127288540987175
target_family,logical_deduction,meta-llama/Llama-2-70b-hf,Llama-2,logical_deduction,3,task_family_mean,0.856,0.25127288540987175
target_family,logical_deduction,huggyllama/llama-7b,Llama,logical_deduction,3,task_family_mean,0.416,0.25127288540987175
target_family,logical_deduction,huggyllama/llama-13b,Llama,logical_deduction,3,task_family_mean,0.464,0.25127288540987175
target_family,logical_deduction,huggyllama/llama-30b,Llama,logical_deduction,3,task_family_mean,0.684,0.25127288540987175
target_family,logical_deduction,huggyllama/llama-65b,Llama,logical_deduction,3,task_family_mean,0.78,0.25127288540987175
target_family,logical_deduction,Qwen/Qwen1.5-72B,Qwen1.5,logical_deduction,3,task_family_mean,0.856,0.25127288540987175
target_family,logical_deduction,Qwen/Qwen1.5-32B,Qwen1.5,logical_deduction,3,task_family_mean,0.836,0.25127288540987175
target_family,logical_deduction,Qwen/Qwen1.5-14B,Qwen1.5,logical_deduction,3,task_family_mean,0.768,0.25127288540987175
target_family,logical_deduction,Qwen/Qwen1.5-7B,Qwen1.5,logical_deduction,3,task_family_mean,0.3733333333333333,0.25127288540987175
target_family,logical_deduction,Qwen/Qwen1.5-4B,Qwen1.5,logical_deduction,3,task_family_mean,0.432,0.25127288540987175
target_family,logical_deduction,Qwen/Qwen1.5-1.8B,Qwen1.5,logical_deduction,3,task_family_mean,0.036,0.25127288540987175
target_family,logical_deduction,Qwen/Qwen1.5-0.5B,Qwen1.5,logical_deduction,3,task_family_mean,0.16,0.25127288540987175
target_family,logical_deduction,Qwen/Qwen-72B,Qwen,logical_deduction,3,task_family_mean,0.872,0.25127288540987175
target_family,logical_deduction,Qwen/Qwen-14B,Qwen,logical_deduction,3,task_family_mean,0.244,0.25127288540987175
target_family,logical_deduction,Qwen/Qwen-7B,Qwen,logical_deduction,3,task_family_mean,0.5106666666666666,0.25127288540987175
target_family,logical_deduction,mistralai/Mistral-7B-v0.1,Mistral,logical_deduction,3,task_family_mean,0.78,0.25127288540987175
target_family,logical_deduction,mistralai/Mixtral-8x7B-v0.1,Mixtral,logical_deduction,3,task_family_mean,0.864,0.25127288540987175
target_family,logical_deduction,01-ai/Yi-6B,Yi,logical_deduction,3,task_family_mean,0.4973333333333333,0.25127288540987175
target_family,logical_deduction,01-ai/Yi-34B,Yi,logical_deduction,3,task_family_mean,0.844,0.25127288540987175
target_family,logical_deduction,google/gemma-7b,Gemma,logical_deduction,3,task_family_mean,0.688,0.25127288540987175
target_family,logical_deduction,google/gemma-2b,Gemma,logical_deduction,3,task_family_mean,0.3253333333333333,0.25127288540987175
target_family,logical_deduction,tiiuae/falcon-40b,Falcon,logical_deduction,3,task_family_mean,0.508,0.25127288540987175
target_family,logical_deduction,tiiuae/falcon-7b,Falcon,logical_deduction,3,task_family_mean,0.388,0.25127288540987175
target_family,logical_deduction,tiiuae/falcon-rw-1b,Falcon,logical_deduction,3,task_family_mean,0.308,0.25127288540987175
target_family,logical_deduction,microsoft/phi-2,Phi,logical_deduction,3,task_family_mean,0.816,0.25127288540987175
target_family,logical_deduction,microsoft/phi-1_5,Phi,logical_deduction,3,task_family_mean,0.408,0.25127288540987175
target_family,logical_deduction,EleutherAI/pythia-1b-deduped,Pythia,logical_deduction,3,task_family_mean,0.324,0.25127288540987175
target_family,logical_deduction,EleutherAI/pythia-410m-deduped,Pythia,logical_deduction,3,task_family_mean,0.2413333333333333,0.25127288540987175
target_family,logical_deduction,EleutherAI/pythia-6.9b-deduped,Pythia,logical_deduction,3,task_family_mean,0.364,0.25127288540987175
target_family,logical_deduction,EleutherAI/pythia-2.8b-deduped,Pythia,logical_deduction,3,task_family_mean,0.348,0.25127288540987175
target_family,logical_deduction,EleutherAI/pythia-12b-deduped,Pythia,logical_deduction,3,task_family_mean,0.36,0.25127288540987175
target_family,logical_deduction,EleutherAI/pythia-70m-deduped,Pythia,logical_deduction,3,task_family_mean,0.1466666666666666,0.25127288540987175
target_family,logical_deduction,EleutherAI/pythia-1.4b-deduped,Pythia,logical_deduction,3,task_family_mean,0.328,0.25127288540987175
target_family,logical_deduction,EleutherAI/pythia-160m-deduped,Pythia,logical_deduction,3,task_family_mean,0.092,0.25127288540987175
target_family,logical_deduction,bigscience/bloom-560m,BLOOM,logical_deduction,3,task_family_mean,0.292,0.25127288540987175
target_family,logical_deduction,bigscience/bloom-1b1,BLOOM,logical_deduction,3,task_family_mean,0.3293333333333333,0.25127288540987175
target_family,logical_deduction,bigscience/bloom-3b,BLOOM,logical_deduction,3,task_family_mean,0.3013333333333333,0.25127288540987175
target_family,logical_deduction,bigscience/bloom-7b1,BLOOM,logical_deduction,3,task_family_mean,0.3773333333333333,0.25127288540987175
target_family,logical_deduction,EleutherAI/gpt-neox-20b,GPT-Neo/J,logical_deduction,3,task_family_mean,0.38,0.25127288540987175
target_family,logical_deduction,EleutherAI/gpt-neo-2.7B,GPT-Neo/J,logical_deduction,3,task_family_mean,0.332,0.25127288540987175
target_family,logical_deduction,EleutherAI/gpt-neo-1.3B,GPT-Neo/J,logical_deduction,3,task_family_mean,0.2693333333333333,0.25127288540987175
target_family,logical_deduction,EleutherAI/gpt-neo-125m,GPT-Neo/J,logical_deduction,3,task_family_mean,0.0986666666666666,0.25127288540987175
target_family,logical_deduction,EleutherAI/gpt-j-6b,GPT-Neo/J,logical_deduction,3,task_family_mean,0.36,0.25127288540987175
target_family,logical_deduction,facebook/opt-6.7b,OPT,logical_deduction,3,task_family_mean,0.3146666666666666,0.25127288540987175
target_family,logical_deduction,facebook/opt-1.3b,OPT,logical_deduction,3,task_family_mean,0.2333333333333333,0.25127288540987175
target_family,logical_deduction,facebook/opt-350m,OPT,logical_deduction,3,task_family_mean,0.0373333333333333,0.25127288540987175
target_family,logical_deduction,facebook/opt-13b,OPT,logical_deduction,3,task_family_mean,0.344,0.25127288540987175
target_family,logical_deduction,facebook/opt-2.7b,OPT,logical_deduction,3,task_family_mean,0.3253333333333333,0.25127288540987175
target_family,logical_deduction,facebook/opt-30b,OPT,logical_deduction,3,task_family_mean,0.36,0.25127288540987175
target_family,logical_deduction,facebook/opt-125m,OPT,logical_deduction,3,task_family_mean,0.0373333333333333,0.25127288540987175
target_family,logical_deduction,facebook/opt-66b,OPT,logical_deduction,3,task_family_mean,0.352,0.25127288540987175
target_family,logical_deduction,mosaicml/mpt-30b,MPT,logical_deduction,3,task_family_mean,0.592,0.25127288540987175
target_family,logical_deduction,mosaicml/mpt-7b,MPT,logical_deduction,3,task_family_mean,0.432,0.25127288540987175
target_family,logical_deduction,facebook/xglm-564M,XGLM,logical_deduction,3,task_family_mean,0.2586666666666666,0.25127288540987175
target_family,logical_deduction,facebook/xglm-1.7B,XGLM,logical_deduction,3,task_family_mean,0.316,0.25127288540987175
target_family,logical_deduction,facebook/xglm-4.5B,XGLM,logical_deduction,3,task_family_mean,0.0959999999999999,0.25127288540987175
target_family,logical_deduction,facebook/xglm-7.5B,XGLM,logical_deduction,3,task_family_mean,0.1866666666666666,0.25127288540987175
target_family,logical_deduction,codellama/CodeLlama-7b-hf,CodeLlama,logical_deduction,3,task_family_mean,0.592,0.25127288540987175
target_family,logical_deduction,codellama/CodeLlama-13b-hf,CodeLlama,logical_deduction,3,task_family_mean,0.608,0.25127288540987175
target_family,logical_deduction,codellama/CodeLlama-34b-hf,CodeLlama,logical_deduction,3,task_family_mean,0.788,0.25127288540987175
target_family,logical_deduction,codellama/CodeLlama-70b-hf,CodeLlama,logical_deduction,3,task_family_mean,0.804,0.25127288540987175
target_family,logical_deduction,bigcode/starcoderbase-1b,StarCoder,logical_deduction,3,task_family_mean,0.3066666666666666,0.25127288540987175
target_family,logical_deduction,bigcode/starcoderbase-3b,StarCoder,logical_deduction,3,task_family_mean,0.356,0.25127288540987175
target_family,logical_deduction,bigcode/starcoderbase-7b,StarCoder,logical_deduction,3,task_family_mean,0.384,0.25127288540987175
target_family,logical_deduction,bigcode/starcoderbase,StarCoder,logical_deduction,3,task_family_mean,0.432,0.25127288540987175
target_family,logical_deduction,bigcode/starcoder2-15b,StarCoder2,logical_deduction,3,task_family_mean,0.748,0.25127288540987175
target_family,logical_deduction,bigcode/starcoder2-7b,StarCoder2,logical_deduction,3,task_family_mean,0.524,0.25127288540987175
target_family,logical_deduction,bigcode/starcoder2-3b,StarCoder2,logical_deduction,3,task_family_mean,0.476,0.25127288540987175
target_family,logical_deduction,deepseek-ai/deepseek-coder-1.3b-base,DeepSeek-Coder,logical_deduction,3,task_family_mean,0.352,0.25127288540987175
target_family,logical_deduction,deepseek-ai/deepseek-coder-6.7b-base,DeepSeek-Coder,logical_deduction,3,task_family_mean,0.52,0.25127288540987175
target_family,logical_deduction,deepseek-ai/deepseek-coder-33b-base,DeepSeek-Coder,logical_deduction,3,task_family_mean,0.6,0.25127288540987175
target_family,logical_deduction,meta-llama/Llama-2-7b-hf,Llama-2,logical_deduction,5,task_family_mean,0.3136,0.25127288540987175
target_family,logical_deduction,meta-llama/Llama-2-13b-hf,Llama-2,logical_deduction,5,task_family_mean,0.4648,0.25127288540987175
target_family,logical_deduction,meta-llama/Llama-2-70b-hf,Llama-2,logical_deduction,5,task_family_mean,0.56,0.25127288540987175
target_family,logical_deduction,huggyllama/llama-7b,Llama,logical_deduction,5,task_family_mean,0.224,0.25127288540987175
target_family,logical_deduction,huggyllama/llama-13b,Llama,logical_deduction,5,task_family_mean,0.2984,0.25127288540987175
target_family,logical_deduction,huggyllama/llama-30b,Llama,logical_deduction,5,task_family_mean,0.4264,0.25127288540987175
target_family,logical_deduction,huggyllama/llama-65b,Llama,logical_deduction,5,task_family_mean,0.452,0.25127288540987175
target_family,logical_deduction,Qwen/Qwen1.5-72B,Qwen1.5,logical_deduction,5,task_family_mean,0.2632,0.25127288540987175
target_family,logical_deduction,Qwen/Qwen1.5-32B,Qwen1.5,logical_deduction,5,task_family_mean,0.4408,0.25127288540987175
target_family,logical_deduction,Qwen/Qwen1.5-14B,Qwen1.5,logical_deduction,5,task_family_mean,0.4928,0.25127288540987175
target_family,logical_deduction,Qwen/Qwen1.5-7B,Qwen1.5,logical_deduction,5,task_family_mean,0.072,0.25127288540987175
target_family,logical_deduction,Qwen/Qwen1.5-4B,Qwen1.5,logical_deduction,5,task_family_mean,0.2935999999999999,0.25127288540987175
target_family,logical_deduction,Qwen/Qwen1.5-1.8B,Qwen1.5,logical_deduction,5,task_family_mean,0.0104,0.25127288540987175
target_family,logical_deduction,Qwen/Qwen1.5-0.5B,Qwen1.5,logical_deduction,5,task_family_mean,0.06,0.25127288540987175
target_family,logical_deduction,Qwen/Qwen-72B,Qwen,logical_deduction,5,task_family_mean,0.296,0.25127288540987175
target_family,logical_deduction,Qwen/Qwen-14B,Qwen,logical_deduction,5,task_family_mean,0.2384,0.25127288540987175
target_family,logical_deduction,Qwen/Qwen-7B,Qwen,logical_deduction,5,task_family_mean,0.3344,0.25127288540987175
target_family,logical_deduction,mistralai/Mistral-7B-v0.1,Mistral,logical_deduction,5,task_family_mean,0.492,0.25127288540987175
target_family,logical_deduction,mistralai/Mixtral-8x7B-v0.1,Mixtral,logical_deduction,5,task_family_mean,0.512,0.25127288540987175
target_family,logical_deduction,01-ai/Yi-6B,Yi,logical_deduction,5,task_family_mean,0.32,0.25127288540987175
target_family,logical_deduction,01-ai/Yi-34B,Yi,logical_deduction,5,task_family_mean,0.5064,0.25127288540987175
target_family,logical_deduction,google/gemma-7b,Gemma,logical_deduction,5,task_family_mean,0.416,0.25127288540987175
target_family,logical_deduction,google/gemma-2b,Gemma,logical_deduction,5,task_family_mean,0.2423999999999999,0.25127288540987175
target_family,logical_deduction,tiiuae/falcon-40b,Falcon,logical_deduction,5,task_family_mean,0.2648,0.25127288540987175
target_family,logical_deduction,tiiuae/falcon-7b,Falcon,logical_deduction,5,task_family_mean,0.1984,0.25127288540987175
target_family,logical_deduction,tiiuae/falcon-rw-1b,Falcon,logical_deduction,5,task_family_mean,0.192,0.25127288540987175
target_family,logical_deduction,microsoft/phi-2,Phi,logical_deduction,5,task_family_mean,0.592,0.25127288540987175
target_family,logical_deduction,microsoft/phi-1_5,Phi,logical_deduction,5,task_family_mean,0.252,0.25127288540987175
target_family,logical_deduction,EleutherAI/pythia-1b-deduped,Pythia,logical_deduction,5,task_family_mean,0.172,0.25127288540987175
target_family,logical_deduction,EleutherAI/pythia-410m-deduped,Pythia,logical_deduction,5,task_family_mean,0.1088,0.25127288540987175
target_family,logical_deduction,EleutherAI/pythia-6.9b-deduped,Pythia,logical_deduction,5,task_family_mean,0.212,0.25127288540987175
target_family,logical_deduction,EleutherAI/pythia-2.8b-deduped,Pythia,logical_deduction,5,task_family_mean,0.2024,0.25127288540987175
target_family,logical_deduction,EleutherAI/pythia-12b-deduped,Pythia,logical_deduction,5,task_family_mean,0.2264,0.25127288540987175
target_family,logical_deduction,EleutherAI/pythia-70m-deduped,Pythia,logical_deduction,5,task_family_mean,0.0752,0.25127288540987175
target_family,logical_deduction,EleutherAI/pythia-1.4b-deduped,Pythia,logical_deduction,5,task_family_mean,0.216,0.25127288540987175
target_family,logical_deduction,EleutherAI/pythia-160m-deduped,Pythia,logical_deduction,5,task_family_mean,0.0688,0.25127288540987175
target_family,logical_deduction,bigscience/bloom-560m,BLOOM,logical_deduction,5,task_family_mean,0.18,0.25127288540987175
target_family,logical_deduction,bigscience/bloom-1b1,BLOOM,logical_deduction,5,task_family_mean,0.1776,0.25127288540987175
target_family,logical_deduction,bigscience/bloom-3b,BLOOM,logical_deduction,5,task_family_mean,0.1976,0.25127288540987175
target_family,logical_deduction,bigscience/bloom-7b1,BLOOM,logical_deduction,5,task_family_mean,0.2143999999999999,0.25127288540987175
target_family,logical_deduction,EleutherAI/gpt-neox-20b,GPT-Neo/J,logical_deduction,5,task_family_mean,0.248,0.25127288540987175
target_family,logical_deduction,EleutherAI/gpt-neo-2.7B,GPT-Neo/J,logical_deduction,5,task_family_mean,0.208,0.25127288540987175
target_family,logical_deduction,EleutherAI/gpt-neo-1.3B,GPT-Neo/J,logical_deduction,5,task_family_mean,0.1488,0.25127288540987175
target_family,logical_deduction,EleutherAI/gpt-neo-125m,GPT-Neo/J,logical_deduction,5,task_family_mean,0.0256,0.25127288540987175
target_family,logical_deduction,EleutherAI/gpt-j-6b,GPT-Neo/J,logical_deduction,5,task_family_mean,0.244,0.25127288540987175
target_family,logical_deduction,facebook/opt-6.7b,OPT,logical_deduction,5,task_family_mean,0.2135999999999999,0.25127288540987175
target_family,logical_deduction,facebook/opt-1.3b,OPT,logical_deduction,5,task_family_mean,0.0896,0.25127288540987175
target_family,logical_deduction,facebook/opt-350m,OPT,logical_deduction,5,task_family_mean,0.0112,0.25127288540987175
target_family,logical_deduction,facebook/opt-13b,OPT,logical_deduction,5,task_family_mean,0.244,0.25127288540987175
target_family,logical_deduction,facebook/opt-2.7b,OPT,logical_deduction,5,task_family_mean,0.2128,0.25127288540987175
target_family,logical_deduction,facebook/opt-30b,OPT,logical_deduction,5,task_family_mean,0.256,0.25127288540987175
target_family,logical_deduction,facebook/opt-125m,OPT,logical_deduction,5,task_family_mean,0.0,0.25127288540987175
target_family,logical_deduction,facebook/opt-66b,OPT,logical_deduction,5,task_family_mean,0.264,0.25127288540987175
target_family,logical_deduction,mosaicml/mpt-30b,MPT,logical_deduction,5,task_family_mean,0.3904,0.25127288540987175
target_family,logical_deduction,mosaicml/mpt-7b,MPT,logical_deduction,5,task_family_mean,0.2976,0.25127288540987175
target_family,logical_deduction,facebook/xglm-564M,XGLM,logical_deduction,5,task_family_mean,0.1728,0.25127288540987175
target_family,logical_deduction,facebook/xglm-1.7B,XGLM,logical_deduction,5,task_family_mean,0.2168,0.25127288540987175
target_family,logical_deduction,facebook/xglm-4.5B,XGLM,logical_deduction,5,task_family_mean,0.0616,0.25127288540987175
target_family,logical_deduction,facebook/xglm-7.5B,XGLM,logical_deduction,5,task_family_mean,0.1088,0.25127288540987175
target_family,logical_deduction,codellama/CodeLlama-7b-hf,CodeLlama,logical_deduction,5,task_family_mean,0.3,0.25127288540987175
target_family,logical_deduction,codellama/CodeLlama-13b-hf,CodeLlama,logical_deduction,5,task_family_mean,0.4072,0.25127288540987175
target_family,logical_deduction,codellama/CodeLlama-34b-hf,CodeLlama,logical_deduction,5,task_family_mean,0.528,0.25127288540987175
target_family,logical_deduction,codellama/CodeLlama-70b-hf,CodeLlama,logical_deduction,5,task_family_mean,0.5272,0.25127288540987175
target_family,logical_deduction,bigcode/starcoderbase-1b,StarCoder,logical_deduction,5,task_family_mean,0.1823999999999999,0.25127288540987175
target_family,logical_deduction,bigcode/starcoderbase-3b,StarCoder,logical_deduction,5,task_family_mean,0.248,0.25127288540987175
target_family,logical_deduction,bigcode/starcoderbase-7b,StarCoder,logical_deduction,5,task_family_mean,0.2455999999999999,0.25127288540987175
target_family,logical_deduction,bigcode/starcoderbase,StarCoder,logical_deduction,5,task_family_mean,0.38,0.25127288540987175
target_family,logical_deduction,bigcode/starcoder2-15b,StarCoder2,logical_deduction,5,task_family_mean,0.4456,0.25127288540987175
target_family,logical_deduction,bigcode/starcoder2-7b,StarCoder2,logical_deduction,5,task_family_mean,0.436,0.25127288540987175
target_family,logical_deduction,bigcode/starcoder2-3b,StarCoder2,logical_deduction,5,task_family_mean,0.3416,0.25127288540987175
target_family,logical_deduction,deepseek-ai/deepseek-coder-1.3b-base,DeepSeek-Coder,logical_deduction,5,task_family_mean,0.224,0.25127288540987175
target_family,logical_deduction,deepseek-ai/deepseek-coder-6.7b-base,DeepSeek-Coder,logical_deduction,5,task_family_mean,0.368,0.25127288540987175
target_family,logical_deduction,deepseek-ai/deepseek-coder-33b-base,DeepSeek-Coder,logical_deduction,5,task_family_mean,0.4,0.25127288540987175
target_family,logical_deduction,meta-llama/Llama-2-7b-hf,Llama-2,logical_deduction,7,task_family_mean,0.2497142857142857,0.25127288540987175
target_family,logical_deduction,meta-llama/Llama-2-13b-hf,Llama-2,logical_deduction,7,task_family_mean,0.4217142857142857,0.25127288540987175
target_family,logical_deduction,meta-llama/Llama-2-70b-hf,Llama-2,logical_deduction,7,task_family_mean,0.4531428571428572,0.25127288540987175
target_family,logical_deduction,huggyllama/llama-7b,Llama,logical_deduction,7,task_family_mean,0.152,0.25127288540987175
target_family,logical_deduction,huggyllama/llama-13b,Llama,logical_deduction,7,task_family_mean,0.192,0.25127288540987175
target_family,logical_deduction,huggyllama/llama-30b,Llama,logical_deduction,7,task_family_mean,0.3114285714285714,0.25127288540987175
target_family,logical_deduction,huggyllama/llama-65b,Llama,logical_deduction,7,task_family_mean,0.424,0.25127288540987175
target_family,logical_deduction,Qwen/Qwen1.5-72B,Qwen1.5,logical_deduction,7,task_family_mean,0.1725714285714285,0.25127288540987175
target_family,logical_deduction,Qwen/Qwen1.5-32B,Qwen1.5,logical_deduction,7,task_family_mean,0.0731428571428571,0.25127288540987175
target_family,logical_deduction,Qwen/Qwen1.5-14B,Qwen1.5,logical_deduction,7,task_family_mean,0.228,0.25127288540987175
target_family,logical_deduction,Qwen/Qwen1.5-7B,Qwen1.5,logical_deduction,7,task_family_mean,0.0154285714285714,0.25127288540987175
target_family,logical_deduction,Qwen/Qwen1.5-4B,Qwen1.5,logical_deduction,7,task_family_mean,0.2371428571428571,0.25127288540987175
target_family,logical_deduction,Qwen/Qwen1.5-1.8B,Qwen1.5,logical_deduction,7,task_family_mean,0.0108571428571428,0.25127288540987175
target_family,logical_deduction,Qwen/Qwen1.5-0.5B,Qwen1.5,logical_deduction,7,task_family_mean,0.0137142857142857,0.25127288540987175
target_family,logical_deduction,Qwen/Qwen-72B,Qwen,logical_deduction,7,task_family_mean,0.1885714285714285,0.25127288540987175
target_family,logical_deduction,Qwen/Qwen-14B,Qwen,logical_deduction,7,task_family_mean,0.324,0.25127288540987175
target_family,logical_deduction,Qwen/Qwen-7B,Qwen,logical_deduction,7,task_family_mean,0.2577142857142857,0.25127288540987175
target_family,logical_deduction,mistralai/Mistral-7B-v0.1,Mistral,logical_deduction,7,task_family_mean,0.3937142857142857,0.25127288540987175
target_family,logical_deduction,mistralai/Mixtral-8x7B-v0.1,Mixtral,logical_deduction,7,task_family_mean,0.4045714285714286,0.25127288540987175
target_family,logical_deduction,01-ai/Yi-6B,Yi,logical_deduction,7,task_family_mean,0.3182857142857143,0.25127288540987175
target_family,logical_deduction,01-ai/Yi-34B,Yi,logical_deduction,7,task_family_mean,0.4028571428571428,0.25127288540987175
target_family,logical_deduction,google/gemma-7b,Gemma,logical_deduction,7,task_family_mean,0.376,0.25127288540987175
target_family,logical_deduction,google/gemma-2b,Gemma,logical_deduction,7,task_family_mean,0.1074285714285714,0.25127288540987175
target_family,logical_deduction,tiiuae/falcon-40b,Falcon,logical_deduction,7,task_family_mean,0.1714285714285714,0.25127288540987175
target_family,logical_deduction,tiiuae/falcon-7b,Falcon,logical_deduction,7,task_family_mean,0.1474285714285714,0.25127288540987175
target_family,logical_deduction,tiiuae/falcon-rw-1b,Falcon,logical_deduction,7,task_family_mean,0.1325714285714286,0.25127288540987175
target_family,logical_deduction,microsoft/phi-2,Phi,logical_deduction,7,task_family_mean,0.424,0.25127288540987175
target_family,logical_deduction,microsoft/phi-1_5,Phi,logical_deduction,7,task_family_mean,0.1782857142857142,0.25127288540987175
target_family,logical_deduction,EleutherAI/pythia-1b-deduped,Pythia,logical_deduction,7,task_family_mean,0.096,0.25127288540987175
target_family,logical_deduction,EleutherAI/pythia-410m-deduped,Pythia,logical_deduction,7,task_family_mean,0.0531428571428571,0.25127288540987175
target_family,logical_deduction,EleutherAI/pythia-6.9b-deduped,Pythia,logical_deduction,7,task_family_mean,0.1297142857142857,0.25127288540987175
target_family,logical_deduction,EleutherAI/pythia-2.8b-deduped,Pythia,logical_deduction,7,task_family_mean,0.1154285714285714,0.25127288540987175
target_family,logical_deduction,EleutherAI/pythia-12b-deduped,Pythia,logical_deduction,7,task_family_mean,0.1462857142857143,0.25127288540987175
target_family,logical_deduction,EleutherAI/pythia-70m-deduped,Pythia,logical_deduction,7,task_family_mean,0.0645714285714285,0.25127288540987175
target_family,logical_deduction,EleutherAI/pythia-1.4b-deduped,Pythia,logical_deduction,7,task_family_mean,0.132,0.25127288540987175
target_family,logical_deduction,EleutherAI/pythia-160m-deduped,Pythia,logical_deduction,7,task_family_mean,0.028,0.25127288540987175
target_family,logical_deduction,bigscience/bloom-560m,BLOOM,logical_deduction,7,task_family_mean,0.124,0.25127288540987175
target_family,logical_deduction,bigscience/bloom-1b1,BLOOM,logical_deduction,7,task_family_mean,0.1382857142857143,0.25127288540987175
target_family,logical_deduction,bigscience/bloom-3b,BLOOM,logical_deduction,7,task_family_mean,0.1222857142857142,0.25127288540987175
target_family,logical_deduction,bigscience/bloom-7b1,BLOOM,logical_deduction,7,task_family_mean,0.1605714285714285,0.25127288540987175
target_family,logical_deduction,EleutherAI/gpt-neox-20b,GPT-Neo/J,logical_deduction,7,task_family_mean,0.1611428571428571,0.25127288540987175
target_family,logical_deduction,EleutherAI/gpt-neo-2.7B,GPT-Neo/J,logical_deduction,7,task_family_mean,0.0502857142857142,0.25127288540987175
target_family,logical_deduction,EleutherAI/gpt-neo-1.3B,GPT-Neo/J,logical_deduction,7,task_family_mean,0.1331428571428571,0.25127288540987175
target_family,logical_deduction,EleutherAI/gpt-neo-125m,GPT-Neo/J,logical_deduction,7,task_family_mean,0.0222857142857142,0.25127288540987175
target_family,logical_deduction,EleutherAI/gpt-j-6b,GPT-Neo/J,logical_deduction,7,task_family_mean,0.1291428571428571,0.25127288540987175
target_family,logical_deduction,facebook/opt-6.7b,OPT,logical_deduction,7,task_family_mean,0.1314285714285714,0.25127288540987175
target_family,logical_deduction,facebook/opt-1.3b,OPT,logical_deduction,7,task_family_mean,0.0514285714285714,0.25127288540987175
target_family,logical_deduction,facebook/opt-350m,OPT,logical_deduction,7,task_family_mean,0.0377142857142857,0.25127288540987175
target_family,logical_deduction,facebook/opt-13b,OPT,logical_deduction,7,task_family_mean,0.1297142857142857,0.25127288540987175
target_family,logical_deduction,facebook/opt-2.7b,OPT,logical_deduction,7,task_family_mean,0.1188571428571428,0.25127288540987175
target_family,logical_deduction,facebook/opt-30b,OPT,logical_deduction,7,task_family_mean,0.1725714285714285,0.25127288540987175
target_family,logical_deduction,facebook/opt-125m,OPT,logical_deduction,7,task_family_mean,0.016,0.25127288540987175
target_family,logical_deduction,facebook/opt-66b,OPT,logical_deduction,7,task_family_mean,0.1314285714285714,0.25127288540987175
target_family,logical_deduction,mosaicml/mpt-30b,MPT,logical_deduction,7,task_family_mean,0.3257142857142857,0.25127288540987175
target_family,logical_deduction,mosaicml/mpt-7b,MPT,logical_deduction,7,task_family_mean,0.1851428571428571,0.25127288540987175
target_family,logical_deduction,facebook/xglm-564M,XGLM,logical_deduction,7,task_family_mean,0.1377142857142857,0.25127288540987175
target_family,logical_deduction,facebook/xglm-1.7B,XGLM,logical_deduction,7,task_family_mean,0.172,0.25127288540987175
target_family,logical_deduction,facebook/xglm-4.5B,XGLM,logical_deduction,7,task_family_mean,0.0725714285714285,0.25127288540987175
target_family,logical_deduction,facebook/xglm-7.5B,XGLM,logical_deduction,7,task_family_mean,0.0788571428571428,0.25127288540987175
target_family,logical_deduction,codellama/CodeLlama-7b-hf,CodeLlama,logical_deduction,7,task_family_mean,0.2862857142857142,0.25127288540987175
target_family,logical_deduction,codellama/CodeLlama-13b-hf,CodeLlama,logical_deduction,7,task_family_mean,0.3434285714285714,0.25127288540987175
target_family,logical_deduction,codellama/CodeLlama-34b-hf,CodeLlama,logical_deduction,7,task_family_mean,0.4005714285714286,0.25127288540987175
target_family,logical_deduction,codellama/CodeLlama-70b-hf,CodeLlama,logical_deduction,7,task_family_mean,0.4365714285714285,0.25127288540987175
target_family,logical_deduction,bigcode/starcoderbase-1b,StarCoder,logical_deduction,7,task_family_mean,0.1228571428571428,0.25127288540987175
target_family,logical_deduction,bigcode/starcoderbase-3b,StarCoder,logical_deduction,7,task_family_mean,0.1685714285714285,0.25127288540987175
target_family,logical_deduction,bigcode/starcoderbase-7b,StarCoder,logical_deduction,7,task_family_mean,0.1531428571428571,0.25127288540987175
target_family,logical_deduction,bigcode/starcoderbase,StarCoder,logical_deduction,7,task_family_mean,0.2685714285714285,0.25127288540987175
target_family,logical_deduction,bigcode/starcoder2-15b,StarCoder2,logical_deduction,7,task_family_mean,0.3377142857142857,0.25127288540987175
target_family,logical_deduction,bigcode/starcoder2-7b,StarCoder2,logical_deduction,7,task_family_mean,0.4262857142857142,0.25127288540987175
target_family,logical_deduction,bigcode/starcoder2-3b,StarCoder2,logical_deduction,7,task_family_mean,0.2771428571428572,0.25127288540987175
target_family,logical_deduction,deepseek-ai/deepseek-coder-1.3b-base,DeepSeek-Coder,logical_deduction,7,task_family_mean,0.1502857142857142,0.25127288540987175
target_family,logical_deduction,deepseek-ai/deepseek-coder-6.7b-base,DeepSeek-Coder,logical_deduction,7,task_family_mean,0.2565714285714285,0.25127288540987175
target_family,logical_deduction,deepseek-ai/deepseek-coder-33b-base,DeepSeek-Coder,logical_deduction,7,task_family_mean,0.296,0.25127288540987175
target_family,logical_deduction,meta-llama/Llama-2-7b-hf,Llama-2,logical_deduction,3,PC1,0.544,0.23171604195069218
target_family,logical_deduction,meta-llama/Llama-2-13b-hf,Llama-2,logical_deduction,3,PC1,0.652,0.2683855309324993
target_family,logical_deduction,meta-llama/Llama-2-70b-hf,Llama-2,logical_deduction,3,PC1,0.856,0.4090723209135687
target_family,logical_deduction,huggyllama/llama-7b,Llama,logical_deduction,3,PC1,0.416,0.1884976157726144
target_family,logical_deduction,huggyllama/llama-13b,Llama,logical_deduction,3,PC1,0.464,0.23933921912282619
target_family,logical_deduction,huggyllama/llama-30b,Llama,logical_deduction,3,PC1,0.684,0.2995440361770092
target_family,logical_deduction,huggyllama/llama-65b,Llama,logical_deduction,3,PC1,0.78,0.34924290217461573
target_family,logical_deduction,Qwen/Qwen1.5-72B,Qwen1.5,logical_deduction,3,PC1,0.856,0.46902030489015323
target_family,logical_deduction,Qwen/Qwen1.5-32B,Qwen1.5,logical_deduction,3,PC1,0.836,0.43094860375700617
target_family,logical_deduction,Qwen/Qwen1.5-14B,Qwen1.5,logical_deduction,3,PC1,0.768,0.36927631842917247
target_family,logical_deduction,Qwen/Qwen1.5-7B,Qwen1.5,logical_deduction,3,PC1,0.3733333333333333,0.31822404784255903
target_family,logical_deduction,Qwen/Qwen1.5-4B,Qwen1.5,logical_deduction,3,PC1,0.432,0.25385969966749716
target_family,logical_deduction,Qwen/Qwen1.5-1.8B,Qwen1.5,logical_deduction,3,PC1,0.036,0.1665787646665672
target_family,logical_deduction,Qwen/Qwen1.5-0.5B,Qwen1.5,logical_deduction,3,PC1,0.16,0.1176369031265189
target_family,logical_deduction,Qwen/Qwen-72B,Qwen,logical_deduction,3,PC1,0.872,0.4745052302447138
target_family,logical_deduction,Qwen/Qwen-14B,Qwen,logical_deduction,3,PC1,0.244,0.37047309076216334
target_family,logical_deduction,Qwen/Qwen-7B,Qwen,logical_deduction,3,PC1,0.5106666666666666,0.29188047197172473
target_family,logical_deduction,mistralai/Mistral-7B-v0.1,Mistral,logical_deduction,3,PC1,0.78,0.3262312486320064
target_family,logical_deduction,mistralai/Mixtral-8x7B-v0.1,Mixtral,logical_deduction,3,PC1,0.864,0.4058156755738859
target_family,logical_deduction,01-ai/Yi-6B,Yi,logical_deduction,3,PC1,0.4973333333333333,0.25781504822788237
target_family,logical_deduction,01-ai/Yi-34B,Yi,logical_deduction,3,PC1,0.844,0.4274309942478586
target_family,logical_deduction,google/gemma-7b,Gemma,logical_deduction,3,PC1,0.688,0.3549029751630953
target_family,logical_deduction,google/gemma-2b,Gemma,logical_deduction,3,PC1,0.3253333333333333,0.1838991133823682
target_family,logical_deduction,tiiuae/falcon-40b,Falcon,logical_deduction,3,PC1,0.508,0.31137261029624363
target_family,logical_deduction,tiiuae/falcon-7b,Falcon,logical_deduction,3,PC1,0.388,0.17971442760178594
target_family,logical_deduction,tiiuae/falcon-rw-1b,Falcon,logical_deduction,3,PC1,0.308,0.11091273771424791
target_family,logical_deduction,microsoft/phi-2,Phi,logical_deduction,3,PC1,0.816,0.2574820849551934
target_family,logical_deduction,microsoft/phi-1_5,Phi,logical_deduction,3,PC1,0.408,0.16983447146818104
target_family,logical_deduction,EleutherAI/pythia-1b-deduped,Pythia,logical_deduction,3,PC1,0.324,0.09400895207681102
target_family,logical_deduction,EleutherAI/pythia-410m-deduped,Pythia,logical_deduction,3,PC1,0.2413333333333333,0.08717161912386358
target_family,logical_deduction,EleutherAI/pythia-6.9b-deduped,Pythia,logical_deduction,3,PC1,0.364,0.1374943289879491
target_family,logical_deduction,EleutherAI/pythia-2.8b-deduped,Pythia,logical_deduction,3,PC1,0.348,0.12120480906800497
target_family,logical_deduction,EleutherAI/pythia-12b-deduped,Pythia,logical_deduction,3,PC1,0.36,0.14392353173685463
target_family,logical_deduction,EleutherAI/pythia-70m-deduped,Pythia,logical_deduction,3,PC1,0.1466666666666666,0.07622774855597642
target_family,logical_deduction,EleutherAI/pythia-1.4b-deduped,Pythia,logical_deduction,3,PC1,0.328,0.10788182425945174
target_family,logical_deduction,EleutherAI/pythia-160m-deduped,Pythia,logical_deduction,3,PC1,0.092,0.0801040782746482
target_family,logical_deduction,bigscience/bloom-560m,BLOOM,logical_deduction,3,PC1,0.292,0.08696561135344172
target_family,logical_deduction,bigscience/bloom-1b1,BLOOM,logical_deduction,3,PC1,0.3293333333333333,0.09970481588949916
target_family,logical_deduction,bigscience/bloom-3b,BLOOM,logical_deduction,3,PC1,0.3013333333333333,0.12232004482937531
target_family,logical_deduction,bigscience/bloom-7b1,BLOOM,logical_deduction,3,PC1,0.3773333333333333,0.14622192918453494
target_family,logical_deduction,EleutherAI/gpt-neox-20b,GPT-Neo/J,logical_deduction,3,PC1,0.38,0.16052363155642804
target_family,logical_deduction,EleutherAI/gpt-neo-2.7B,GPT-Neo/J,logical_deduction,3,PC1,0.332,0.11219764284795748
target_family,logical_deduction,EleutherAI/gpt-neo-1.3B,GPT-Neo/J,logical_deduction,3,PC1,0.2693333333333333,0.0990691282110838
target_family,logical_deduction,EleutherAI/gpt-neo-125m,GPT-Neo/J,logical_deduction,3,PC1,0.0986666666666666,0.0789275286990218
target_family,logical_deduction,EleutherAI/gpt-j-6b,GPT-Neo/J,logical_deduction,3,PC1,0.36,0.14683266741183743
target_family,logical_deduction,facebook/opt-6.7b,OPT,logical_deduction,3,PC1,0.3146666666666666,0.12916402587293085
target_family,logical_deduction,facebook/opt-1.3b,OPT,logical_deduction,3,PC1,0.2333333333333333,0.10149075654106782
target_family,logical_deduction,facebook/opt-350m,OPT,logical_deduction,3,PC1,0.0373333333333333,0.0807156552705218
target_family,logical_deduction,facebook/opt-13b,OPT,logical_deduction,3,PC1,0.344,0.1366151180003348
target_family,logical_deduction,facebook/opt-2.7b,OPT,logical_deduction,3,PC1,0.3253333333333333,0.11385784960005516
target_family,logical_deduction,facebook/opt-30b,OPT,logical_deduction,3,PC1,0.36,0.1514454314810493
target_family,logical_deduction,facebook/opt-125m,OPT,logical_deduction,3,PC1,0.0373333333333333,0.07680237707339908
target_family,logical_deduction,facebook/opt-66b,OPT,logical_deduction,3,PC1,0.352,0.1587935473664635
target_family,logical_deduction,mosaicml/mpt-30b,MPT,logical_deduction,3,PC1,0.592,0.24825411932568817
target_family,logical_deduction,mosaicml/mpt-7b,MPT,logical_deduction,3,PC1,0.432,0.1766421128319098
target_family,logical_deduction,facebook/xglm-564M,XGLM,logical_deduction,3,PC1,0.2586666666666666,0.08522286955671665
target_family,logical_deduction,facebook/xglm-1.7B,XGLM,logical_deduction,3,PC1,0.316,0.09527162594285932
target_family,logical_deduction,facebook/xglm-4.5B,XGLM,logical_deduction,3,PC1,0.0959999999999999,0.10998565282423316
target_family,logical_deduction,facebook/xglm-7.5B,XGLM,logical_deduction,3,PC1,0.1866666666666666,0.12611044716321723
target_family,logical_deduction,codellama/CodeLlama-7b-hf,CodeLlama,logical_deduction,3,PC1,0.592,0.15171260163515357
target_family,logical_deduction,codellama/CodeLlama-13b-hf,CodeLlama,logical_deduction,3,PC1,0.608,0.17649598849195405
target_family,logical_deduction,codellama/CodeLlama-34b-hf,CodeLlama,logical_deduction,3,PC1,0.788,0.27060842668609936
target_family,logical_deduction,codellama/CodeLlama-70b-hf,CodeLlama,logical_deduction,3,PC1,0.804,0.297995104432063
target_family,logical_deduction,bigcode/starcoderbase-1b,StarCoder,logical_deduction,3,PC1,0.3066666666666666,0.08518140704674226
target_family,logical_deduction,bigcode/starcoderbase-3b,StarCoder,logical_deduction,3,PC1,0.356,0.09282186096950854
target_family,logical_deduction,bigcode/starcoderbase-7b,StarCoder,logical_deduction,3,PC1,0.384,0.10184697238153183
target_family,logical_deduction,bigcode/starcoderbase,StarCoder,logical_deduction,3,PC1,0.432,0.10861978266359855
target_family,logical_deduction,bigcode/starcoder2-15b,StarCoder2,logical_deduction,3,PC1,0.748,0.22331161480002984
target_family,logical_deduction,bigcode/starcoder2-7b,StarCoder2,logical_deduction,3,PC1,0.524,0.14656488155181835
target_family,logical_deduction,bigcode/starcoder2-3b,StarCoder2,logical_deduction,3,PC1,0.476,0.1235738202854833
target_family,logical_deduction,deepseek-ai/deepseek-coder-1.3b-base,DeepSeek-Coder,logical_deduction,3,PC1,0.352,0.09460592745639712
target_family,logical_deduction,deepseek-ai/deepseek-coder-6.7b-base,DeepSeek-Coder,logical_deduction,3,PC1,0.52,0.14409618841076866
target_family,logical_deduction,deepseek-ai/deepseek-coder-33b-base,DeepSeek-Coder,logical_deduction,3,PC1,0.6,0.1759351021640111
target_family,logical_deduction,meta-llama/Llama-2-7b-hf,Llama-2,logical_deduction,5,PC1,0.3136,0.23171604195069218
target_family,logical_deduction,meta-llama/Llama-2-13b-hf,Llama-2,logical_deduction,5,PC1,0.4648,0.2683855309324993
target_family,logical_deduction,meta-llama/Llama-2-70b-hf,Llama-2,logical_deduction,5,PC1,0.56,0.4090723209135687
target_family,logical_deduction,huggyllama/llama-7b,Llama,logical_deduction,5,PC1,0.224,0.1884976157726144
target_family,logical_deduction,huggyllama/llama-13b,Llama,logical_deduction,5,PC1,0.2984,0.23933921912282619
target_family,logical_deduction,huggyllama/llama-30b,Llama,logical_deduction,5,PC1,0.4264,0.2995440361770092
target_family,logical_deduction,huggyllama/llama-65b,Llama,logical_deduction,5,PC1,0.452,0.34924290217461573
target_family,logical_deduction,Qwen/Qwen1.5-72B,Qwen1.5,logical_deduction,5,PC1,0.2632,0.46902030489015323
target_family,logical_deduction,Qwen/Qwen1.5-32B,Qwen1.5,logical_deduction,5,PC1,0.4408,0.43094860375700617
target_family,logical_deduction,Qwen/Qwen1.5-14B,Qwen1.5,logical_deduction,5,PC1,0.4928,0.36927631842917247
target_family,logical_deduction,Qwen/Qwen1.5-7B,Qwen1.5,logical_deduction,5,PC1,0.072,0.31822404784255903
target_family,logical_deduction,Qwen/Qwen1.5-4B,Qwen1.5,logical_deduction,5,PC1,0.2935999999999999,0.25385969966749716
target_family,logical_deduction,Qwen/Qwen1.5-1.8B,Qwen1.5,logical_deduction,5,PC1,0.0104,0.1665787646665672
target_family,logical_deduction,Qwen/Qwen1.5-0.5B,Qwen1.5,logical_deduction,5,PC1,0.06,0.1176369031265189
target_family,logical_deduction,Qwen/Qwen-72B,Qwen,logical_deduction,5,PC1,0.296,0.4745052302447138
target_family,logical_deduction,Qwen/Qwen-14B,Qwen,logical_deduction,5,PC1,0.2384,0.37047309076216334
target_family,logical_deduction,Qwen/Qwen-7B,Qwen,logical_deduction,5,PC1,0.3344,0.29188047197172473
target_family,logical_deduction,mistralai/Mistral-7B-v0.1,Mistral,logical_deduction,5,PC1,0.492,0.3262312486320064
target_family,logical_deduction,mistralai/Mixtral-8x7B-v0.1,Mixtral,logical_deduction,5,PC1,0.512,0.4058156755738859
target_family,logical_deduction,01-ai/Yi-6B,Yi,logical_deduction,5,PC1,0.32,0.25781504822788237
target_family,logical_deduction,01-ai/Yi-34B,Yi,logical_deduction,5,PC1,0.5064,0.4274309942478586
target_family,logical_deduction,google/gemma-7b,Gemma,logical_deduction,5,PC1,0.416,0.3549029751630953
target_family,logical_deduction,google/gemma-2b,Gemma,logical_deduction,5,PC1,0.2423999999999999,0.1838991133823682
target_family,logical_deduction,tiiuae/falcon-40b,Falcon,logical_deduction,5,PC1,0.2648,0.31137261029624363
target_family,logical_deduction,tiiuae/falcon-7b,Falcon,logical_deduction,5,PC1,0.1984,0.17971442760178594
target_family,logical_deduction,tiiuae/falcon-rw-1b,Falcon,logical_deduction,5,PC1,0.192,0.11091273771424791
target_family,logical_deduction,microsoft/phi-2,Phi,logical_deduction,5,PC1,0.592,0.2574820849551934
target_family,logical_deduction,microsoft/phi-1_5,Phi,logical_deduction,5,PC1,0.252,0.16983447146818104
target_family,logical_deduction,EleutherAI/pythia-1b-deduped,Pythia,logical_deduction,5,PC1,0.172,0.09400895207681102
target_family,logical_deduction,EleutherAI/pythia-410m-deduped,Pythia,logical_deduction,5,PC1,0.1088,0.08717161912386358
target_family,logical_deduction,EleutherAI/pythia-6.9b-deduped,Pythia,logical_deduction,5,PC1,0.212,0.1374943289879491
target_family,logical_deduction,EleutherAI/pythia-2.8b-deduped,Pythia,logical_deduction,5,PC1,0.2024,0.12120480906800497
target_family,logical_deduction,EleutherAI/pythia-12b-deduped,Pythia,logical_deduction,5,PC1,0.2264,0.14392353173685463
target_family,logical_deduction,EleutherAI/pythia-70m-deduped,Pythia,logical_deduction,5,PC1,0.0752,0.07622774855597642
target_family,logical_deduction,EleutherAI/pythia-1.4b-deduped,Pythia,logical_deduction,5,PC1,0.216,0.10788182425945174
target_family,logical_deduction,EleutherAI/pythia-160m-deduped,Pythia,logical_deduction,5,PC1,0.0688,0.0801040782746482
target_family,logical_deduction,bigscience/bloom-560m,BLOOM,logical_deduction,5,PC1,0.18,0.08696561135344172
target_family,logical_deduction,bigscience/bloom-1b1,BLOOM,logical_deduction,5,PC1,0.1776,0.09970481588949916
target_family,logical_deduction,bigscience/bloom-3b,BLOOM,logical_deduction,5,PC1,0.1976,0.12232004482937531
target_family,logical_deduction,bigscience/bloom-7b1,BLOOM,logical_deduction,5,PC1,0.2143999999999999,0.14622192918453494
target_family,logical_deduction,EleutherAI/gpt-neox-20b,GPT-Neo/J,logical_deduction,5,PC1,0.248,0.16052363155642804
target_family,logical_deduction,EleutherAI/gpt-neo-2.7B,GPT-Neo/J,logical_deduction,5,PC1,0.208,0.11219764284795748
target_family,logical_deduction,EleutherAI/gpt-neo-1.3B,GPT-Neo/J,logical_deduction,5,PC1,0.1488,0.0990691282110838
target_family,logical_deduction,EleutherAI/gpt-neo-125m,GPT-Neo/J,logical_deduction,5,PC1,0.0256,0.0789275286990218
target_family,logical_deduction,EleutherAI/gpt-j-6b,GPT-Neo/J,logical_deduction,5,PC1,0.244,0.14683266741183743
target_family,logical_deduction,facebook/opt-6.7b,OPT,logical_deduction,5,PC1,0.2135999999999999,0.12916402587293085
target_family,logical_deduction,facebook/opt-1.3b,OPT,logical_deduction,5,PC1,0.0896,0.10149075654106782
target_family,logical_deduction,facebook/opt-350m,OPT,logical_deduction,5,PC1,0.0112,0.0807156552705218
target_family,logical_deduction,facebook/opt-13b,OPT,logical_deduction,5,PC1,0.244,0.1366151180003348
target_family,logical_deduction,facebook/opt-2.7b,OPT,logical_deduction,5,PC1,0.2128,0.11385784960005516
target_family,logical_deduction,facebook/opt-30b,OPT,logical_deduction,5,PC1,0.256,0.1514454314810493
target_family,logical_deduction,facebook/opt-125m,OPT,logical_deduction,5,PC1,0.0,0.07680237707339908
target_family,logical_deduction,facebook/opt-66b,OPT,logical_deduction,5,PC1,0.264,0.1587935473664635
target_family,logical_deduction,mosaicml/mpt-30b,MPT,logical_deduction,5,PC1,0.3904,0.24825411932568817
target_family,logical_deduction,mosaicml/mpt-7b,MPT,logical_deduction,5,PC1,0.2976,0.1766421128319098
target_family,logical_deduction,facebook/xglm-564M,XGLM,logical_deduction,5,PC1,0.1728,0.08522286955671665
target_family,logical_deduction,facebook/xglm-1.7B,XGLM,logical_deduction,5,PC1,0.2168,0.09527162594285932
target_family,logical_deduction,facebook/xglm-4.5B,XGLM,logical_deduction,5,PC1,0.0616,0.10998565282423316
target_family,logical_deduction,facebook/xglm-7.5B,XGLM,logical_deduction,5,PC1,0.1088,0.12611044716321723
target_family,logical_deduction,codellama/CodeLlama-7b-hf,CodeLlama,logical_deduction,5,PC1,0.3,0.15171260163515357
target_family,logical_deduction,codellama/CodeLlama-13b-hf,CodeLlama,logical_deduction,5,PC1,0.4072,0.17649598849195405
target_family,logical_deduction,codellama/CodeLlama-34b-hf,CodeLlama,logical_deduction,5,PC1,0.528,0.27060842668609936
target_family,logical_deduction,codellama/CodeLlama-70b-hf,CodeLlama,logical_deduction,5,PC1,0.5272,0.297995104432063
target_family,logical_deduction,bigcode/starcoderbase-1b,StarCoder,logical_deduction,5,PC1,0.1823999999999999,0.08518140704674226
target_family,logical_deduction,bigcode/starcoderbase-3b,StarCoder,logical_deduction,5,PC1,0.248,0.09282186096950854
target_family,logical_deduction,bigcode/starcoderbase-7b,StarCoder,logical_deduction,5,PC1,0.2455999999999999,0.10184697238153183
target_family,logical_deduction,bigcode/starcoderbase,StarCoder,logical_deduction,5,PC1,0.38,0.10861978266359855
target_family,logical_deduction,bigcode/starcoder2-15b,StarCoder2,logical_deduction,5,PC1,0.4456,0.22331161480002984
target_family,logical_deduction,bigcode/starcoder2-7b,StarCoder2,logical_deduction,5,PC1,0.436,0.14656488155181835
target_family,logical_deduction,bigcode/starcoder2-3b,StarCoder2,logical_deduction,5,PC1,0.3416,0.1235738202854833
target_family,logical_deduction,deepseek-ai/deepseek-coder-1.3b-base,DeepSeek-Coder,logical_deduction,5,PC1,0.224,0.09460592745639712
target_family,logical_deduction,deepseek-ai/deepseek-coder-6.7b-base,DeepSeek-Coder,logical_deduction,5,PC1,0.368,0.14409618841076866
target_family,logical_deduction,deepseek-ai/deepseek-coder-33b-base,DeepSeek-Coder,logical_deduction,5,PC1,0.4,0.1759351021640111
target_family,logical_deduction,meta-llama/Llama-2-7b-hf,Llama-2,logical_deduction,7,PC1,0.2497142857142857,0.23171604195069218
target_family,logical_deduction,meta-llama/Llama-2-13b-hf,Llama-2,logical_deduction,7,PC1,0.4217142857142857,0.2683855309324993
target_family,logical_deduction,meta-llama/Llama-2-70b-hf,Llama-2,logical_deduction,7,PC1,0.4531428571428572,0.4090723209135687
target_family,logical_deduction,huggyllama/llama-7b,Llama,logical_deduction,7,PC1,0.152,0.1884976157726144
target_family,logical_deduction,huggyllama/llama-13b,Llama,logical_deduction,7,PC1,0.192,0.23933921912282619
target_family,logical_deduction,huggyllama/llama-30b,Llama,logical_deduction,7,PC1,0.3114285714285714,0.2995440361770092
target_family,logical_deduction,huggyllama/llama-65b,Llama,logical_deduction,7,PC1,0.424,0.34924290217461573
target_family,logical_deduction,Qwen/Qwen1.5-72B,Qwen1.5,logical_deduction,7,PC1,0.1725714285714285,0.46902030489015323
target_family,logical_deduction,Qwen/Qwen1.5-32B,Qwen1.5,logical_deduction,7,PC1,0.0731428571428571,0.43094860375700617
target_family,logical_deduction,Qwen/Qwen1.5-14B,Qwen1.5,logical_deduction,7,PC1,0.228,0.36927631842917247
target_family,logical_deduction,Qwen/Qwen1.5-7B,Qwen1.5,logical_deduction,7,PC1,0.0154285714285714,0.31822404784255903
target_family,logical_deduction,Qwen/Qwen1.5-4B,Qwen1.5,logical_deduction,7,PC1,0.2371428571428571,0.25385969966749716
target_family,logical_deduction,Qwen/Qwen1.5-1.8B,Qwen1.5,logical_deduction,7,PC1,0.0108571428571428,0.1665787646665672
target_family,logical_deduction,Qwen/Qwen1.5-0.5B,Qwen1.5,logical_deduction,7,PC1,0.0137142857142857,0.1176369031265189
target_family,logical_deduction,Qwen/Qwen-72B,Qwen,logical_deduction,7,PC1,0.1885714285714285,0.4745052302447138
target_family,logical_deduction,Qwen/Qwen-14B,Qwen,logical_deduction,7,PC1,0.324,0.37047309076216334
target_family,logical_deduction,Qwen/Qwen-7B,Qwen,logical_deduction,7,PC1,0.2577142857142857,0.29188047197172473
target_family,logical_deduction,mistralai/Mistral-7B-v0.1,Mistral,logical_deduction,7,PC1,0.3937142857142857,0.3262312486320064
target_family,logical_deduction,mistralai/Mixtral-8x7B-v0.1,Mixtral,logical_deduction,7,PC1,0.4045714285714286,0.4058156755738859
target_family,logical_deduction,01-ai/Yi-6B,Yi,logical_deduction,7,PC1,0.3182857142857143,0.25781504822788237
target_family,logical_deduction,01-ai/Yi-34B,Yi,logical_deduction,7,PC1,0.4028571428571428,0.4274309942478586
target_family,logical_deduction,google/gemma-7b,Gemma,logical_deduction,7,PC1,0.376,0.3549029751630953
target_family,logical_deduction,google/gemma-2b,Gemma,logical_deduction,7,PC1,0.1074285714285714,0.1838991133823682
target_family,logical_deduction,tiiuae/falcon-40b,Falcon,logical_deduction,7,PC1,0.1714285714285714,0.31137261029624363
target_family,logical_deduction,tiiuae/falcon-7b,Falcon,logical_deduction,7,PC1,0.1474285714285714,0.17971442760178594
target_family,logical_deduction,tiiuae/falcon-rw-1b,Falcon,logical_deduction,7,PC1,0.1325714285714286,0.11091273771424791
target_family,logical_deduction,microsoft/phi-2,Phi,logical_deduction,7,PC1,0.424,0.2574820849551934
target_family,logical_deduction,microsoft/phi-1_5,Phi,logical_deduction,7,PC1,0.1782857142857142,0.16983447146818104
target_family,logical_deduction,EleutherAI/pythia-1b-deduped,Pythia,logical_deduction,7,PC1,0.096,0.09400895207681102
target_family,logical_deduction,EleutherAI/pythia-410m-deduped,Pythia,logical_deduction,7,PC1,0.0531428571428571,0.08717161912386358
target_family,logical_deduction,EleutherAI/pythia-6.9b-deduped,Pythia,logical_deduction,7,PC1,0.1297142857142857,0.1374943289879491
target_family,logical_deduction,EleutherAI/pythia-2.8b-deduped,Pythia,logical_deduction,7,PC1,0.1154285714285714,0.12120480906800497
target_family,logical_deduction,EleutherAI/pythia-12b-deduped,Pythia,logical_deduction,7,PC1,0.1462857142857143,0.14392353173685463
target_family,logical_deduction,EleutherAI/pythia-70m-deduped,Pythia,logical_deduction,7,PC1,0.0645714285714285,0.07622774855597642
target_family,logical_deduction,EleutherAI/pythia-1.4b-deduped,Pythia,logical_deduction,7,PC1,0.132,0.10788182425945174
target_family,logical_deduction,EleutherAI/pythia-160m-deduped,Pythia,logical_deduction,7,PC1,0.028,0.0801040782746482
target_family,logical_deduction,bigscience/bloom-560m,BLOOM,logical_deduction,7,PC1,0.124,0.08696561135344172
target_family,logical_deduction,bigscience/bloom-1b1,BLOOM,logical_deduction,7,PC1,0.1382857142857143,0.09970481588949916
target_family,logical_deduction,bigscience/bloom-3b,BLOOM,logical_deduction,7,PC1,0.1222857142857142,0.12232004482937531
target_family,logical_deduction,bigscience/bloom-7b1,BLOOM,logical_deduction,7,PC1,0.1605714285714285,0.14622192918453494
target_family,logical_deduction,EleutherAI/gpt-neox-20b,GPT-Neo/J,logical_deduction,7,PC1,0.1611428571428571,0.16052363155642804
target_family,logical_deduction,EleutherAI/gpt-neo-2.7B,GPT-Neo/J,logical_deduction,7,PC1,0.0502857142857142,0.11219764284795748
target_family,logical_deduction,EleutherAI/gpt-neo-1.3B,GPT-Neo/J,logical_deduction,7,PC1,0.1331428571428571,0.0990691282110838
target_family,logical_deduction,EleutherAI/gpt-neo-125m,GPT-Neo/J,logical_deduction,7,PC1,0.0222857142857142,0.0789275286990218
target_family,logical_deduction,EleutherAI/gpt-j-6b,GPT-Neo/J,logical_deduction,7,PC1,0.1291428571428571,0.14683266741183743
target_family,logical_deduction,facebook/opt-6.7b,OPT,logical_deduction,7,PC1,0.1314285714285714,0.12916402587293085
target_family,logical_deduction,facebook/opt-1.3b,OPT,logical_deduction,7,PC1,0.0514285714285714,0.10149075654106782
target_family,logical_deduction,facebook/opt-350m,OPT,logical_deduction,7,PC1,0.0377142857142857,0.0807156552705218
target_family,logical_deduction,facebook/opt-13b,OPT,logical_deduction,7,PC1,0.1297142857142857,0.1366151180003348
target_family,logical_deduction,facebook/opt-2.7b,OPT,logical_deduction,7,PC1,0.1188571428571428,0.11385784960005516
target_family,logical_deduction,facebook/opt-30b,OPT,logical_deduction,7,PC1,0.1725714285714285,0.1514454314810493
target_family,logical_deduction,facebook/opt-125m,OPT,logical_deduction,7,PC1,0.016,0.07680237707339908
target_family,logical_deduction,facebook/opt-66b,OPT,logical_deduction,7,PC1,0.1314285714285714,0.1587935473664635
target_family,logical_deduction,mosaicml/mpt-30b,MPT,logical_deduction,7,PC1,0.3257142857142857,0.24825411932568817
target_family,logical_deduction,mosaicml/mpt-7b,MPT,logical_deduction,7,PC1,0.1851428571428571,0.1766421128319098
target_family,logical_deduction,facebook/xglm-564M,XGLM,logical_deduction,7,PC1,0.1377142857142857,0.08522286955671665
target_family,logical_deduction,facebook/xglm-1.7B,XGLM,logical_deduction,7,PC1,0.172,0.09527162594285932
target_family,logical_deduction,facebook/xglm-4.5B,XGLM,logical_deduction,7,PC1,0.0725714285714285,0.10998565282423316
target_family,logical_deduction,facebook/xglm-7.5B,XGLM,logical_deduction,7,PC1,0.0788571428571428,0.12611044716321723
target_family,logical_deduction,codellama/CodeLlama-7b-hf,CodeLlama,logical_deduction,7,PC1,0.2862857142857142,0.15171260163515357
target_family,logical_deduction,codellama/CodeLlama-13b-hf,CodeLlama,logical_deduction,7,PC1,0.3434285714285714,0.17649598849195405
target_family,logical_deduction,codellama/CodeLlama-34b-hf,CodeLlama,logical_deduction,7,PC1,0.4005714285714286,0.27060842668609936
target_family,logical_deduction,codellama/CodeLlama-70b-hf,CodeLlama,logical_deduction,7,PC1,0.4365714285714285,0.297995104432063
target_family,logical_deduction,bigcode/starcoderbase-1b,StarCoder,logical_deduction,7,PC1,0.1228571428571428,0.08518140704674226
target_family,logical_deduction,bigcode/starcoderbase-3b,StarCoder,logical_deduction,7,PC1,0.1685714285714285,0.09282186096950854
target_family,logical_deduction,bigcode/starcoderbase-7b,StarCoder,logical_deduction,7,PC1,0.1531428571428571,0.10184697238153183
target_family,logical_deduction,bigcode/starcoderbase,StarCoder,logical_deduction,7,PC1,0.2685714285714285,0.10861978266359855
target_family,logical_deduction,bigcode/starcoder2-15b,StarCoder2,logical_deduction,7,PC1,0.3377142857142857,0.22331161480002984
target_family,logical_deduction,bigcode/starcoder2-7b,StarCoder2,logical_deduction,7,PC1,0.4262857142857142,0.14656488155181835
target_family,logical_deduction,bigcode/starcoder2-3b,StarCoder2,logical_deduction,7,PC1,0.2771428571428572,0.1235738202854833
target_family,logical_deduction,deepseek-ai/deepseek-coder-1.3b-base,DeepSeek-Coder,logical_deduction,7,PC1,0.1502857142857142,0.09460592745639712
target_family,logical_deduction,deepseek-ai/deepseek-coder-6.7b-base,DeepSeek-Coder,logical_deduction,7,PC1,0.2565714285714285,0.14409618841076866
target_family,logical_deduction,deepseek-ai/deepseek-coder-33b-base,DeepSeek-Coder,logical_deduction,7,PC1,0.296,0.1759351021640111
target_family,logical_deduction,meta-llama/Llama-2-7b-hf,Llama-2,logical_deduction,3,PC3,0.544,0.22240823618910283
target_family,logical_deduction,meta-llama/Llama-2-13b-hf,Llama-2,logical_deduction,3,PC3,0.652,0.2559578921642052
target_family,logical_deduction,meta-llama/Llama-2-70b-hf,Llama-2,logical_deduction,3,PC3,0.856,0.4027951025701955
target_family,logical_deduction,huggyllama/llama-7b,Llama,logical_deduction,3,PC3,0.416,0.20309360934103263
target_family,logical_deduction,huggyllama/llama-13b,Llama,logical_deduction,3,PC3,0.464,0.25466389350630186
target_family,logical_deduction,huggyllama/llama-30b,Llama,logical_deduction,3,PC3,0.684,0.3107207064999894
target_family,logical_deduction,huggyllama/llama-65b,Llama,logical_deduction,3,PC3,0.78,0.36715305363122286
target_family,logical_deduction,Qwen/Qwen1.5-72B,Qwen1.5,logical_deduction,3,PC3,0.856,0.4527864728881708
target_family,logical_deduction,Qwen/Qwen1.5-32B,Qwen1.5,logical_deduction,3,PC3,0.836,0.43231348986684076
target_family,logical_deduction,Qwen/Qwen1.5-14B,Qwen1.5,logical_deduction,3,PC3,0.768,0.3466280471214626
target_family,logical_deduction,Qwen/Qwen1.5-7B,Qwen1.5,logical_deduction,3,PC3,0.3733333333333333,0.3026264503147163
target_family,logical_deduction,Qwen/Qwen1.5-4B,Qwen1.5,logical_deduction,3,PC3,0.432,0.25426801270136945
target_family,logical_deduction,Qwen/Qwen1.5-1.8B,Qwen1.5,logical_deduction,3,PC3,0.036,0.16292788263776387
target_family,logical_deduction,Qwen/Qwen1.5-0.5B,Qwen1.5,logical_deduction,3,PC3,0.16,0.12376085740030132
target_family,logical_deduction,Qwen/Qwen-72B,Qwen,logical_deduction,3,PC3,0.872,0.4529454936514431
target_family,logical_deduction,Qwen/Qwen-14B,Qwen,logical_deduction,3,PC3,0.244,0.35216436050011246
target_family,logical_deduction,Qwen/Qwen-7B,Qwen,logical_deduction,3,PC3,0.5106666666666666,0.2883210703800202
target_family,logical_deduction,mistralai/Mistral-7B-v0.1,Mistral,logical_deduction,3,PC3,0.78,0.323840505171464
target_family,logical_deduction,mistralai/Mixtral-8x7B-v0.1,Mixtral,logical_deduction,3,PC3,0.864,0.40946897653611436
target_family,logical_deduction,01-ai/Yi-6B,Yi,logical_deduction,3,PC3,0.4973333333333333,0.2716589730696443
target_family,logical_deduction,01-ai/Yi-34B,Yi,logical_deduction,3,PC3,0.844,0.43347025027698866
target_family,logical_deduction,google/gemma-7b,Gemma,logical_deduction,3,PC3,0.688,0.35005108481581987
target_family,logical_deduction,google/gemma-2b,Gemma,logical_deduction,3,PC3,0.3253333333333333,0.17701888398407692
target_family,logical_deduction,tiiuae/falcon-40b,Falcon,logical_deduction,3,PC3,0.508,0.31736605942822566
target_family,logical_deduction,tiiuae/falcon-7b,Falcon,logical_deduction,3,PC3,0.388,0.1803010834232337
target_family,logical_deduction,tiiuae/falcon-rw-1b,Falcon,logical_deduction,3,PC3,0.308,0.1447426666186644
target_family,logical_deduction,microsoft/phi-2,Phi,logical_deduction,3,PC3,0.816,0.4036914403517381
target_family,logical_deduction,microsoft/phi-1_5,Phi,logical_deduction,3,PC3,0.408,0.27362850127968363
target_family,logical_deduction,EleutherAI/pythia-1b-deduped,Pythia,logical_deduction,3,PC3,0.324,0.09744948556371466
target_family,logical_deduction,EleutherAI/pythia-410m-deduped,Pythia,logical_deduction,3,PC3,0.2413333333333333,0.09228814413769106
target_family,logical_deduction,EleutherAI/pythia-6.9b-deduped,Pythia,logical_deduction,3,PC3,0.364,0.1406488215584017
target_family,logical_deduction,EleutherAI/pythia-2.8b-deduped,Pythia,logical_deduction,3,PC3,0.348,0.11762032953050165
target_family,logical_deduction,EleutherAI/pythia-12b-deduped,Pythia,logical_deduction,3,PC3,0.36,0.14095234207535515
target_family,logical_deduction,EleutherAI/pythia-70m-deduped,Pythia,logical_deduction,3,PC3,0.1466666666666666,0.0764957096095077
target_family,logical_deduction,EleutherAI/pythia-1.4b-deduped,Pythia,logical_deduction,3,PC3,0.328,0.1102392557462961
target_family,logical_deduction,EleutherAI/pythia-160m-deduped,Pythia,logical_deduction,3,PC3,0.092,0.08160062899957511
target_family,logical_deduction,bigscience/bloom-560m,BLOOM,logical_deduction,3,PC3,0.292,0.07845594694764713
target_family,logical_deduction,bigscience/bloom-1b1,BLOOM,logical_deduction,3,PC3,0.3293333333333333,0.08901014329302694
target_family,logical_deduction,bigscience/bloom-3b,BLOOM,logical_deduction,3,PC3,0.3013333333333333,0.10506342100903447
target_family,logical_deduction,bigscience/bloom-7b1,BLOOM,logical_deduction,3,PC3,0.3773333333333333,0.13159931269124006
target_family,logical_deduction,EleutherAI/gpt-neox-20b,GPT-Neo/J,logical_deduction,3,PC3,0.38,0.15244665314902822
target_family,logical_deduction,EleutherAI/gpt-neo-2.7B,GPT-Neo/J,logical_deduction,3,PC3,0.332,0.1251170056951225
target_family,logical_deduction,EleutherAI/gpt-neo-1.3B,GPT-Neo/J,logical_deduction,3,PC3,0.2693333333333333,0.1067848089259444
target_family,logical_deduction,EleutherAI/gpt-neo-125m,GPT-Neo/J,logical_deduction,3,PC3,0.0986666666666666,0.08475024093917428
target_family,logical_deduction,EleutherAI/gpt-j-6b,GPT-Neo/J,logical_deduction,3,PC3,0.36,0.14203022007082777
target_family,logical_deduction,facebook/opt-6.7b,OPT,logical_deduction,3,PC3,0.3146666666666666,0.15530537299722774
target_family,logical_deduction,facebook/opt-1.3b,OPT,logical_deduction,3,PC3,0.2333333333333333,0.11916059886864812
target_family,logical_deduction,facebook/opt-350m,OPT,logical_deduction,3,PC3,0.0373333333333333,0.08633298558874673
target_family,logical_deduction,facebook/opt-13b,OPT,logical_deduction,3,PC3,0.344,0.16385430631818396
target_family,logical_deduction,facebook/opt-2.7b,OPT,logical_deduction,3,PC3,0.3253333333333333,0.134128768693626
target_family,logical_deduction,facebook/opt-30b,OPT,logical_deduction,3,PC3,0.36,0.18131438604820574
target_family,logical_deduction,facebook/opt-125m,OPT,logical_deduction,3,PC3,0.0373333333333333,0.08374031720073993
target_family,logical_deduction,facebook/opt-66b,OPT,logical_deduction,3,PC3,0.352,0.18555135921427565
target_family,logical_deduction,mosaicml/mpt-30b,MPT,logical_deduction,3,PC3,0.592,0.25317514298672567
target_family,logical_deduction,mosaicml/mpt-7b,MPT,logical_deduction,3,PC3,0.432,0.17794433959963807
target_family,logical_deduction,facebook/xglm-564M,XGLM,logical_deduction,3,PC3,0.2586666666666666,0.07507763079212931
target_family,logical_deduction,facebook/xglm-1.7B,XGLM,logical_deduction,3,PC3,0.316,0.07922523575700365
target_family,logical_deduction,facebook/xglm-4.5B,XGLM,logical_deduction,3,PC3,0.0959999999999999,0.09277698067266904
target_family,logical_deduction,facebook/xglm-7.5B,XGLM,logical_deduction,3,PC3,0.1866666666666666,0.10267310588633836
target_family,logical_deduction,codellama/CodeLlama-7b-hf,CodeLlama,logical_deduction,3,PC3,0.592,0.12309458170875225
target_family,logical_deduction,codellama/CodeLlama-13b-hf,CodeLlama,logical_deduction,3,PC3,0.608,0.147299071107958
target_family,logical_deduction,codellama/CodeLlama-34b-hf,CodeLlama,logical_deduction,3,PC3,0.788,0.24214353542469116
target_family,logical_deduction,codellama/CodeLlama-70b-hf,CodeLlama,logical_deduction,3,PC3,0.804,0.2829902809002648
target_family,logical_deduction,bigcode/starcoderbase-1b,StarCoder,logical_deduction,3,PC3,0.3066666666666666,0.07712708026411273
target_family,logical_deduction,bigcode/starcoderbase-3b,StarCoder,logical_deduction,3,PC3,0.356,0.08005214989792961
target_family,logical_deduction,bigcode/starcoderbase-7b,StarCoder,logical_deduction,3,PC3,0.384,0.0946852139578138
target_family,logical_deduction,bigcode/starcoderbase,StarCoder,logical_deduction,3,PC3,0.432,0.10496596144113453
target_family,logical_deduction,bigcode/starcoder2-15b,StarCoder2,logical_deduction,3,PC3,0.748,0.18983932087382108
target_family,logical_deduction,bigcode/starcoder2-7b,StarCoder2,logical_deduction,3,PC3,0.524,0.14569382333520586
target_family,logical_deduction,bigcode/starcoder2-3b,StarCoder2,logical_deduction,3,PC3,0.476,0.11860037165477454
target_family,logical_deduction,deepseek-ai/deepseek-coder-1.3b-base,DeepSeek-Coder,logical_deduction,3,PC3,0.352,0.08081799366809499
target_family,logical_deduction,deepseek-ai/deepseek-coder-6.7b-base,DeepSeek-Coder,logical_deduction,3,PC3,0.52,0.12135194810277286
target_family,logical_deduction,deepseek-ai/deepseek-coder-33b-base,DeepSeek-Coder,logical_deduction,3,PC3,0.6,0.15595213205040878
target_family,logical_deduction,meta-llama/Llama-2-7b-hf,Llama-2,logical_deduction,5,PC3,0.3136,0.22240823618910283
target_family,logical_deduction,meta-llama/Llama-2-13b-hf,Llama-2,logical_deduction,5,PC3,0.4648,0.2559578921642052
target_family,logical_deduction,meta-llama/Llama-2-70b-hf,Llama-2,logical_deduction,5,PC3,0.56,0.4027951025701955
target_family,logical_deduction,huggyllama/llama-7b,Llama,logical_deduction,5,PC3,0.224,0.20309360934103263
target_family,logical_deduction,huggyllama/llama-13b,Llama,logical_deduction,5,PC3,0.2984,0.25466389350630186
target_family,logical_deduction,huggyllama/llama-30b,Llama,logical_deduction,5,PC3,0.4264,0.3107207064999894
target_family,logical_deduction,huggyllama/llama-65b,Llama,logical_deduction,5,PC3,0.452,0.36715305363122286
target_family,logical_deduction,Qwen/Qwen1.5-72B,Qwen1.5,logical_deduction,5,PC3,0.2632,0.4527864728881708
target_family,logical_deduction,Qwen/Qwen1.5-32B,Qwen1.5,logical_deduction,5,PC3,0.4408,0.43231348986684076
target_family,logical_deduction,Qwen/Qwen1.5-14B,Qwen1.5,logical_deduction,5,PC3,0.4928,0.3466280471214626
target_family,logical_deduction,Qwen/Qwen1.5-7B,Qwen1.5,logical_deduction,5,PC3,0.072,0.3026264503147163
target_family,logical_deduction,Qwen/Qwen1.5-4B,Qwen1.5,logical_deduction,5,PC3,0.2935999999999999,0.25426801270136945
target_family,logical_deduction,Qwen/Qwen1.5-1.8B,Qwen1.5,logical_deduction,5,PC3,0.0104,0.16292788263776387
target_family,logical_deduction,Qwen/Qwen1.5-0.5B,Qwen1.5,logical_deduction,5,PC3,0.06,0.12376085740030132
target_family,logical_deduction,Qwen/Qwen-72B,Qwen,logical_deduction,5,PC3,0.296,0.4529454936514431
target_family,logical_deduction,Qwen/Qwen-14B,Qwen,logical_deduction,5,PC3,0.2384,0.35216436050011246
target_family,logical_deduction,Qwen/Qwen-7B,Qwen,logical_deduction,5,PC3,0.3344,0.2883210703800202
target_family,logical_deduction,mistralai/Mistral-7B-v0.1,Mistral,logical_deduction,5,PC3,0.492,0.323840505171464
target_family,logical_deduction,mistralai/Mixtral-8x7B-v0.1,Mixtral,logical_deduction,5,PC3,0.512,0.40946897653611436
target_family,logical_deduction,01-ai/Yi-6B,Yi,logical_deduction,5,PC3,0.32,0.2716589730696443
target_family,logical_deduction,01-ai/Yi-34B,Yi,logical_deduction,5,PC3,0.5064,0.43347025027698866
target_family,logical_deduction,google/gemma-7b,Gemma,logical_deduction,5,PC3,0.416,0.35005108481581987
target_family,logical_deduction,google/gemma-2b,Gemma,logical_deduction,5,PC3,0.2423999999999999,0.17701888398407692
target_family,logical_deduction,tiiuae/falcon-40b,Falcon,logical_deduction,5,PC3,0.2648,0.31736605942822566
target_family,logical_deduction,tiiuae/falcon-7b,Falcon,logical_deduction,5,PC3,0.1984,0.1803010834232337
target_family,logical_deduction,tiiuae/falcon-rw-1b,Falcon,logical_deduction,5,PC3,0.192,0.1447426666186644
target_family,logical_deduction,microsoft/phi-2,Phi,logical_deduction,5,PC3,0.592,0.4036914403517381
target_family,logical_deduction,microsoft/phi-1_5,Phi,logical_deduction,5,PC3,0.252,0.27362850127968363
target_family,logical_deduction,EleutherAI/pythia-1b-deduped,Pythia,logical_deduction,5,PC3,0.172,0.09744948556371466
target_family,logical_deduction,EleutherAI/pythia-410m-deduped,Pythia,logical_deduction,5,PC3,0.1088,0.09228814413769106
target_family,logical_deduction,EleutherAI/pythia-6.9b-deduped,Pythia,logical_deduction,5,PC3,0.212,0.1406488215584017
target_family,logical_deduction,EleutherAI/pythia-2.8b-deduped,Pythia,logical_deduction,5,PC3,0.2024,0.11762032953050165
target_family,logical_deduction,EleutherAI/pythia-12b-deduped,Pythia,logical_deduction,5,PC3,0.2264,0.14095234207535515
target_family,logical_deduction,EleutherAI/pythia-70m-deduped,Pythia,logical_deduction,5,PC3,0.0752,0.0764957096095077
target_family,logical_deduction,EleutherAI/pythia-1.4b-deduped,Pythia,logical_deduction,5,PC3,0.216,0.1102392557462961
target_family,logical_deduction,EleutherAI/pythia-160m-deduped,Pythia,logical_deduction,5,PC3,0.0688,0.08160062899957511
target_family,logical_deduction,bigscience/bloom-560m,BLOOM,logical_deduction,5,PC3,0.18,0.07845594694764713
target_family,logical_deduction,bigscience/bloom-1b1,BLOOM,logical_deduction,5,PC3,0.1776,0.08901014329302694
target_family,logical_deduction,bigscience/bloom-3b,BLOOM,logical_deduction,5,PC3,0.1976,0.10506342100903447
target_family,logical_deduction,bigscience/bloom-7b1,BLOOM,logical_deduction,5,PC3,0.2143999999999999,0.13159931269124006
target_family,logical_deduction,EleutherAI/gpt-neox-20b,GPT-Neo/J,logical_deduction,5,PC3,0.248,0.15244665314902822
target_family,logical_deduction,EleutherAI/gpt-neo-2.7B,GPT-Neo/J,logical_deduction,5,PC3,0.208,0.1251170056951225
target_family,logical_deduction,EleutherAI/gpt-neo-1.3B,GPT-Neo/J,logical_deduction,5,PC3,0.1488,0.1067848089259444
target_family,logical_deduction,EleutherAI/gpt-neo-125m,GPT-Neo/J,logical_deduction,5,PC3,0.0256,0.08475024093917428
target_family,logical_deduction,EleutherAI/gpt-j-6b,GPT-Neo/J,logical_deduction,5,PC3,0.244,0.14203022007082777
target_family,logical_deduction,facebook/opt-6.7b,OPT,logical_deduction,5,PC3,0.2135999999999999,0.15530537299722774
target_family,logical_deduction,facebook/opt-1.3b,OPT,logical_deduction,5,PC3,0.0896,0.11916059886864812
target_family,logical_deduction,facebook/opt-350m,OPT,logical_deduction,5,PC3,0.0112,0.08633298558874673
target_family,logical_deduction,facebook/opt-13b,OPT,logical_deduction,5,PC3,0.244,0.16385430631818396
target_family,logical_deduction,facebook/opt-2.7b,OPT,logical_deduction,5,PC3,0.2128,0.134128768693626
target_family,logical_deduction,facebook/opt-30b,OPT,logical_deduction,5,PC3,0.256,0.18131438604820574
target_family,logical_deduction,facebook/opt-125m,OPT,logical_deduction,5,PC3,0.0,0.08374031720073993
target_family,logical_deduction,facebook/opt-66b,OPT,logical_deduction,5,PC3,0.264,0.18555135921427565
target_family,logical_deduction,mosaicml/mpt-30b,MPT,logical_deduction,5,PC3,0.3904,0.25317514298672567
target_family,logical_deduction,mosaicml/mpt-7b,MPT,logical_deduction,5,PC3,0.2976,0.17794433959963807
target_family,logical_deduction,facebook/xglm-564M,XGLM,logical_deduction,5,PC3,0.1728,0.07507763079212931
target_family,logical_deduction,facebook/xglm-1.7B,XGLM,logical_deduction,5,PC3,0.2168,0.07922523575700365
target_family,logical_deduction,facebook/xglm-4.5B,XGLM,logical_deduction,5,PC3,0.0616,0.09277698067266904
target_family,logical_deduction,facebook/xglm-7.5B,XGLM,logical_deduction,5,PC3,0.1088,0.10267310588633836
target_family,logical_deduction,codellama/CodeLlama-7b-hf,CodeLlama,logical_deduction,5,PC3,0.3,0.12309458170875225
target_family,logical_deduction,codellama/CodeLlama-13b-hf,CodeLlama,logical_deduction,5,PC3,0.4072,0.147299071107958
target_family,logical_deduction,codellama/CodeLlama-34b-hf,CodeLlama,logical_deduction,5,PC3,0.528,0.24214353542469116
target_family,logical_deduction,codellama/CodeLlama-70b-hf,CodeLlama,logical_deduction,5,PC3,0.5272,0.2829902809002648
target_family,logical_deduction,bigcode/starcoderbase-1b,StarCoder,logical_deduction,5,PC3,0.1823999999999999,0.07712708026411273
target_family,logical_deduction,bigcode/starcoderbase-3b,StarCoder,logical_deduction,5,PC3,0.248,0.08005214989792961
target_family,logical_deduction,bigcode/starcoderbase-7b,StarCoder,logical_deduction,5,PC3,0.2455999999999999,0.0946852139578138
target_family,logical_deduction,bigcode/starcoderbase,StarCoder,logical_deduction,5,PC3,0.38,0.10496596144113453
target_family,logical_deduction,bigcode/starcoder2-15b,StarCoder2,logical_deduction,5,PC3,0.4456,0.18983932087382108
target_family,logical_deduction,bigcode/starcoder2-7b,StarCoder2,logical_deduction,5,PC3,0.436,0.14569382333520586
target_family,logical_deduction,bigcode/starcoder2-3b,StarCoder2,logical_deduction,5,PC3,0.3416,0.11860037165477454
target_family,logical_deduction,deepseek-ai/deepseek-coder-1.3b-base,DeepSeek-Coder,logical_deduction,5,PC3,0.224,0.08081799366809499
target_family,logical_deduction,deepseek-ai/deepseek-coder-6.7b-base,DeepSeek-Coder,logical_deduction,5,PC3,0.368,0.12135194810277286
target_family,logical_deduction,deepseek-ai/deepseek-coder-33b-base,DeepSeek-Coder,logical_deduction,5,PC3,0.4,0.15595213205040878
target_family,logical_deduction,meta-llama/Llama-2-7b-hf,Llama-2,logical_deduction,7,PC3,0.2497142857142857,0.22240823618910283
target_family,logical_deduction,meta-llama/Llama-2-13b-hf,Llama-2,logical_deduction,7,PC3,0.4217142857142857,0.2559578921642052
target_family,logical_deduction,meta-llama/Llama-2-70b-hf,Llama-2,logical_deduction,7,PC3,0.4531428571428572,0.4027951025701955
target_family,logical_deduction,huggyllama/llama-7b,Llama,logical_deduction,7,PC3,0.152,0.20309360934103263
target_family,logical_deduction,huggyllama/llama-13b,Llama,logical_deduction,7,PC3,0.192,0.25466389350630186
target_family,logical_deduction,huggyllama/llama-30b,Llama,logical_deduction,7,PC3,0.3114285714285714,0.3107207064999894
target_family,logical_deduction,huggyllama/llama-65b,Llama,logical_deduction,7,PC3,0.424,0.36715305363122286
target_family,logical_deduction,Qwen/Qwen1.5-72B,Qwen1.5,logical_deduction,7,PC3,0.1725714285714285,0.4527864728881708
target_family,logical_deduction,Qwen/Qwen1.5-32B,Qwen1.5,logical_deduction,7,PC3,0.0731428571428571,0.43231348986684076
target_family,logical_deduction,Qwen/Qwen1.5-14B,Qwen1.5,logical_deduction,7,PC3,0.228,0.3466280471214626
target_family,logical_deduction,Qwen/Qwen1.5-7B,Qwen1.5,logical_deduction,7,PC3,0.0154285714285714,0.3026264503147163
target_family,logical_deduction,Qwen/Qwen1.5-4B,Qwen1.5,logical_deduction,7,PC3,0.2371428571428571,0.25426801270136945
target_family,logical_deduction,Qwen/Qwen1.5-1.8B,Qwen1.5,logical_deduction,7,PC3,0.0108571428571428,0.16292788263776387
target_family,logical_deduction,Qwen/Qwen1.5-0.5B,Qwen1.5,logical_deduction,7,PC3,0.0137142857142857,0.12376085740030132
target_family,logical_deduction,Qwen/Qwen-72B,Qwen,logical_deduction,7,PC3,0.1885714285714285,0.4529454936514431
target_family,logical_deduction,Qwen/Qwen-14B,Qwen,logical_deduction,7,PC3,0.324,0.35216436050011246
target_family,logical_deduction,Qwen/Qwen-7B,Qwen,logical_deduction,7,PC3,0.2577142857142857,0.2883210703800202
target_family,logical_deduction,mistralai/Mistral-7B-v0.1,Mistral,logical_deduction,7,PC3,0.3937142857142857,0.323840505171464
target_family,logical_deduction,mistralai/Mixtral-8x7B-v0.1,Mixtral,logical_deduction,7,PC3,0.4045714285714286,0.40946897653611436
target_family,logical_deduction,01-ai/Yi-6B,Yi,logical_deduction,7,PC3,0.3182857142857143,0.2716589730696443
target_family,logical_deduction,01-ai/Yi-34B,Yi,logical_deduction,7,PC3,0.4028571428571428,0.43347025027698866
target_family,logical_deduction,google/gemma-7b,Gemma,logical_deduction,7,PC3,0.376,0.35005108481581987
target_family,logical_deduction,google/gemma-2b,Gemma,logical_deduction,7,PC3,0.1074285714285714,0.17701888398407692
target_family,logical_deduction,tiiuae/falcon-40b,Falcon,logical_deduction,7,PC3,0.1714285714285714,0.31736605942822566
target_family,logical_deduction,tiiuae/falcon-7b,Falcon,logical_deduction,7,PC3,0.1474285714285714,0.1803010834232337
target_family,logical_deduction,tiiuae/falcon-rw-1b,Falcon,logical_deduction,7,PC3,0.1325714285714286,0.1447426666186644
target_family,logical_deduction,microsoft/phi-2,Phi,logical_deduction,7,PC3,0.424,0.4036914403517381
target_family,logical_deduction,microsoft/phi-1_5,Phi,logical_deduction,7,PC3,0.1782857142857142,0.27362850127968363
target_family,logical_deduction,EleutherAI/pythia-1b-deduped,Pythia,logical_deduction,7,PC3,0.096,0.09744948556371466
target_family,logical_deduction,EleutherAI/pythia-410m-deduped,Pythia,logical_deduction,7,PC3,0.0531428571428571,0.09228814413769106
target_family,logical_deduction,EleutherAI/pythia-6.9b-deduped,Pythia,logical_deduction,7,PC3,0.1297142857142857,0.1406488215584017
target_family,logical_deduction,EleutherAI/pythia-2.8b-deduped,Pythia,logical_deduction,7,PC3,0.1154285714285714,0.11762032953050165
target_family,logical_deduction,EleutherAI/pythia-12b-deduped,Pythia,logical_deduction,7,PC3,0.1462857142857143,0.14095234207535515
target_family,logical_deduction,EleutherAI/pythia-70m-deduped,Pythia,logical_deduction,7,PC3,0.0645714285714285,0.0764957096095077
target_family,logical_deduction,EleutherAI/pythia-1.4b-deduped,Pythia,logical_deduction,7,PC3,0.132,0.1102392557462961
target_family,logical_deduction,EleutherAI/pythia-160m-deduped,Pythia,logical_deduction,7,PC3,0.028,0.08160062899957511
target_family,logical_deduction,bigscience/bloom-560m,BLOOM,logical_deduction,7,PC3,0.124,0.07845594694764713
target_family,logical_deduction,bigscience/bloom-1b1,BLOOM,logical_deduction,7,PC3,0.1382857142857143,0.08901014329302694
target_family,logical_deduction,bigscience/bloom-3b,BLOOM,logical_deduction,7,PC3,0.1222857142857142,0.10506342100903447
target_family,logical_deduction,bigscience/bloom-7b1,BLOOM,logical_deduction,7,PC3,0.1605714285714285,0.13159931269124006
target_family,logical_deduction,EleutherAI/gpt-neox-20b,GPT-Neo/J,logical_deduction,7,PC3,0.1611428571428571,0.15244665314902822
target_family,logical_deduction,EleutherAI/gpt-neo-2.7B,GPT-Neo/J,logical_deduction,7,PC3,0.0502857142857142,0.1251170056951225
target_family,logical_deduction,EleutherAI/gpt-neo-1.3B,GPT-Neo/J,logical_deduction,7,PC3,0.1331428571428571,0.1067848089259444
target_family,logical_deduction,EleutherAI/gpt-neo-125m,GPT-Neo/J,logical_deduction,7,PC3,0.0222857142857142,0.08475024093917428
target_family,logical_deduction,EleutherAI/gpt-j-6b,GPT-Neo/J,logical_deduction,7,PC3,0.1291428571428571,0.14203022007082777
target_family,logical_deduction,facebook/opt-6.7b,OPT,logical_deduction,7,PC3,0.1314285714285714,0.15530537299722774
target_family,logical_deduction,facebook/opt-1.3b,OPT,logical_deduction,7,PC3,0.0514285714285714,0.11916059886864812
target_family,logical_deduction,facebook/opt-350m,OPT,logical_deduction,7,PC3,0.0377142857142857,0.08633298558874673
target_family,logical_deduction,facebook/opt-13b,OPT,logical_deduction,7,PC3,0.1297142857142857,0.16385430631818396
target_family,logical_deduction,facebook/opt-2.7b,OPT,logical_deduction,7,PC3,0.1188571428571428,0.134128768693626
target_family,logical_deduction,facebook/opt-30b,OPT,logical_deduction,7,PC3,0.1725714285714285,0.18131438604820574
target_family,logical_deduction,facebook/opt-125m,OPT,logical_deduction,7,PC3,0.016,0.08374031720073993
target_family,logical_deduction,facebook/opt-66b,OPT,logical_deduction,7,PC3,0.1314285714285714,0.18555135921427565
target_family,logical_deduction,mosaicml/mpt-30b,MPT,logical_deduction,7,PC3,0.3257142857142857,0.25317514298672567
target_family,logical_deduction,mosaicml/mpt-7b,MPT,logical_deduction,7,PC3,0.1851428571428571,0.17794433959963807
target_family,logical_deduction,facebook/xglm-564M,XGLM,logical_deduction,7,PC3,0.1377142857142857,0.07507763079212931
target_family,logical_deduction,facebook/xglm-1.7B,XGLM,logical_deduction,7,PC3,0.172,0.07922523575700365
target_family,logical_deduction,facebook/xglm-4.5B,XGLM,logical_deduction,7,PC3,0.0725714285714285,0.09277698067266904
target_family,logical_deduction,facebook/xglm-7.5B,XGLM,logical_deduction,7,PC3,0.0788571428571428,0.10267310588633836
target_family,logical_deduction,codellama/CodeLlama-7b-hf,CodeLlama,logical_deduction,7,PC3,0.2862857142857142,0.12309458170875225
target_family,logical_deduction,codellama/CodeLlama-13b-hf,CodeLlama,logical_deduction,7,PC3,0.3434285714285714,0.147299071107958
target_family,logical_deduction,codellama/CodeLlama-34b-hf,CodeLlama,logical_deduction,7,PC3,0.4005714285714286,0.24214353542469116
target_family,logical_deduction,codellama/CodeLlama-70b-hf,CodeLlama,logical_deduction,7,PC3,0.4365714285714285,0.2829902809002648
target_family,logical_deduction,bigcode/starcoderbase-1b,StarCoder,logical_deduction,7,PC3,0.1228571428571428,0.07712708026411273
target_family,logical_deduction,bigcode/starcoderbase-3b,StarCoder,logical_deduction,7,PC3,0.1685714285714285,0.08005214989792961
target_family,logical_deduction,bigcode/starcoderbase-7b,StarCoder,logical_deduction,7,PC3,0.1531428571428571,0.0946852139578138
target_family,logical_deduction,bigcode/starcoderbase,StarCoder,logical_deduction,7,PC3,0.2685714285714285,0.10496596144113453
target_family,logical_deduction,bigcode/starcoder2-15b,StarCoder2,logical_deduction,7,PC3,0.3377142857142857,0.18983932087382108
target_family,logical_deduction,bigcode/starcoder2-7b,StarCoder2,logical_deduction,7,PC3,0.4262857142857142,0.14569382333520586
target_family,logical_deduction,bigcode/starcoder2-3b,StarCoder2,logical_deduction,7,PC3,0.2771428571428572,0.11860037165477454
target_family,logical_deduction,deepseek-ai/deepseek-coder-1.3b-base,DeepSeek-Coder,logical_deduction,7,PC3,0.1502857142857142,0.08081799366809499
target_family,logical_deduction,deepseek-ai/deepseek-coder-6.7b-base,DeepSeek-Coder,logical_deduction,7,PC3,0.2565714285714285,0.12135194810277286
target_family,logical_deduction,deepseek-ai/deepseek-coder-33b-base,DeepSeek-Coder,logical_deduction,7,PC3,0.296,0.15595213205040878
target_family,logical_deduction,meta-llama/Llama-2-7b-hf,Llama-2,logical_deduction,3,PC3_count,0.544,0.37209707315560114
target_family,logical_deduction,meta-llama/Llama-2-13b-hf,Llama-2,logical_deduction,3,PC3_count,0.652,0.41765810053778607
target_family,logical_deduction,meta-llama/Llama-2-70b-hf,Llama-2,logical_deduction,3,PC3_count,0.856,0.5598110554672724
target_family,logical_deduction,huggyllama/llama-7b,Llama,logical_deduction,3,PC3_count,0.416,0.380185852462042
target_family,logical_deduction,huggyllama/llama-13b,Llama,logical_deduction,3,PC3_count,0.464,0.4377992082177131
target_family,logical_deduction,huggyllama/llama-30b,Llama,logical_deduction,3,PC3_count,0.684,0.49204925952024886
target_family,logical_deduction,huggyllama/llama-65b,Llama,logical_deduction,3,PC3_count,0.78,0.549309404428512
target_family,logical_deduction,Qwen/Qwen1.5-72B,Qwen1.5,logical_deduction,3,PC3_count,0.856,0.5719205118718438
target_family,logical_deduction,Qwen/Qwen1.5-32B,Qwen1.5,logical_deduction,3,PC3_count,0.836,0.5693186437511647
target_family,logical_deduction,Qwen/Qwen1.5-14B,Qwen1.5,logical_deduction,3,PC3_count,0.768,0.4694724613949876
target_family,logical_deduction,Qwen/Qwen1.5-7B,Qwen1.5,logical_deduction,3,PC3_count,0.3733333333333333,0.43168690230986007
target_family,logical_deduction,Qwen/Qwen1.5-4B,Qwen1.5,logical_deduction,3,PC3_count,0.432,0.3929636056454975
target_family,logical_deduction,Qwen/Qwen1.5-1.8B,Qwen1.5,logical_deduction,3,PC3_count,0.036,0.28236133049788004
target_family,logical_deduction,Qwen/Qwen1.5-0.5B,Qwen1.5,logical_deduction,3,PC3_count,0.16,0.2375598187075297
target_family,logical_deduction,Qwen/Qwen-72B,Qwen,logical_deduction,3,PC3_count,0.872,0.566002822147745
target_family,logical_deduction,Qwen/Qwen-14B,Qwen,logical_deduction,3,PC3_count,0.244,0.48723215608684567
target_family,logical_deduction,Qwen/Qwen-7B,Qwen,logical_deduction,3,PC3_count,0.5106666666666666,0.4331827258142702
target_family,logical_deduction,mistralai/Mistral-7B-v0.1,Mistral,logical_deduction,3,PC3_count,0.78,0.48785574349773714
target_family,logical_deduction,mistralai/Mixtral-8x7B-v0.1,Mixtral,logical_deduction,3,PC3_count,0.864,0.5683341636898692
target_family,logical_deduction,01-ai/Yi-6B,Yi,logical_deduction,3,PC3_count,0.4973333333333333,0.44607492587805214
target_family,logical_deduction,01-ai/Yi-34B,Yi,logical_deduction,3,PC3_count,0.844,0.5783251637499218
target_family,logical_deduction,google/gemma-7b,Gemma,logical_deduction,3,PC3_count,0.688,0.5051660162667544
target_family,logical_deduction,google/gemma-2b,Gemma,logical_deduction,3,PC3_count,0.3253333333333333,0.31689655973665243
target_family,logical_deduction,tiiuae/falcon-40b,Falcon,logical_deduction,3,PC3_count,0.508,0.4951492138341057
target_family,logical_deduction,tiiuae/falcon-7b,Falcon,logical_deduction,3,PC3_count,0.388,0.33578679441351433
target_family,logical_deduction,tiiuae/falcon-rw-1b,Falcon,logical_deduction,3,PC3_count,0.308,0.3201111438038682
target_family,logical_deduction,microsoft/phi-2,Phi,logical_deduction,3,PC3_count,0.816,0.6745698250898942
target_family,logical_deduction,microsoft/phi-1_5,Phi,logical_deduction,3,PC3_count,0.408,0.5467206401638022
target_family,logical_deduction,EleutherAI/pythia-1b-deduped,Pythia,logical_deduction,3,PC3_count,0.324,0.19530603655665987
target_family,logical_deduction,EleutherAI/pythia-410m-deduped,Pythia,logical_deduction,3,PC3_count,0.2413333333333333,0.18540734250912305
target_family,logical_deduction,EleutherAI/pythia-6.9b-deduped,Pythia,logical_deduction,3,PC3_count,0.364,0.2743294671550573
target_family,logical_deduction,EleutherAI/pythia-2.8b-deduped,Pythia,logical_deduction,3,PC3_count,0.348,0.22684042025413886
target_family,logical_deduction,EleutherAI/pythia-12b-deduped,Pythia,logical_deduction,3,PC3_count,0.36,0.27180326959579215
target_family,logical_deduction,EleutherAI/pythia-70m-deduped,Pythia,logical_deduction,3,PC3_count,0.1466666666666666,0.14425517640752059
target_family,logical_deduction,EleutherAI/pythia-1.4b-deduped,Pythia,logical_deduction,3,PC3_count,0.328,0.21687218951465595
target_family,logical_deduction,EleutherAI/pythia-160m-deduped,Pythia,logical_deduction,3,PC3_count,0.092,0.1579771849941435
target_family,logical_deduction,bigscience/bloom-560m,BLOOM,logical_deduction,3,PC3_count,0.292,0.1431671000915731
target_family,logical_deduction,bigscience/bloom-1b1,BLOOM,logical_deduction,3,PC3_count,0.3293333333333333,0.16048135753453663
target_family,logical_deduction,bigscience/bloom-3b,BLOOM,logical_deduction,3,PC3_count,0.3013333333333333,0.18419579453146065
target_family,logical_deduction,bigscience/bloom-7b1,BLOOM,logical_deduction,3,PC3_count,0.3773333333333333,0.23507613111936046
target_family,logical_deduction,EleutherAI/gpt-neox-20b,GPT-Neo/J,logical_deduction,3,PC3_count,0.38,0.286883851500347
target_family,logical_deduction,EleutherAI/gpt-neo-2.7B,GPT-Neo/J,logical_deduction,3,PC3_count,0.332,0.2534406903231128
target_family,logical_deduction,EleutherAI/gpt-neo-1.3B,GPT-Neo/J,logical_deduction,3,PC3_count,0.2693333333333333,0.21612750453202653
target_family,logical_deduction,EleutherAI/gpt-neo-125m,GPT-Neo/J,logical_deduction,3,PC3_count,0.0986666666666666,0.16750540827698535
target_family,logical_deduction,EleutherAI/gpt-j-6b,GPT-Neo/J,logical_deduction,3,PC3_count,0.36,0.2664750576222856
target_family,logical_deduction,facebook/opt-6.7b,OPT,logical_deduction,3,PC3_count,0.3146666666666666,0.3269688643971273
target_family,logical_deduction,facebook/opt-1.3b,OPT,logical_deduction,3,PC3_count,0.2333333333333333,0.2521393068298095
target_family,logical_deduction,facebook/opt-350m,OPT,logical_deduction,3,PC3_count,0.0373333333333333,0.17532488511312655
target_family,logical_deduction,facebook/opt-13b,OPT,logical_deduction,3,PC3_count,0.344,0.34286393546942445
target_family,logical_deduction,facebook/opt-2.7b,OPT,logical_deduction,3,PC3_count,0.3253333333333333,0.28207549325513187
target_family,logical_deduction,facebook/opt-30b,OPT,logical_deduction,3,PC3_count,0.36,0.36937893709393954
target_family,logical_deduction,facebook/opt-125m,OPT,logical_deduction,3,PC3_count,0.0373333333333333,0.1700765176617949
target_family,logical_deduction,facebook/opt-66b,OPT,logical_deduction,3,PC3_count,0.352,0.37136846429188264
target_family,logical_deduction,mosaicml/mpt-30b,MPT,logical_deduction,3,PC3_count,0.592,0.42554356815592287
target_family,logical_deduction,mosaicml/mpt-7b,MPT,logical_deduction,3,PC3_count,0.432,0.33410115699749715
target_family,logical_deduction,facebook/xglm-564M,XGLM,logical_deduction,3,PC3_count,0.2586666666666666,0.13675064668110629
target_family,logical_deduction,facebook/xglm-1.7B,XGLM,logical_deduction,3,PC3_count,0.316,0.14196006833829564
target_family,logical_deduction,facebook/xglm-4.5B,XGLM,logical_deduction,3,PC3_count,0.0959999999999999,0.16791594004259985
target_family,logical_deduction,facebook/xglm-7.5B,XGLM,logical_deduction,3,PC3_count,0.1866666666666666,0.17895576819266124
target_family,logical_deduction,codellama/CodeLlama-7b-hf,CodeLlama,logical_deduction,3,PC3_count,0.592,0.20708768450467668
target_family,logical_deduction,codellama/CodeLlama-13b-hf,CodeLlama,logical_deduction,3,PC3_count,0.608,0.237366288757684
target_family,logical_deduction,codellama/CodeLlama-34b-hf,CodeLlama,logical_deduction,3,PC3_count,0.788,0.37328610368541815
target_family,logical_deduction,codellama/CodeLlama-70b-hf,CodeLlama,logical_deduction,3,PC3_count,0.804,0.43183448815944825
target_family,logical_deduction,bigcode/starcoderbase-1b,StarCoder,logical_deduction,3,PC3_count,0.3066666666666666,0.13768934601895313
target_family,logical_deduction,bigcode/starcoderbase-3b,StarCoder,logical_deduction,3,PC3_count,0.356,0.14057673112017235
target_family,logical_deduction,bigcode/starcoderbase-7b,StarCoder,logical_deduction,3,PC3_count,0.384,0.17442217990127099
target_family,logical_deduction,bigcode/starcoderbase,StarCoder,logical_deduction,3,PC3_count,0.432,0.19579479036499312
target_family,logical_deduction,bigcode/starcoder2-15b,StarCoder2,logical_deduction,3,PC3_count,0.748,0.2924169472247562
target_family,logical_deduction,bigcode/starcoder2-7b,StarCoder2,logical_deduction,3,PC3_count,0.524,0.2575346593183359
target_family,logical_deduction,bigcode/starcoder2-3b,StarCoder2,logical_deduction,3,PC3_count,0.476,0.2130539502615872
target_family,logical_deduction,deepseek-ai/deepseek-coder-1.3b-base,DeepSeek-Coder,logical_deduction,3,PC3_count,0.352,0.14142142216229361
target_family,logical_deduction,deepseek-ai/deepseek-coder-6.7b-base,DeepSeek-Coder,logical_deduction,3,PC3_count,0.52,0.20163285619625054
target_family,logical_deduction,deepseek-ai/deepseek-coder-33b-base,DeepSeek-Coder,logical_deduction,3,PC3_count,0.6,0.25758415191434786
target_family,logical_deduction,meta-llama/Llama-2-7b-hf,Llama-2,logical_deduction,5,PC3_count,0.3136,0.20665541168154164
target_family,logical_deduction,meta-llama/Llama-2-13b-hf,Llama-2,logical_deduction,5,PC3_count,0.4648,0.23841247471364357
target_family,logical_deduction,meta-llama/Llama-2-70b-hf,Llama-2,logical_deduction,5,PC3_count,0.56,0.3833736317882111
target_family,logical_deduction,huggyllama/llama-7b,Llama,logical_deduction,5,PC3_count,0.224,0.1854536823505215
target_family,logical_deduction,huggyllama/llama-13b,Llama,logical_deduction,5,PC3_count,0.2984,0.23511557399983452
target_family,logical_deduction,huggyllama/llama-30b,Llama,logical_deduction,5,PC3_count,0.4264,0.2900884508237892
target_family,logical_deduction,huggyllama/llama-65b,Llama,logical_deduction,5,PC3_count,0.452,0.34530331808531806
target_family,logical_deduction,Qwen/Qwen1.5-72B,Qwen1.5,logical_deduction,5,PC3_count,0.2632,0.43759568193514503
target_family,logical_deduction,Qwen/Qwen1.5-32B,Qwen1.5,logical_deduction,5,PC3_count,0.4408,0.41502808689422177
target_family,logical_deduction,Qwen/Qwen1.5-14B,Qwen1.5,logical_deduction,5,PC3_count,0.4928,0.33190609496685713
target_family,logical_deduction,Qwen/Qwen1.5-7B,Qwen1.5,logical_deduction,5,PC3_count,0.072,0.28767671719721105
target_family,logical_deduction,Qwen/Qwen1.5-4B,Qwen1.5,logical_deduction,5,PC3_count,0.2935999999999999,0.23897971301956908
target_family,logical_deduction,Qwen/Qwen1.5-1.8B,Qwen1.5,logical_deduction,5,PC3_count,0.0104,0.15097707539065972
target_family,logical_deduction,Qwen/Qwen1.5-0.5B,Qwen1.5,logical_deduction,5,PC3_count,0.06,0.11316032798282838
target_family,logical_deduction,Qwen/Qwen-72B,Qwen,logical_deduction,5,PC3_count,0.296,0.43853650971370106
target_family,logical_deduction,Qwen/Qwen-14B,Qwen,logical_deduction,5,PC3_count,0.2384,0.3359862452379644
target_family,logical_deduction,Qwen/Qwen-7B,Qwen,logical_deduction,5,PC3_count,0.3344,0.27189475065821067
target_family,logical_deduction,mistralai/Mistral-7B-v0.1,Mistral,logical_deduction,5,PC3_count,0.492,0.3048199588676707
target_family,logical_deduction,mistralai/Mixtral-8x7B-v0.1,Mixtral,logical_deduction,5,PC3_count,0.512,0.38972233423921493
target_family,logical_deduction,01-ai/Yi-6B,Yi,logical_deduction,5,PC3_count,0.32,0.25255495860147814
target_family,logical_deduction,01-ai/Yi-34B,Yi,logical_deduction,5,PC3_count,0.5064,0.41517100972062876
target_family,logical_deduction,google/gemma-7b,Gemma,logical_deduction,5,PC3_count,0.416,0.3316105306922895
target_family,logical_deduction,google/gemma-2b,Gemma,logical_deduction,5,PC3_count,0.2423999999999999,0.1630989116142075
target_family,logical_deduction,tiiuae/falcon-40b,Falcon,logical_deduction,5,PC3_count,0.2648,0.29697654973103643
target_family,logical_deduction,tiiuae/falcon-7b,Falcon,logical_deduction,5,PC3_count,0.1984,0.1650473006401345
target_family,logical_deduction,tiiuae/falcon-rw-1b,Falcon,logical_deduction,5,PC3_count,0.192,0.12922827970698222
target_family,logical_deduction,microsoft/phi-2,Phi,logical_deduction,5,PC3_count,0.592,0.3696387161818721
target_family,logical_deduction,microsoft/phi-1_5,Phi,logical_deduction,5,PC3_count,0.252,0.24495803684630202
target_family,logical_deduction,EleutherAI/pythia-1b-deduped,Pythia,logical_deduction,5,PC3_count,0.172,0.08867865676816637
target_family,logical_deduction,EleutherAI/pythia-410m-deduped,Pythia,logical_deduction,5,PC3_count,0.1088,0.08397931065125046
target_family,logical_deduction,EleutherAI/pythia-6.9b-deduped,Pythia,logical_deduction,5,PC3_count,0.212,0.1281537177004016
target_family,logical_deduction,EleutherAI/pythia-2.8b-deduped,Pythia,logical_deduction,5,PC3_count,0.2024,0.10750909553459256
target_family,logical_deduction,EleutherAI/pythia-12b-deduped,Pythia,logical_deduction,5,PC3_count,0.2264,0.12865340298300035
target_family,logical_deduction,EleutherAI/pythia-70m-deduped,Pythia,logical_deduction,5,PC3_count,0.0752,0.0702954228031766
target_family,logical_deduction,EleutherAI/pythia-1.4b-deduped,Pythia,logical_deduction,5,PC3_count,0.216,0.10051136512072435
target_family,logical_deduction,EleutherAI/pythia-160m-deduped,Pythia,logical_deduction,5,PC3_count,0.0688,0.07469223971078112
target_family,logical_deduction,bigscience/bloom-560m,BLOOM,logical_deduction,5,PC3_count,0.18,0.07242134687715845
target_family,logical_deduction,bigscience/bloom-1b1,BLOOM,logical_deduction,5,PC3_count,0.1776,0.08226673681107537
target_family,logical_deduction,bigscience/bloom-3b,BLOOM,logical_deduction,5,PC3_count,0.1976,0.09742668863621214
target_family,logical_deduction,bigscience/bloom-7b1,BLOOM,logical_deduction,5,PC3_count,0.2143999999999999,0.12156872434163114
target_family,logical_deduction,EleutherAI/gpt-neox-20b,GPT-Neo/J,logical_deduction,5,PC3_count,0.248,0.13956832932492716
target_family,logical_deduction,EleutherAI/gpt-neo-2.7B,GPT-Neo/J,logical_deduction,5,PC3_count,0.208,0.1134653045290512
target_family,logical_deduction,EleutherAI/gpt-neo-1.3B,GPT-Neo/J,logical_deduction,5,PC3_count,0.1488,0.09697570263695622
target_family,logical_deduction,EleutherAI/gpt-neo-125m,GPT-Neo/J,logical_deduction,5,PC3_count,0.0256,0.07733498673364596
target_family,logical_deduction,EleutherAI/gpt-j-6b,GPT-Neo/J,logical_deduction,5,PC3_count,0.244,0.13017327380287413
target_family,logical_deduction,facebook/opt-6.7b,OPT,logical_deduction,5,PC3_count,0.2135999999999999,0.13963544370446018
target_family,logical_deduction,facebook/opt-1.3b,OPT,logical_deduction,5,PC3_count,0.0896,0.10739466612811148
target_family,logical_deduction,facebook/opt-350m,OPT,logical_deduction,5,PC3_count,0.0112,0.07846724701180524
target_family,logical_deduction,facebook/opt-13b,OPT,logical_deduction,5,PC3_count,0.244,0.14734957643489427
target_family,logical_deduction,facebook/opt-2.7b,OPT,logical_deduction,5,PC3_count,0.2128,0.12084809143603464
target_family,logical_deduction,facebook/opt-30b,OPT,logical_deduction,5,PC3_count,0.256,0.16351191383991356
target_family,logical_deduction,facebook/opt-125m,OPT,logical_deduction,5,PC3_count,0.0,0.07612191723397388
target_family,logical_deduction,facebook/opt-66b,OPT,logical_deduction,5,PC3_count,0.264,0.16777178048829988
target_family,logical_deduction,mosaicml/mpt-30b,MPT,logical_deduction,5,PC3_count,0.3904,0.23467457076783
target_family,logical_deduction,mosaicml/mpt-7b,MPT,logical_deduction,5,PC3_count,0.2976,0.1627022981633191
target_family,logical_deduction,facebook/xglm-564M,XGLM,logical_deduction,5,PC3_count,0.1728,0.06933004966330325
target_family,logical_deduction,facebook/xglm-1.7B,XGLM,logical_deduction,5,PC3_count,0.2168,0.07331447332262703
target_family,logical_deduction,facebook/xglm-4.5B,XGLM,logical_deduction,5,PC3_count,0.0616,0.08568863895319291
target_family,logical_deduction,facebook/xglm-7.5B,XGLM,logical_deduction,5,PC3_count,0.1088,0.09529763933614074
target_family,logical_deduction,codellama/CodeLlama-7b-hf,CodeLlama,logical_deduction,5,PC3_count,0.3,0.114746061913702
target_family,logical_deduction,codellama/CodeLlama-13b-hf,CodeLlama,logical_deduction,5,PC3_count,0.4072,0.13805621160296014
target_family,logical_deduction,codellama/CodeLlama-34b-hf,CodeLlama,logical_deduction,5,PC3_count,0.528,0.2277746572204814
target_family,logical_deduction,codellama/CodeLlama-70b-hf,CodeLlama,logical_deduction,5,PC3_count,0.5272,0.26623608631750845
target_family,logical_deduction,bigcode/starcoderbase-1b,StarCoder,logical_deduction,5,PC3_count,0.1823999999999999,0.07141514064309645
target_family,logical_deduction,bigcode/starcoderbase-3b,StarCoder,logical_deduction,5,PC3_count,0.248,0.07428467637264358
target_family,logical_deduction,bigcode/starcoderbase-7b,StarCoder,logical_deduction,5,PC3_count,0.2455999999999999,0.08722566178474729
target_family,logical_deduction,bigcode/starcoderbase,StarCoder,logical_deduction,5,PC3_count,0.38,0.09647691118334267
target_family,logical_deduction,bigcode/starcoder2-15b,StarCoder2,logical_deduction,5,PC3_count,0.4456,0.17888885445189381
target_family,logical_deduction,bigcode/starcoder2-7b,StarCoder2,logical_deduction,5,PC3_count,0.436,0.1347117073565794
target_family,logical_deduction,bigcode/starcoder2-3b,StarCoder2,logical_deduction,5,PC3_count,0.3416,0.1095344348882965
target_family,logical_deduction,deepseek-ai/deepseek-coder-1.3b-base,DeepSeek-Coder,logical_deduction,5,PC3_count,0.224,0.07502995119881418
target_family,logical_deduction,deepseek-ai/deepseek-coder-6.7b-base,DeepSeek-Coder,logical_deduction,5,PC3_count,0.368,0.11332943712703383
target_family,logical_deduction,deepseek-ai/deepseek-coder-33b-base,DeepSeek-Coder,logical_deduction,5,PC3_count,0.4,0.14559820157907755
target_family,logical_deduction,meta-llama/Llama-2-7b-hf,Llama-2,logical_deduction,7,PC3_count,0.2497142857142857,0.1316297121840565
target_family,logical_deduction,meta-llama/Llama-2-13b-hf,Llama-2,logical_deduction,7,PC3_count,0.4217142857142857,0.15349389364453075
target_family,logical_deduction,meta-llama/Llama-2-70b-hf,Llama-2,logical_deduction,7,PC3_count,0.4531428571428572,0.27956128075674697
target_family,logical_deduction,huggyllama/llama-7b,Llama,logical_deduction,7,PC3_count,0.152,0.10596604275352739
target_family,logical_deduction,huggyllama/llama-13b,Llama,logical_deduction,7,PC3_count,0.192,0.14283678589628956
target_family,logical_deduction,huggyllama/llama-30b,Llama,logical_deduction,7,PC3_count,0.3114285714285714,0.18793318433582776
target_family,logical_deduction,huggyllama/llama-65b,Llama,logical_deduction,7,PC3_count,0.424,0.23299409913047003
target_family,logical_deduction,Qwen/Qwen1.5-72B,Qwen1.5,logical_deduction,7,PC3_count,0.1725714285714285,0.3527390958800596
target_family,logical_deduction,Qwen/Qwen1.5-32B,Qwen1.5,logical_deduction,7,PC3_count,0.0731428571428571,0.32014420003453553
target_family,logical_deduction,Qwen/Qwen1.5-14B,Qwen1.5,logical_deduction,7,PC3_count,0.228,0.2535355483109912
target_family,logical_deduction,Qwen/Qwen1.5-7B,Qwen1.5,logical_deduction,7,PC3_count,0.0154285714285714,0.21035289902548904
target_family,logical_deduction,Qwen/Qwen1.5-4B,Qwen1.5,logical_deduction,7,PC3_count,0.2371428571428571,0.16317672719669607
target_family,logical_deduction,Qwen/Qwen1.5-1.8B,Qwen1.5,logical_deduction,7,PC3_count,0.0108571428571428,0.09534335136384457
target_family,logical_deduction,Qwen/Qwen1.5-0.5B,Qwen1.5,logical_deduction,7,PC3_count,0.0137142857142857,0.06618029789825215
target_family,logical_deduction,Qwen/Qwen-72B,Qwen,logical_deduction,7,PC3_count,0.1885714285714285,0.35783178239989877
target_family,logical_deduction,Qwen/Qwen-14B,Qwen,logical_deduction,7,PC3_count,0.324,0.25043344014393504
target_family,logical_deduction,Qwen/Qwen-7B,Qwen,logical_deduction,7,PC3_count,0.2577142857142857,0.188965117153142
target_family,logical_deduction,mistralai/Mistral-7B-v0.1,Mistral,logical_deduction,7,PC3_count,0.3937142857142857,0.20825147808800668
target_family,logical_deduction,mistralai/Mixtral-8x7B-v0.1,Mixtral,logical_deduction,7,PC3_count,0.4045714285714286,0.28392772842778763
target_family,logical_deduction,01-ai/Yi-6B,Yi,logical_deduction,7,PC3_count,0.3182857142857143,0.16015285016265943
target_family,logical_deduction,01-ai/Yi-34B,Yi,logical_deduction,7,PC3_count,0.4028571428571428,0.3150979918648782
target_family,logical_deduction,google/gemma-7b,Gemma,logical_deduction,7,PC3_count,0.376,0.2357363249376256
target_family,logical_deduction,google/gemma-2b,Gemma,logical_deduction,7,PC3_count,0.1074285714285714,0.09915842583431157
target_family,logical_deduction,tiiuae/falcon-40b,Falcon,logical_deduction,7,PC3_count,0.1714285714285714,0.19520020163794877
target_family,logical_deduction,tiiuae/falcon-7b,Falcon,logical_deduction,7,PC3_count,0.1474285714285714,0.09624536106003935
target_family,logical_deduction,tiiuae/falcon-rw-1b,Falcon,logical_deduction,7,PC3_count,0.1325714285714286,0.06487157321877166
target_family,logical_deduction,microsoft/phi-2,Phi,logical_deduction,7,PC3_count,0.424,0.20335069521013893
target_family,logical_deduction,microsoft/phi-1_5,Phi,logical_deduction,7,PC3_count,0.1782857142857142,0.12019195738766955
target_family,logical_deduction,EleutherAI/pythia-1b-deduped,Pythia,logical_deduction,7,PC3_count,0.096,0.050598929346674246
target_family,logical_deduction,EleutherAI/pythia-410m-deduped,Pythia,logical_deduction,7,PC3_count,0.0531428571428571,0.04795119827819513
target_family,logical_deduction,EleutherAI/pythia-6.9b-deduped,Pythia,logical_deduction,7,PC3_count,0.1297142857142857,0.07312925919796745
target_family,logical_deduction,EleutherAI/pythia-2.8b-deduped,Pythia,logical_deduction,7,PC3_count,0.1154285714285714,0.06280821572707289
target_family,logical_deduction,EleutherAI/pythia-12b-deduped,Pythia,logical_deduction,7,PC3_count,0.1462857142857143,0.07420665873910173
target_family,logical_deduction,EleutherAI/pythia-70m-deduped,Pythia,logical_deduction,7,PC3_count,0.0645714285714285,0.042685456833686915
target_family,logical_deduction,EleutherAI/pythia-1.4b-deduped,Pythia,logical_deduction,7,PC3_count,0.132,0.0579021134384904
target_family,logical_deduction,EleutherAI/pythia-160m-deduped,Pythia,logical_deduction,7,PC3_count,0.028,0.044265294078130756
target_family,logical_deduction,bigscience/bloom-560m,BLOOM,logical_deduction,7,PC3_count,0.124,0.045164272356236525
target_family,logical_deduction,bigscience/bloom-1b1,BLOOM,logical_deduction,7,PC3_count,0.1382857142857143,0.05162453394800618
target_family,logical_deduction,bigscience/bloom-3b,BLOOM,logical_deduction,7,PC3_count,0.1222857142857142,0.06225488306142268
target_family,logical_deduction,bigscience/bloom-7b1,BLOOM,logical_deduction,7,PC3_count,0.1605714285714285,0.075637685007194
target_family,logical_deduction,EleutherAI/gpt-neox-20b,GPT-Neo/J,logical_deduction,7,PC3_count,0.1611428571428571,0.081872702994377
target_family,logical_deduction,EleutherAI/gpt-neo-2.7B,GPT-Neo/J,logical_deduction,7,PC3_count,0.0502857142857142,0.06307055005432007
target_family,logical_deduction,EleutherAI/gpt-neo-1.3B,GPT-Neo/J,logical_deduction,7,PC3_count,0.1331428571428571,0.05455900491379649
target_family,logical_deduction,EleutherAI/gpt-neo-125m,GPT-Neo/J,logical_deduction,7,PC3_count,0.0222857142857142,0.04496196146539277
target_family,logical_deduction,EleutherAI/gpt-j-6b,GPT-Neo/J,logical_deduction,7,PC3_count,0.1291428571428571,0.07701743414997377
target_family,logical_deduction,facebook/opt-6.7b,OPT,logical_deduction,7,PC3_count,0.1314285714285714,0.07306745440851509
target_family,logical_deduction,facebook/opt-1.3b,OPT,logical_deduction,7,PC3_count,0.0514285714285714,0.05752224903162808
target_family,logical_deduction,facebook/opt-350m,OPT,logical_deduction,7,PC3_count,0.0377142857142857,0.044529264117482176
target_family,logical_deduction,facebook/opt-13b,OPT,logical_deduction,7,PC3_count,0.1297142857142857,0.07703180262657207
target_family,logical_deduction,facebook/opt-2.7b,OPT,logical_deduction,7,PC3_count,0.1188571428571428,0.0643927551872768
target_family,logical_deduction,facebook/opt-30b,OPT,logical_deduction,7,PC3_count,0.1725714285714285,0.08665376920634624
target_family,logical_deduction,facebook/opt-125m,OPT,logical_deduction,7,PC3_count,0.016,0.043255629158499946
target_family,logical_deduction,facebook/opt-66b,OPT,logical_deduction,7,PC3_count,0.1314285714285714,0.090323915399938
target_family,logical_deduction,mosaicml/mpt-30b,MPT,logical_deduction,7,PC3_count,0.3257142857142857,0.14640385740371656
target_family,logical_deduction,mosaicml/mpt-7b,MPT,logical_deduction,7,PC3_count,0.1851428571428571,0.09422883940663712
target_family,logical_deduction,facebook/xglm-564M,XGLM,logical_deduction,7,PC3_count,0.1377142857142857,0.04335581151208282
target_family,logical_deduction,facebook/xglm-1.7B,XGLM,logical_deduction,7,PC3_count,0.172,0.04640638023951001
target_family,logical_deduction,facebook/xglm-4.5B,XGLM,logical_deduction,7,PC3_count,0.0725714285714285,0.05352233353557384
target_family,logical_deduction,facebook/xglm-7.5B,XGLM,logical_deduction,7,PC3_count,0.0788571428571428,0.06125083899351105
target_family,logical_deduction,codellama/CodeLlama-7b-hf,CodeLlama,logical_deduction,7,PC3_count,0.2862857142857142,0.07553528284654183
target_family,logical_deduction,codellama/CodeLlama-13b-hf,CodeLlama,logical_deduction,7,PC3_count,0.3434285714285714,0.0937121546337122
target_family,logical_deduction,codellama/CodeLlama-34b-hf,CodeLlama,logical_deduction,7,PC3_count,0.4005714285714286,0.15658958357270686
target_family,logical_deduction,codellama/CodeLlama-70b-hf,CodeLlama,logical_deduction,7,PC3_count,0.4365714285714285,0.18229784966150192
target_family,logical_deduction,bigcode/starcoderbase-1b,StarCoder,logical_deduction,7,PC3_count,0.1228571428571428,0.04537558328400262
target_family,logical_deduction,bigcode/starcoderbase-3b,StarCoder,logical_deduction,7,PC3_count,0.1685714285714285,0.04780016126229068
target_family,logical_deduction,bigcode/starcoderbase-7b,StarCoder,logical_deduction,7,PC3_count,0.1531428571428571,0.05362722769942872
target_family,logical_deduction,bigcode/starcoderbase,StarCoder,logical_deduction,7,PC3_count,0.2685714285714285,0.05842051868271712
target_family,logical_deduction,bigcode/starcoder2-15b,StarCoder2,logical_deduction,7,PC3_count,0.3377142857142857,0.12503441106680688
target_family,logical_deduction,bigcode/starcoder2-7b,StarCoder2,logical_deduction,7,PC3_count,0.4262857142857142,0.08412320753073059
target_family,logical_deduction,bigcode/starcoder2-3b,StarCoder2,logical_deduction,7,PC3_count,0.2771428571428572,0.06817069938302575
target_family,logical_deduction,deepseek-ai/deepseek-coder-1.3b-base,DeepSeek-Coder,logical_deduction,7,PC3_count,0.1502857142857142,0.04840918250674036
target_family,logical_deduction,deepseek-ai/deepseek-coder-6.7b-base,DeepSeek-Coder,logical_deduction,7,PC3_count,0.2565714285714285,0.07545441356879587
target_family,logical_deduction,deepseek-ai/deepseek-coder-33b-base,DeepSeek-Coder,logical_deduction,7,PC3_count,0.296,0.09640123235817
target_family,logical_deduction,meta-llama/Llama-2-7b-hf,Llama-2,logical_deduction,3,count_only,0.544,0.3049614026475481
target_family,logical_deduction,meta-llama/Llama-2-13b-hf,Llama-2,logical_deduction,3,count_only,0.652,0.3049614026475481
target_family,logical_deduction,meta-llama/Llama-2-70b-hf,Llama-2,logical_deduction,3,count_only,0.856,0.3049614026475481
target_family,logical_deduction,huggyllama/llama-7b,Llama,logical_deduction,3,count_only,0.416,0.3049614026475481
target_family,logical_deduction,huggyllama/llama-13b,Llama,logical_deduction,3,count_only,0.464,0.3049614026475481
target_family,logical_deduction,huggyllama/llama-30b,Llama,logical_deduction,3,count_only,0.684,0.3049614026475481
target_family,logical_deduction,huggyllama/llama-65b,Llama,logical_deduction,3,count_only,0.78,0.3049614026475481
target_family,logical_deduction,Qwen/Qwen1.5-72B,Qwen1.5,logical_deduction,3,count_only,0.856,0.3049614026475481
target_family,logical_deduction,Qwen/Qwen1.5-32B,Qwen1.5,logical_deduction,3,count_only,0.836,0.3049614026475481
target_family,logical_deduction,Qwen/Qwen1.5-14B,Qwen1.5,logical_deduction,3,count_only,0.768,0.3049614026475481
target_family,logical_deduction,Qwen/Qwen1.5-7B,Qwen1.5,logical_deduction,3,count_only,0.3733333333333333,0.3049614026475481
target_family,logical_deduction,Qwen/Qwen1.5-4B,Qwen1.5,logical_deduction,3,count_only,0.432,0.3049614026475481
target_family,logical_deduction,Qwen/Qwen1.5-1.8B,Qwen1.5,logical_deduction,3,count_only,0.036,0.3049614026475481
target_family,logical_deduction,Qwen/Qwen1.5-0.5B,Qwen1.5,logical_deduction,3,count_only,0.16,0.3049614026475481
target_family,logical_deduction,Qwen/Qwen-72B,Qwen,logical_deduction,3,count_only,0.872,0.3049614026475481
target_family,logical_deduction,Qwen/Qwen-14B,Qwen,logical_deduction,3,count_only,0.244,0.3049614026475481
target_family,logical_deduction,Qwen/Qwen-7B,Qwen,logical_deduction,3,count_only,0.5106666666666666,0.3049614026475481
target_family,logical_deduction,mistralai/Mistral-7B-v0.1,Mistral,logical_deduction,3,count_only,0.78,0.3049614026475481
target_family,logical_deduction,mistralai/Mixtral-8x7B-v0.1,Mixtral,logical_deduction,3,count_only,0.864,0.3049614026475481
target_family,logical_deduction,01-ai/Yi-6B,Yi,logical_deduction,3,count_only,0.4973333333333333,0.3049614026475481
target_family,logical_deduction,01-ai/Yi-34B,Yi,logical_deduction,3,count_only,0.844,0.3049614026475481
target_family,logical_deduction,google/gemma-7b,Gemma,logical_deduction,3,count_only,0.688,0.3049614026475481
target_family,logical_deduction,google/gemma-2b,Gemma,logical_deduction,3,count_only,0.3253333333333333,0.3049614026475481
target_family,logical_deduction,tiiuae/falcon-40b,Falcon,logical_deduction,3,count_only,0.508,0.3049614026475481
target_family,logical_deduction,tiiuae/falcon-7b,Falcon,logical_deduction,3,count_only,0.388,0.3049614026475481
target_family,logical_deduction,tiiuae/falcon-rw-1b,Falcon,logical_deduction,3,count_only,0.308,0.3049614026475481
target_family,logical_deduction,microsoft/phi-2,Phi,logical_deduction,3,count_only,0.816,0.3049614026475481
target_family,logical_deduction,microsoft/phi-1_5,Phi,logical_deduction,3,count_only,0.408,0.3049614026475481
target_family,logical_deduction,EleutherAI/pythia-1b-deduped,Pythia,logical_deduction,3,count_only,0.324,0.3049614026475481
target_family,logical_deduction,EleutherAI/pythia-410m-deduped,Pythia,logical_deduction,3,count_only,0.2413333333333333,0.3049614026475481
target_family,logical_deduction,EleutherAI/pythia-6.9b-deduped,Pythia,logical_deduction,3,count_only,0.364,0.3049614026475481
target_family,logical_deduction,EleutherAI/pythia-2.8b-deduped,Pythia,logical_deduction,3,count_only,0.348,0.3049614026475481
target_family,logical_deduction,EleutherAI/pythia-12b-deduped,Pythia,logical_deduction,3,count_only,0.36,0.3049614026475481
target_family,logical_deduction,EleutherAI/pythia-70m-deduped,Pythia,logical_deduction,3,count_only,0.1466666666666666,0.3049614026475481
target_family,logical_deduction,EleutherAI/pythia-1.4b-deduped,Pythia,logical_deduction,3,count_only,0.328,0.3049614026475481
target_family,logical_deduction,EleutherAI/pythia-160m-deduped,Pythia,logical_deduction,3,count_only,0.092,0.3049614026475481
target_family,logical_deduction,bigscience/bloom-560m,BLOOM,logical_deduction,3,count_only,0.292,0.3049614026475481
target_family,logical_deduction,bigscience/bloom-1b1,BLOOM,logical_deduction,3,count_only,0.3293333333333333,0.3049614026475481
target_family,logical_deduction,bigscience/bloom-3b,BLOOM,logical_deduction,3,count_only,0.3013333333333333,0.3049614026475481
target_family,logical_deduction,bigscience/bloom-7b1,BLOOM,logical_deduction,3,count_only,0.3773333333333333,0.3049614026475481
target_family,logical_deduction,EleutherAI/gpt-neox-20b,GPT-Neo/J,logical_deduction,3,count_only,0.38,0.3049614026475481
target_family,logical_deduction,EleutherAI/gpt-neo-2.7B,GPT-Neo/J,logical_deduction,3,count_only,0.332,0.3049614026475481
target_family,logical_deduction,EleutherAI/gpt-neo-1.3B,GPT-Neo/J,logical_deduction,3,count_only,0.2693333333333333,0.3049614026475481
target_family,logical_deduction,EleutherAI/gpt-neo-125m,GPT-Neo/J,logical_deduction,3,count_only,0.0986666666666666,0.3049614026475481
target_family,logical_deduction,EleutherAI/gpt-j-6b,GPT-Neo/J,logical_deduction,3,count_only,0.36,0.3049614026475481
target_family,logical_deduction,facebook/opt-6.7b,OPT,logical_deduction,3,count_only,0.3146666666666666,0.3049614026475481
target_family,logical_deduction,facebook/opt-1.3b,OPT,logical_deduction,3,count_only,0.2333333333333333,0.3049614026475481
target_family,logical_deduction,facebook/opt-350m,OPT,logical_deduction,3,count_only,0.0373333333333333,0.3049614026475481
target_family,logical_deduction,facebook/opt-13b,OPT,logical_deduction,3,count_only,0.344,0.3049614026475481
target_family,logical_deduction,facebook/opt-2.7b,OPT,logical_deduction,3,count_only,0.3253333333333333,0.3049614026475481
target_family,logical_deduction,facebook/opt-30b,OPT,logical_deduction,3,count_only,0.36,0.3049614026475481
target_family,logical_deduction,facebook/opt-125m,OPT,logical_deduction,3,count_only,0.0373333333333333,0.3049614026475481
target_family,logical_deduction,facebook/opt-66b,OPT,logical_deduction,3,count_only,0.352,0.3049614026475481
target_family,logical_deduction,mosaicml/mpt-30b,MPT,logical_deduction,3,count_only,0.592,0.3049614026475481
target_family,logical_deduction,mosaicml/mpt-7b,MPT,logical_deduction,3,count_only,0.432,0.3049614026475481
target_family,logical_deduction,facebook/xglm-564M,XGLM,logical_deduction,3,count_only,0.2586666666666666,0.3049614026475481
target_family,logical_deduction,facebook/xglm-1.7B,XGLM,logical_deduction,3,count_only,0.316,0.3049614026475481
target_family,logical_deduction,facebook/xglm-4.5B,XGLM,logical_deduction,3,count_only,0.0959999999999999,0.3049614026475481
target_family,logical_deduction,facebook/xglm-7.5B,XGLM,logical_deduction,3,count_only,0.1866666666666666,0.3049614026475481
target_family,logical_deduction,codellama/CodeLlama-7b-hf,CodeLlama,logical_deduction,3,count_only,0.592,0.3049614026475481
target_family,logical_deduction,codellama/CodeLlama-13b-hf,CodeLlama,logical_deduction,3,count_only,0.608,0.3049614026475481
target_family,logical_deduction,codellama/CodeLlama-34b-hf,CodeLlama,logical_deduction,3,count_only,0.788,0.3049614026475481
target_family,logical_deduction,codellama/CodeLlama-70b-hf,CodeLlama,logical_deduction,3,count_only,0.804,0.3049614026475481
target_family,logical_deduction,bigcode/starcoderbase-1b,StarCoder,logical_deduction,3,count_only,0.3066666666666666,0.3049614026475481
target_family,logical_deduction,bigcode/starcoderbase-3b,StarCoder,logical_deduction,3,count_only,0.356,0.3049614026475481
target_family,logical_deduction,bigcode/starcoderbase-7b,StarCoder,logical_deduction,3,count_only,0.384,0.3049614026475481
target_family,logical_deduction,bigcode/starcoderbase,StarCoder,logical_deduction,3,count_only,0.432,0.3049614026475481
target_family,logical_deduction,bigcode/starcoder2-15b,StarCoder2,logical_deduction,3,count_only,0.748,0.3049614026475481
target_family,logical_deduction,bigcode/starcoder2-7b,StarCoder2,logical_deduction,3,count_only,0.524,0.3049614026475481
target_family,logical_deduction,bigcode/starcoder2-3b,StarCoder2,logical_deduction,3,count_only,0.476,0.3049614026475481
target_family,logical_deduction,deepseek-ai/deepseek-coder-1.3b-base,DeepSeek-Coder,logical_deduction,3,count_only,0.352,0.3049614026475481
target_family,logical_deduction,deepseek-ai/deepseek-coder-6.7b-base,DeepSeek-Coder,logical_deduction,3,count_only,0.52,0.3049614026475481
target_family,logical_deduction,deepseek-ai/deepseek-coder-33b-base,DeepSeek-Coder,logical_deduction,3,count_only,0.6,0.3049614026475481
target_family,logical_deduction,meta-llama/Llama-2-7b-hf,Llama-2,logical_deduction,5,count_only,0.3136,0.1601492948867401
target_family,logical_deduction,meta-llama/Llama-2-13b-hf,Llama-2,logical_deduction,5,count_only,0.4648,0.1601492948867401
target_family,logical_deduction,meta-llama/Llama-2-70b-hf,Llama-2,logical_deduction,5,count_only,0.56,0.1601492948867401
target_family,logical_deduction,huggyllama/llama-7b,Llama,logical_deduction,5,count_only,0.224,0.1601492948867401
target_family,logical_deduction,huggyllama/llama-13b,Llama,logical_deduction,5,count_only,0.2984,0.1601492948867401
target_family,logical_deduction,huggyllama/llama-30b,Llama,logical_deduction,5,count_only,0.4264,0.1601492948867401
target_family,logical_deduction,huggyllama/llama-65b,Llama,logical_deduction,5,count_only,0.452,0.1601492948867401
target_family,logical_deduction,Qwen/Qwen1.5-72B,Qwen1.5,logical_deduction,5,count_only,0.2632,0.1601492948867401
target_family,logical_deduction,Qwen/Qwen1.5-32B,Qwen1.5,logical_deduction,5,count_only,0.4408,0.1601492948867401
target_family,logical_deduction,Qwen/Qwen1.5-14B,Qwen1.5,logical_deduction,5,count_only,0.4928,0.1601492948867401
target_family,logical_deduction,Qwen/Qwen1.5-7B,Qwen1.5,logical_deduction,5,count_only,0.072,0.1601492948867401
target_family,logical_deduction,Qwen/Qwen1.5-4B,Qwen1.5,logical_deduction,5,count_only,0.2935999999999999,0.1601492948867401
target_family,logical_deduction,Qwen/Qwen1.5-1.8B,Qwen1.5,logical_deduction,5,count_only,0.0104,0.1601492948867401
target_family,logical_deduction,Qwen/Qwen1.5-0.5B,Qwen1.5,logical_deduction,5,count_only,0.06,0.1601492948867401
target_family,logical_deduction,Qwen/Qwen-72B,Qwen,logical_deduction,5,count_only,0.296,0.1601492948867401
target_family,logical_deduction,Qwen/Qwen-14B,Qwen,logical_deduction,5,count_only,0.2384,0.1601492948867401
target_family,logical_deduction,Qwen/Qwen-7B,Qwen,logical_deduction,5,count_only,0.3344,0.1601492948867401
target_family,logical_deduction,mistralai/Mistral-7B-v0.1,Mistral,logical_deduction,5,count_only,0.492,0.1601492948867401
target_family,logical_deduction,mistralai/Mixtral-8x7B-v0.1,Mixtral,logical_deduction,5,count_only,0.512,0.1601492948867401
target_family,logical_deduction,01-ai/Yi-6B,Yi,logical_deduction,5,count_only,0.32,0.1601492948867401
target_family,logical_deduction,01-ai/Yi-34B,Yi,logical_deduction,5,count_only,0.5064,0.1601492948867401
target_family,logical_deduction,google/gemma-7b,Gemma,logical_deduction,5,count_only,0.416,0.1601492948867401
target_family,logical_deduction,google/gemma-2b,Gemma,logical_deduction,5,count_only,0.2423999999999999,0.1601492948867401
target_family,logical_deduction,tiiuae/falcon-40b,Falcon,logical_deduction,5,count_only,0.2648,0.1601492948867401
target_family,logical_deduction,tiiuae/falcon-7b,Falcon,logical_deduction,5,count_only,0.1984,0.1601492948867401
target_family,logical_deduction,tiiuae/falcon-rw-1b,Falcon,logical_deduction,5,count_only,0.192,0.1601492948867401
target_family,logical_deduction,microsoft/phi-2,Phi,logical_deduction,5,count_only,0.592,0.1601492948867401
target_family,logical_deduction,microsoft/phi-1_5,Phi,logical_deduction,5,count_only,0.252,0.1601492948867401
target_family,logical_deduction,EleutherAI/pythia-1b-deduped,Pythia,logical_deduction,5,count_only,0.172,0.1601492948867401
target_family,logical_deduction,EleutherAI/pythia-410m-deduped,Pythia,logical_deduction,5,count_only,0.1088,0.1601492948867401
target_family,logical_deduction,EleutherAI/pythia-6.9b-deduped,Pythia,logical_deduction,5,count_only,0.212,0.1601492948867401
target_family,logical_deduction,EleutherAI/pythia-2.8b-deduped,Pythia,logical_deduction,5,count_only,0.2024,0.1601492948867401
target_family,logical_deduction,EleutherAI/pythia-12b-deduped,Pythia,logical_deduction,5,count_only,0.2264,0.1601492948867401
target_family,logical_deduction,EleutherAI/pythia-70m-deduped,Pythia,logical_deduction,5,count_only,0.0752,0.1601492948867401
target_family,logical_deduction,EleutherAI/pythia-1.4b-deduped,Pythia,logical_deduction,5,count_only,0.216,0.1601492948867401
target_family,logical_deduction,EleutherAI/pythia-160m-deduped,Pythia,logical_deduction,5,count_only,0.0688,0.1601492948867401
target_family,logical_deduction,bigscience/bloom-560m,BLOOM,logical_deduction,5,count_only,0.18,0.1601492948867401
target_family,logical_deduction,bigscience/bloom-1b1,BLOOM,logical_deduction,5,count_only,0.1776,0.1601492948867401
target_family,logical_deduction,bigscience/bloom-3b,BLOOM,logical_deduction,5,count_only,0.1976,0.1601492948867401
target_family,logical_deduction,bigscience/bloom-7b1,BLOOM,logical_deduction,5,count_only,0.2143999999999999,0.1601492948867401
target_family,logical_deduction,EleutherAI/gpt-neox-20b,GPT-Neo/J,logical_deduction,5,count_only,0.248,0.1601492948867401
target_family,logical_deduction,EleutherAI/gpt-neo-2.7B,GPT-Neo/J,logical_deduction,5,count_only,0.208,0.1601492948867401
target_family,logical_deduction,EleutherAI/gpt-neo-1.3B,GPT-Neo/J,logical_deduction,5,count_only,0.1488,0.1601492948867401
target_family,logical_deduction,EleutherAI/gpt-neo-125m,GPT-Neo/J,logical_deduction,5,count_only,0.0256,0.1601492948867401
target_family,logical_deduction,EleutherAI/gpt-j-6b,GPT-Neo/J,logical_deduction,5,count_only,0.244,0.1601492948867401
target_family,logical_deduction,facebook/opt-6.7b,OPT,logical_deduction,5,count_only,0.2135999999999999,0.1601492948867401
target_family,logical_deduction,facebook/opt-1.3b,OPT,logical_deduction,5,count_only,0.0896,0.1601492948867401
target_family,logical_deduction,facebook/opt-350m,OPT,logical_deduction,5,count_only,0.0112,0.1601492948867401
target_family,logical_deduction,facebook/opt-13b,OPT,logical_deduction,5,count_only,0.244,0.1601492948867401
target_family,logical_deduction,facebook/opt-2.7b,OPT,logical_deduction,5,count_only,0.2128,0.1601492948867401
target_family,logical_deduction,facebook/opt-30b,OPT,logical_deduction,5,count_only,0.256,0.1601492948867401
target_family,logical_deduction,facebook/opt-125m,OPT,logical_deduction,5,count_only,0.0,0.1601492948867401
target_family,logical_deduction,facebook/opt-66b,OPT,logical_deduction,5,count_only,0.264,0.1601492948867401
target_family,logical_deduction,mosaicml/mpt-30b,MPT,logical_deduction,5,count_only,0.3904,0.1601492948867401
target_family,logical_deduction,mosaicml/mpt-7b,MPT,logical_deduction,5,count_only,0.2976,0.1601492948867401
target_family,logical_deduction,facebook/xglm-564M,XGLM,logical_deduction,5,count_only,0.1728,0.1601492948867401
target_family,logical_deduction,facebook/xglm-1.7B,XGLM,logical_deduction,5,count_only,0.2168,0.1601492948867401
target_family,logical_deduction,facebook/xglm-4.5B,XGLM,logical_deduction,5,count_only,0.0616,0.1601492948867401
target_family,logical_deduction,facebook/xglm-7.5B,XGLM,logical_deduction,5,count_only,0.1088,0.1601492948867401
target_family,logical_deduction,codellama/CodeLlama-7b-hf,CodeLlama,logical_deduction,5,count_only,0.3,0.1601492948867401
target_family,logical_deduction,codellama/CodeLlama-13b-hf,CodeLlama,logical_deduction,5,count_only,0.4072,0.1601492948867401
target_family,logical_deduction,codellama/CodeLlama-34b-hf,CodeLlama,logical_deduction,5,count_only,0.528,0.1601492948867401
target_family,logical_deduction,codellama/CodeLlama-70b-hf,CodeLlama,logical_deduction,5,count_only,0.5272,0.1601492948867401
target_family,logical_deduction,bigcode/starcoderbase-1b,StarCoder,logical_deduction,5,count_only,0.1823999999999999,0.1601492948867401
target_family,logical_deduction,bigcode/starcoderbase-3b,StarCoder,logical_deduction,5,count_only,0.248,0.1601492948867401
target_family,logical_deduction,bigcode/starcoderbase-7b,StarCoder,logical_deduction,5,count_only,0.2455999999999999,0.1601492948867401
target_family,logical_deduction,bigcode/starcoderbase,StarCoder,logical_deduction,5,count_only,0.38,0.1601492948867401
target_family,logical_deduction,bigcode/starcoder2-15b,StarCoder2,logical_deduction,5,count_only,0.4456,0.1601492948867401
target_family,logical_deduction,bigcode/starcoder2-7b,StarCoder2,logical_deduction,5,count_only,0.436,0.1601492948867401
target_family,logical_deduction,bigcode/starcoder2-3b,StarCoder2,logical_deduction,5,count_only,0.3416,0.1601492948867401
target_family,logical_deduction,deepseek-ai/deepseek-coder-1.3b-base,DeepSeek-Coder,logical_deduction,5,count_only,0.224,0.1601492948867401
target_family,logical_deduction,deepseek-ai/deepseek-coder-6.7b-base,DeepSeek-Coder,logical_deduction,5,count_only,0.368,0.1601492948867401
target_family,logical_deduction,deepseek-ai/deepseek-coder-33b-base,DeepSeek-Coder,logical_deduction,5,count_only,0.4,0.1601492948867401
target_family,logical_deduction,meta-llama/Llama-2-7b-hf,Llama-2,logical_deduction,7,count_only,0.2497142857142857,0.0992110367573443
target_family,logical_deduction,meta-llama/Llama-2-13b-hf,Llama-2,logical_deduction,7,count_only,0.4217142857142857,0.0992110367573443
target_family,logical_deduction,meta-llama/Llama-2-70b-hf,Llama-2,logical_deduction,7,count_only,0.4531428571428572,0.0992110367573443
target_family,logical_deduction,huggyllama/llama-7b,Llama,logical_deduction,7,count_only,0.152,0.0992110367573443
target_family,logical_deduction,huggyllama/llama-13b,Llama,logical_deduction,7,count_only,0.192,0.0992110367573443
target_family,logical_deduction,huggyllama/llama-30b,Llama,logical_deduction,7,count_only,0.3114285714285714,0.0992110367573443
target_family,logical_deduction,huggyllama/llama-65b,Llama,logical_deduction,7,count_only,0.424,0.0992110367573443
target_family,logical_deduction,Qwen/Qwen1.5-72B,Qwen1.5,logical_deduction,7,count_only,0.1725714285714285,0.0992110367573443
target_family,logical_deduction,Qwen/Qwen1.5-32B,Qwen1.5,logical_deduction,7,count_only,0.0731428571428571,0.0992110367573443
target_family,logical_deduction,Qwen/Qwen1.5-14B,Qwen1.5,logical_deduction,7,count_only,0.228,0.0992110367573443
target_family,logical_deduction,Qwen/Qwen1.5-7B,Qwen1.5,logical_deduction,7,count_only,0.0154285714285714,0.0992110367573443
target_family,logical_deduction,Qwen/Qwen1.5-4B,Qwen1.5,logical_deduction,7,count_only,0.2371428571428571,0.0992110367573443
target_family,logical_deduction,Qwen/Qwen1.5-1.8B,Qwen1.5,logical_deduction,7,count_only,0.0108571428571428,0.0992110367573443
target_family,logical_deduction,Qwen/Qwen1.5-0.5B,Qwen1.5,logical_deduction,7,count_only,0.0137142857142857,0.0992110367573443
target_family,logical_deduction,Qwen/Qwen-72B,Qwen,logical_deduction,7,count_only,0.1885714285714285,0.0992110367573443
target_family,logical_deduction,Qwen/Qwen-14B,Qwen,logical_deduction,7,count_only,0.324,0.0992110367573443
target_family,logical_deduction,Qwen/Qwen-7B,Qwen,logical_deduction,7,count_only,0.2577142857142857,0.0992110367573443
target_family,logical_deduction,mistralai/Mistral-7B-v0.1,Mistral,logical_deduction,7,count_only,0.3937142857142857,0.0992110367573443
target_family,logical_deduction,mistralai/Mixtral-8x7B-v0.1,Mixtral,logical_deduction,7,count_only,0.4045714285714286,0.0992110367573443
target_family,logical_deduction,01-ai/Yi-6B,Yi,logical_deduction,7,count_only,0.3182857142857143,0.0992110367573443
target_family,logical_deduction,01-ai/Yi-34B,Yi,logical_deduction,7,count_only,0.4028571428571428,0.0992110367573443
target_family,logical_deduction,google/gemma-7b,Gemma,logical_deduction,7,count_only,0.376,0.0992110367573443
target_family,logical_deduction,google/gemma-2b,Gemma,logical_deduction,7,count_only,0.1074285714285714,0.0992110367573443
target_family,logical_deduction,tiiuae/falcon-40b,Falcon,logical_deduction,7,count_only,0.1714285714285714,0.0992110367573443
target_family,logical_deduction,tiiuae/falcon-7b,Falcon,logical_deduction,7,count_only,0.1474285714285714,0.0992110367573443
target_family,logical_deduction,tiiuae/falcon-rw-1b,Falcon,logical_deduction,7,count_only,0.1325714285714286,0.0992110367573443
target_family,logical_deduction,microsoft/phi-2,Phi,logical_deduction,7,count_only,0.424,0.0992110367573443
target_family,logical_deduction,microsoft/phi-1_5,Phi,logical_deduction,7,count_only,0.1782857142857142,0.0992110367573443
target_family,logical_deduction,EleutherAI/pythia-1b-deduped,Pythia,logical_deduction,7,count_only,0.096,0.0992110367573443
target_family,logical_deduction,EleutherAI/pythia-410m-deduped,Pythia,logical_deduction,7,count_only,0.0531428571428571,0.0992110367573443
target_family,logical_deduction,EleutherAI/pythia-6.9b-deduped,Pythia,logical_deduction,7,count_only,0.1297142857142857,0.0992110367573443
target_family,logical_deduction,EleutherAI/pythia-2.8b-deduped,Pythia,logical_deduction,7,count_only,0.1154285714285714,0.0992110367573443
target_family,logical_deduction,EleutherAI/pythia-12b-deduped,Pythia,logical_deduction,7,count_only,0.1462857142857143,0.0992110367573443
target_family,logical_deduction,EleutherAI/pythia-70m-deduped,Pythia,logical_deduction,7,count_only,0.0645714285714285,0.0992110367573443
target_family,logical_deduction,EleutherAI/pythia-1.4b-deduped,Pythia,logical_deduction,7,count_only,0.132,0.0992110367573443
target_family,logical_deduction,EleutherAI/pythia-160m-deduped,Pythia,logical_deduction,7,count_only,0.028,0.0992110367573443
target_family,logical_deduction,bigscience/bloom-560m,BLOOM,logical_deduction,7,count_only,0.124,0.0992110367573443
target_family,logical_deduction,bigscience/bloom-1b1,BLOOM,logical_deduction,7,count_only,0.1382857142857143,0.0992110367573443
target_family,logical_deduction,bigscience/bloom-3b,BLOOM,logical_deduction,7,count_only,0.1222857142857142,0.0992110367573443
target_family,logical_deduction,bigscience/bloom-7b1,BLOOM,logical_deduction,7,count_only,0.1605714285714285,0.0992110367573443
target_family,logical_deduction,EleutherAI/gpt-neox-20b,GPT-Neo/J,logical_deduction,7,count_only,0.1611428571428571,0.0992110367573443
target_family,logical_deduction,EleutherAI/gpt-neo-2.7B,GPT-Neo/J,logical_deduction,7,count_only,0.0502857142857142,0.0992110367573443
target_family,logical_deduction,EleutherAI/gpt-neo-1.3B,GPT-Neo/J,logical_deduction,7,count_only,0.1331428571428571,0.0992110367573443
target_family,logical_deduction,EleutherAI/gpt-neo-125m,GPT-Neo/J,logical_deduction,7,count_only,0.0222857142857142,0.0992110367573443
target_family,logical_deduction,EleutherAI/gpt-j-6b,GPT-Neo/J,logical_deduction,7,count_only,0.1291428571428571,0.0992110367573443
target_family,logical_deduction,facebook/opt-6.7b,OPT,logical_deduction,7,count_only,0.1314285714285714,0.0992110367573443
target_family,logical_deduction,facebook/opt-1.3b,OPT,logical_deduction,7,count_only,0.0514285714285714,0.0992110367573443
target_family,logical_deduction,facebook/opt-350m,OPT,logical_deduction,7,count_only,0.0377142857142857,0.0992110367573443
target_family,logical_deduction,facebook/opt-13b,OPT,logical_deduction,7,count_only,0.1297142857142857,0.0992110367573443
target_family,logical_deduction,facebook/opt-2.7b,OPT,logical_deduction,7,count_only,0.1188571428571428,0.0992110367573443
target_family,logical_deduction,facebook/opt-30b,OPT,logical_deduction,7,count_only,0.1725714285714285,0.0992110367573443
target_family,logical_deduction,facebook/opt-125m,OPT,logical_deduction,7,count_only,0.016,0.0992110367573443
target_family,logical_deduction,facebook/opt-66b,OPT,logical_deduction,7,count_only,0.1314285714285714,0.0992110367573443
target_family,logical_deduction,mosaicml/mpt-30b,MPT,logical_deduction,7,count_only,0.3257142857142857,0.0992110367573443
target_family,logical_deduction,mosaicml/mpt-7b,MPT,logical_deduction,7,count_only,0.1851428571428571,0.0992110367573443
target_family,logical_deduction,facebook/xglm-564M,XGLM,logical_deduction,7,count_only,0.1377142857142857,0.0992110367573443
target_family,logical_deduction,facebook/xglm-1.7B,XGLM,logical_deduction,7,count_only,0.172,0.0992110367573443
target_family,logical_deduction,facebook/xglm-4.5B,XGLM,logical_deduction,7,count_only,0.0725714285714285,0.0992110367573443
target_family,logical_deduction,facebook/xglm-7.5B,XGLM,logical_deduction,7,count_only,0.0788571428571428,0.0992110367573443
target_family,logical_deduction,codellama/CodeLlama-7b-hf,CodeLlama,logical_deduction,7,count_only,0.2862857142857142,0.0992110367573443
target_family,logical_deduction,codellama/CodeLlama-13b-hf,CodeLlama,logical_deduction,7,count_only,0.3434285714285714,0.0992110367573443
target_family,logical_deduction,codellama/CodeLlama-34b-hf,CodeLlama,logical_deduction,7,count_only,0.4005714285714286,0.0992110367573443
target_family,logical_deduction,codellama/CodeLlama-70b-hf,CodeLlama,logical_deduction,7,count_only,0.4365714285714285,0.0992110367573443
target_family,logical_deduction,bigcode/starcoderbase-1b,StarCoder,logical_deduction,7,count_only,0.1228571428571428,0.0992110367573443
target_family,logical_deduction,bigcode/starcoderbase-3b,StarCoder,logical_deduction,7,count_only,0.1685714285714285,0.0992110367573443
target_family,logical_deduction,bigcode/starcoderbase-7b,StarCoder,logical_deduction,7,count_only,0.1531428571428571,0.0992110367573443
target_family,logical_deduction,bigcode/starcoderbase,StarCoder,logical_deduction,7,count_only,0.2685714285714285,0.0992110367573443
target_family,logical_deduction,bigcode/starcoder2-15b,StarCoder2,logical_deduction,7,count_only,0.3377142857142857,0.0992110367573443
target_family,logical_deduction,bigcode/starcoder2-7b,StarCoder2,logical_deduction,7,count_only,0.4262857142857142,0.0992110367573443
target_family,logical_deduction,bigcode/starcoder2-3b,StarCoder2,logical_deduction,7,count_only,0.2771428571428572,0.0992110367573443
target_family,logical_deduction,deepseek-ai/deepseek-coder-1.3b-base,DeepSeek-Coder,logical_deduction,7,count_only,0.1502857142857142,0.0992110367573443
target_family,logical_deduction,deepseek-ai/deepseek-coder-6.7b-base,DeepSeek-Coder,logical_deduction,7,count_only,0.2565714285714285,0.0992110367573443
target_family,logical_deduction,deepseek-ai/deepseek-coder-33b-base,DeepSeek-Coder,logical_deduction,7,count_only,0.296,0.0992110367573443
target_family,logical_deduction,meta-llama/Llama-2-7b-hf,Llama-2,logical_deduction,3,PC3_count_additive,0.544,0.374452563461137
target_family,logical_deduction,meta-llama/Llama-2-13b-hf,Llama-2,logical_deduction,3,PC3_count_additive,0.652,0.41859112312826496
target_family,logical_deduction,meta-llama/Llama-2-70b-hf,Llama-2,logical_deduction,3,PC3_count_additive,0.856,0.5853299996623327
target_family,logical_deduction,huggyllama/llama-7b,Llama,logical_deduction,3,PC3_count_additive,0.416,0.347840485353109
target_family,logical_deduction,huggyllama/llama-13b,Llama,logical_deduction,3,PC3_count_additive,0.464,0.4169356595284095
target_family,logical_deduction,huggyllama/llama-30b,Llama,logical_deduction,3,PC3_count_additive,0.684,0.48544734623115665
target_family,logical_deduction,huggyllama/llama-65b,Llama,logical_deduction,3,PC3_count_additive,0.78,0.5483670895085797
target_family,logical_deduction,Qwen/Qwen1.5-72B,Qwen1.5,logical_deduction,3,PC3_count_additive,0.856,0.6339282895400281
target_family,logical_deduction,Qwen/Qwen1.5-32B,Qwen1.5,logical_deduction,3,PC3_count_additive,0.836,0.6144618464570906
target_family,logical_deduction,Qwen/Qwen1.5-14B,Qwen1.5,logical_deduction,3,PC3_count_additive,0.768,0.5261338503308179
target_family,logical_deduction,Qwen/Qwen1.5-7B,Qwen1.5,logical_deduction,3,PC3_count_additive,0.3733333333333333,0.4759443441890788
target_family,logical_deduction,Qwen/Qwen1.5-4B,Qwen1.5,logical_deduction,3,PC3_count_additive,0.432,0.41642846163460756
target_family,logical_deduction,Qwen/Qwen1.5-1.8B,Qwen1.5,logical_deduction,3,PC3_count_additive,0.036,0.28944572504322164
target_family,logical_deduction,Qwen/Qwen1.5-0.5B,Qwen1.5,logical_deduction,3,PC3_count_additive,0.16,0.22815423342413318
target_family,logical_deduction,Qwen/Qwen-72B,Qwen,logical_deduction,3,PC3_count_additive,0.872,0.6340772117181512
target_family,logical_deduction,Qwen/Qwen-14B,Qwen,logical_deduction,3,PC3_count_additive,0.244,0.5322018682652645
target_family,logical_deduction,Qwen/Qwen-7B,Qwen,logical_deduction,3,PC3_count_additive,0.5106666666666666,0.45883659006702104
target_family,logical_deduction,mistralai/Mistral-7B-v0.1,Mistral,logical_deduction,3,PC3_count_additive,0.78,0.5005867920915742
target_family,logical_deduction,mistralai/Mixtral-8x7B-v0.1,Mixtral,logical_deduction,3,PC3_count_additive,0.864,0.5920300802701169
target_family,logical_deduction,01-ai/Yi-6B,Yi,logical_deduction,3,PC3_count_additive,0.4973333333333333,0.43839046431797635
target_family,logical_deduction,01-ai/Yi-34B,Yi,logical_deduction,3,PC3_count_additive,0.844,0.6155774904713172
target_family,logical_deduction,google/gemma-7b,Gemma,logical_deduction,3,PC3_count_additive,0.688,0.5298919018946063
target_family,logical_deduction,google/gemma-2b,Gemma,logical_deduction,3,PC3_count_additive,0.3253333333333333,0.3104210036156598
target_family,logical_deduction,tiiuae/falcon-40b,Falcon,logical_deduction,3,PC3_count_additive,0.508,0.49315596290949953
target_family,logical_deduction,tiiuae/falcon-7b,Falcon,logical_deduction,3,PC3_count_additive,0.388,0.315229256526295
target_family,logical_deduction,tiiuae/falcon-rw-1b,Falcon,logical_deduction,3,PC3_count_additive,0.308,0.2615515469934695
target_family,logical_deduction,microsoft/phi-2,Phi,logical_deduction,3,PC3_count_additive,0.816,0.5862337995282711
target_family,logical_deduction,microsoft/phi-1_5,Phi,logical_deduction,3,PC3_count_additive,0.408,0.4408371532773547
target_family,logical_deduction,EleutherAI/pythia-1b-deduped,Pythia,logical_deduction,3,PC3_count_additive,0.324,0.18431748329135822
target_family,logical_deduction,EleutherAI/pythia-410m-deduped,Pythia,logical_deduction,3,PC3_count_additive,0.2413333333333333,0.17544962477175538
target_family,logical_deduction,EleutherAI/pythia-6.9b-deduped,Pythia,logical_deduction,3,PC3_count_additive,0.364,0.25513950452305606
target_family,logical_deduction,EleutherAI/pythia-2.8b-deduped,Pythia,logical_deduction,3,PC3_count_additive,0.348,0.2181234787857466
target_family,logical_deduction,EleutherAI/pythia-12b-deduped,Pythia,logical_deduction,3,PC3_count_additive,0.36,0.2556166041559621
target_family,logical_deduction,EleutherAI/pythia-70m-deduped,Pythia,logical_deduction,3,PC3_count_additive,0.1466666666666666,0.14774275914423962
target_family,logical_deduction,EleutherAI/pythia-1.4b-deduped,Pythia,logical_deduction,3,PC3_count_additive,0.328,0.20590723849291834
target_family,logical_deduction,EleutherAI/pythia-160m-deduped,Pythia,logical_deduction,3,PC3_count_additive,0.092,0.15679507240518792
target_family,logical_deduction,bigscience/bloom-560m,BLOOM,logical_deduction,3,PC3_count_additive,0.292,0.15122975819145287
target_family,logical_deduction,bigscience/bloom-1b1,BLOOM,logical_deduction,3,PC3_count_additive,0.3293333333333333,0.1697702524429628
target_family,logical_deduction,bigscience/bloom-3b,BLOOM,logical_deduction,3,PC3_count_additive,0.3013333333333333,0.19723538960088016
target_family,logical_deduction,bigscience/bloom-7b1,BLOOM,logical_deduction,3,PC3_count_additive,0.3773333333333333,0.24078759266994035
target_family,logical_deduction,EleutherAI/gpt-neox-20b,GPT-Neo/J,logical_deduction,3,PC3_count_additive,0.38,0.2734846662307865
target_family,logical_deduction,EleutherAI/gpt-neo-2.7B,GPT-Neo/J,logical_deduction,3,PC3_count_additive,0.332,0.23035358005846024
target_family,logical_deduction,EleutherAI/gpt-neo-1.3B,GPT-Neo/J,logical_deduction,3,PC3_count_additive,0.2693333333333333,0.20012923800142818
target_family,logical_deduction,EleutherAI/gpt-neo-125m,GPT-Neo/J,logical_deduction,3,PC3_count_additive,0.0986666666666666,0.16233401936800895
target_family,logical_deduction,EleutherAI/gpt-j-6b,GPT-Neo/J,logical_deduction,3,PC3_count_additive,0.36,0.25730869128139666
target_family,logical_deduction,facebook/opt-6.7b,OPT,logical_deduction,3,PC3_count_additive,0.3146666666666666,0.2778689933052369
target_family,logical_deduction,facebook/opt-1.3b,OPT,logical_deduction,3,PC3_count_additive,0.2333333333333333,0.22065075134483533
target_family,logical_deduction,facebook/opt-350m,OPT,logical_deduction,3,PC3_count_additive,0.0373333333333333,0.1651042997891731
target_family,logical_deduction,facebook/opt-13b,OPT,logical_deduction,3,PC3_count_additive,0.344,0.2908415876565239
target_family,logical_deduction,facebook/opt-2.7b,OPT,logical_deduction,3,PC3_count_additive,0.3253333333333333,0.24482406930054348
target_family,logical_deduction,facebook/opt-30b,OPT,logical_deduction,3,PC3_count_additive,0.36,0.3167078766224408
target_family,logical_deduction,facebook/opt-125m,OPT,logical_deduction,3,PC3_count_additive,0.0373333333333333,0.16056175970460304
target_family,logical_deduction,facebook/opt-66b,OPT,logical_deduction,3,PC3_count_additive,0.352,0.3228610114566586
target_family,logical_deduction,mosaicml/mpt-30b,MPT,logical_deduction,3,PC3_count_additive,0.592,0.41502650528779716
target_family,logical_deduction,mosaicml/mpt-7b,MPT,logical_deduction,3,PC3_count_additive,0.432,0.31177967168087517
target_family,logical_deduction,facebook/xglm-564M,XGLM,logical_deduction,3,PC3_count_additive,0.2586666666666666,0.14521158022757286
target_family,logical_deduction,facebook/xglm-1.7B,XGLM,logical_deduction,3,PC3_count_additive,0.316,0.15259446291087522
target_family,logical_deduction,facebook/xglm-4.5B,XGLM,logical_deduction,3,PC3_count_additive,0.0959999999999999,0.17629340369076443
target_family,logical_deduction,facebook/xglm-7.5B,XGLM,logical_deduction,3,PC3_count_additive,0.1866666666666666,0.19320076383650156
target_family,logical_deduction,codellama/CodeLlama-7b-hf,CodeLlama,logical_deduction,3,PC3_count_additive,0.592,0.22707158933700025
target_family,logical_deduction,codellama/CodeLlama-13b-hf,CodeLlama,logical_deduction,3,PC3_count_additive,0.608,0.2655304864670243
target_family,logical_deduction,codellama/CodeLlama-34b-hf,CodeLlama,logical_deduction,3,PC3_count_additive,0.788,0.40072665215373265
target_family,logical_deduction,codellama/CodeLlama-70b-hf,CodeLlama,logical_deduction,3,PC3_count_additive,0.804,0.45235702776259595
target_family,logical_deduction,bigcode/starcoderbase-1b,StarCoder,logical_deduction,3,PC3_count_additive,0.3066666666666666,0.14886738703403982
target_family,logical_deduction,bigcode/starcoderbase-3b,StarCoder,logical_deduction,3,PC3_count_additive,0.356,0.15405904088353858
target_family,logical_deduction,bigcode/starcoderbase-7b,StarCoder,logical_deduction,3,PC3_count_additive,0.384,0.17957937864765747
target_family,logical_deduction,bigcode/starcoderbase,StarCoder,logical_deduction,3,PC3_count_additive,0.432,0.19707125685358542
target_family,logical_deduction,bigcode/starcoder2-15b,StarCoder2,logical_deduction,3,PC3_count_additive,0.748,0.3290401471190666
target_family,logical_deduction,bigcode/starcoder2-7b,StarCoder2,logical_deduction,3,PC3_count_additive,0.524,0.26303422408129246
target_family,logical_deduction,bigcode/starcoder2-3b,StarCoder2,logical_deduction,3,PC3_count_additive,0.476,0.2197324025846934
target_family,logical_deduction,deepseek-ai/deepseek-coder-1.3b-base,DeepSeek-Coder,logical_deduction,3,PC3_count_additive,0.352,0.15541328546084768
target_family,logical_deduction,deepseek-ai/deepseek-coder-6.7b-base,DeepSeek-Coder,logical_deduction,3,PC3_count_additive,0.52,0.22423336910141375
target_family,logical_deduction,deepseek-ai/deepseek-coder-33b-base,DeepSeek-Coder,logical_deduction,3,PC3_count_additive,0.6,0.27885766031039794
target_family,logical_deduction,meta-llama/Llama-2-7b-hf,Llama-2,logical_deduction,5,PC3_count_additive,0.3136,0.2064435698861582
target_family,logical_deduction,meta-llama/Llama-2-13b-hf,Llama-2,logical_deduction,5,PC3_count_additive,0.4648,0.2383230946675135
target_family,logical_deduction,meta-llama/Llama-2-70b-hf,Llama-2,logical_deduction,5,PC3_count_additive,0.56,0.38021335438663384
target_family,logical_deduction,huggyllama/llama-7b,Llama,logical_deduction,5,PC3_count_additive,0.224,0.1881798458705647
target_family,logical_deduction,huggyllama/llama-13b,Llama,logical_deduction,5,PC3_count_additive,0.2984,0.23708984028185862
target_family,logical_deduction,huggyllama/llama-30b,Llama,logical_deduction,5,PC3_count_additive,0.4264,0.2907874728175175
target_family,logical_deduction,huggyllama/llama-65b,Llama,logical_deduction,5,PC3_count_additive,0.452,0.34541377283480934
target_family,logical_deduction,Qwen/Qwen1.5-72B,Qwen1.5,logical_deduction,5,PC3_count_additive,0.2632,0.429417307507596
target_family,logical_deduction,Qwen/Qwen1.5-32B,Qwen1.5,logical_deduction,5,PC3_count_additive,0.4408,0.4092108027071504
target_family,logical_deduction,Qwen/Qwen1.5-14B,Qwen1.5,logical_deduction,5,PC3_count_additive,0.4928,0.3254790233773189
target_family,logical_deduction,Qwen/Qwen1.5-7B,Qwen1.5,logical_deduction,5,PC3_count_additive,0.072,0.28299928238137223
target_family,logical_deduction,Qwen/Qwen1.5-4B,Qwen1.5,logical_deduction,5,PC3_count_additive,0.2935999999999999,0.23671260236844996
target_family,logical_deduction,Qwen/Qwen1.5-1.8B,Qwen1.5,logical_deduction,5,PC3_count_additive,0.0104,0.15040692513188295
target_family,logical_deduction,Qwen/Qwen1.5-0.5B,Qwen1.5,logical_deduction,5,PC3_count_additive,0.06,0.11384052188532469
target_family,logical_deduction,Qwen/Qwen-72B,Qwen,logical_deduction,5,PC3_count_additive,0.296,0.4295745638671847
target_family,logical_deduction,Qwen/Qwen-14B,Qwen,logical_deduction,5,PC3_count_additive,0.2384,0.3308485936156854
target_family,logical_deduction,Qwen/Qwen-7B,Qwen,logical_deduction,5,PC3_count_additive,0.3344,0.26926346331057577
target_family,logical_deduction,mistralai/Mistral-7B-v0.1,Mistral,logical_deduction,5,PC3_count_additive,0.492,0.3034361311290779
target_family,logical_deduction,mistralai/Mixtral-8x7B-v0.1,Mixtral,logical_deduction,5,PC3_count_additive,0.512,0.3867553796216198
target_family,logical_deduction,01-ai/Yi-6B,Yi,logical_deduction,5,PC3_count_additive,0.32,0.2533107020817623
target_family,logical_deduction,01-ai/Yi-34B,Yi,logical_deduction,5,PC3_count_additive,0.5064,0.4103504303752146
target_family,logical_deduction,google/gemma-7b,Gemma,logical_deduction,5,PC3_count_additive,0.416,0.3287983103639946
target_family,logical_deduction,google/gemma-2b,Gemma,logical_deduction,5,PC3_count_additive,0.2423999999999999,0.16362671517635585
target_family,logical_deduction,tiiuae/falcon-40b,Falcon,logical_deduction,5,PC3_count_additive,0.2648,0.2971903239238144
target_family,logical_deduction,tiiuae/falcon-7b,Falcon,logical_deduction,5,PC3_count_additive,0.1984,0.16671090371186237
target_family,logical_deduction,tiiuae/falcon-rw-1b,Falcon,logical_deduction,5,PC3_count_additive,0.192,0.13339652606103522
target_family,logical_deduction,microsoft/phi-2,Phi,logical_deduction,5,PC3_count_additive,0.592,0.38109150758308674
target_family,logical_deduction,microsoft/phi-1_5,Phi,logical_deduction,5,PC3_count_additive,0.252,0.25519381416271897
target_family,logical_deduction,EleutherAI/pythia-1b-deduped,Pythia,logical_deduction,5,PC3_count_additive,0.172,0.08942296340593099
target_family,logical_deduction,EleutherAI/pythia-410m-deduped,Pythia,logical_deduction,5,PC3_count_additive,0.1088,0.08464687058236633
target_family,logical_deduction,EleutherAI/pythia-6.9b-deduped,Pythia,logical_deduction,5,PC3_count_additive,0.212,0.12957497166567988
target_family,logical_deduction,EleutherAI/pythia-2.8b-deduped,Pythia,logical_deduction,5,PC3_count_additive,0.2024,0.10813146164268227
target_family,logical_deduction,EleutherAI/pythia-12b-deduped,Pythia,logical_deduction,5,PC3_count_additive,0.2264,0.12985820596765785
target_family,logical_deduction,EleutherAI/pythia-70m-deduped,Pythia,logical_deduction,5,PC3_count_additive,0.0752,0.07006109323108448
target_family,logical_deduction,EleutherAI/pythia-1.4b-deduped,Pythia,logical_deduction,5,PC3_count_additive,0.216,0.1012775010746808
target_family,logical_deduction,EleutherAI/pythia-160m-deduped,Pythia,logical_deduction,5,PC3_count_additive,0.0688,0.07477136762314192
target_family,logical_deduction,bigscience/bloom-560m,BLOOM,logical_deduction,5,PC3_count_additive,0.18,0.07186927272370419
target_family,logical_deduction,bigscience/bloom-1b1,BLOOM,logical_deduction,5,PC3_count_additive,0.1776,0.08161587795187919
target_family,logical_deduction,bigscience/bloom-3b,BLOOM,logical_deduction,5,PC3_count_additive,0.1976,0.09647680566851387
target_family,logical_deduction,bigscience/bloom-7b1,BLOOM,logical_deduction,5,PC3_count_additive,0.2143999999999999,0.12113752976087423
target_family,logical_deduction,EleutherAI/gpt-neox-20b,GPT-Neo/J,logical_deduction,5,PC3_count_additive,0.248,0.14059588539469745
target_family,logical_deduction,EleutherAI/gpt-neo-2.7B,GPT-Neo/J,logical_deduction,5,PC3_count_additive,0.208,0.11510224444824262
target_family,logical_deduction,EleutherAI/gpt-neo-1.3B,GPT-Neo/J,logical_deduction,5,PC3_count_additive,0.1488,0.09807292534444302
target_family,logical_deduction,EleutherAI/gpt-neo-125m,GPT-Neo/J,logical_deduction,5,PC3_count_additive,0.0256,0.07767967978693974
target_family,logical_deduction,EleutherAI/gpt-j-6b,GPT-Neo/J,logical_deduction,5,PC3_count_additive,0.244,0.13086416981042545
target_family,logical_deduction,facebook/opt-6.7b,OPT,logical_deduction,5,PC3_count_additive,0.2135999999999999,0.14326994193879744
target_family,logical_deduction,facebook/opt-1.3b,OPT,logical_deduction,5,PC3_count_additive,0.0896,0.10956290070693017
target_family,logical_deduction,facebook/opt-350m,OPT,logical_deduction,5,PC3_count_additive,0.0112,0.07914179687982426
target_family,logical_deduction,facebook/opt-13b,OPT,logical_deduction,5,PC3_count_additive,0.244,0.1512750198107548
target_family,logical_deduction,facebook/opt-2.7b,OPT,logical_deduction,5,PC3_count_additive,0.2128,0.1234944970676201
target_family,logical_deduction,facebook/opt-30b,OPT,logical_deduction,5,PC3_count_additive,0.256,0.16766345121608192
target_family,logical_deduction,facebook/opt-125m,OPT,logical_deduction,5,PC3_count_additive,0.0,0.07674694700490783
target_family,logical_deduction,facebook/opt-66b,OPT,logical_deduction,5,PC3_count_additive,0.264,0.1716483097776052
target_family,logical_deduction,mosaicml/mpt-30b,MPT,logical_deduction,5,PC3_count_additive,0.3904,0.2356713418020351
target_family,logical_deduction,mosaicml/mpt-7b,MPT,logical_deduction,5,PC3_count_additive,0.2976,0.1644961508176626
target_family,logical_deduction,facebook/xglm-564M,XGLM,logical_deduction,5,PC3_count_additive,0.1728,0.06875341886585287
target_family,logical_deduction,facebook/xglm-1.7B,XGLM,logical_deduction,5,PC3_count_additive,0.2168,0.07257906339020852
target_family,logical_deduction,facebook/xglm-4.5B,XGLM,logical_deduction,5,PC3_count_additive,0.0616,0.08509902697923687
target_family,logical_deduction,facebook/xglm-7.5B,XGLM,logical_deduction,5,PC3_count_additive,0.1088,0.09426126976945455
target_family,logical_deduction,codellama/CodeLlama-7b-hf,CodeLlama,logical_deduction,5,PC3_count_additive,0.3,0.11322075223537284
target_family,logical_deduction,codellama/CodeLlama-13b-hf,CodeLlama,logical_deduction,5,PC3_count_additive,0.4072,0.13578435334753708
target_family,logical_deduction,codellama/CodeLlama-34b-hf,CodeLlama,logical_deduction,5,PC3_count_additive,0.528,0.22517247085344863
target_family,logical_deduction,codellama/CodeLlama-70b-hf,CodeLlama,logical_deduction,5,PC3_count_additive,0.5272,0.26415424660963127
target_family,logical_deduction,bigcode/starcoderbase-1b,StarCoder,logical_deduction,5,PC3_count_additive,0.1823999999999999,0.0706434172471285
target_family,logical_deduction,bigcode/starcoderbase-3b,StarCoder,logical_deduction,5,PC3_count_additive,0.248,0.07334213350692542
target_family,logical_deduction,bigcode/starcoderbase-7b,StarCoder,logical_deduction,5,PC3_count_additive,0.2455999999999999,0.08686446086764626
target_family,logical_deduction,bigcode/starcoderbase,StarCoder,logical_deduction,5,PC3_count_additive,0.38,0.09638645340432891
target_family,logical_deduction,bigcode/starcoder2-15b,StarCoder2,logical_deduction,5,PC3_count_additive,0.4456,0.1756842869588277
target_family,logical_deduction,bigcode/starcoder2-7b,StarCoder2,logical_deduction,5,PC3_count_additive,0.436,0.13428482984233617
target_family,logical_deduction,bigcode/starcoder2-3b,StarCoder2,logical_deduction,5,PC3_count_additive,0.3416,0.10904221061683353
target_family,logical_deduction,deepseek-ai/deepseek-coder-1.3b-base,DeepSeek-Coder,logical_deduction,5,PC3_count_additive,0.224,0.07404895091522107
target_family,logical_deduction,deepseek-ai/deepseek-coder-6.7b-base,DeepSeek-Coder,logical_deduction,5,PC3_count_additive,0.368,0.11160011158173881
target_family,logical_deduction,deepseek-ai/deepseek-coder-33b-base,DeepSeek-Coder,logical_deduction,5,PC3_count_additive,0.4,0.14387511719547783
target_family,logical_deduction,meta-llama/Llama-2-7b-hf,Llama-2,logical_deduction,7,PC3_count_additive,0.2497142857142857,0.13062980650309858
target_family,logical_deduction,meta-llama/Llama-2-13b-hf,Llama-2,logical_deduction,7,PC3_count_additive,0.4217142857142857,0.1530600804464229
target_family,logical_deduction,meta-llama/Llama-2-70b-hf,Llama-2,logical_deduction,7,PC3_count_additive,0.4531428571428572,0.2616236152131758
target_family,logical_deduction,huggyllama/llama-7b,Llama,logical_deduction,7,PC3_count_additive,0.152,0.11807523283907762
target_family,logical_deduction,huggyllama/llama-13b,Llama,logical_deduction,7,PC3_count_additive,0.192,0.1521798856563589
target_family,logical_deduction,huggyllama/llama-30b,Llama,logical_deduction,7,PC3_count_additive,0.3114285714285714,0.1914730970760134
target_family,logical_deduction,huggyllama/llama-65b,Llama,logical_deduction,7,PC3_count_additive,0.424,0.23358740098003702
target_family,logical_deduction,Qwen/Qwen1.5-72B,Qwen1.5,logical_deduction,7,PC3_count_additive,0.1725714285714285,0.30298302502346
target_family,logical_deduction,Qwen/Qwen1.5-32B,Qwen1.5,logical_deduction,7,PC3_count_additive,0.0731428571428571,0.2857464972093269
target_family,logical_deduction,Qwen/Qwen1.5-14B,Qwen1.5,logical_deduction,7,PC3_count_additive,0.228,0.21795752884743885
target_family,logical_deduction,Qwen/Qwen1.5-7B,Qwen1.5,logical_deduction,7,PC3_count_additive,0.0154285714285714,0.1856485668150157
target_family,logical_deduction,Qwen/Qwen1.5-4B,Qwen1.5,logical_deduction,7,PC3_count_additive,0.2371428571428571,0.15191084800716206
target_family,logical_deduction,Qwen/Qwen1.5-1.8B,Qwen1.5,logical_deduction,7,PC3_count_additive,0.0108571428571428,0.09276626124324715
target_family,logical_deduction,Qwen/Qwen1.5-0.5B,Qwen1.5,logical_deduction,7,PC3_count_additive,0.0137142857142857,0.06907393140761252
target_family,logical_deduction,Qwen/Qwen-72B,Qwen,logical_deduction,7,PC3_count_additive,0.1885714285714285,0.3031185773496177
target_family,logical_deduction,Qwen/Qwen-14B,Qwen,logical_deduction,7,PC3_count_additive,0.324,0.2221374382933546
target_family,logical_deduction,Qwen/Qwen-7B,Qwen,logical_deduction,7,PC3_count_additive,0.2577142857142857,0.1754813878235764
target_family,logical_deduction,mistralai/Mistral-7B-v0.1,Mistral,logical_deduction,7,PC3_count_additive,0.3937142857142857,0.20102627971926726
target_family,logical_deduction,mistralai/Mixtral-8x7B-v0.1,Mixtral,logical_deduction,7,PC3_count_additive,0.4045714285714286,0.26700420062307745
target_family,logical_deduction,01-ai/Yi-6B,Yi,logical_deduction,7,PC3_count_additive,0.3182857142857143,0.16383907023439137
target_family,logical_deduction,01-ai/Yi-34B,Yi,logical_deduction,7,PC3_count_additive,0.4028571428571428,0.28670914956341415
target_family,logical_deduction,google/gemma-7b,Gemma,logical_deduction,7,PC3_count_additive,0.376,0.22053880892860683
target_family,logical_deduction,google/gemma-2b,Gemma,logical_deduction,7,PC3_count_additive,0.1074285714285714,0.10152522071887324
target_family,logical_deduction,tiiuae/falcon-40b,Falcon,logical_deduction,7,PC3_count_additive,0.1714285714285714,0.19629440347359334
target_family,logical_deduction,tiiuae/falcon-7b,Falcon,logical_deduction,7,PC3_count_additive,0.1474285714285714,0.10358383333558412
target_family,logical_deduction,tiiuae/falcon-rw-1b,Falcon,logical_deduction,7,PC3_count_additive,0.1325714285714286,0.08164829543627489
target_family,logical_deduction,microsoft/phi-2,Phi,logical_deduction,7,PC3_count_additive,0.424,0.26234380575588895
target_family,logical_deduction,microsoft/phi-1_5,Phi,logical_deduction,7,PC3_count_additive,0.1782857142857142,0.16520420988510878
target_family,logical_deduction,EleutherAI/pythia-1b-deduped,Pythia,logical_deduction,7,PC3_count_additive,0.096,0.05367670951599752
target_family,logical_deduction,EleutherAI/pythia-410m-deduped,Pythia,logical_deduction,7,PC3_count_additive,0.0531428571428571,0.050703518675794285
target_family,logical_deduction,EleutherAI/pythia-6.9b-deduped,Pythia,logical_deduction,7,PC3_count_additive,0.1297142857142857,0.07917378692550772
target_family,logical_deduction,EleutherAI/pythia-2.8b-deduped,Pythia,logical_deduction,7,PC3_count_additive,0.1154285714285714,0.06544410077018134
target_family,logical_deduction,EleutherAI/pythia-12b-deduped,Pythia,logical_deduction,7,PC3_count_additive,0.1462857142857143,0.07935689496818857
target_family,logical_deduction,EleutherAI/pythia-70m-deduped,Pythia,logical_deduction,7,PC3_count_additive,0.0645714285714285,0.041700176367849985
target_family,logical_deduction,EleutherAI/pythia-1.4b-deduped,Pythia,logical_deduction,7,PC3_count_additive,0.132,0.06111049998960817
target_family,logical_deduction,EleutherAI/pythia-160m-deduped,Pythia,logical_deduction,7,PC3_count_additive,0.028,0.04459515634213086
target_family,logical_deduction,bigscience/bloom-560m,BLOOM,logical_deduction,7,PC3_count_additive,0.124,0.042810095863476436
target_family,logical_deduction,bigscience/bloom-1b1,BLOOM,logical_deduction,7,PC3_count_additive,0.1382857142857143,0.04882312409973144
target_family,logical_deduction,bigscience/bloom-3b,BLOOM,logical_deduction,7,PC3_count_additive,0.1222857142857142,0.05809070968466496
target_family,logical_deduction,bigscience/bloom-7b1,BLOOM,logical_deduction,7,PC3_count_additive,0.1605714285714285,0.07374024570438556
target_family,logical_deduction,EleutherAI/gpt-neox-20b,GPT-Neo/J,logical_deduction,7,PC3_count_additive,0.1611428571428571,0.08633305104282896
target_family,logical_deduction,EleutherAI/gpt-neo-2.7B,GPT-Neo/J,logical_deduction,7,PC3_count_additive,0.0502857142857142,0.06987861973250405
target_family,logical_deduction,EleutherAI/gpt-neo-1.3B,GPT-Neo/J,logical_deduction,7,PC3_count_additive,0.1331428571428571,0.05909330195962489
target_family,logical_deduction,EleutherAI/gpt-neo-125m,GPT-Neo/J,logical_deduction,7,PC3_count_additive,0.0222857142857142,0.046388580651969505
target_family,logical_deduction,EleutherAI/gpt-j-6b,GPT-Neo/J,logical_deduction,7,PC3_count_additive,0.1291428571428571,0.08000761506197007
target_family,logical_deduction,facebook/opt-6.7b,OPT,logical_deduction,7,PC3_count_additive,0.1314285714285714,0.08808083361320915
target_family,logical_deduction,facebook/opt-1.3b,OPT,logical_deduction,7,PC3_count_additive,0.0514285714285714,0.06635248794563535
target_family,logical_deduction,facebook/opt-350m,OPT,logical_deduction,7,PC3_count_additive,0.0377142857142857,0.047291924097412494
target_family,logical_deduction,facebook/opt-13b,OPT,logical_deduction,7,PC3_count_additive,0.1297142857142857,0.09333822385013762
target_family,logical_deduction,facebook/opt-2.7b,OPT,logical_deduction,7,PC3_count_additive,0.1188571428571428,0.0752539716444185
target_family,logical_deduction,facebook/opt-30b,OPT,logical_deduction,7,PC3_count_additive,0.1725714285714285,0.10422079988423044
target_family,logical_deduction,facebook/opt-125m,OPT,logical_deduction,7,PC3_count_additive,0.016,0.0458129105394223
target_family,logical_deduction,facebook/opt-66b,OPT,logical_deduction,7,PC3_count_additive,0.1314285714285714,0.10689145859266469
target_family,logical_deduction,mosaicml/mpt-30b,MPT,logical_deduction,7,PC3_count_additive,0.3257142857142857,0.15116873840347972
target_family,logical_deduction,mosaicml/mpt-7b,MPT,logical_deduction,7,PC3_count_additive,0.1851428571428571,0.10210496208070165
target_family,logical_deduction,facebook/xglm-564M,XGLM,logical_deduction,7,PC3_count_additive,0.1377142857142857,0.04089857132838719
target_family,logical_deduction,facebook/xglm-1.7B,XGLM,logical_deduction,7,PC3_count_additive,0.172,0.043246266579477596
target_family,logical_deduction,facebook/xglm-4.5B,XGLM,logical_deduction,7,PC3_count_additive,0.0725714285714285,0.0509844596644778
target_family,logical_deduction,facebook/xglm-7.5B,XGLM,logical_deduction,7,PC3_count_additive,0.0788571428571428,0.056701368776748175
target_family,logical_deduction,codellama/CodeLlama-7b-hf,CodeLlama,logical_deduction,7,PC3_count_additive,0.2862857142857142,0.06867899108126746
target_family,logical_deduction,codellama/CodeLlama-13b-hf,CodeLlama,logical_deduction,7,PC3_count_additive,0.3434285714285714,0.08319874836592536
target_family,logical_deduction,codellama/CodeLlama-34b-hf,CodeLlama,logical_deduction,7,PC3_count_additive,0.4005714285714286,0.14372647070471903
target_family,logical_deduction,codellama/CodeLlama-70b-hf,CodeLlama,logical_deduction,7,PC3_count_additive,0.4365714285714285,0.1717334594219552
target_family,logical_deduction,bigcode/starcoderbase-1b,StarCoder,logical_deduction,7,PC3_count_additive,0.1228571428571428,0.0420574350362279
target_family,logical_deduction,bigcode/starcoderbase-3b,StarCoder,logical_deduction,7,PC3_count_additive,0.1685714285714285,0.04371547891048386
target_family,logical_deduction,bigcode/starcoderbase-7b,StarCoder,logical_deduction,7,PC3_count_additive,0.1531428571428571,0.05208245375291994
target_family,logical_deduction,bigcode/starcoderbase,StarCoder,logical_deduction,7,PC3_count_additive,0.2685714285714285,0.05803399764041385
target_family,logical_deduction,bigcode/starcoder2-15b,StarCoder2,logical_deduction,7,PC3_count_additive,0.3377142857142857,0.10960627637839437
target_family,logical_deduction,bigcode/starcoder2-7b,StarCoder2,logical_deduction,7,PC3_count_additive,0.4262857142857142,0.08222469740073057
target_family,logical_deduction,bigcode/starcoder2-3b,StarCoder2,logical_deduction,7,PC3_count_additive,0.2771428571428572,0.06602192623004308
target_family,logical_deduction,deepseek-ai/deepseek-coder-1.3b-base,DeepSeek-Coder,logical_deduction,7,PC3_count_additive,0.1502857142857142,0.04415037998652804
target_family,logical_deduction,deepseek-ai/deepseek-coder-6.7b-base,DeepSeek-Coder,logical_deduction,7,PC3_count_additive,0.2565714285714285,0.06764728415907953
target_family,logical_deduction,deepseek-ai/deepseek-coder-33b-base,DeepSeek-Coder,logical_deduction,7,PC3_count_additive,0.296,0.08847696387713666
target_family,logical_deduction,meta-llama/Llama-2-7b-hf,Llama-2,logical_deduction,3,PC3_chance_floor,0.544,0.34837847754407647
target_family,logical_deduction,meta-llama/Llama-2-13b-hf,Llama-2,logical_deduction,3,PC3_chance_floor,0.652,0.35030527698501585
target_family,logical_deduction,meta-llama/Llama-2-70b-hf,Llama-2,logical_deduction,3,PC3_chance_floor,0.856,0.4256470833290975
target_family,logical_deduction,huggyllama/llama-7b,Llama,logical_deduction,3,PC3_chance_floor,0.416,0.3409107287401504
target_family,logical_deduction,huggyllama/llama-13b,Llama,logical_deduction,3,PC3_chance_floor,0.464,0.3492641850935954
target_family,logical_deduction,huggyllama/llama-30b,Llama,logical_deduction,3,PC3_chance_floor,0.684,0.3641509725182054
target_family,logical_deduction,huggyllama/llama-65b,Llama,logical_deduction,3,PC3_chance_floor,0.78,0.3878275676551664
target_family,logical_deduction,Qwen/Qwen1.5-72B,Qwen1.5,logical_deduction,3,PC3_chance_floor,0.856,0.5861995739750089
target_family,logical_deduction,Qwen/Qwen1.5-32B,Qwen1.5,logical_deduction,3,PC3_chance_floor,0.836,0.531507965980357
target_family,logical_deduction,Qwen/Qwen1.5-14B,Qwen1.5,logical_deduction,3,PC3_chance_floor,0.768,0.45971272536272806
target_family,logical_deduction,Qwen/Qwen1.5-7B,Qwen1.5,logical_deduction,3,PC3_chance_floor,0.3733333333333333,0.41462182990205104
target_family,logical_deduction,Qwen/Qwen1.5-4B,Qwen1.5,logical_deduction,3,PC3_chance_floor,0.432,0.37990428771375
target_family,logical_deduction,Qwen/Qwen1.5-1.8B,Qwen1.5,logical_deduction,3,PC3_chance_floor,0.036,0.34634581362731653
target_family,logical_deduction,Qwen/Qwen1.5-0.5B,Qwen1.5,logical_deduction,3,PC3_chance_floor,0.16,0.33973437541764473
target_family,logical_deduction,Qwen/Qwen-72B,Qwen,logical_deduction,3,PC3_chance_floor,0.872,0.6029098559088532
target_family,logical_deduction,Qwen/Qwen-14B,Qwen,logical_deduction,3,PC3_chance_floor,0.244,0.43482213356082855
target_family,logical_deduction,Qwen/Qwen-7B,Qwen,logical_deduction,3,PC3_chance_floor,0.5106666666666666,0.3880453885739943
target_family,logical_deduction,mistralai/Mistral-7B-v0.1,Mistral,logical_deduction,3,PC3_chance_floor,0.78,0.37889051352840225
target_family,logical_deduction,mistralai/Mixtral-8x7B-v0.1,Mixtral,logical_deduction,3,PC3_chance_floor,0.864,0.43955764315261137
target_family,logical_deduction,01-ai/Yi-6B,Yi,logical_deduction,3,PC3_chance_floor,0.4973333333333333,0.35912348866658544
target_family,logical_deduction,01-ai/Yi-34B,Yi,logical_deduction,3,PC3_chance_floor,0.844,0.5087913213931597
target_family,logical_deduction,google/gemma-7b,Gemma,logical_deduction,3,PC3_chance_floor,0.688,0.4045239332901702
target_family,logical_deduction,google/gemma-2b,Gemma,logical_deduction,3,PC3_chance_floor,0.3253333333333333,0.341304703286791
target_family,logical_deduction,tiiuae/falcon-40b,Falcon,logical_deduction,3,PC3_chance_floor,0.508,0.3664113130565287
target_family,logical_deduction,tiiuae/falcon-7b,Falcon,logical_deduction,3,PC3_chance_floor,0.388,0.3394934029544964
target_family,logical_deduction,tiiuae/falcon-rw-1b,Falcon,logical_deduction,3,PC3_chance_floor,0.308,0.3370730202109459
target_family,logical_deduction,microsoft/phi-2,Phi,logical_deduction,3,PC3_chance_floor,0.816,0.37933159718644494
target_family,logical_deduction,microsoft/phi-1_5,Phi,logical_deduction,3,PC3_chance_floor,0.408,0.34592439172060613
target_family,logical_deduction,EleutherAI/pythia-1b-deduped,Pythia,logical_deduction,3,PC3_chance_floor,0.324,0.33699101416665933
target_family,logical_deduction,EleutherAI/pythia-410m-deduped,Pythia,logical_deduction,3,PC3_chance_floor,0.2413333333333333,0.3372345200554701
target_family,logical_deduction,EleutherAI/pythia-6.9b-deduped,Pythia,logical_deduction,3,PC3_chance_floor,0.364,0.33791026882234415
target_family,logical_deduction,EleutherAI/pythia-2.8b-deduped,Pythia,logical_deduction,3,PC3_chance_floor,0.348,0.33734127827263755
target_family,logical_deduction,EleutherAI/pythia-12b-deduped,Pythia,logical_deduction,3,PC3_chance_floor,0.36,0.3374600871719961
target_family,logical_deduction,EleutherAI/pythia-70m-deduped,Pythia,logical_deduction,3,PC3_chance_floor,0.1466666666666666,0.3383753215307347
target_family,logical_deduction,EleutherAI/pythia-1.4b-deduped,Pythia,logical_deduction,3,PC3_chance_floor,0.328,0.3375528053349138
target_family,logical_deduction,EleutherAI/pythia-160m-deduped,Pythia,logical_deduction,3,PC3_chance_floor,0.092,0.33771868054829457
target_family,logical_deduction,bigscience/bloom-560m,BLOOM,logical_deduction,3,PC3_chance_floor,0.292,0.3374630999621245
target_family,logical_deduction,bigscience/bloom-1b1,BLOOM,logical_deduction,3,PC3_chance_floor,0.3293333333333333,0.33805349913061283
target_family,logical_deduction,bigscience/bloom-3b,BLOOM,logical_deduction,3,PC3_chance_floor,0.3013333333333333,0.3388247115814284
target_family,logical_deduction,bigscience/bloom-7b1,BLOOM,logical_deduction,3,PC3_chance_floor,0.3773333333333333,0.33942326488441865
target_family,logical_deduction,EleutherAI/gpt-neox-20b,GPT-Neo/J,logical_deduction,3,PC3_chance_floor,0.38,0.3378099234678581
target_family,logical_deduction,EleutherAI/gpt-neo-2.7B,GPT-Neo/J,logical_deduction,3,PC3_chance_floor,0.332,0.33817513074044636
target_family,logical_deduction,EleutherAI/gpt-neo-1.3B,GPT-Neo/J,logical_deduction,3,PC3_chance_floor,0.2693333333333333,0.33743704795610496
target_family,logical_deduction,EleutherAI/gpt-neo-125m,GPT-Neo/J,logical_deduction,3,PC3_chance_floor,0.0986666666666666,0.33807699996330465
target_family,logical_deduction,EleutherAI/gpt-j-6b,GPT-Neo/J,logical_deduction,3,PC3_chance_floor,0.36,0.33855899013131147
target_family,logical_deduction,facebook/opt-6.7b,OPT,logical_deduction,3,PC3_chance_floor,0.3146666666666666,0.3375023121650154
target_family,logical_deduction,facebook/opt-1.3b,OPT,logical_deduction,3,PC3_chance_floor,0.2333333333333333,0.3372800951380378
target_family,logical_deduction,facebook/opt-350m,OPT,logical_deduction,3,PC3_chance_floor,0.0373333333333333,0.33693126287143166
target_family,logical_deduction,facebook/opt-13b,OPT,logical_deduction,3,PC3_chance_floor,0.344,0.3375506365850566
target_family,logical_deduction,facebook/opt-2.7b,OPT,logical_deduction,3,PC3_chance_floor,0.3253333333333333,0.33749114539847297
target_family,logical_deduction,facebook/opt-30b,OPT,logical_deduction,3,PC3_chance_floor,0.36,0.33854415950656785
target_family,logical_deduction,facebook/opt-125m,OPT,logical_deduction,3,PC3_chance_floor,0.0373333333333333,0.33723436406514895
target_family,logical_deduction,facebook/opt-66b,OPT,logical_deduction,3,PC3_chance_floor,0.352,0.3389118458546697
target_family,logical_deduction,mosaicml/mpt-30b,MPT,logical_deduction,3,PC3_chance_floor,0.592,0.35050507512115786
target_family,logical_deduction,mosaicml/mpt-7b,MPT,logical_deduction,3,PC3_chance_floor,0.432,0.3391035317070569
target_family,logical_deduction,facebook/xglm-564M,XGLM,logical_deduction,3,PC3_chance_floor,0.2586666666666666,0.33696642408068206
target_family,logical_deduction,facebook/xglm-1.7B,XGLM,logical_deduction,3,PC3_chance_floor,0.316,0.33661773475048595
target_family,logical_deduction,facebook/xglm-4.5B,XGLM,logical_deduction,3,PC3_chance_floor,0.0959999999999999,0.3368123597762128
target_family,logical_deduction,facebook/xglm-7.5B,XGLM,logical_deduction,3,PC3_chance_floor,0.1866666666666666,0.33770461587425754
target_family,logical_deduction,codellama/CodeLlama-7b-hf,CodeLlama,logical_deduction,3,PC3_chance_floor,0.592,0.33980537608472977
target_family,logical_deduction,codellama/CodeLlama-13b-hf,CodeLlama,logical_deduction,3,PC3_chance_floor,0.608,0.3454627340612039
target_family,logical_deduction,codellama/CodeLlama-34b-hf,CodeLlama,logical_deduction,3,PC3_chance_floor,0.788,0.359148650636822
target_family,logical_deduction,codellama/CodeLlama-70b-hf,CodeLlama,logical_deduction,3,PC3_chance_floor,0.804,0.3691529866059932
target_family,logical_deduction,bigcode/starcoderbase-1b,StarCoder,logical_deduction,3,PC3_chance_floor,0.3066666666666666,0.33844856704879306
target_family,logical_deduction,bigcode/starcoderbase-3b,StarCoder,logical_deduction,3,PC3_chance_floor,0.356,0.33813372596359914
target_family,logical_deduction,bigcode/starcoderbase-7b,StarCoder,logical_deduction,3,PC3_chance_floor,0.384,0.33817300838665404
target_family,logical_deduction,bigcode/starcoderbase,StarCoder,logical_deduction,3,PC3_chance_floor,0.432,0.3387392272984046
target_family,logical_deduction,bigcode/starcoder2-15b,StarCoder2,logical_deduction,3,PC3_chance_floor,0.748,0.3550610552897664
target_family,logical_deduction,bigcode/starcoder2-7b,StarCoder2,logical_deduction,3,PC3_chance_floor,0.524,0.3448745704556153
target_family,logical_deduction,bigcode/starcoder2-3b,StarCoder2,logical_deduction,3,PC3_chance_floor,0.476,0.3412462391547247
target_family,logical_deduction,deepseek-ai/deepseek-coder-1.3b-base,DeepSeek-Coder,logical_deduction,3,PC3_chance_floor,0.352,0.3380935998627317
target_family,logical_deduction,deepseek-ai/deepseek-coder-6.7b-base,DeepSeek-Coder,logical_deduction,3,PC3_chance_floor,0.52,0.34224286822423006
target_family,logical_deduction,deepseek-ai/deepseek-coder-33b-base,DeepSeek-Coder,logical_deduction,3,PC3_chance_floor,0.6,0.34632798220277256
target_family,logical_deduction,meta-llama/Llama-2-7b-hf,Llama-2,logical_deduction,5,PC3_chance_floor,0.3136,0.2180541730528918
target_family,logical_deduction,meta-llama/Llama-2-13b-hf,Llama-2,logical_deduction,5,PC3_chance_floor,0.4648,0.22036633238201908
target_family,logical_deduction,meta-llama/Llama-2-70b-hf,Llama-2,logical_deduction,5,PC3_chance_floor,0.56,0.3107764999949171
target_family,logical_deduction,huggyllama/llama-7b,Llama,logical_deduction,5,PC3_chance_floor,0.224,0.2090928744881805
target_family,logical_deduction,huggyllama/llama-13b,Llama,logical_deduction,5,PC3_chance_floor,0.2984,0.2191170221123145
target_family,logical_deduction,huggyllama/llama-30b,Llama,logical_deduction,5,PC3_chance_floor,0.4264,0.2369811670218465
target_family,logical_deduction,huggyllama/llama-65b,Llama,logical_deduction,5,PC3_chance_floor,0.452,0.26539308118619975
target_family,logical_deduction,Qwen/Qwen1.5-72B,Qwen1.5,logical_deduction,5,PC3_chance_floor,0.2632,0.5034394887700107
target_family,logical_deduction,Qwen/Qwen1.5-32B,Qwen1.5,logical_deduction,5,PC3_chance_floor,0.4408,0.4378095591764284
target_family,logical_deduction,Qwen/Qwen1.5-14B,Qwen1.5,logical_deduction,5,PC3_chance_floor,0.4928,0.35165527043527367
target_family,logical_deduction,Qwen/Qwen1.5-7B,Qwen1.5,logical_deduction,5,PC3_chance_floor,0.072,0.2975461958824613
target_family,logical_deduction,Qwen/Qwen1.5-4B,Qwen1.5,logical_deduction,5,PC3_chance_floor,0.2935999999999999,0.2558851452565
target_family,logical_deduction,Qwen/Qwen1.5-1.8B,Qwen1.5,logical_deduction,5,PC3_chance_floor,0.0104,0.21561497635277987
target_family,logical_deduction,Qwen/Qwen1.5-0.5B,Qwen1.5,logical_deduction,5,PC3_chance_floor,0.06,0.20768125050117373
target_family,logical_deduction,Qwen/Qwen-72B,Qwen,logical_deduction,5,PC3_chance_floor,0.296,0.5234918270906238
target_family,logical_deduction,Qwen/Qwen-14B,Qwen,logical_deduction,5,PC3_chance_floor,0.2384,0.32178656027299435
target_family,logical_deduction,Qwen/Qwen-7B,Qwen,logical_deduction,5,PC3_chance_floor,0.3344,0.26565446628879313
target_family,logical_deduction,mistralai/Mistral-7B-v0.1,Mistral,logical_deduction,5,PC3_chance_floor,0.492,0.2546686162340827
target_family,logical_deduction,mistralai/Mixtral-8x7B-v0.1,Mixtral,logical_deduction,5,PC3_chance_floor,0.512,0.32746917178313373
target_family,logical_deduction,01-ai/Yi-6B,Yi,logical_deduction,5,PC3_chance_floor,0.32,0.2309481863999026
target_family,logical_deduction,01-ai/Yi-34B,Yi,logical_deduction,5,PC3_chance_floor,0.5064,0.41054958567179173
target_family,logical_deduction,google/gemma-7b,Gemma,logical_deduction,5,PC3_chance_floor,0.416,0.2854287199482043
target_family,logical_deduction,google/gemma-2b,Gemma,logical_deduction,5,PC3_chance_floor,0.2423999999999999,0.20956564394414928
target_family,logical_deduction,tiiuae/falcon-40b,Falcon,logical_deduction,5,PC3_chance_floor,0.2648,0.23969357566783445
target_family,logical_deduction,tiiuae/falcon-7b,Falcon,logical_deduction,5,PC3_chance_floor,0.1984,0.20739208354539573
target_family,logical_deduction,tiiuae/falcon-rw-1b,Falcon,logical_deduction,5,PC3_chance_floor,0.192,0.20448762425313505
target_family,logical_deduction,microsoft/phi-2,Phi,logical_deduction,5,PC3_chance_floor,0.592,0.2551979166237339
target_family,logical_deduction,microsoft/phi-1_5,Phi,logical_deduction,5,PC3_chance_floor,0.252,0.21510927006472738
target_family,logical_deduction,EleutherAI/pythia-1b-deduped,Pythia,logical_deduction,5,PC3_chance_floor,0.172,0.20438921699999119
target_family,logical_deduction,EleutherAI/pythia-410m-deduped,Pythia,logical_deduction,5,PC3_chance_floor,0.1088,0.20468142406656414
target_family,logical_deduction,EleutherAI/pythia-6.9b-deduped,Pythia,logical_deduction,5,PC3_chance_floor,0.212,0.20549232258681305
target_family,logical_deduction,EleutherAI/pythia-2.8b-deduped,Pythia,logical_deduction,5,PC3_chance_floor,0.2024,0.20480953392716508
target_family,logical_deduction,EleutherAI/pythia-12b-deduped,Pythia,logical_deduction,5,PC3_chance_floor,0.2264,0.2049521046063954
target_family,logical_deduction,EleutherAI/pythia-70m-deduped,Pythia,logical_deduction,5,PC3_chance_floor,0.0752,0.20605038583688168
target_family,logical_deduction,EleutherAI/pythia-1.4b-deduped,Pythia,logical_deduction,5,PC3_chance_floor,0.216,0.2050633664018966
target_family,logical_deduction,EleutherAI/pythia-160m-deduped,Pythia,logical_deduction,5,PC3_chance_floor,0.0688,0.2052624166579535
target_family,logical_deduction,bigscience/bloom-560m,BLOOM,logical_deduction,5,PC3_chance_floor,0.18,0.20495571995454942
target_family,logical_deduction,bigscience/bloom-1b1,BLOOM,logical_deduction,5,PC3_chance_floor,0.1776,0.20566419895673543
target_family,logical_deduction,bigscience/bloom-3b,BLOOM,logical_deduction,5,PC3_chance_floor,0.1976,0.2065896538977141
target_family,logical_deduction,bigscience/bloom-7b1,BLOOM,logical_deduction,5,PC3_chance_floor,0.2143999999999999,0.20730791786130243
target_family,logical_deduction,EleutherAI/gpt-neox-20b,GPT-Neo/J,logical_deduction,5,PC3_chance_floor,0.248,0.20537190816142978
target_family,logical_deduction,EleutherAI/gpt-neo-2.7B,GPT-Neo/J,logical_deduction,5,PC3_chance_floor,0.208,0.20581015688853566
target_family,logical_deduction,EleutherAI/gpt-neo-1.3B,GPT-Neo/J,logical_deduction,5,PC3_chance_floor,0.1488,0.204924457547326
target_family,logical_deduction,EleutherAI/gpt-neo-125m,GPT-Neo/J,logical_deduction,5,PC3_chance_floor,0.0256,0.2056923999559656
target_family,logical_deduction,EleutherAI/gpt-j-6b,GPT-Neo/J,logical_deduction,5,PC3_chance_floor,0.244,0.20627078815757383
target_family,logical_deduction,facebook/opt-6.7b,OPT,logical_deduction,5,PC3_chance_floor,0.2135999999999999,0.20500277459801855
target_family,logical_deduction,facebook/opt-1.3b,OPT,logical_deduction,5,PC3_chance_floor,0.0896,0.2047361141656454
target_family,logical_deduction,facebook/opt-350m,OPT,logical_deduction,5,PC3_chance_floor,0.0112,0.20431751544571802
target_family,logical_deduction,facebook/opt-13b,OPT,logical_deduction,5,PC3_chance_floor,0.244,0.20506076390206793
target_family,logical_deduction,facebook/opt-2.7b,OPT,logical_deduction,5,PC3_chance_floor,0.2128,0.20498937447816762
target_family,logical_deduction,facebook/opt-30b,OPT,logical_deduction,5,PC3_chance_floor,0.256,0.20625299140788145
target_family,logical_deduction,facebook/opt-125m,OPT,logical_deduction,5,PC3_chance_floor,0.0,0.2046812368781788
target_family,logical_deduction,facebook/opt-66b,OPT,logical_deduction,5,PC3_chance_floor,0.264,0.2066942150256037
target_family,logical_deduction,mosaicml/mpt-30b,MPT,logical_deduction,5,PC3_chance_floor,0.3904,0.22060609014538946
target_family,logical_deduction,mosaicml/mpt-7b,MPT,logical_deduction,5,PC3_chance_floor,0.2976,0.20692423804846832
target_family,logical_deduction,facebook/xglm-564M,XGLM,logical_deduction,5,PC3_chance_floor,0.1728,0.20435970889681848
target_family,logical_deduction,facebook/xglm-1.7B,XGLM,logical_deduction,5,PC3_chance_floor,0.2168,0.2039412817005832
target_family,logical_deduction,facebook/xglm-4.5B,XGLM,logical_deduction,5,PC3_chance_floor,0.0616,0.20417483173145543
target_family,logical_deduction,facebook/xglm-7.5B,XGLM,logical_deduction,5,PC3_chance_floor,0.1088,0.20524553904910908
target_family,logical_deduction,codellama/CodeLlama-7b-hf,CodeLlama,logical_deduction,5,PC3_chance_floor,0.3,0.20776645130167576
target_family,logical_deduction,codellama/CodeLlama-13b-hf,CodeLlama,logical_deduction,5,PC3_chance_floor,0.4072,0.21455528087344472
target_family,logical_deduction,codellama/CodeLlama-34b-hf,CodeLlama,logical_deduction,5,PC3_chance_floor,0.528,0.23097838076418645
target_family,logical_deduction,codellama/CodeLlama-70b-hf,CodeLlama,logical_deduction,5,PC3_chance_floor,0.5272,0.24298358392719188
target_family,logical_deduction,bigcode/starcoderbase-1b,StarCoder,logical_deduction,5,PC3_chance_floor,0.1823999999999999,0.2061382804585517
target_family,logical_deduction,bigcode/starcoderbase-3b,StarCoder,logical_deduction,5,PC3_chance_floor,0.248,0.205760471156319
target_family,logical_deduction,bigcode/starcoderbase-7b,StarCoder,logical_deduction,5,PC3_chance_floor,0.2455999999999999,0.2058076100639849
target_family,logical_deduction,bigcode/starcoderbase,StarCoder,logical_deduction,5,PC3_chance_floor,0.38,0.20648707275808556
target_family,logical_deduction,bigcode/starcoder2-15b,StarCoder2,logical_deduction,5,PC3_chance_floor,0.4456,0.2260732663477197
target_family,logical_deduction,bigcode/starcoder2-7b,StarCoder2,logical_deduction,5,PC3_chance_floor,0.436,0.2138494845467384
target_family,logical_deduction,bigcode/starcoder2-3b,StarCoder2,logical_deduction,5,PC3_chance_floor,0.3416,0.20949548698566967
target_family,logical_deduction,deepseek-ai/deepseek-coder-1.3b-base,DeepSeek-Coder,logical_deduction,5,PC3_chance_floor,0.224,0.20571231983527805
target_family,logical_deduction,deepseek-ai/deepseek-coder-6.7b-base,DeepSeek-Coder,logical_deduction,5,PC3_chance_floor,0.368,0.21069144186907612
target_family,logical_deduction,deepseek-ai/deepseek-coder-33b-base,DeepSeek-Coder,logical_deduction,5,PC3_chance_floor,0.4,0.21559357864332712
target_family,logical_deduction,meta-llama/Llama-2-7b-hf,Llama-2,logical_deduction,7,PC3_chance_floor,0.2497142857142857,0.16220089969952692
target_family,logical_deduction,meta-llama/Llama-2-13b-hf,Llama-2,logical_deduction,7,PC3_chance_floor,0.4217142857142857,0.164678213266449
target_family,logical_deduction,meta-llama/Llama-2-70b-hf,Llama-2,logical_deduction,7,PC3_chance_floor,0.4531428571428572,0.26154624999455395
target_family,logical_deduction,huggyllama/llama-7b,Llama,logical_deduction,7,PC3_chance_floor,0.152,0.1525995083801934
target_family,logical_deduction,huggyllama/llama-13b,Llama,logical_deduction,7,PC3_chance_floor,0.192,0.16333966654890839
target_family,logical_deduction,huggyllama/llama-30b,Llama,logical_deduction,7,PC3_chance_floor,0.3114285714285714,0.1824798218091212
target_family,logical_deduction,huggyllama/llama-65b,Llama,logical_deduction,7,PC3_chance_floor,0.424,0.2129211584137854
target_family,logical_deduction,Qwen/Qwen1.5-72B,Qwen1.5,logical_deduction,7,PC3_chance_floor,0.1725714285714285,0.46797088082501137
target_family,logical_deduction,Qwen/Qwen1.5-32B,Qwen1.5,logical_deduction,7,PC3_chance_floor,0.0731428571428571,0.3976530991176018
target_family,logical_deduction,Qwen/Qwen1.5-14B,Qwen1.5,logical_deduction,7,PC3_chance_floor,0.228,0.3053449326092218
target_family,logical_deduction,Qwen/Qwen1.5-7B,Qwen1.5,logical_deduction,7,PC3_chance_floor,0.0154285714285714,0.24737092415977993
target_family,logical_deduction,Qwen/Qwen1.5-4B,Qwen1.5,logical_deduction,7,PC3_chance_floor,0.2371428571428571,0.20273408420339287
target_family,logical_deduction,Qwen/Qwen1.5-1.8B,Qwen1.5,logical_deduction,7,PC3_chance_floor,0.0108571428571428,0.15958747466369272
target_family,logical_deduction,Qwen/Qwen1.5-0.5B,Qwen1.5,logical_deduction,7,PC3_chance_floor,0.0137142857142857,0.1510870541084004
target_family,logical_deduction,Qwen/Qwen-72B,Qwen,logical_deduction,7,PC3_chance_floor,0.1885714285714285,0.48945552902566836
target_family,logical_deduction,Qwen/Qwen-14B,Qwen,logical_deduction,7,PC3_chance_floor,0.324,0.27334274314963675
target_family,logical_deduction,Qwen/Qwen-7B,Qwen,logical_deduction,7,PC3_chance_floor,0.2577142857142857,0.21320121388084978
target_family,logical_deduction,mistralai/Mistral-7B-v0.1,Mistral,logical_deduction,7,PC3_chance_floor,0.3937142857142857,0.20143066025080292
target_family,logical_deduction,mistralai/Mixtral-8x7B-v0.1,Mixtral,logical_deduction,7,PC3_chance_floor,0.4045714285714286,0.27943125548192893
target_family,logical_deduction,01-ai/Yi-6B,Yi,logical_deduction,7,PC3_chance_floor,0.3182857142857143,0.17601591399989563
target_family,logical_deduction,01-ai/Yi-34B,Yi,logical_deduction,7,PC3_chance_floor,0.4028571428571428,0.3684459846483482
target_family,logical_deduction,google/gemma-7b,Gemma,logical_deduction,7,PC3_chance_floor,0.376,0.23438791423021885
target_family,logical_deduction,google/gemma-2b,Gemma,logical_deduction,7,PC3_chance_floor,0.1074285714285714,0.1531060470830171
target_family,logical_deduction,tiiuae/falcon-40b,Falcon,logical_deduction,7,PC3_chance_floor,0.1714285714285714,0.18538597392982262
target_family,logical_deduction,tiiuae/falcon-7b,Falcon,logical_deduction,7,PC3_chance_floor,0.1474285714285714,0.15077723237006685
target_family,logical_deduction,tiiuae/falcon-rw-1b,Falcon,logical_deduction,7,PC3_chance_floor,0.1325714285714286,0.14766531169978753
target_family,logical_deduction,microsoft/phi-2,Phi,logical_deduction,7,PC3_chance_floor,0.424,0.20199776781114348
target_family,logical_deduction,microsoft/phi-1_5,Phi,logical_deduction,7,PC3_chance_floor,0.1782857142857142,0.1590456464979222
target_family,logical_deduction,EleutherAI/pythia-1b-deduped,Pythia,logical_deduction,7,PC3_chance_floor,0.096,0.1475598753571334
target_family,logical_deduction,EleutherAI/pythia-410m-deduped,Pythia,logical_deduction,7,PC3_chance_floor,0.0531428571428571,0.147872954357033
target_family,logical_deduction,EleutherAI/pythia-6.9b-deduped,Pythia,logical_deduction,7,PC3_chance_floor,0.1297142857142857,0.1487417742001568
target_family,logical_deduction,EleutherAI/pythia-2.8b-deduped,Pythia,logical_deduction,7,PC3_chance_floor,0.1154285714285714,0.14801021492196256
target_family,logical_deduction,EleutherAI/pythia-12b-deduped,Pythia,logical_deduction,7,PC3_chance_floor,0.1462857142857143,0.1481629692211379
target_family,logical_deduction,EleutherAI/pythia-70m-deduped,Pythia,logical_deduction,7,PC3_chance_floor,0.0645714285714285,0.14933969911094463
target_family,logical_deduction,EleutherAI/pythia-1.4b-deduped,Pythia,logical_deduction,7,PC3_chance_floor,0.132,0.14828217828774634
target_family,logical_deduction,EleutherAI/pythia-160m-deduped,Pythia,logical_deduction,7,PC3_chance_floor,0.028,0.14849544641923587
target_family,logical_deduction,bigscience/bloom-560m,BLOOM,logical_deduction,7,PC3_chance_floor,0.124,0.1481668428084458
target_family,logical_deduction,bigscience/bloom-1b1,BLOOM,logical_deduction,7,PC3_chance_floor,0.1382857142857143,0.1489259274536451
target_family,logical_deduction,bigscience/bloom-3b,BLOOM,logical_deduction,7,PC3_chance_floor,0.1222857142857142,0.1499174863189794
target_family,logical_deduction,bigscience/bloom-7b1,BLOOM,logical_deduction,7,PC3_chance_floor,0.1605714285714285,0.15068705485139544
target_family,logical_deduction,EleutherAI/gpt-neox-20b,GPT-Neo/J,logical_deduction,7,PC3_chance_floor,0.1611428571428571,0.14861275874438903
target_family,logical_deduction,EleutherAI/gpt-neo-2.7B,GPT-Neo/J,logical_deduction,7,PC3_chance_floor,0.0502857142857142,0.14908231095200244
target_family,logical_deduction,EleutherAI/gpt-neo-1.3B,GPT-Neo/J,logical_deduction,7,PC3_chance_floor,0.1331428571428571,0.14813334737213496
target_family,logical_deduction,EleutherAI/gpt-neo-125m,GPT-Neo/J,logical_deduction,7,PC3_chance_floor,0.0222857142857142,0.14895614280996314
target_family,logical_deduction,EleutherAI/gpt-j-6b,GPT-Neo/J,logical_deduction,7,PC3_chance_floor,0.1291428571428571,0.14957584445454336
target_family,logical_deduction,facebook/opt-6.7b,OPT,logical_deduction,7,PC3_chance_floor,0.1314285714285714,0.148217258497877
target_family,logical_deduction,facebook/opt-1.3b,OPT,logical_deduction,7,PC3_chance_floor,0.0514285714285714,0.1479315508917629
target_family,logical_deduction,facebook/opt-350m,OPT,logical_deduction,7,PC3_chance_floor,0.0377142857142857,0.1474830522632693
target_family,logical_deduction,facebook/opt-13b,OPT,logical_deduction,7,PC3_chance_floor,0.1297142857142857,0.14827938989507278
target_family,logical_deduction,facebook/opt-2.7b,OPT,logical_deduction,7,PC3_chance_floor,0.1188571428571428,0.14820290122660815
target_family,logical_deduction,facebook/opt-30b,OPT,logical_deduction,7,PC3_chance_floor,0.1725714285714285,0.1495567765084444
target_family,logical_deduction,facebook/opt-125m,OPT,logical_deduction,7,PC3_chance_floor,0.016,0.1478727537980487
target_family,logical_deduction,facebook/opt-66b,OPT,logical_deduction,7,PC3_chance_floor,0.1314285714285714,0.1500295160988611
target_family,logical_deduction,mosaicml/mpt-30b,MPT,logical_deduction,7,PC3_chance_floor,0.3257142857142857,0.16493509658434585
target_family,logical_deduction,mosaicml/mpt-7b,MPT,logical_deduction,7,PC3_chance_floor,0.1851428571428571,0.15027596933764462
target_family,logical_deduction,facebook/xglm-564M,XGLM,logical_deduction,7,PC3_chance_floor,0.1377142857142857,0.14752825953230547
target_family,logical_deduction,facebook/xglm-1.7B,XGLM,logical_deduction,7,PC3_chance_floor,0.172,0.14707994467919627
target_family,logical_deduction,facebook/xglm-4.5B,XGLM,logical_deduction,7,PC3_chance_floor,0.0725714285714285,0.14733017685513078
target_family,logical_deduction,facebook/xglm-7.5B,XGLM,logical_deduction,7,PC3_chance_floor,0.0788571428571428,0.14847736326690258
target_family,logical_deduction,codellama/CodeLlama-7b-hf,CodeLlama,logical_deduction,7,PC3_chance_floor,0.2862857142857142,0.15117834068036687
target_family,logical_deduction,codellama/CodeLlama-13b-hf,CodeLlama,logical_deduction,7,PC3_chance_floor,0.3434285714285714,0.15845208665011934
target_family,logical_deduction,codellama/CodeLlama-34b-hf,CodeLlama,logical_deduction,7,PC3_chance_floor,0.4005714285714286,0.17604826510448546
target_family,logical_deduction,codellama/CodeLlama-70b-hf,CodeLlama,logical_deduction,7,PC3_chance_floor,0.4365714285714285,0.18891098277913412
target_family,logical_deduction,bigcode/starcoderbase-1b,StarCoder,logical_deduction,7,PC3_chance_floor,0.1228571428571428,0.1494338719198768
target_family,logical_deduction,bigcode/starcoderbase-3b,StarCoder,logical_deduction,7,PC3_chance_floor,0.1685714285714285,0.1490290762389132
target_family,logical_deduction,bigcode/starcoderbase-7b,StarCoder,logical_deduction,7,PC3_chance_floor,0.1531428571428571,0.14907958221141238
target_family,logical_deduction,bigcode/starcoderbase,StarCoder,logical_deduction,7,PC3_chance_floor,0.2685714285714285,0.14980757795509164
target_family,logical_deduction,bigcode/starcoder2-15b,StarCoder2,logical_deduction,7,PC3_chance_floor,0.3377142857142857,0.17079278537255682
target_family,logical_deduction,bigcode/starcoder2-7b,StarCoder2,logical_deduction,7,PC3_chance_floor,0.4262857142857142,0.15769587630007686
target_family,logical_deduction,bigcode/starcoder2-3b,StarCoder2,logical_deduction,7,PC3_chance_floor,0.2771428571428572,0.15303087891321748
target_family,logical_deduction,deepseek-ai/deepseek-coder-1.3b-base,DeepSeek-Coder,logical_deduction,7,PC3_chance_floor,0.1502857142857142,0.1489774855377979
target_family,logical_deduction,deepseek-ai/deepseek-coder-6.7b-base,DeepSeek-Coder,logical_deduction,7,PC3_chance_floor,0.2565714285714285,0.1543122591454387
target_family,logical_deduction,deepseek-ai/deepseek-coder-33b-base,DeepSeek-Coder,logical_deduction,7,PC3_chance_floor,0.296,0.15956454854642188
target_family,tracking_shuffled_objects,meta-llama/Llama-2-7b-hf,Llama-2,tracking_shuffled_objects,3,pooled_mean,0.328,0.3024247010219613
target_family,tracking_shuffled_objects,meta-llama/Llama-2-13b-hf,Llama-2,tracking_shuffled_objects,3,pooled_mean,0.36,0.3024247010219613
target_family,tracking_shuffled_objects,meta-llama/Llama-2-70b-hf,Llama-2,tracking_shuffled_objects,3,pooled_mean,0.708,0.3024247010219613
target_family,tracking_shuffled_objects,huggyllama/llama-7b,Llama,tracking_shuffled_objects,3,pooled_mean,0.364,0.3024247010219613
target_family,tracking_shuffled_objects,huggyllama/llama-13b,Llama,tracking_shuffled_objects,3,pooled_mean,0.344,0.3024247010219613
target_family,tracking_shuffled_objects,huggyllama/llama-30b,Llama,tracking_shuffled_objects,3,pooled_mean,0.292,0.3024247010219613
target_family,tracking_shuffled_objects,huggyllama/llama-65b,Llama,tracking_shuffled_objects,3,pooled_mean,0.52,0.3024247010219613
target_family,tracking_shuffled_objects,Qwen/Qwen1.5-72B,Qwen1.5,tracking_shuffled_objects,3,pooled_mean,0.772,0.3024247010219613
target_family,tracking_shuffled_objects,Qwen/Qwen1.5-32B,Qwen1.5,tracking_shuffled_objects,3,pooled_mean,0.704,0.3024247010219613
target_family,tracking_shuffled_objects,Qwen/Qwen1.5-14B,Qwen1.5,tracking_shuffled_objects,3,pooled_mean,0.632,0.3024247010219613
target_family,tracking_shuffled_objects,Qwen/Qwen1.5-7B,Qwen1.5,tracking_shuffled_objects,3,pooled_mean,0.444,0.3024247010219613
target_family,tracking_shuffled_objects,Qwen/Qwen1.5-4B,Qwen1.5,tracking_shuffled_objects,3,pooled_mean,0.22,0.3024247010219613
target_family,tracking_shuffled_objects,Qwen/Qwen1.5-1.8B,Qwen1.5,tracking_shuffled_objects,3,pooled_mean,0.148,0.3024247010219613
target_family,tracking_shuffled_objects,Qwen/Qwen1.5-0.5B,Qwen1.5,tracking_shuffled_objects,3,pooled_mean,0.18,0.3024247010219613
target_family,tracking_shuffled_objects,Qwen/Qwen-72B,Qwen,tracking_shuffled_objects,3,pooled_mean,0.824,0.3024247010219613
target_family,tracking_shuffled_objects,Qwen/Qwen-14B,Qwen,tracking_shuffled_objects,3,pooled_mean,0.0,0.3024247010219613
target_family,tracking_shuffled_objects,Qwen/Qwen-7B,Qwen,tracking_shuffled_objects,3,pooled_mean,0.304,0.3024247010219613
target_family,tracking_shuffled_objects,mistralai/Mistral-7B-v0.1,Mistral,tracking_shuffled_objects,3,pooled_mean,0.444,0.3024247010219613
target_family,tracking_shuffled_objects,mistralai/Mixtral-8x7B-v0.1,Mixtral,tracking_shuffled_objects,3,pooled_mean,0.796,0.3024247010219613
target_family,tracking_shuffled_objects,01-ai/Yi-6B,Yi,tracking_shuffled_objects,3,pooled_mean,0.364,0.3024247010219613
target_family,tracking_shuffled_objects,01-ai/Yi-34B,Yi,tracking_shuffled_objects,3,pooled_mean,0.204,0.3024247010219613
target_family,tracking_shuffled_objects,google/gemma-7b,Gemma,tracking_shuffled_objects,3,pooled_mean,0.52,0.3024247010219613
target_family,tracking_shuffled_objects,google/gemma-2b,Gemma,tracking_shuffled_objects,3,pooled_mean,0.336,0.3024247010219613
target_family,tracking_shuffled_objects,tiiuae/falcon-40b,Falcon,tracking_shuffled_objects,3,pooled_mean,0.32,0.3024247010219613
target_family,tracking_shuffled_objects,tiiuae/falcon-7b,Falcon,tracking_shuffled_objects,3,pooled_mean,0.324,0.3024247010219613
target_family,tracking_shuffled_objects,tiiuae/falcon-rw-1b,Falcon,tracking_shuffled_objects,3,pooled_mean,0.312,0.3024247010219613
target_family,tracking_shuffled_objects,microsoft/phi-2,Phi,tracking_shuffled_objects,3,pooled_mean,0.892,0.3024247010219613
target_family,tracking_shuffled_objects,microsoft/phi-1_5,Phi,tracking_shuffled_objects,3,pooled_mean,0.348,0.3024247010219613
target_family,tracking_shuffled_objects,EleutherAI/pythia-1b-deduped,Pythia,tracking_shuffled_objects,3,pooled_mean,0.336,0.3024247010219613
target_family,tracking_shuffled_objects,EleutherAI/pythia-410m-deduped,Pythia,tracking_shuffled_objects,3,pooled_mean,0.32,0.3024247010219613
target_family,tracking_shuffled_objects,EleutherAI/pythia-6.9b-deduped,Pythia,tracking_shuffled_objects,3,pooled_mean,0.336,0.3024247010219613
target_family,tracking_shuffled_objects,EleutherAI/pythia-2.8b-deduped,Pythia,tracking_shuffled_objects,3,pooled_mean,0.332,0.3024247010219613
target_family,tracking_shuffled_objects,EleutherAI/pythia-12b-deduped,Pythia,tracking_shuffled_objects,3,pooled_mean,0.296,0.3024247010219613
target_family,tracking_shuffled_objects,EleutherAI/pythia-70m-deduped,Pythia,tracking_shuffled_objects,3,pooled_mean,0.0,0.3024247010219613
target_family,tracking_shuffled_objects,EleutherAI/pythia-1.4b-deduped,Pythia,tracking_shuffled_objects,3,pooled_mean,0.364,0.3024247010219613
target_family,tracking_shuffled_objects,EleutherAI/pythia-160m-deduped,Pythia,tracking_shuffled_objects,3,pooled_mean,0.0,0.3024247010219613
target_family,tracking_shuffled_objects,bigscience/bloom-560m,BLOOM,tracking_shuffled_objects,3,pooled_mean,0.1706666666666667,0.3024247010219613
target_family,tracking_shuffled_objects,bigscience/bloom-1b1,BLOOM,tracking_shuffled_objects,3,pooled_mean,0.2973333333333333,0.3024247010219613
target_family,tracking_shuffled_objects,bigscience/bloom-3b,BLOOM,tracking_shuffled_objects,3,pooled_mean,0.3253333333333333,0.3024247010219613
target_family,tracking_shuffled_objects,bigscience/bloom-7b1,BLOOM,tracking_shuffled_objects,3,pooled_mean,0.328,0.3024247010219613
target_family,tracking_shuffled_objects,EleutherAI/gpt-neox-20b,GPT-Neo/J,tracking_shuffled_objects,3,pooled_mean,0.3,0.3024247010219613
target_family,tracking_shuffled_objects,EleutherAI/gpt-neo-2.7B,GPT-Neo/J,tracking_shuffled_objects,3,pooled_mean,0.332,0.3024247010219613
target_family,tracking_shuffled_objects,EleutherAI/gpt-neo-1.3B,GPT-Neo/J,tracking_shuffled_objects,3,pooled_mean,0.32,0.3024247010219613
target_family,tracking_shuffled_objects,EleutherAI/gpt-neo-125m,GPT-Neo/J,tracking_shuffled_objects,3,pooled_mean,0.148,0.3024247010219613
target_family,tracking_shuffled_objects,EleutherAI/gpt-j-6b,GPT-Neo/J,tracking_shuffled_objects,3,pooled_mean,0.336,0.3024247010219613
target_family,tracking_shuffled_objects,facebook/opt-6.7b,OPT,tracking_shuffled_objects,3,pooled_mean,0.36,0.3024247010219613
target_family,tracking_shuffled_objects,facebook/opt-1.3b,OPT,tracking_shuffled_objects,3,pooled_mean,0.292,0.3024247010219613
target_family,tracking_shuffled_objects,facebook/opt-350m,OPT,tracking_shuffled_objects,3,pooled_mean,0.312,0.3024247010219613
target_family,tracking_shuffled_objects,facebook/opt-13b,OPT,tracking_shuffled_objects,3,pooled_mean,0.332,0.3024247010219613
target_family,tracking_shuffled_objects,facebook/opt-2.7b,OPT,tracking_shuffled_objects,3,pooled_mean,0.328,0.3024247010219613
target_family,tracking_shuffled_objects,facebook/opt-30b,OPT,tracking_shuffled_objects,3,pooled_mean,0.296,0.3024247010219613
target_family,tracking_shuffled_objects,facebook/opt-125m,OPT,tracking_shuffled_objects,3,pooled_mean,0.204,0.3024247010219613
target_family,tracking_shuffled_objects,facebook/opt-66b,OPT,tracking_shuffled_objects,3,pooled_mean,0.332,0.3024247010219613
target_family,tracking_shuffled_objects,mosaicml/mpt-30b,MPT,tracking_shuffled_objects,3,pooled_mean,0.336,0.3024247010219613
target_family,tracking_shuffled_objects,mosaicml/mpt-7b,MPT,tracking_shuffled_objects,3,pooled_mean,0.324,0.3024247010219613
target_family,tracking_shuffled_objects,facebook/xglm-564M,XGLM,tracking_shuffled_objects,3,pooled_mean,0.18,0.3024247010219613
target_family,tracking_shuffled_objects,facebook/xglm-1.7B,XGLM,tracking_shuffled_objects,3,pooled_mean,0.188,0.3024247010219613
target_family,tracking_shuffled_objects,facebook/xglm-4.5B,XGLM,tracking_shuffled_objects,3,pooled_mean,0.0,0.3024247010219613
target_family,tracking_shuffled_objects,facebook/xglm-7.5B,XGLM,tracking_shuffled_objects,3,pooled_mean,0.0,0.3024247010219613
target_family,tracking_shuffled_objects,codellama/CodeLlama-7b-hf,CodeLlama,tracking_shuffled_objects,3,pooled_mean,0.364,0.3024247010219613
target_family,tracking_shuffled_objects,codellama/CodeLlama-13b-hf,CodeLlama,tracking_shuffled_objects,3,pooled_mean,0.348,0.3024247010219613
target_family,tracking_shuffled_objects,codellama/CodeLlama-34b-hf,CodeLlama,tracking_shuffled_objects,3,pooled_mean,0.548,0.3024247010219613
target_family,tracking_shuffled_objects,codellama/CodeLlama-70b-hf,CodeLlama,tracking_shuffled_objects,3,pooled_mean,0.892,0.3024247010219613
target_family,tracking_shuffled_objects,bigcode/starcoderbase-1b,StarCoder,tracking_shuffled_objects,3,pooled_mean,0.328,0.3024247010219613
target_family,tracking_shuffled_objects,bigcode/starcoderbase-3b,StarCoder,tracking_shuffled_objects,3,pooled_mean,0.364,0.3024247010219613
target_family,tracking_shuffled_objects,bigcode/starcoderbase-7b,StarCoder,tracking_shuffled_objects,3,pooled_mean,0.32,0.3024247010219613
target_family,tracking_shuffled_objects,bigcode/starcoderbase,StarCoder,tracking_shuffled_objects,3,pooled_mean,0.376,0.3024247010219613
target_family,tracking_shuffled_objects,bigcode/starcoder2-15b,StarCoder2,tracking_shuffled_objects,3,pooled_mean,0.66,0.3024247010219613
target_family,tracking_shuffled_objects,bigcode/starcoder2-7b,StarCoder2,tracking_shuffled_objects,3,pooled_mean,0.392,0.3024247010219613
target_family,tracking_shuffled_objects,bigcode/starcoder2-3b,StarCoder2,tracking_shuffled_objects,3,pooled_mean,0.308,0.3024247010219613
target_family,tracking_shuffled_objects,deepseek-ai/deepseek-coder-1.3b-base,DeepSeek-Coder,tracking_shuffled_objects,3,pooled_mean,0.26,0.3024247010219613
target_family,tracking_shuffled_objects,deepseek-ai/deepseek-coder-6.7b-base,DeepSeek-Coder,tracking_shuffled_objects,3,pooled_mean,0.408,0.3024247010219613
target_family,tracking_shuffled_objects,deepseek-ai/deepseek-coder-33b-base,DeepSeek-Coder,tracking_shuffled_objects,3,pooled_mean,0.392,0.3024247010219613
target_family,tracking_shuffled_objects,meta-llama/Llama-2-7b-hf,Llama-2,tracking_shuffled_objects,5,pooled_mean,0.164,0.3024247010219613
target_family,tracking_shuffled_objects,meta-llama/Llama-2-13b-hf,Llama-2,tracking_shuffled_objects,5,pooled_mean,0.212,0.3024247010219613
target_family,tracking_shuffled_objects,meta-llama/Llama-2-70b-hf,Llama-2,tracking_shuffled_objects,5,pooled_mean,0.712,0.3024247010219613
target_family,tracking_shuffled_objects,huggyllama/llama-7b,Llama,tracking_shuffled_objects,5,pooled_mean,0.192,0.3024247010219613
target_family,tracking_shuffled_objects,huggyllama/llama-13b,Llama,tracking_shuffled_objects,5,pooled_mean,0.164,0.3024247010219613
target_family,tracking_shuffled_objects,huggyllama/llama-30b,Llama,tracking_shuffled_objects,5,pooled_mean,0.208,0.3024247010219613
target_family,tracking_shuffled_objects,huggyllama/llama-65b,Llama,tracking_shuffled_objects,5,pooled_mean,0.408,0.3024247010219613
target_family,tracking_shuffled_objects,Qwen/Qwen1.5-72B,Qwen1.5,tracking_shuffled_objects,5,pooled_mean,0.5863999999999999,0.3024247010219613
target_family,tracking_shuffled_objects,Qwen/Qwen1.5-32B,Qwen1.5,tracking_shuffled_objects,5,pooled_mean,0.596,0.3024247010219613
target_family,tracking_shuffled_objects,Qwen/Qwen1.5-14B,Qwen1.5,tracking_shuffled_objects,5,pooled_mean,0.512,0.3024247010219613
target_family,tracking_shuffled_objects,Qwen/Qwen1.5-7B,Qwen1.5,tracking_shuffled_objects,5,pooled_mean,0.124,0.3024247010219613
target_family,tracking_shuffled_objects,Qwen/Qwen1.5-4B,Qwen1.5,tracking_shuffled_objects,5,pooled_mean,0.168,0.3024247010219613
target_family,tracking_shuffled_objects,Qwen/Qwen1.5-1.8B,Qwen1.5,tracking_shuffled_objects,5,pooled_mean,0.08,0.3024247010219613
target_family,tracking_shuffled_objects,Qwen/Qwen1.5-0.5B,Qwen1.5,tracking_shuffled_objects,5,pooled_mean,0.064,0.3024247010219613
target_family,tracking_shuffled_objects,Qwen/Qwen-72B,Qwen,tracking_shuffled_objects,5,pooled_mean,0.64,0.3024247010219613
target_family,tracking_shuffled_objects,Qwen/Qwen-14B,Qwen,tracking_shuffled_objects,5,pooled_mean,0.0,0.3024247010219613
target_family,tracking_shuffled_objects,Qwen/Qwen-7B,Qwen,tracking_shuffled_objects,5,pooled_mean,0.1864,0.3024247010219613
target_family,tracking_shuffled_objects,mistralai/Mistral-7B-v0.1,Mistral,tracking_shuffled_objects,5,pooled_mean,0.312,0.3024247010219613
target_family,tracking_shuffled_objects,mistralai/Mixtral-8x7B-v0.1,Mixtral,tracking_shuffled_objects,5,pooled_mean,0.712,0.3024247010219613
target_family,tracking_shuffled_objects,01-ai/Yi-6B,Yi,tracking_shuffled_objects,5,pooled_mean,0.152,0.3024247010219613
target_family,tracking_shuffled_objects,01-ai/Yi-34B,Yi,tracking_shuffled_objects,5,pooled_mean,0.0,0.3024247010219613
target_family,tracking_shuffled_objects,google/gemma-7b,Gemma,tracking_shuffled_objects,5,pooled_mean,0.452,0.3024247010219613
target_family,tracking_shuffled_objects,google/gemma-2b,Gemma,tracking_shuffled_objects,5,pooled_mean,0.196,0.3024247010219613
target_family,tracking_shuffled_objects,tiiuae/falcon-40b,Falcon,tracking_shuffled_objects,5,pooled_mean,0.188,0.3024247010219613
target_family,tracking_shuffled_objects,tiiuae/falcon-7b,Falcon,tracking_shuffled_objects,5,pooled_mean,0.0,0.3024247010219613
target_family,tracking_shuffled_objects,tiiuae/falcon-rw-1b,Falcon,tracking_shuffled_objects,5,pooled_mean,0.18,0.3024247010219613
target_family,tracking_shuffled_objects,microsoft/phi-2,Phi,tracking_shuffled_objects,5,pooled_mean,0.904,0.3024247010219613
target_family,tracking_shuffled_objects,microsoft/phi-1_5,Phi,tracking_shuffled_objects,5,pooled_mean,0.168,0.3024247010219613
target_family,tracking_shuffled_objects,EleutherAI/pythia-1b-deduped,Pythia,tracking_shuffled_objects,5,pooled_mean,0.172,0.3024247010219613
target_family,tracking_shuffled_objects,EleutherAI/pythia-410m-deduped,Pythia,tracking_shuffled_objects,5,pooled_mean,0.168,0.3024247010219613
target_family,tracking_shuffled_objects,EleutherAI/pythia-6.9b-deduped,Pythia,tracking_shuffled_objects,5,pooled_mean,0.196,0.3024247010219613
target_family,tracking_shuffled_objects,EleutherAI/pythia-2.8b-deduped,Pythia,tracking_shuffled_objects,5,pooled_mean,0.144,0.3024247010219613
target_family,tracking_shuffled_objects,EleutherAI/pythia-12b-deduped,Pythia,tracking_shuffled_objects,5,pooled_mean,0.148,0.3024247010219613
target_family,tracking_shuffled_objects,EleutherAI/pythia-70m-deduped,Pythia,tracking_shuffled_objects,5,pooled_mean,0.0,0.3024247010219613
target_family,tracking_shuffled_objects,EleutherAI/pythia-1.4b-deduped,Pythia,tracking_shuffled_objects,5,pooled_mean,0.236,0.3024247010219613
target_family,tracking_shuffled_objects,EleutherAI/pythia-160m-deduped,Pythia,tracking_shuffled_objects,5,pooled_mean,0.004,0.3024247010219613
target_family,tracking_shuffled_objects,bigscience/bloom-560m,BLOOM,tracking_shuffled_objects,5,pooled_mean,0.0928,0.3024247010219613
target_family,tracking_shuffled_objects,bigscience/bloom-1b1,BLOOM,tracking_shuffled_objects,5,pooled_mean,0.2168,0.3024247010219613
target_family,tracking_shuffled_objects,bigscience/bloom-3b,BLOOM,tracking_shuffled_objects,5,pooled_mean,0.1816,0.3024247010219613
target_family,tracking_shuffled_objects,bigscience/bloom-7b1,BLOOM,tracking_shuffled_objects,5,pooled_mean,0.104,0.3024247010219613
target_family,tracking_shuffled_objects,EleutherAI/gpt-neox-20b,GPT-Neo/J,tracking_shuffled_objects,5,pooled_mean,0.16,0.3024247010219613
target_family,tracking_shuffled_objects,EleutherAI/gpt-neo-2.7B,GPT-Neo/J,tracking_shuffled_objects,5,pooled_mean,0.208,0.3024247010219613
target_family,tracking_shuffled_objects,EleutherAI/gpt-neo-1.3B,GPT-Neo/J,tracking_shuffled_objects,5,pooled_mean,0.212,0.3024247010219613
target_family,tracking_shuffled_objects,EleutherAI/gpt-neo-125m,GPT-Neo/J,tracking_shuffled_objects,5,pooled_mean,0.06,0.3024247010219613
target_family,tracking_shuffled_objects,EleutherAI/gpt-j-6b,GPT-Neo/J,tracking_shuffled_objects,5,pooled_mean,0.14,0.3024247010219613
target_family,tracking_shuffled_objects,facebook/opt-6.7b,OPT,tracking_shuffled_objects,5,pooled_mean,0.188,0.3024247010219613
target_family,tracking_shuffled_objects,facebook/opt-1.3b,OPT,tracking_shuffled_objects,5,pooled_mean,0.0,0.3024247010219613
target_family,tracking_shuffled_objects,facebook/opt-350m,OPT,tracking_shuffled_objects,5,pooled_mean,0.104,0.3024247010219613
target_family,tracking_shuffled_objects,facebook/opt-13b,OPT,tracking_shuffled_objects,5,pooled_mean,0.18,0.3024247010219613
target_family,tracking_shuffled_objects,facebook/opt-2.7b,OPT,tracking_shuffled_objects,5,pooled_mean,0.184,0.3024247010219613
target_family,tracking_shuffled_objects,facebook/opt-30b,OPT,tracking_shuffled_objects,5,pooled_mean,0.188,0.3024247010219613
target_family,tracking_shuffled_objects,facebook/opt-125m,OPT,tracking_shuffled_objects,5,pooled_mean,0.04,0.3024247010219613
target_family,tracking_shuffled_objects,facebook/opt-66b,OPT,tracking_shuffled_objects,5,pooled_mean,0.184,0.3024247010219613
target_family,tracking_shuffled_objects,mosaicml/mpt-30b,MPT,tracking_shuffled_objects,5,pooled_mean,0.236,0.3024247010219613
target_family,tracking_shuffled_objects,mosaicml/mpt-7b,MPT,tracking_shuffled_objects,5,pooled_mean,0.172,0.3024247010219613
target_family,tracking_shuffled_objects,facebook/xglm-564M,XGLM,tracking_shuffled_objects,5,pooled_mean,0.116,0.3024247010219613
target_family,tracking_shuffled_objects,facebook/xglm-1.7B,XGLM,tracking_shuffled_objects,5,pooled_mean,0.172,0.3024247010219613
target_family,tracking_shuffled_objects,facebook/xglm-4.5B,XGLM,tracking_shuffled_objects,5,pooled_mean,0.0,0.3024247010219613
target_family,tracking_shuffled_objects,facebook/xglm-7.5B,XGLM,tracking_shuffled_objects,5,pooled_mean,0.0,0.3024247010219613
target_family,tracking_shuffled_objects,codellama/CodeLlama-7b-hf,CodeLlama,tracking_shuffled_objects,5,pooled_mean,0.24,0.3024247010219613
target_family,tracking_shuffled_objects,codellama/CodeLlama-13b-hf,CodeLlama,tracking_shuffled_objects,5,pooled_mean,0.244,0.3024247010219613
target_family,tracking_shuffled_objects,codellama/CodeLlama-34b-hf,CodeLlama,tracking_shuffled_objects,5,pooled_mean,0.544,0.3024247010219613
target_family,tracking_shuffled_objects,codellama/CodeLlama-70b-hf,CodeLlama,tracking_shuffled_objects,5,pooled_mean,0.728,0.3024247010219613
target_family,tracking_shuffled_objects,bigcode/starcoderbase-1b,StarCoder,tracking_shuffled_objects,5,pooled_mean,0.168,0.3024247010219613
target_family,tracking_shuffled_objects,bigcode/starcoderbase-3b,StarCoder,tracking_shuffled_objects,5,pooled_mean,0.184,0.3024247010219613
target_family,tracking_shuffled_objects,bigcode/starcoderbase-7b,StarCoder,tracking_shuffled_objects,5,pooled_mean,0.124,0.3024247010219613
target_family,tracking_shuffled_objects,bigcode/starcoderbase,StarCoder,tracking_shuffled_objects,5,pooled_mean,0.2,0.3024247010219613
target_family,tracking_shuffled_objects,bigcode/starcoder2-15b,StarCoder2,tracking_shuffled_objects,5,pooled_mean,0.604,0.3024247010219613
target_family,tracking_shuffled_objects,bigcode/starcoder2-7b,StarCoder2,tracking_shuffled_objects,5,pooled_mean,0.36,0.3024247010219613
target_family,tracking_shuffled_objects,bigcode/starcoder2-3b,StarCoder2,tracking_shuffled_objects,5,pooled_mean,0.196,0.3024247010219613
target_family,tracking_shuffled_objects,deepseek-ai/deepseek-coder-1.3b-base,DeepSeek-Coder,tracking_shuffled_objects,5,pooled_mean,0.212,0.3024247010219613
target_family,tracking_shuffled_objects,deepseek-ai/deepseek-coder-6.7b-base,DeepSeek-Coder,tracking_shuffled_objects,5,pooled_mean,0.272,0.3024247010219613
target_family,tracking_shuffled_objects,deepseek-ai/deepseek-coder-33b-base,DeepSeek-Coder,tracking_shuffled_objects,5,pooled_mean,0.3,0.3024247010219613
target_family,tracking_shuffled_objects,meta-llama/Llama-2-7b-hf,Llama-2,tracking_shuffled_objects,7,pooled_mean,0.152,0.3024247010219613
target_family,tracking_shuffled_objects,meta-llama/Llama-2-13b-hf,Llama-2,tracking_shuffled_objects,7,pooled_mean,0.168,0.3024247010219613
target_family,tracking_shuffled_objects,meta-llama/Llama-2-70b-hf,Llama-2,tracking_shuffled_objects,7,pooled_mean,0.62,0.3024247010219613
target_family,tracking_shuffled_objects,huggyllama/llama-7b,Llama,tracking_shuffled_objects,7,pooled_mean,0.096,0.3024247010219613
target_family,tracking_shuffled_objects,huggyllama/llama-13b,Llama,tracking_shuffled_objects,7,pooled_mean,0.076,0.3024247010219613
target_family,tracking_shuffled_objects,huggyllama/llama-30b,Llama,tracking_shuffled_objects,7,pooled_mean,0.148,0.3024247010219613
target_family,tracking_shuffled_objects,huggyllama/llama-65b,Llama,tracking_shuffled_objects,7,pooled_mean,0.308,0.3024247010219613
target_family,tracking_shuffled_objects,Qwen/Qwen1.5-72B,Qwen1.5,tracking_shuffled_objects,7,pooled_mean,0.388,0.3024247010219613
target_family,tracking_shuffled_objects,Qwen/Qwen1.5-32B,Qwen1.5,tracking_shuffled_objects,7,pooled_mean,0.364,0.3024247010219613
target_family,tracking_shuffled_objects,Qwen/Qwen1.5-14B,Qwen1.5,tracking_shuffled_objects,7,pooled_mean,0.408,0.3024247010219613
target_family,tracking_shuffled_objects,Qwen/Qwen1.5-7B,Qwen1.5,tracking_shuffled_objects,7,pooled_mean,0.076,0.3024247010219613
target_family,tracking_shuffled_objects,Qwen/Qwen1.5-4B,Qwen1.5,tracking_shuffled_objects,7,pooled_mean,0.1411428571428571,0.3024247010219613
target_family,tracking_shuffled_objects,Qwen/Qwen1.5-1.8B,Qwen1.5,tracking_shuffled_objects,7,pooled_mean,0.0428571428571428,0.3024247010219613
target_family,tracking_shuffled_objects,Qwen/Qwen1.5-0.5B,Qwen1.5,tracking_shuffled_objects,7,pooled_mean,0.028,0.3024247010219613
target_family,tracking_shuffled_objects,Qwen/Qwen-72B,Qwen,tracking_shuffled_objects,7,pooled_mean,0.544,0.3024247010219613
target_family,tracking_shuffled_objects,Qwen/Qwen-14B,Qwen,tracking_shuffled_objects,7,pooled_mean,0.0,0.3024247010219613
target_family,tracking_shuffled_objects,Qwen/Qwen-7B,Qwen,tracking_shuffled_objects,7,pooled_mean,0.1348571428571428,0.3024247010219613
target_family,tracking_shuffled_objects,mistralai/Mistral-7B-v0.1,Mistral,tracking_shuffled_objects,7,pooled_mean,0.2,0.3024247010219613
target_family,tracking_shuffled_objects,mistralai/Mixtral-8x7B-v0.1,Mixtral,tracking_shuffled_objects,7,pooled_mean,0.64,0.3024247010219613
target_family,tracking_shuffled_objects,01-ai/Yi-6B,Yi,tracking_shuffled_objects,7,pooled_mean,0.136,0.3024247010219613
target_family,tracking_shuffled_objects,01-ai/Yi-34B,Yi,tracking_shuffled_objects,7,pooled_mean,0.0,0.3024247010219613
target_family,tracking_shuffled_objects,google/gemma-7b,Gemma,tracking_shuffled_objects,7,pooled_mean,0.376,0.3024247010219613
target_family,tracking_shuffled_objects,google/gemma-2b,Gemma,tracking_shuffled_objects,7,pooled_mean,0.12,0.3024247010219613
target_family,tracking_shuffled_objects,tiiuae/falcon-40b,Falcon,tracking_shuffled_objects,7,pooled_mean,0.14,0.3024247010219613
target_family,tracking_shuffled_objects,tiiuae/falcon-7b,Falcon,tracking_shuffled_objects,7,pooled_mean,0.0,0.3024247010219613
target_family,tracking_shuffled_objects,tiiuae/falcon-rw-1b,Falcon,tracking_shuffled_objects,7,pooled_mean,0.028,0.3024247010219613
target_family,tracking_shuffled_objects,microsoft/phi-2,Phi,tracking_shuffled_objects,7,pooled_mean,0.86,0.3024247010219613
target_family,tracking_shuffled_objects,microsoft/phi-1_5,Phi,tracking_shuffled_objects,7,pooled_mean,0.072,0.3024247010219613
target_family,tracking_shuffled_objects,EleutherAI/pythia-1b-deduped,Pythia,tracking_shuffled_objects,7,pooled_mean,0.104,0.3024247010219613
target_family,tracking_shuffled_objects,EleutherAI/pythia-410m-deduped,Pythia,tracking_shuffled_objects,7,pooled_mean,0.056,0.3024247010219613
target_family,tracking_shuffled_objects,EleutherAI/pythia-6.9b-deduped,Pythia,tracking_shuffled_objects,7,pooled_mean,0.048,0.3024247010219613
target_family,tracking_shuffled_objects,EleutherAI/pythia-2.8b-deduped,Pythia,tracking_shuffled_objects,7,pooled_mean,0.104,0.3024247010219613
target_family,tracking_shuffled_objects,EleutherAI/pythia-12b-deduped,Pythia,tracking_shuffled_objects,7,pooled_mean,0.056,0.3024247010219613
target_family,tracking_shuffled_objects,EleutherAI/pythia-70m-deduped,Pythia,tracking_shuffled_objects,7,pooled_mean,0.0,0.3024247010219613
target_family,tracking_shuffled_objects,EleutherAI/pythia-1.4b-deduped,Pythia,tracking_shuffled_objects,7,pooled_mean,0.156,0.3024247010219613
target_family,tracking_shuffled_objects,EleutherAI/pythia-160m-deduped,Pythia,tracking_shuffled_objects,7,pooled_mean,0.008,0.3024247010219613
target_family,tracking_shuffled_objects,bigscience/bloom-560m,BLOOM,tracking_shuffled_objects,7,pooled_mean,0.0697142857142857,0.3024247010219613
target_family,tracking_shuffled_objects,bigscience/bloom-1b1,BLOOM,tracking_shuffled_objects,7,pooled_mean,0.1302857142857142,0.3024247010219613
target_family,tracking_shuffled_objects,bigscience/bloom-3b,BLOOM,tracking_shuffled_objects,7,pooled_mean,0.1125714285714285,0.3024247010219613
target_family,tracking_shuffled_objects,bigscience/bloom-7b1,BLOOM,tracking_shuffled_objects,7,pooled_mean,0.008,0.3024247010219613
target_family,tracking_shuffled_objects,EleutherAI/gpt-neox-20b,GPT-Neo/J,tracking_shuffled_objects,7,pooled_mean,0.08,0.3024247010219613
target_family,tracking_shuffled_objects,EleutherAI/gpt-neo-2.7B,GPT-Neo/J,tracking_shuffled_objects,7,pooled_mean,0.056,0.3024247010219613
target_family,tracking_shuffled_objects,EleutherAI/gpt-neo-1.3B,GPT-Neo/J,tracking_shuffled_objects,7,pooled_mean,0.112,0.3024247010219613
target_family,tracking_shuffled_objects,EleutherAI/gpt-neo-125m,GPT-Neo/J,tracking_shuffled_objects,7,pooled_mean,0.012,0.3024247010219613
target_family,tracking_shuffled_objects,EleutherAI/gpt-j-6b,GPT-Neo/J,tracking_shuffled_objects,7,pooled_mean,0.104,0.3024247010219613
target_family,tracking_shuffled_objects,facebook/opt-6.7b,OPT,tracking_shuffled_objects,7,pooled_mean,0.128,0.3024247010219613
target_family,tracking_shuffled_objects,facebook/opt-1.3b,OPT,tracking_shuffled_objects,7,pooled_mean,0.0,0.3024247010219613
target_family,tracking_shuffled_objects,facebook/opt-350m,OPT,tracking_shuffled_objects,7,pooled_mean,0.02,0.3024247010219613
target_family,tracking_shuffled_objects,facebook/opt-13b,OPT,tracking_shuffled_objects,7,pooled_mean,0.112,0.3024247010219613
target_family,tracking_shuffled_objects,facebook/opt-2.7b,OPT,tracking_shuffled_objects,7,pooled_mean,0.14,0.3024247010219613
target_family,tracking_shuffled_objects,facebook/opt-30b,OPT,tracking_shuffled_objects,7,pooled_mean,0.18,0.3024247010219613
target_family,tracking_shuffled_objects,facebook/opt-125m,OPT,tracking_shuffled_objects,7,pooled_mean,0.012,0.3024247010219613
target_family,tracking_shuffled_objects,facebook/opt-66b,OPT,tracking_shuffled_objects,7,pooled_mean,0.128,0.3024247010219613
target_family,tracking_shuffled_objects,mosaicml/mpt-30b,MPT,tracking_shuffled_objects,7,pooled_mean,0.156,0.3024247010219613
target_family,tracking_shuffled_objects,mosaicml/mpt-7b,MPT,tracking_shuffled_objects,7,pooled_mean,0.02,0.3024247010219613
target_family,tracking_shuffled_objects,facebook/xglm-564M,XGLM,tracking_shuffled_objects,7,pooled_mean,0.068,0.3024247010219613
target_family,tracking_shuffled_objects,facebook/xglm-1.7B,XGLM,tracking_shuffled_objects,7,pooled_mean,0.112,0.3024247010219613
target_family,tracking_shuffled_objects,facebook/xglm-4.5B,XGLM,tracking_shuffled_objects,7,pooled_mean,0.0,0.3024247010219613
target_family,tracking_shuffled_objects,facebook/xglm-7.5B,XGLM,tracking_shuffled_objects,7,pooled_mean,0.0,0.3024247010219613
target_family,tracking_shuffled_objects,codellama/CodeLlama-7b-hf,CodeLlama,tracking_shuffled_objects,7,pooled_mean,0.18,0.3024247010219613
target_family,tracking_shuffled_objects,codellama/CodeLlama-13b-hf,CodeLlama,tracking_shuffled_objects,7,pooled_mean,0.132,0.3024247010219613
target_family,tracking_shuffled_objects,codellama/CodeLlama-34b-hf,CodeLlama,tracking_shuffled_objects,7,pooled_mean,0.404,0.3024247010219613
target_family,tracking_shuffled_objects,codellama/CodeLlama-70b-hf,CodeLlama,tracking_shuffled_objects,7,pooled_mean,0.648,0.3024247010219613
target_family,tracking_shuffled_objects,bigcode/starcoderbase-1b,StarCoder,tracking_shuffled_objects,7,pooled_mean,0.132,0.3024247010219613
target_family,tracking_shuffled_objects,bigcode/starcoderbase-3b,StarCoder,tracking_shuffled_objects,7,pooled_mean,0.148,0.3024247010219613
target_family,tracking_shuffled_objects,bigcode/starcoderbase-7b,StarCoder,tracking_shuffled_objects,7,pooled_mean,0.112,0.3024247010219613
target_family,tracking_shuffled_objects,bigcode/starcoderbase,StarCoder,tracking_shuffled_objects,7,pooled_mean,0.204,0.3024247010219613
target_family,tracking_shuffled_objects,bigcode/starcoder2-15b,StarCoder2,tracking_shuffled_objects,7,pooled_mean,0.656,0.3024247010219613
target_family,tracking_shuffled_objects,bigcode/starcoder2-7b,StarCoder2,tracking_shuffled_objects,7,pooled_mean,0.2,0.3024247010219613
target_family,tracking_shuffled_objects,bigcode/starcoder2-3b,StarCoder2,tracking_shuffled_objects,7,pooled_mean,0.16,0.3024247010219613
target_family,tracking_shuffled_objects,deepseek-ai/deepseek-coder-1.3b-base,DeepSeek-Coder,tracking_shuffled_objects,7,pooled_mean,0.128,0.3024247010219613
target_family,tracking_shuffled_objects,deepseek-ai/deepseek-coder-6.7b-base,DeepSeek-Coder,tracking_shuffled_objects,7,pooled_mean,0.244,0.3024247010219613
target_family,tracking_shuffled_objects,deepseek-ai/deepseek-coder-33b-base,DeepSeek-Coder,tracking_shuffled_objects,7,pooled_mean,0.268,0.3024247010219613
target_family,tracking_shuffled_objects,meta-llama/Llama-2-7b-hf,Llama-2,tracking_shuffled_objects,3,task_family_mean,0.328,0.3024247010219613
target_family,tracking_shuffled_objects,meta-llama/Llama-2-13b-hf,Llama-2,tracking_shuffled_objects,3,task_family_mean,0.36,0.3024247010219613
target_family,tracking_shuffled_objects,meta-llama/Llama-2-70b-hf,Llama-2,tracking_shuffled_objects,3,task_family_mean,0.708,0.3024247010219613
target_family,tracking_shuffled_objects,huggyllama/llama-7b,Llama,tracking_shuffled_objects,3,task_family_mean,0.364,0.3024247010219613
target_family,tracking_shuffled_objects,huggyllama/llama-13b,Llama,tracking_shuffled_objects,3,task_family_mean,0.344,0.3024247010219613
target_family,tracking_shuffled_objects,huggyllama/llama-30b,Llama,tracking_shuffled_objects,3,task_family_mean,0.292,0.3024247010219613
target_family,tracking_shuffled_objects,huggyllama/llama-65b,Llama,tracking_shuffled_objects,3,task_family_mean,0.52,0.3024247010219613
target_family,tracking_shuffled_objects,Qwen/Qwen1.5-72B,Qwen1.5,tracking_shuffled_objects,3,task_family_mean,0.772,0.3024247010219613
target_family,tracking_shuffled_objects,Qwen/Qwen1.5-32B,Qwen1.5,tracking_shuffled_objects,3,task_family_mean,0.704,0.3024247010219613
target_family,tracking_shuffled_objects,Qwen/Qwen1.5-14B,Qwen1.5,tracking_shuffled_objects,3,task_family_mean,0.632,0.3024247010219613
target_family,tracking_shuffled_objects,Qwen/Qwen1.5-7B,Qwen1.5,tracking_shuffled_objects,3,task_family_mean,0.444,0.3024247010219613
target_family,tracking_shuffled_objects,Qwen/Qwen1.5-4B,Qwen1.5,tracking_shuffled_objects,3,task_family_mean,0.22,0.3024247010219613
target_family,tracking_shuffled_objects,Qwen/Qwen1.5-1.8B,Qwen1.5,tracking_shuffled_objects,3,task_family_mean,0.148,0.3024247010219613
target_family,tracking_shuffled_objects,Qwen/Qwen1.5-0.5B,Qwen1.5,tracking_shuffled_objects,3,task_family_mean,0.18,0.3024247010219613
target_family,tracking_shuffled_objects,Qwen/Qwen-72B,Qwen,tracking_shuffled_objects,3,task_family_mean,0.824,0.3024247010219613
target_family,tracking_shuffled_objects,Qwen/Qwen-14B,Qwen,tracking_shuffled_objects,3,task_family_mean,0.0,0.3024247010219613
target_family,tracking_shuffled_objects,Qwen/Qwen-7B,Qwen,tracking_shuffled_objects,3,task_family_mean,0.304,0.3024247010219613
target_family,tracking_shuffled_objects,mistralai/Mistral-7B-v0.1,Mistral,tracking_shuffled_objects,3,task_family_mean,0.444,0.3024247010219613
target_family,tracking_shuffled_objects,mistralai/Mixtral-8x7B-v0.1,Mixtral,tracking_shuffled_objects,3,task_family_mean,0.796,0.3024247010219613
target_family,tracking_shuffled_objects,01-ai/Yi-6B,Yi,tracking_shuffled_objects,3,task_family_mean,0.364,0.3024247010219613
target_family,tracking_shuffled_objects,01-ai/Yi-34B,Yi,tracking_shuffled_objects,3,task_family_mean,0.204,0.3024247010219613
target_family,tracking_shuffled_objects,google/gemma-7b,Gemma,tracking_shuffled_objects,3,task_family_mean,0.52,0.3024247010219613
target_family,tracking_shuffled_objects,google/gemma-2b,Gemma,tracking_shuffled_objects,3,task_family_mean,0.336,0.3024247010219613
target_family,tracking_shuffled_objects,tiiuae/falcon-40b,Falcon,tracking_shuffled_objects,3,task_family_mean,0.32,0.3024247010219613
target_family,tracking_shuffled_objects,tiiuae/falcon-7b,Falcon,tracking_shuffled_objects,3,task_family_mean,0.324,0.3024247010219613
target_family,tracking_shuffled_objects,tiiuae/falcon-rw-1b,Falcon,tracking_shuffled_objects,3,task_family_mean,0.312,0.3024247010219613
target_family,tracking_shuffled_objects,microsoft/phi-2,Phi,tracking_shuffled_objects,3,task_family_mean,0.892,0.3024247010219613
target_family,tracking_shuffled_objects,microsoft/phi-1_5,Phi,tracking_shuffled_objects,3,task_family_mean,0.348,0.3024247010219613
target_family,tracking_shuffled_objects,EleutherAI/pythia-1b-deduped,Pythia,tracking_shuffled_objects,3,task_family_mean,0.336,0.3024247010219613
target_family,tracking_shuffled_objects,EleutherAI/pythia-410m-deduped,Pythia,tracking_shuffled_objects,3,task_family_mean,0.32,0.3024247010219613
target_family,tracking_shuffled_objects,EleutherAI/pythia-6.9b-deduped,Pythia,tracking_shuffled_objects,3,task_family_mean,0.336,0.3024247010219613
target_family,tracking_shuffled_objects,EleutherAI/pythia-2.8b-deduped,Pythia,tracking_shuffled_objects,3,task_family_mean,0.332,0.3024247010219613
target_family,tracking_shuffled_objects,EleutherAI/pythia-12b-deduped,Pythia,tracking_shuffled_objects,3,task_family_mean,0.296,0.3024247010219613
target_family,tracking_shuffled_objects,EleutherAI/pythia-70m-deduped,Pythia,tracking_shuffled_objects,3,task_family_mean,0.0,0.3024247010219613
target_family,tracking_shuffled_objects,EleutherAI/pythia-1.4b-deduped,Pythia,tracking_shuffled_objects,3,task_family_mean,0.364,0.3024247010219613
target_family,tracking_shuffled_objects,EleutherAI/pythia-160m-deduped,Pythia,tracking_shuffled_objects,3,task_family_mean,0.0,0.3024247010219613
target_family,tracking_shuffled_objects,bigscience/bloom-560m,BLOOM,tracking_shuffled_objects,3,task_family_mean,0.1706666666666667,0.3024247010219613
target_family,tracking_shuffled_objects,bigscience/bloom-1b1,BLOOM,tracking_shuffled_objects,3,task_family_mean,0.2973333333333333,0.3024247010219613
target_family,tracking_shuffled_objects,bigscience/bloom-3b,BLOOM,tracking_shuffled_objects,3,task_family_mean,0.3253333333333333,0.3024247010219613
target_family,tracking_shuffled_objects,bigscience/bloom-7b1,BLOOM,tracking_shuffled_objects,3,task_family_mean,0.328,0.3024247010219613
target_family,tracking_shuffled_objects,EleutherAI/gpt-neox-20b,GPT-Neo/J,tracking_shuffled_objects,3,task_family_mean,0.3,0.3024247010219613
target_family,tracking_shuffled_objects,EleutherAI/gpt-neo-2.7B,GPT-Neo/J,tracking_shuffled_objects,3,task_family_mean,0.332,0.3024247010219613
target_family,tracking_shuffled_objects,EleutherAI/gpt-neo-1.3B,GPT-Neo/J,tracking_shuffled_objects,3,task_family_mean,0.32,0.3024247010219613
target_family,tracking_shuffled_objects,EleutherAI/gpt-neo-125m,GPT-Neo/J,tracking_shuffled_objects,3,task_family_mean,0.148,0.3024247010219613
target_family,tracking_shuffled_objects,EleutherAI/gpt-j-6b,GPT-Neo/J,tracking_shuffled_objects,3,task_family_mean,0.336,0.3024247010219613
target_family,tracking_shuffled_objects,facebook/opt-6.7b,OPT,tracking_shuffled_objects,3,task_family_mean,0.36,0.3024247010219613
target_family,tracking_shuffled_objects,facebook/opt-1.3b,OPT,tracking_shuffled_objects,3,task_family_mean,0.292,0.3024247010219613
target_family,tracking_shuffled_objects,facebook/opt-350m,OPT,tracking_shuffled_objects,3,task_family_mean,0.312,0.3024247010219613
target_family,tracking_shuffled_objects,facebook/opt-13b,OPT,tracking_shuffled_objects,3,task_family_mean,0.332,0.3024247010219613
target_family,tracking_shuffled_objects,facebook/opt-2.7b,OPT,tracking_shuffled_objects,3,task_family_mean,0.328,0.3024247010219613
target_family,tracking_shuffled_objects,facebook/opt-30b,OPT,tracking_shuffled_objects,3,task_family_mean,0.296,0.3024247010219613
target_family,tracking_shuffled_objects,facebook/opt-125m,OPT,tracking_shuffled_objects,3,task_family_mean,0.204,0.3024247010219613
target_family,tracking_shuffled_objects,facebook/opt-66b,OPT,tracking_shuffled_objects,3,task_family_mean,0.332,0.3024247010219613
target_family,tracking_shuffled_objects,mosaicml/mpt-30b,MPT,tracking_shuffled_objects,3,task_family_mean,0.336,0.3024247010219613
target_family,tracking_shuffled_objects,mosaicml/mpt-7b,MPT,tracking_shuffled_objects,3,task_family_mean,0.324,0.3024247010219613
target_family,tracking_shuffled_objects,facebook/xglm-564M,XGLM,tracking_shuffled_objects,3,task_family_mean,0.18,0.3024247010219613
target_family,tracking_shuffled_objects,facebook/xglm-1.7B,XGLM,tracking_shuffled_objects,3,task_family_mean,0.188,0.3024247010219613
target_family,tracking_shuffled_objects,facebook/xglm-4.5B,XGLM,tracking_shuffled_objects,3,task_family_mean,0.0,0.3024247010219613
target_family,tracking_shuffled_objects,facebook/xglm-7.5B,XGLM,tracking_shuffled_objects,3,task_family_mean,0.0,0.3024247010219613
target_family,tracking_shuffled_objects,codellama/CodeLlama-7b-hf,CodeLlama,tracking_shuffled_objects,3,task_family_mean,0.364,0.3024247010219613
target_family,tracking_shuffled_objects,codellama/CodeLlama-13b-hf,CodeLlama,tracking_shuffled_objects,3,task_family_mean,0.348,0.3024247010219613
target_family,tracking_shuffled_objects,codellama/CodeLlama-34b-hf,CodeLlama,tracking_shuffled_objects,3,task_family_mean,0.548,0.3024247010219613
target_family,tracking_shuffled_objects,codellama/CodeLlama-70b-hf,CodeLlama,tracking_shuffled_objects,3,task_family_mean,0.892,0.3024247010219613
target_family,tracking_shuffled_objects,bigcode/starcoderbase-1b,StarCoder,tracking_shuffled_objects,3,task_family_mean,0.328,0.3024247010219613
target_family,tracking_shuffled_objects,bigcode/starcoderbase-3b,StarCoder,tracking_shuffled_objects,3,task_family_mean,0.364,0.3024247010219613
target_family,tracking_shuffled_objects,bigcode/starcoderbase-7b,StarCoder,tracking_shuffled_objects,3,task_family_mean,0.32,0.3024247010219613
target_family,tracking_shuffled_objects,bigcode/starcoderbase,StarCoder,tracking_shuffled_objects,3,task_family_mean,0.376,0.3024247010219613
target_family,tracking_shuffled_objects,bigcode/starcoder2-15b,StarCoder2,tracking_shuffled_objects,3,task_family_mean,0.66,0.3024247010219613
target_family,tracking_shuffled_objects,bigcode/starcoder2-7b,StarCoder2,tracking_shuffled_objects,3,task_family_mean,0.392,0.3024247010219613
target_family,tracking_shuffled_objects,bigcode/starcoder2-3b,StarCoder2,tracking_shuffled_objects,3,task_family_mean,0.308,0.3024247010219613
target_family,tracking_shuffled_objects,deepseek-ai/deepseek-coder-1.3b-base,DeepSeek-Coder,tracking_shuffled_objects,3,task_family_mean,0.26,0.3024247010219613
target_family,tracking_shuffled_objects,deepseek-ai/deepseek-coder-6.7b-base,DeepSeek-Coder,tracking_shuffled_objects,3,task_family_mean,0.408,0.3024247010219613
target_family,tracking_shuffled_objects,deepseek-ai/deepseek-coder-33b-base,DeepSeek-Coder,tracking_shuffled_objects,3,task_family_mean,0.392,0.3024247010219613
target_family,tracking_shuffled_objects,meta-llama/Llama-2-7b-hf,Llama-2,tracking_shuffled_objects,5,task_family_mean,0.164,0.3024247010219613
target_family,tracking_shuffled_objects,meta-llama/Llama-2-13b-hf,Llama-2,tracking_shuffled_objects,5,task_family_mean,0.212,0.3024247010219613
target_family,tracking_shuffled_objects,meta-llama/Llama-2-70b-hf,Llama-2,tracking_shuffled_objects,5,task_family_mean,0.712,0.3024247010219613
target_family,tracking_shuffled_objects,huggyllama/llama-7b,Llama,tracking_shuffled_objects,5,task_family_mean,0.192,0.3024247010219613
target_family,tracking_shuffled_objects,huggyllama/llama-13b,Llama,tracking_shuffled_objects,5,task_family_mean,0.164,0.3024247010219613
target_family,tracking_shuffled_objects,huggyllama/llama-30b,Llama,tracking_shuffled_objects,5,task_family_mean,0.208,0.3024247010219613
target_family,tracking_shuffled_objects,huggyllama/llama-65b,Llama,tracking_shuffled_objects,5,task_family_mean,0.408,0.3024247010219613
target_family,tracking_shuffled_objects,Qwen/Qwen1.5-72B,Qwen1.5,tracking_shuffled_objects,5,task_family_mean,0.5863999999999999,0.3024247010219613
target_family,tracking_shuffled_objects,Qwen/Qwen1.5-32B,Qwen1.5,tracking_shuffled_objects,5,task_family_mean,0.596,0.3024247010219613
target_family,tracking_shuffled_objects,Qwen/Qwen1.5-14B,Qwen1.5,tracking_shuffled_objects,5,task_family_mean,0.512,0.3024247010219613
target_family,tracking_shuffled_objects,Qwen/Qwen1.5-7B,Qwen1.5,tracking_shuffled_objects,5,task_family_mean,0.124,0.3024247010219613
target_family,tracking_shuffled_objects,Qwen/Qwen1.5-4B,Qwen1.5,tracking_shuffled_objects,5,task_family_mean,0.168,0.3024247010219613
target_family,tracking_shuffled_objects,Qwen/Qwen1.5-1.8B,Qwen1.5,tracking_shuffled_objects,5,task_family_mean,0.08,0.3024247010219613
target_family,tracking_shuffled_objects,Qwen/Qwen1.5-0.5B,Qwen1.5,tracking_shuffled_objects,5,task_family_mean,0.064,0.3024247010219613
target_family,tracking_shuffled_objects,Qwen/Qwen-72B,Qwen,tracking_shuffled_objects,5,task_family_mean,0.64,0.3024247010219613
target_family,tracking_shuffled_objects,Qwen/Qwen-14B,Qwen,tracking_shuffled_objects,5,task_family_mean,0.0,0.3024247010219613
target_family,tracking_shuffled_objects,Qwen/Qwen-7B,Qwen,tracking_shuffled_objects,5,task_family_mean,0.1864,0.3024247010219613
target_family,tracking_shuffled_objects,mistralai/Mistral-7B-v0.1,Mistral,tracking_shuffled_objects,5,task_family_mean,0.312,0.3024247010219613
target_family,tracking_shuffled_objects,mistralai/Mixtral-8x7B-v0.1,Mixtral,tracking_shuffled_objects,5,task_family_mean,0.712,0.3024247010219613
target_family,tracking_shuffled_objects,01-ai/Yi-6B,Yi,tracking_shuffled_objects,5,task_family_mean,0.152,0.3024247010219613
target_family,tracking_shuffled_objects,01-ai/Yi-34B,Yi,tracking_shuffled_objects,5,task_family_mean,0.0,0.3024247010219613
target_family,tracking_shuffled_objects,google/gemma-7b,Gemma,tracking_shuffled_objects,5,task_family_mean,0.452,0.3024247010219613
target_family,tracking_shuffled_objects,google/gemma-2b,Gemma,tracking_shuffled_objects,5,task_family_mean,0.196,0.3024247010219613
target_family,tracking_shuffled_objects,tiiuae/falcon-40b,Falcon,tracking_shuffled_objects,5,task_family_mean,0.188,0.3024247010219613
target_family,tracking_shuffled_objects,tiiuae/falcon-7b,Falcon,tracking_shuffled_objects,5,task_family_mean,0.0,0.3024247010219613
target_family,tracking_shuffled_objects,tiiuae/falcon-rw-1b,Falcon,tracking_shuffled_objects,5,task_family_mean,0.18,0.3024247010219613
target_family,tracking_shuffled_objects,microsoft/phi-2,Phi,tracking_shuffled_objects,5,task_family_mean,0.904,0.3024247010219613
target_family,tracking_shuffled_objects,microsoft/phi-1_5,Phi,tracking_shuffled_objects,5,task_family_mean,0.168,0.3024247010219613
target_family,tracking_shuffled_objects,EleutherAI/pythia-1b-deduped,Pythia,tracking_shuffled_objects,5,task_family_mean,0.172,0.3024247010219613
target_family,tracking_shuffled_objects,EleutherAI/pythia-410m-deduped,Pythia,tracking_shuffled_objects,5,task_family_mean,0.168,0.3024247010219613
target_family,tracking_shuffled_objects,EleutherAI/pythia-6.9b-deduped,Pythia,tracking_shuffled_objects,5,task_family_mean,0.196,0.3024247010219613
target_family,tracking_shuffled_objects,EleutherAI/pythia-2.8b-deduped,Pythia,tracking_shuffled_objects,5,task_family_mean,0.144,0.3024247010219613
target_family,tracking_shuffled_objects,EleutherAI/pythia-12b-deduped,Pythia,tracking_shuffled_objects,5,task_family_mean,0.148,0.3024247010219613
target_family,tracking_shuffled_objects,EleutherAI/pythia-70m-deduped,Pythia,tracking_shuffled_objects,5,task_family_mean,0.0,0.3024247010219613
target_family,tracking_shuffled_objects,EleutherAI/pythia-1.4b-deduped,Pythia,tracking_shuffled_objects,5,task_family_mean,0.236,0.3024247010219613
target_family,tracking_shuffled_objects,EleutherAI/pythia-160m-deduped,Pythia,tracking_shuffled_objects,5,task_family_mean,0.004,0.3024247010219613
target_family,tracking_shuffled_objects,bigscience/bloom-560m,BLOOM,tracking_shuffled_objects,5,task_family_mean,0.0928,0.3024247010219613
target_family,tracking_shuffled_objects,bigscience/bloom-1b1,BLOOM,tracking_shuffled_objects,5,task_family_mean,0.2168,0.3024247010219613
target_family,tracking_shuffled_objects,bigscience/bloom-3b,BLOOM,tracking_shuffled_objects,5,task_family_mean,0.1816,0.3024247010219613
target_family,tracking_shuffled_objects,bigscience/bloom-7b1,BLOOM,tracking_shuffled_objects,5,task_family_mean,0.104,0.3024247010219613
target_family,tracking_shuffled_objects,EleutherAI/gpt-neox-20b,GPT-Neo/J,tracking_shuffled_objects,5,task_family_mean,0.16,0.3024247010219613
target_family,tracking_shuffled_objects,EleutherAI/gpt-neo-2.7B,GPT-Neo/J,tracking_shuffled_objects,5,task_family_mean,0.208,0.3024247010219613
target_family,tracking_shuffled_objects,EleutherAI/gpt-neo-1.3B,GPT-Neo/J,tracking_shuffled_objects,5,task_family_mean,0.212,0.3024247010219613
target_family,tracking_shuffled_objects,EleutherAI/gpt-neo-125m,GPT-Neo/J,tracking_shuffled_objects,5,task_family_mean,0.06,0.3024247010219613
target_family,tracking_shuffled_objects,EleutherAI/gpt-j-6b,GPT-Neo/J,tracking_shuffled_objects,5,task_family_mean,0.14,0.3024247010219613
target_family,tracking_shuffled_objects,facebook/opt-6.7b,OPT,tracking_shuffled_objects,5,task_family_mean,0.188,0.3024247010219613
target_family,tracking_shuffled_objects,facebook/opt-1.3b,OPT,tracking_shuffled_objects,5,task_family_mean,0.0,0.3024247010219613
target_family,tracking_shuffled_objects,facebook/opt-350m,OPT,tracking_shuffled_objects,5,task_family_mean,0.104,0.3024247010219613
target_family,tracking_shuffled_objects,facebook/opt-13b,OPT,tracking_shuffled_objects,5,task_family_mean,0.18,0.3024247010219613
target_family,tracking_shuffled_objects,facebook/opt-2.7b,OPT,tracking_shuffled_objects,5,task_family_mean,0.184,0.3024247010219613
target_family,tracking_shuffled_objects,facebook/opt-30b,OPT,tracking_shuffled_objects,5,task_family_mean,0.188,0.3024247010219613
target_family,tracking_shuffled_objects,facebook/opt-125m,OPT,tracking_shuffled_objects,5,task_family_mean,0.04,0.3024247010219613
target_family,tracking_shuffled_objects,facebook/opt-66b,OPT,tracking_shuffled_objects,5,task_family_mean,0.184,0.3024247010219613
target_family,tracking_shuffled_objects,mosaicml/mpt-30b,MPT,tracking_shuffled_objects,5,task_family_mean,0.236,0.3024247010219613
target_family,tracking_shuffled_objects,mosaicml/mpt-7b,MPT,tracking_shuffled_objects,5,task_family_mean,0.172,0.3024247010219613
target_family,tracking_shuffled_objects,facebook/xglm-564M,XGLM,tracking_shuffled_objects,5,task_family_mean,0.116,0.3024247010219613
target_family,tracking_shuffled_objects,facebook/xglm-1.7B,XGLM,tracking_shuffled_objects,5,task_family_mean,0.172,0.3024247010219613
target_family,tracking_shuffled_objects,facebook/xglm-4.5B,XGLM,tracking_shuffled_objects,5,task_family_mean,0.0,0.3024247010219613
target_family,tracking_shuffled_objects,facebook/xglm-7.5B,XGLM,tracking_shuffled_objects,5,task_family_mean,0.0,0.3024247010219613
target_family,tracking_shuffled_objects,codellama/CodeLlama-7b-hf,CodeLlama,tracking_shuffled_objects,5,task_family_mean,0.24,0.3024247010219613
target_family,tracking_shuffled_objects,codellama/CodeLlama-13b-hf,CodeLlama,tracking_shuffled_objects,5,task_family_mean,0.244,0.3024247010219613
target_family,tracking_shuffled_objects,codellama/CodeLlama-34b-hf,CodeLlama,tracking_shuffled_objects,5,task_family_mean,0.544,0.3024247010219613
target_family,tracking_shuffled_objects,codellama/CodeLlama-70b-hf,CodeLlama,tracking_shuffled_objects,5,task_family_mean,0.728,0.3024247010219613
target_family,tracking_shuffled_objects,bigcode/starcoderbase-1b,StarCoder,tracking_shuffled_objects,5,task_family_mean,0.168,0.3024247010219613
target_family,tracking_shuffled_objects,bigcode/starcoderbase-3b,StarCoder,tracking_shuffled_objects,5,task_family_mean,0.184,0.3024247010219613
target_family,tracking_shuffled_objects,bigcode/starcoderbase-7b,StarCoder,tracking_shuffled_objects,5,task_family_mean,0.124,0.3024247010219613
target_family,tracking_shuffled_objects,bigcode/starcoderbase,StarCoder,tracking_shuffled_objects,5,task_family_mean,0.2,0.3024247010219613
target_family,tracking_shuffled_objects,bigcode/starcoder2-15b,StarCoder2,tracking_shuffled_objects,5,task_family_mean,0.604,0.3024247010219613
target_family,tracking_shuffled_objects,bigcode/starcoder2-7b,StarCoder2,tracking_shuffled_objects,5,task_family_mean,0.36,0.3024247010219613
target_family,tracking_shuffled_objects,bigcode/starcoder2-3b,StarCoder2,tracking_shuffled_objects,5,task_family_mean,0.196,0.3024247010219613
target_family,tracking_shuffled_objects,deepseek-ai/deepseek-coder-1.3b-base,DeepSeek-Coder,tracking_shuffled_objects,5,task_family_mean,0.212,0.3024247010219613
target_family,tracking_shuffled_objects,deepseek-ai/deepseek-coder-6.7b-base,DeepSeek-Coder,tracking_shuffled_objects,5,task_family_mean,0.272,0.3024247010219613
target_family,tracking_shuffled_objects,deepseek-ai/deepseek-coder-33b-base,DeepSeek-Coder,tracking_shuffled_objects,5,task_family_mean,0.3,0.3024247010219613
target_family,tracking_shuffled_objects,meta-llama/Llama-2-7b-hf,Llama-2,tracking_shuffled_objects,7,task_family_mean,0.152,0.3024247010219613
target_family,tracking_shuffled_objects,meta-llama/Llama-2-13b-hf,Llama-2,tracking_shuffled_objects,7,task_family_mean,0.168,0.3024247010219613
target_family,tracking_shuffled_objects,meta-llama/Llama-2-70b-hf,Llama-2,tracking_shuffled_objects,7,task_family_mean,0.62,0.3024247010219613
target_family,tracking_shuffled_objects,huggyllama/llama-7b,Llama,tracking_shuffled_objects,7,task_family_mean,0.096,0.3024247010219613
target_family,tracking_shuffled_objects,huggyllama/llama-13b,Llama,tracking_shuffled_objects,7,task_family_mean,0.076,0.3024247010219613
target_family,tracking_shuffled_objects,huggyllama/llama-30b,Llama,tracking_shuffled_objects,7,task_family_mean,0.148,0.3024247010219613
target_family,tracking_shuffled_objects,huggyllama/llama-65b,Llama,tracking_shuffled_objects,7,task_family_mean,0.308,0.3024247010219613
target_family,tracking_shuffled_objects,Qwen/Qwen1.5-72B,Qwen1.5,tracking_shuffled_objects,7,task_family_mean,0.388,0.3024247010219613
target_family,tracking_shuffled_objects,Qwen/Qwen1.5-32B,Qwen1.5,tracking_shuffled_objects,7,task_family_mean,0.364,0.3024247010219613
target_family,tracking_shuffled_objects,Qwen/Qwen1.5-14B,Qwen1.5,tracking_shuffled_objects,7,task_family_mean,0.408,0.3024247010219613
target_family,tracking_shuffled_objects,Qwen/Qwen1.5-7B,Qwen1.5,tracking_shuffled_objects,7,task_family_mean,0.076,0.3024247010219613
target_family,tracking_shuffled_objects,Qwen/Qwen1.5-4B,Qwen1.5,tracking_shuffled_objects,7,task_family_mean,0.1411428571428571,0.3024247010219613
target_family,tracking_shuffled_objects,Qwen/Qwen1.5-1.8B,Qwen1.5,tracking_shuffled_objects,7,task_family_mean,0.0428571428571428,0.3024247010219613
target_family,tracking_shuffled_objects,Qwen/Qwen1.5-0.5B,Qwen1.5,tracking_shuffled_objects,7,task_family_mean,0.028,0.3024247010219613
target_family,tracking_shuffled_objects,Qwen/Qwen-72B,Qwen,tracking_shuffled_objects,7,task_family_mean,0.544,0.3024247010219613
target_family,tracking_shuffled_objects,Qwen/Qwen-14B,Qwen,tracking_shuffled_objects,7,task_family_mean,0.0,0.3024247010219613
target_family,tracking_shuffled_objects,Qwen/Qwen-7B,Qwen,tracking_shuffled_objects,7,task_family_mean,0.1348571428571428,0.3024247010219613
target_family,tracking_shuffled_objects,mistralai/Mistral-7B-v0.1,Mistral,tracking_shuffled_objects,7,task_family_mean,0.2,0.3024247010219613
target_family,tracking_shuffled_objects,mistralai/Mixtral-8x7B-v0.1,Mixtral,tracking_shuffled_objects,7,task_family_mean,0.64,0.3024247010219613
target_family,tracking_shuffled_objects,01-ai/Yi-6B,Yi,tracking_shuffled_objects,7,task_family_mean,0.136,0.3024247010219613
target_family,tracking_shuffled_objects,01-ai/Yi-34B,Yi,tracking_shuffled_objects,7,task_family_mean,0.0,0.3024247010219613
target_family,tracking_shuffled_objects,google/gemma-7b,Gemma,tracking_shuffled_objects,7,task_family_mean,0.376,0.3024247010219613
target_family,tracking_shuffled_objects,google/gemma-2b,Gemma,tracking_shuffled_objects,7,task_family_mean,0.12,0.3024247010219613
target_family,tracking_shuffled_objects,tiiuae/falcon-40b,Falcon,tracking_shuffled_objects,7,task_family_mean,0.14,0.3024247010219613
target_family,tracking_shuffled_objects,tiiuae/falcon-7b,Falcon,tracking_shuffled_objects,7,task_family_mean,0.0,0.3024247010219613
target_family,tracking_shuffled_objects,tiiuae/falcon-rw-1b,Falcon,tracking_shuffled_objects,7,task_family_mean,0.028,0.3024247010219613
target_family,tracking_shuffled_objects,microsoft/phi-2,Phi,tracking_shuffled_objects,7,task_family_mean,0.86,0.3024247010219613
target_family,tracking_shuffled_objects,microsoft/phi-1_5,Phi,tracking_shuffled_objects,7,task_family_mean,0.072,0.3024247010219613
target_family,tracking_shuffled_objects,EleutherAI/pythia-1b-deduped,Pythia,tracking_shuffled_objects,7,task_family_mean,0.104,0.3024247010219613
target_family,tracking_shuffled_objects,EleutherAI/pythia-410m-deduped,Pythia,tracking_shuffled_objects,7,task_family_mean,0.056,0.3024247010219613
target_family,tracking_shuffled_objects,EleutherAI/pythia-6.9b-deduped,Pythia,tracking_shuffled_objects,7,task_family_mean,0.048,0.3024247010219613
target_family,tracking_shuffled_objects,EleutherAI/pythia-2.8b-deduped,Pythia,tracking_shuffled_objects,7,task_family_mean,0.104,0.3024247010219613
target_family,tracking_shuffled_objects,EleutherAI/pythia-12b-deduped,Pythia,tracking_shuffled_objects,7,task_family_mean,0.056,0.3024247010219613
target_family,tracking_shuffled_objects,EleutherAI/pythia-70m-deduped,Pythia,tracking_shuffled_objects,7,task_family_mean,0.0,0.3024247010219613
target_family,tracking_shuffled_objects,EleutherAI/pythia-1.4b-deduped,Pythia,tracking_shuffled_objects,7,task_family_mean,0.156,0.3024247010219613
target_family,tracking_shuffled_objects,EleutherAI/pythia-160m-deduped,Pythia,tracking_shuffled_objects,7,task_family_mean,0.008,0.3024247010219613
target_family,tracking_shuffled_objects,bigscience/bloom-560m,BLOOM,tracking_shuffled_objects,7,task_family_mean,0.0697142857142857,0.3024247010219613
target_family,tracking_shuffled_objects,bigscience/bloom-1b1,BLOOM,tracking_shuffled_objects,7,task_family_mean,0.1302857142857142,0.3024247010219613
target_family,tracking_shuffled_objects,bigscience/bloom-3b,BLOOM,tracking_shuffled_objects,7,task_family_mean,0.1125714285714285,0.3024247010219613
target_family,tracking_shuffled_objects,bigscience/bloom-7b1,BLOOM,tracking_shuffled_objects,7,task_family_mean,0.008,0.3024247010219613
target_family,tracking_shuffled_objects,EleutherAI/gpt-neox-20b,GPT-Neo/J,tracking_shuffled_objects,7,task_family_mean,0.08,0.3024247010219613
target_family,tracking_shuffled_objects,EleutherAI/gpt-neo-2.7B,GPT-Neo/J,tracking_shuffled_objects,7,task_family_mean,0.056,0.3024247010219613
target_family,tracking_shuffled_objects,EleutherAI/gpt-neo-1.3B,GPT-Neo/J,tracking_shuffled_objects,7,task_family_mean,0.112,0.3024247010219613
target_family,tracking_shuffled_objects,EleutherAI/gpt-neo-125m,GPT-Neo/J,tracking_shuffled_objects,7,task_family_mean,0.012,0.3024247010219613
target_family,tracking_shuffled_objects,EleutherAI/gpt-j-6b,GPT-Neo/J,tracking_shuffled_objects,7,task_family_mean,0.104,0.3024247010219613
target_family,tracking_shuffled_objects,facebook/opt-6.7b,OPT,tracking_shuffled_objects,7,task_family_mean,0.128,0.3024247010219613
target_family,tracking_shuffled_objects,facebook/opt-1.3b,OPT,tracking_shuffled_objects,7,task_family_mean,0.0,0.3024247010219613
target_family,tracking_shuffled_objects,facebook/opt-350m,OPT,tracking_shuffled_objects,7,task_family_mean,0.02,0.3024247010219613
target_family,tracking_shuffled_objects,facebook/opt-13b,OPT,tracking_shuffled_objects,7,task_family_mean,0.112,0.3024247010219613
target_family,tracking_shuffled_objects,facebook/opt-2.7b,OPT,tracking_shuffled_objects,7,task_family_mean,0.14,0.3024247010219613
target_family,tracking_shuffled_objects,facebook/opt-30b,OPT,tracking_shuffled_objects,7,task_family_mean,0.18,0.3024247010219613
target_family,tracking_shuffled_objects,facebook/opt-125m,OPT,tracking_shuffled_objects,7,task_family_mean,0.012,0.3024247010219613
target_family,tracking_shuffled_objects,facebook/opt-66b,OPT,tracking_shuffled_objects,7,task_family_mean,0.128,0.3024247010219613
target_family,tracking_shuffled_objects,mosaicml/mpt-30b,MPT,tracking_shuffled_objects,7,task_family_mean,0.156,0.3024247010219613
target_family,tracking_shuffled_objects,mosaicml/mpt-7b,MPT,tracking_shuffled_objects,7,task_family_mean,0.02,0.3024247010219613
target_family,tracking_shuffled_objects,facebook/xglm-564M,XGLM,tracking_shuffled_objects,7,task_family_mean,0.068,0.3024247010219613
target_family,tracking_shuffled_objects,facebook/xglm-1.7B,XGLM,tracking_shuffled_objects,7,task_family_mean,0.112,0.3024247010219613
target_family,tracking_shuffled_objects,facebook/xglm-4.5B,XGLM,tracking_shuffled_objects,7,task_family_mean,0.0,0.3024247010219613
target_family,tracking_shuffled_objects,facebook/xglm-7.5B,XGLM,tracking_shuffled_objects,7,task_family_mean,0.0,0.3024247010219613
target_family,tracking_shuffled_objects,codellama/CodeLlama-7b-hf,CodeLlama,tracking_shuffled_objects,7,task_family_mean,0.18,0.3024247010219613
target_family,tracking_shuffled_objects,codellama/CodeLlama-13b-hf,CodeLlama,tracking_shuffled_objects,7,task_family_mean,0.132,0.3024247010219613
target_family,tracking_shuffled_objects,codellama/CodeLlama-34b-hf,CodeLlama,tracking_shuffled_objects,7,task_family_mean,0.404,0.3024247010219613
target_family,tracking_shuffled_objects,codellama/CodeLlama-70b-hf,CodeLlama,tracking_shuffled_objects,7,task_family_mean,0.648,0.3024247010219613
target_family,tracking_shuffled_objects,bigcode/starcoderbase-1b,StarCoder,tracking_shuffled_objects,7,task_family_mean,0.132,0.3024247010219613
target_family,tracking_shuffled_objects,bigcode/starcoderbase-3b,StarCoder,tracking_shuffled_objects,7,task_family_mean,0.148,0.3024247010219613
target_family,tracking_shuffled_objects,bigcode/starcoderbase-7b,StarCoder,tracking_shuffled_objects,7,task_family_mean,0.112,0.3024247010219613
target_family,tracking_shuffled_objects,bigcode/starcoderbase,StarCoder,tracking_shuffled_objects,7,task_family_mean,0.204,0.3024247010219613
target_family,tracking_shuffled_objects,bigcode/starcoder2-15b,StarCoder2,tracking_shuffled_objects,7,task_family_mean,0.656,0.3024247010219613
target_family,tracking_shuffled_objects,bigcode/starcoder2-7b,StarCoder2,tracking_shuffled_objects,7,task_family_mean,0.2,0.3024247010219613
target_family,tracking_shuffled_objects,bigcode/starcoder2-3b,StarCoder2,tracking_shuffled_objects,7,task_family_mean,0.16,0.3024247010219613
target_family,tracking_shuffled_objects,deepseek-ai/deepseek-coder-1.3b-base,DeepSeek-Coder,tracking_shuffled_objects,7,task_family_mean,0.128,0.3024247010219613
target_family,tracking_shuffled_objects,deepseek-ai/deepseek-coder-6.7b-base,DeepSeek-Coder,tracking_shuffled_objects,7,task_family_mean,0.244,0.3024247010219613
target_family,tracking_shuffled_objects,deepseek-ai/deepseek-coder-33b-base,DeepSeek-Coder,tracking_shuffled_objects,7,task_family_mean,0.268,0.3024247010219613
target_family,tracking_shuffled_objects,meta-llama/Llama-2-7b-hf,Llama-2,tracking_shuffled_objects,3,PC1,0.328,0.33391138160677836
target_family,tracking_shuffled_objects,meta-llama/Llama-2-13b-hf,Llama-2,tracking_shuffled_objects,3,PC1,0.36,0.38042865618064886
target_family,tracking_shuffled_objects,meta-llama/Llama-2-70b-hf,Llama-2,tracking_shuffled_objects,3,PC1,0.708,0.5423979790579189
target_family,tracking_shuffled_objects,huggyllama/llama-7b,Llama,tracking_shuffled_objects,3,PC1,0.364,0.27667032768986843
target_family,tracking_shuffled_objects,huggyllama/llama-13b,Llama,tracking_shuffled_objects,3,PC1,0.344,0.34373530295119437
target_family,tracking_shuffled_objects,huggyllama/llama-30b,Llama,tracking_shuffled_objects,3,PC1,0.292,0.41851131929726165
target_family,tracking_shuffled_objects,huggyllama/llama-65b,Llama,tracking_shuffled_objects,3,PC1,0.52,0.476600216333928
target_family,tracking_shuffled_objects,Qwen/Qwen1.5-72B,Qwen1.5,tracking_shuffled_objects,3,PC1,0.772,0.6040662757467008
target_family,tracking_shuffled_objects,Qwen/Qwen1.5-32B,Qwen1.5,tracking_shuffled_objects,3,PC1,0.704,0.565381208960907
target_family,tracking_shuffled_objects,Qwen/Qwen1.5-14B,Qwen1.5,tracking_shuffled_objects,3,PC1,0.632,0.4991225994121159
target_family,tracking_shuffled_objects,Qwen/Qwen1.5-7B,Qwen1.5,tracking_shuffled_objects,3,PC1,0.444,0.4407216098500547
target_family,tracking_shuffled_objects,Qwen/Qwen1.5-4B,Qwen1.5,tracking_shuffled_objects,3,PC1,0.22,0.36222409106617187
target_family,tracking_shuffled_objects,Qwen/Qwen1.5-1.8B,Qwen1.5,tracking_shuffled_objects,3,PC1,0.148,0.24662773160056695
target_family,tracking_shuffled_objects,Qwen/Qwen1.5-0.5B,Qwen1.5,tracking_shuffled_objects,3,PC1,0.18,0.17710507055195093
target_family,tracking_shuffled_objects,Qwen/Qwen-72B,Qwen,tracking_shuffled_objects,3,PC1,0.824,0.6095054925976517
target_family,tracking_shuffled_objects,Qwen/Qwen-14B,Qwen,tracking_shuffled_objects,3,PC1,0.0,0.5004522105100669
target_family,tracking_shuffled_objects,Qwen/Qwen-7B,Qwen,tracking_shuffled_objects,3,PC1,0.304,0.4092657489199658
target_family,tracking_shuffled_objects,mistralai/Mistral-7B-v0.1,Mistral,tracking_shuffled_objects,3,PC1,0.444,0.45010207460020324
target_family,tracking_shuffled_objects,mistralai/Mixtral-8x7B-v0.1,Mixtral,tracking_shuffled_objects,3,PC1,0.796,0.53892832731583
target_family,tracking_shuffled_objects,01-ai/Yi-6B,Yi,tracking_shuffled_objects,3,PC1,0.364,0.36720986303333764
target_family,tracking_shuffled_objects,01-ai/Yi-34B,Yi,tracking_shuffled_objects,3,PC1,0.204,0.5617233453760625
target_family,tracking_shuffled_objects,google/gemma-7b,Gemma,tracking_shuffled_objects,3,PC1,0.52,0.48301452832211306
target_family,tracking_shuffled_objects,google/gemma-2b,Gemma,tracking_shuffled_objects,3,PC1,0.336,0.2704240673178758
target_family,tracking_shuffled_objects,tiiuae/falcon-40b,Falcon,tracking_shuffled_objects,3,PC1,0.32,0.43262868410912997
target_family,tracking_shuffled_objects,tiiuae/falcon-7b,Falcon,tracking_shuffled_objects,3,PC1,0.324,0.2647137895748362
target_family,tracking_shuffled_objects,tiiuae/falcon-rw-1b,Falcon,tracking_shuffled_objects,3,PC1,0.312,0.16729625493381567
target_family,tracking_shuffled_objects,microsoft/phi-2,Phi,tracking_shuffled_objects,3,PC1,0.892,0.3667909887271407
target_family,tracking_shuffled_objects,microsoft/phi-1_5,Phi,tracking_shuffled_objects,3,PC1,0.348,0.25113323632256757
target_family,tracking_shuffled_objects,EleutherAI/pythia-1b-deduped,Pythia,tracking_shuffled_objects,3,PC1,0.336,0.14237725235752283
target_family,tracking_shuffled_objects,EleutherAI/pythia-410m-deduped,Pythia,tracking_shuffled_objects,3,PC1,0.32,0.13219579505247472
target_family,tracking_shuffled_objects,EleutherAI/pythia-6.9b-deduped,Pythia,tracking_shuffled_objects,3,PC1,0.336,0.2057145074379054
target_family,tracking_shuffled_objects,EleutherAI/pythia-2.8b-deduped,Pythia,tracking_shuffled_objects,3,PC1,0.332,0.1822851285809104
target_family,tracking_shuffled_objects,EleutherAI/pythia-12b-deduped,Pythia,tracking_shuffled_objects,3,PC1,0.296,0.21486074814946882
target_family,tracking_shuffled_objects,EleutherAI/pythia-70m-deduped,Pythia,tracking_shuffled_objects,3,PC1,0.0,0.1157840122647343
target_family,tracking_shuffled_objects,EleutherAI/pythia-1.4b-deduped,Pythia,tracking_shuffled_objects,3,PC1,0.364,0.1628553560288288
target_family,tracking_shuffled_objects,EleutherAI/pythia-160m-deduped,Pythia,tracking_shuffled_objects,3,PC1,0.0,0.1216128194224947
target_family,tracking_shuffled_objects,bigscience/bloom-560m,BLOOM,tracking_shuffled_objects,3,PC1,0.1706666666666667,0.1318881504894954
target_family,tracking_shuffled_objects,bigscience/bloom-1b1,BLOOM,tracking_shuffled_objects,3,PC1,0.2973333333333333,0.1508147635767486
target_family,tracking_shuffled_objects,bigscience/bloom-3b,BLOOM,tracking_shuffled_objects,3,PC1,0.3253333333333333,0.18390075389249824
target_family,tracking_shuffled_objects,bigscience/bloom-7b1,BLOOM,tracking_shuffled_objects,3,PC1,0.328,0.21811646379621083
target_family,tracking_shuffled_objects,EleutherAI/gpt-neox-20b,GPT-Neo/J,tracking_shuffled_objects,3,PC1,0.3,0.23820821028307756
target_family,tracking_shuffled_objects,EleutherAI/gpt-neo-2.7B,GPT-Neo/J,tracking_shuffled_objects,3,PC1,0.332,0.1691752451994134
target_family,tracking_shuffled_objects,EleutherAI/gpt-neo-1.3B,GPT-Neo/J,tracking_shuffled_objects,3,PC1,0.32,0.14987512166059214
target_family,tracking_shuffled_objects,EleutherAI/gpt-neo-125m,GPT-Neo/J,tracking_shuffled_objects,3,PC1,0.148,0.11984543781566799
target_family,tracking_shuffled_objects,EleutherAI/gpt-j-6b,GPT-Neo/J,tracking_shuffled_objects,3,PC1,0.336,0.21898033979611725
target_family,tracking_shuffled_objects,facebook/opt-6.7b,OPT,tracking_shuffled_objects,3,PC1,0.36,0.1937784553053149
target_family,tracking_shuffled_objects,facebook/opt-1.3b,OPT,tracking_shuffled_objects,3,PC1,0.292,0.15345189794375275
target_family,tracking_shuffled_objects,facebook/opt-350m,OPT,tracking_shuffled_objects,3,PC1,0.312,0.12253089157230365
target_family,tracking_shuffled_objects,facebook/opt-13b,OPT,tracking_shuffled_objects,3,PC1,0.332,0.20445926312098453
target_family,tracking_shuffled_objects,facebook/opt-2.7b,OPT,tracking_shuffled_objects,3,PC1,0.328,0.1715998202979725
target_family,tracking_shuffled_objects,facebook/opt-30b,OPT,tracking_shuffled_objects,3,PC1,0.296,0.22548808626423567
target_family,tracking_shuffled_objects,facebook/opt-125m,OPT,tracking_shuffled_objects,3,PC1,0.204,0.11664913779628473
target_family,tracking_shuffled_objects,facebook/opt-66b,OPT,tracking_shuffled_objects,3,PC1,0.332,0.23579303768188153
target_family,tracking_shuffled_objects,mosaicml/mpt-30b,MPT,tracking_shuffled_objects,3,PC1,0.336,0.3551211926189053
target_family,tracking_shuffled_objects,mosaicml/mpt-7b,MPT,tracking_shuffled_objects,3,PC1,0.324,0.2605055741839617
target_family,tracking_shuffled_objects,facebook/xglm-564M,XGLM,tracking_shuffled_objects,3,PC1,0.18,0.12928358020769992
target_family,tracking_shuffled_objects,facebook/xglm-1.7B,XGLM,tracking_shuffled_objects,3,PC1,0.188,0.14425121112105485
target_family,tracking_shuffled_objects,facebook/xglm-4.5B,XGLM,tracking_shuffled_objects,3,PC1,0.0,0.16593917147931117
target_family,tracking_shuffled_objects,facebook/xglm-7.5B,XGLM,tracking_shuffled_objects,3,PC1,0.0,0.18937922209587577
target_family,tracking_shuffled_objects,codellama/CodeLlama-7b-hf,CodeLlama,tracking_shuffled_objects,3,PC1,0.364,0.2258640971054997
target_family,tracking_shuffled_objects,codellama/CodeLlama-13b-hf,CodeLlama,tracking_shuffled_objects,3,PC1,0.348,0.26030509046148065
target_family,tracking_shuffled_objects,codellama/CodeLlama-34b-hf,CodeLlama,tracking_shuffled_objects,3,PC1,0.548,0.383189024713009
target_family,tracking_shuffled_objects,codellama/CodeLlama-70b-hf,CodeLlama,tracking_shuffled_objects,3,PC1,0.892,0.41664894911521444
target_family,tracking_shuffled_objects,bigcode/starcoderbase-1b,StarCoder,tracking_shuffled_objects,3,PC1,0.328,0.12922156959365358
target_family,tracking_shuffled_objects,bigcode/starcoderbase-3b,StarCoder,tracking_shuffled_objects,3,PC1,0.364,0.14061366313706056
target_family,tracking_shuffled_objects,bigcode/starcoderbase-7b,StarCoder,tracking_shuffled_objects,3,PC1,0.32,0.15397740142816527
target_family,tracking_shuffled_objects,bigcode/starcoderbase,StarCoder,tracking_shuffled_objects,3,PC1,0.376,0.16393772511632163
target_family,tracking_shuffled_objects,bigcode/starcoder2-15b,StarCoder2,tracking_shuffled_objects,3,PC1,0.66,0.32298641179649973
target_family,tracking_shuffled_objects,bigcode/starcoder2-7b,StarCoder2,tracking_shuffled_objects,3,PC1,0.392,0.21860162685558807
target_family,tracking_shuffled_objects,bigcode/starcoder2-3b,StarCoder2,tracking_shuffled_objects,3,PC1,0.308,0.18571506522916556
target_family,tracking_shuffled_objects,deepseek-ai/deepseek-coder-1.3b-base,DeepSeek-Coder,tracking_shuffled_objects,3,PC1,0.26,0.1432634823507378
target_family,tracking_shuffled_objects,deepseek-ai/deepseek-coder-6.7b-base,DeepSeek-Coder,tracking_shuffled_objects,3,PC1,0.408,0.2151055758086131
target_family,tracking_shuffled_objects,deepseek-ai/deepseek-coder-33b-base,DeepSeek-Coder,tracking_shuffled_objects,3,PC1,0.392,0.25953526842477315
target_family,tracking_shuffled_objects,meta-llama/Llama-2-7b-hf,Llama-2,tracking_shuffled_objects,5,PC1,0.164,0.33391138160677836
target_family,tracking_shuffled_objects,meta-llama/Llama-2-13b-hf,Llama-2,tracking_shuffled_objects,5,PC1,0.212,0.38042865618064886
target_family,tracking_shuffled_objects,meta-llama/Llama-2-70b-hf,Llama-2,tracking_shuffled_objects,5,PC1,0.712,0.5423979790579189
target_family,tracking_shuffled_objects,huggyllama/llama-7b,Llama,tracking_shuffled_objects,5,PC1,0.192,0.27667032768986843
target_family,tracking_shuffled_objects,huggyllama/llama-13b,Llama,tracking_shuffled_objects,5,PC1,0.164,0.34373530295119437
target_family,tracking_shuffled_objects,huggyllama/llama-30b,Llama,tracking_shuffled_objects,5,PC1,0.208,0.41851131929726165
target_family,tracking_shuffled_objects,huggyllama/llama-65b,Llama,tracking_shuffled_objects,5,PC1,0.408,0.476600216333928
target_family,tracking_shuffled_objects,Qwen/Qwen1.5-72B,Qwen1.5,tracking_shuffled_objects,5,PC1,0.5863999999999999,0.6040662757467008
target_family,tracking_shuffled_objects,Qwen/Qwen1.5-32B,Qwen1.5,tracking_shuffled_objects,5,PC1,0.596,0.565381208960907
target_family,tracking_shuffled_objects,Qwen/Qwen1.5-14B,Qwen1.5,tracking_shuffled_objects,5,PC1,0.512,0.4991225994121159
target_family,tracking_shuffled_objects,Qwen/Qwen1.5-7B,Qwen1.5,tracking_shuffled_objects,5,PC1,0.124,0.4407216098500547
target_family,tracking_shuffled_objects,Qwen/Qwen1.5-4B,Qwen1.5,tracking_shuffled_objects,5,PC1,0.168,0.36222409106617187
target_family,tracking_shuffled_objects,Qwen/Qwen1.5-1.8B,Qwen1.5,tracking_shuffled_objects,5,PC1,0.08,0.24662773160056695
target_family,tracking_shuffled_objects,Qwen/Qwen1.5-0.5B,Qwen1.5,tracking_shuffled_objects,5,PC1,0.064,0.17710507055195093
target_family,tracking_shuffled_objects,Qwen/Qwen-72B,Qwen,tracking_shuffled_objects,5,PC1,0.64,0.6095054925976517
target_family,tracking_shuffled_objects,Qwen/Qwen-14B,Qwen,tracking_shuffled_objects,5,PC1,0.0,0.5004522105100669
target_family,tracking_shuffled_objects,Qwen/Qwen-7B,Qwen,tracking_shuffled_objects,5,PC1,0.1864,0.4092657489199658
target_family,tracking_shuffled_objects,mistralai/Mistral-7B-v0.1,Mistral,tracking_shuffled_objects,5,PC1,0.312,0.45010207460020324
target_family,tracking_shuffled_objects,mistralai/Mixtral-8x7B-v0.1,Mixtral,tracking_shuffled_objects,5,PC1,0.712,0.53892832731583
target_family,tracking_shuffled_objects,01-ai/Yi-6B,Yi,tracking_shuffled_objects,5,PC1,0.152,0.36720986303333764
target_family,tracking_shuffled_objects,01-ai/Yi-34B,Yi,tracking_shuffled_objects,5,PC1,0.0,0.5617233453760625
target_family,tracking_shuffled_objects,google/gemma-7b,Gemma,tracking_shuffled_objects,5,PC1,0.452,0.48301452832211306
target_family,tracking_shuffled_objects,google/gemma-2b,Gemma,tracking_shuffled_objects,5,PC1,0.196,0.2704240673178758
target_family,tracking_shuffled_objects,tiiuae/falcon-40b,Falcon,tracking_shuffled_objects,5,PC1,0.188,0.43262868410912997
target_family,tracking_shuffled_objects,tiiuae/falcon-7b,Falcon,tracking_shuffled_objects,5,PC1,0.0,0.2647137895748362
target_family,tracking_shuffled_objects,tiiuae/falcon-rw-1b,Falcon,tracking_shuffled_objects,5,PC1,0.18,0.16729625493381567
target_family,tracking_shuffled_objects,microsoft/phi-2,Phi,tracking_shuffled_objects,5,PC1,0.904,0.3667909887271407
target_family,tracking_shuffled_objects,microsoft/phi-1_5,Phi,tracking_shuffled_objects,5,PC1,0.168,0.25113323632256757
target_family,tracking_shuffled_objects,EleutherAI/pythia-1b-deduped,Pythia,tracking_shuffled_objects,5,PC1,0.172,0.14237725235752283
target_family,tracking_shuffled_objects,EleutherAI/pythia-410m-deduped,Pythia,tracking_shuffled_objects,5,PC1,0.168,0.13219579505247472
target_family,tracking_shuffled_objects,EleutherAI/pythia-6.9b-deduped,Pythia,tracking_shuffled_objects,5,PC1,0.196,0.2057145074379054
target_family,tracking_shuffled_objects,EleutherAI/pythia-2.8b-deduped,Pythia,tracking_shuffled_objects,5,PC1,0.144,0.1822851285809104
target_family,tracking_shuffled_objects,EleutherAI/pythia-12b-deduped,Pythia,tracking_shuffled_objects,5,PC1,0.148,0.21486074814946882
target_family,tracking_shuffled_objects,EleutherAI/pythia-70m-deduped,Pythia,tracking_shuffled_objects,5,PC1,0.0,0.1157840122647343
target_family,tracking_shuffled_objects,EleutherAI/pythia-1.4b-deduped,Pythia,tracking_shuffled_objects,5,PC1,0.236,0.1628553560288288
target_family,tracking_shuffled_objects,EleutherAI/pythia-160m-deduped,Pythia,tracking_shuffled_objects,5,PC1,0.004,0.1216128194224947
target_family,tracking_shuffled_objects,bigscience/bloom-560m,BLOOM,tracking_shuffled_objects,5,PC1,0.0928,0.1318881504894954
target_family,tracking_shuffled_objects,bigscience/bloom-1b1,BLOOM,tracking_shuffled_objects,5,PC1,0.2168,0.1508147635767486
target_family,tracking_shuffled_objects,bigscience/bloom-3b,BLOOM,tracking_shuffled_objects,5,PC1,0.1816,0.18390075389249824
target_family,tracking_shuffled_objects,bigscience/bloom-7b1,BLOOM,tracking_shuffled_objects,5,PC1,0.104,0.21811646379621083
target_family,tracking_shuffled_objects,EleutherAI/gpt-neox-20b,GPT-Neo/J,tracking_shuffled_objects,5,PC1,0.16,0.23820821028307756
target_family,tracking_shuffled_objects,EleutherAI/gpt-neo-2.7B,GPT-Neo/J,tracking_shuffled_objects,5,PC1,0.208,0.1691752451994134
target_family,tracking_shuffled_objects,EleutherAI/gpt-neo-1.3B,GPT-Neo/J,tracking_shuffled_objects,5,PC1,0.212,0.14987512166059214
target_family,tracking_shuffled_objects,EleutherAI/gpt-neo-125m,GPT-Neo/J,tracking_shuffled_objects,5,PC1,0.06,0.11984543781566799
target_family,tracking_shuffled_objects,EleutherAI/gpt-j-6b,GPT-Neo/J,tracking_shuffled_objects,5,PC1,0.14,0.21898033979611725
target_family,tracking_shuffled_objects,facebook/opt-6.7b,OPT,tracking_shuffled_objects,5,PC1,0.188,0.1937784553053149
target_family,tracking_shuffled_objects,facebook/opt-1.3b,OPT,tracking_shuffled_objects,5,PC1,0.0,0.15345189794375275
target_family,tracking_shuffled_objects,facebook/opt-350m,OPT,tracking_shuffled_objects,5,PC1,0.104,0.12253089157230365
target_family,tracking_shuffled_objects,facebook/opt-13b,OPT,tracking_shuffled_objects,5,PC1,0.18,0.20445926312098453
target_family,tracking_shuffled_objects,facebook/opt-2.7b,OPT,tracking_shuffled_objects,5,PC1,0.184,0.1715998202979725
target_family,tracking_shuffled_objects,facebook/opt-30b,OPT,tracking_shuffled_objects,5,PC1,0.188,0.22548808626423567
target_family,tracking_shuffled_objects,facebook/opt-125m,OPT,tracking_shuffled_objects,5,PC1,0.04,0.11664913779628473
target_family,tracking_shuffled_objects,facebook/opt-66b,OPT,tracking_shuffled_objects,5,PC1,0.184,0.23579303768188153
target_family,tracking_shuffled_objects,mosaicml/mpt-30b,MPT,tracking_shuffled_objects,5,PC1,0.236,0.3551211926189053
target_family,tracking_shuffled_objects,mosaicml/mpt-7b,MPT,tracking_shuffled_objects,5,PC1,0.172,0.2605055741839617
target_family,tracking_shuffled_objects,facebook/xglm-564M,XGLM,tracking_shuffled_objects,5,PC1,0.116,0.12928358020769992
target_family,tracking_shuffled_objects,facebook/xglm-1.7B,XGLM,tracking_shuffled_objects,5,PC1,0.172,0.14425121112105485
target_family,tracking_shuffled_objects,facebook/xglm-4.5B,XGLM,tracking_shuffled_objects,5,PC1,0.0,0.16593917147931117
target_family,tracking_shuffled_objects,facebook/xglm-7.5B,XGLM,tracking_shuffled_objects,5,PC1,0.0,0.18937922209587577
target_family,tracking_shuffled_objects,codellama/CodeLlama-7b-hf,CodeLlama,tracking_shuffled_objects,5,PC1,0.24,0.2258640971054997
target_family,tracking_shuffled_objects,codellama/CodeLlama-13b-hf,CodeLlama,tracking_shuffled_objects,5,PC1,0.244,0.26030509046148065
target_family,tracking_shuffled_objects,codellama/CodeLlama-34b-hf,CodeLlama,tracking_shuffled_objects,5,PC1,0.544,0.383189024713009
target_family,tracking_shuffled_objects,codellama/CodeLlama-70b-hf,CodeLlama,tracking_shuffled_objects,5,PC1,0.728,0.41664894911521444
target_family,tracking_shuffled_objects,bigcode/starcoderbase-1b,StarCoder,tracking_shuffled_objects,5,PC1,0.168,0.12922156959365358
target_family,tracking_shuffled_objects,bigcode/starcoderbase-3b,StarCoder,tracking_shuffled_objects,5,PC1,0.184,0.14061366313706056
target_family,tracking_shuffled_objects,bigcode/starcoderbase-7b,StarCoder,tracking_shuffled_objects,5,PC1,0.124,0.15397740142816527
target_family,tracking_shuffled_objects,bigcode/starcoderbase,StarCoder,tracking_shuffled_objects,5,PC1,0.2,0.16393772511632163
target_family,tracking_shuffled_objects,bigcode/starcoder2-15b,StarCoder2,tracking_shuffled_objects,5,PC1,0.604,0.32298641179649973
target_family,tracking_shuffled_objects,bigcode/starcoder2-7b,StarCoder2,tracking_shuffled_objects,5,PC1,0.36,0.21860162685558807
target_family,tracking_shuffled_objects,bigcode/starcoder2-3b,StarCoder2,tracking_shuffled_objects,5,PC1,0.196,0.18571506522916556
target_family,tracking_shuffled_objects,deepseek-ai/deepseek-coder-1.3b-base,DeepSeek-Coder,tracking_shuffled_objects,5,PC1,0.212,0.1432634823507378
target_family,tracking_shuffled_objects,deepseek-ai/deepseek-coder-6.7b-base,DeepSeek-Coder,tracking_shuffled_objects,5,PC1,0.272,0.2151055758086131
target_family,tracking_shuffled_objects,deepseek-ai/deepseek-coder-33b-base,DeepSeek-Coder,tracking_shuffled_objects,5,PC1,0.3,0.25953526842477315
target_family,tracking_shuffled_objects,meta-llama/Llama-2-7b-hf,Llama-2,tracking_shuffled_objects,7,PC1,0.152,0.33391138160677836
target_family,tracking_shuffled_objects,meta-llama/Llama-2-13b-hf,Llama-2,tracking_shuffled_objects,7,PC1,0.168,0.38042865618064886
target_family,tracking_shuffled_objects,meta-llama/Llama-2-70b-hf,Llama-2,tracking_shuffled_objects,7,PC1,0.62,0.5423979790579189
target_family,tracking_shuffled_objects,huggyllama/llama-7b,Llama,tracking_shuffled_objects,7,PC1,0.096,0.27667032768986843
target_family,tracking_shuffled_objects,huggyllama/llama-13b,Llama,tracking_shuffled_objects,7,PC1,0.076,0.34373530295119437
target_family,tracking_shuffled_objects,huggyllama/llama-30b,Llama,tracking_shuffled_objects,7,PC1,0.148,0.41851131929726165
target_family,tracking_shuffled_objects,huggyllama/llama-65b,Llama,tracking_shuffled_objects,7,PC1,0.308,0.476600216333928
target_family,tracking_shuffled_objects,Qwen/Qwen1.5-72B,Qwen1.5,tracking_shuffled_objects,7,PC1,0.388,0.6040662757467008
target_family,tracking_shuffled_objects,Qwen/Qwen1.5-32B,Qwen1.5,tracking_shuffled_objects,7,PC1,0.364,0.565381208960907
target_family,tracking_shuffled_objects,Qwen/Qwen1.5-14B,Qwen1.5,tracking_shuffled_objects,7,PC1,0.408,0.4991225994121159
target_family,tracking_shuffled_objects,Qwen/Qwen1.5-7B,Qwen1.5,tracking_shuffled_objects,7,PC1,0.076,0.4407216098500547
target_family,tracking_shuffled_objects,Qwen/Qwen1.5-4B,Qwen1.5,tracking_shuffled_objects,7,PC1,0.1411428571428571,0.36222409106617187
target_family,tracking_shuffled_objects,Qwen/Qwen1.5-1.8B,Qwen1.5,tracking_shuffled_objects,7,PC1,0.0428571428571428,0.24662773160056695
target_family,tracking_shuffled_objects,Qwen/Qwen1.5-0.5B,Qwen1.5,tracking_shuffled_objects,7,PC1,0.028,0.17710507055195093
target_family,tracking_shuffled_objects,Qwen/Qwen-72B,Qwen,tracking_shuffled_objects,7,PC1,0.544,0.6095054925976517
target_family,tracking_shuffled_objects,Qwen/Qwen-14B,Qwen,tracking_shuffled_objects,7,PC1,0.0,0.5004522105100669
target_family,tracking_shuffled_objects,Qwen/Qwen-7B,Qwen,tracking_shuffled_objects,7,PC1,0.1348571428571428,0.4092657489199658
target_family,tracking_shuffled_objects,mistralai/Mistral-7B-v0.1,Mistral,tracking_shuffled_objects,7,PC1,0.2,0.45010207460020324
target_family,tracking_shuffled_objects,mistralai/Mixtral-8x7B-v0.1,Mixtral,tracking_shuffled_objects,7,PC1,0.64,0.53892832731583
target_family,tracking_shuffled_objects,01-ai/Yi-6B,Yi,tracking_shuffled_objects,7,PC1,0.136,0.36720986303333764
target_family,tracking_shuffled_objects,01-ai/Yi-34B,Yi,tracking_shuffled_objects,7,PC1,0.0,0.5617233453760625
target_family,tracking_shuffled_objects,google/gemma-7b,Gemma,tracking_shuffled_objects,7,PC1,0.376,0.48301452832211306
target_family,tracking_shuffled_objects,google/gemma-2b,Gemma,tracking_shuffled_objects,7,PC1,0.12,0.2704240673178758
target_family,tracking_shuffled_objects,tiiuae/falcon-40b,Falcon,tracking_shuffled_objects,7,PC1,0.14,0.43262868410912997
target_family,tracking_shuffled_objects,tiiuae/falcon-7b,Falcon,tracking_shuffled_objects,7,PC1,0.0,0.2647137895748362
target_family,tracking_shuffled_objects,tiiuae/falcon-rw-1b,Falcon,tracking_shuffled_objects,7,PC1,0.028,0.16729625493381567
target_family,tracking_shuffled_objects,microsoft/phi-2,Phi,tracking_shuffled_objects,7,PC1,0.86,0.3667909887271407
target_family,tracking_shuffled_objects,microsoft/phi-1_5,Phi,tracking_shuffled_objects,7,PC1,0.072,0.25113323632256757
target_family,tracking_shuffled_objects,EleutherAI/pythia-1b-deduped,Pythia,tracking_shuffled_objects,7,PC1,0.104,0.14237725235752283
target_family,tracking_shuffled_objects,EleutherAI/pythia-410m-deduped,Pythia,tracking_shuffled_objects,7,PC1,0.056,0.13219579505247472
target_family,tracking_shuffled_objects,EleutherAI/pythia-6.9b-deduped,Pythia,tracking_shuffled_objects,7,PC1,0.048,0.2057145074379054
target_family,tracking_shuffled_objects,EleutherAI/pythia-2.8b-deduped,Pythia,tracking_shuffled_objects,7,PC1,0.104,0.1822851285809104
target_family,tracking_shuffled_objects,EleutherAI/pythia-12b-deduped,Pythia,tracking_shuffled_objects,7,PC1,0.056,0.21486074814946882
target_family,tracking_shuffled_objects,EleutherAI/pythia-70m-deduped,Pythia,tracking_shuffled_objects,7,PC1,0.0,0.1157840122647343
target_family,tracking_shuffled_objects,EleutherAI/pythia-1.4b-deduped,Pythia,tracking_shuffled_objects,7,PC1,0.156,0.1628553560288288
target_family,tracking_shuffled_objects,EleutherAI/pythia-160m-deduped,Pythia,tracking_shuffled_objects,7,PC1,0.008,0.1216128194224947
target_family,tracking_shuffled_objects,bigscience/bloom-560m,BLOOM,tracking_shuffled_objects,7,PC1,0.0697142857142857,0.1318881504894954
target_family,tracking_shuffled_objects,bigscience/bloom-1b1,BLOOM,tracking_shuffled_objects,7,PC1,0.1302857142857142,0.1508147635767486
target_family,tracking_shuffled_objects,bigscience/bloom-3b,BLOOM,tracking_shuffled_objects,7,PC1,0.1125714285714285,0.18390075389249824
target_family,tracking_shuffled_objects,bigscience/bloom-7b1,BLOOM,tracking_shuffled_objects,7,PC1,0.008,0.21811646379621083
target_family,tracking_shuffled_objects,EleutherAI/gpt-neox-20b,GPT-Neo/J,tracking_shuffled_objects,7,PC1,0.08,0.23820821028307756
target_family,tracking_shuffled_objects,EleutherAI/gpt-neo-2.7B,GPT-Neo/J,tracking_shuffled_objects,7,PC1,0.056,0.1691752451994134
target_family,tracking_shuffled_objects,EleutherAI/gpt-neo-1.3B,GPT-Neo/J,tracking_shuffled_objects,7,PC1,0.112,0.14987512166059214
target_family,tracking_shuffled_objects,EleutherAI/gpt-neo-125m,GPT-Neo/J,tracking_shuffled_objects,7,PC1,0.012,0.11984543781566799
target_family,tracking_shuffled_objects,EleutherAI/gpt-j-6b,GPT-Neo/J,tracking_shuffled_objects,7,PC1,0.104,0.21898033979611725
target_family,tracking_shuffled_objects,facebook/opt-6.7b,OPT,tracking_shuffled_objects,7,PC1,0.128,0.1937784553053149
target_family,tracking_shuffled_objects,facebook/opt-1.3b,OPT,tracking_shuffled_objects,7,PC1,0.0,0.15345189794375275
target_family,tracking_shuffled_objects,facebook/opt-350m,OPT,tracking_shuffled_objects,7,PC1,0.02,0.12253089157230365
target_family,tracking_shuffled_objects,facebook/opt-13b,OPT,tracking_shuffled_objects,7,PC1,0.112,0.20445926312098453
target_family,tracking_shuffled_objects,facebook/opt-2.7b,OPT,tracking_shuffled_objects,7,PC1,0.14,0.1715998202979725
target_family,tracking_shuffled_objects,facebook/opt-30b,OPT,tracking_shuffled_objects,7,PC1,0.18,0.22548808626423567
target_family,tracking_shuffled_objects,facebook/opt-125m,OPT,tracking_shuffled_objects,7,PC1,0.012,0.11664913779628473
target_family,tracking_shuffled_objects,facebook/opt-66b,OPT,tracking_shuffled_objects,7,PC1,0.128,0.23579303768188153
target_family,tracking_shuffled_objects,mosaicml/mpt-30b,MPT,tracking_shuffled_objects,7,PC1,0.156,0.3551211926189053
target_family,tracking_shuffled_objects,mosaicml/mpt-7b,MPT,tracking_shuffled_objects,7,PC1,0.02,0.2605055741839617
target_family,tracking_shuffled_objects,facebook/xglm-564M,XGLM,tracking_shuffled_objects,7,PC1,0.068,0.12928358020769992
target_family,tracking_shuffled_objects,facebook/xglm-1.7B,XGLM,tracking_shuffled_objects,7,PC1,0.112,0.14425121112105485
target_family,tracking_shuffled_objects,facebook/xglm-4.5B,XGLM,tracking_shuffled_objects,7,PC1,0.0,0.16593917147931117
target_family,tracking_shuffled_objects,facebook/xglm-7.5B,XGLM,tracking_shuffled_objects,7,PC1,0.0,0.18937922209587577
target_family,tracking_shuffled_objects,codellama/CodeLlama-7b-hf,CodeLlama,tracking_shuffled_objects,7,PC1,0.18,0.2258640971054997
target_family,tracking_shuffled_objects,codellama/CodeLlama-13b-hf,CodeLlama,tracking_shuffled_objects,7,PC1,0.132,0.26030509046148065
target_family,tracking_shuffled_objects,codellama/CodeLlama-34b-hf,CodeLlama,tracking_shuffled_objects,7,PC1,0.404,0.383189024713009
target_family,tracking_shuffled_objects,codellama/CodeLlama-70b-hf,CodeLlama,tracking_shuffled_objects,7,PC1,0.648,0.41664894911521444
target_family,tracking_shuffled_objects,bigcode/starcoderbase-1b,StarCoder,tracking_shuffled_objects,7,PC1,0.132,0.12922156959365358
target_family,tracking_shuffled_objects,bigcode/starcoderbase-3b,StarCoder,tracking_shuffled_objects,7,PC1,0.148,0.14061366313706056
target_family,tracking_shuffled_objects,bigcode/starcoderbase-7b,StarCoder,tracking_shuffled_objects,7,PC1,0.112,0.15397740142816527
target_family,tracking_shuffled_objects,bigcode/starcoderbase,StarCoder,tracking_shuffled_objects,7,PC1,0.204,0.16393772511632163
target_family,tracking_shuffled_objects,bigcode/starcoder2-15b,StarCoder2,tracking_shuffled_objects,7,PC1,0.656,0.32298641179649973
target_family,tracking_shuffled_objects,bigcode/starcoder2-7b,StarCoder2,tracking_shuffled_objects,7,PC1,0.2,0.21860162685558807
target_family,tracking_shuffled_objects,bigcode/starcoder2-3b,StarCoder2,tracking_shuffled_objects,7,PC1,0.16,0.18571506522916556
target_family,tracking_shuffled_objects,deepseek-ai/deepseek-coder-1.3b-base,DeepSeek-Coder,tracking_shuffled_objects,7,PC1,0.128,0.1432634823507378
target_family,tracking_shuffled_objects,deepseek-ai/deepseek-coder-6.7b-base,DeepSeek-Coder,tracking_shuffled_objects,7,PC1,0.244,0.2151055758086131
target_family,tracking_shuffled_objects,deepseek-ai/deepseek-coder-33b-base,DeepSeek-Coder,tracking_shuffled_objects,7,PC1,0.268,0.25953526842477315
target_family,tracking_shuffled_objects,meta-llama/Llama-2-7b-hf,Llama-2,tracking_shuffled_objects,3,PC3,0.328,0.38222649721159163
target_family,tracking_shuffled_objects,meta-llama/Llama-2-13b-hf,Llama-2,tracking_shuffled_objects,3,PC3,0.36,0.4568253555056336
target_family,tracking_shuffled_objects,meta-llama/Llama-2-70b-hf,Llama-2,tracking_shuffled_objects,3,PC3,0.708,0.5522855822061942
target_family,tracking_shuffled_objects,huggyllama/llama-7b,Llama,tracking_shuffled_objects,3,PC3,0.364,0.32678118892086644
target_family,tracking_shuffled_objects,huggyllama/llama-13b,Llama,tracking_shuffled_objects,3,PC3,0.344,0.3817786510525562
target_family,tracking_shuffled_objects,huggyllama/llama-30b,Llama,tracking_shuffled_objects,3,PC3,0.292,0.45078994290035157
target_family,tracking_shuffled_objects,huggyllama/llama-65b,Llama,tracking_shuffled_objects,3,PC3,0.52,0.48802432170999144
target_family,tracking_shuffled_objects,Qwen/Qwen1.5-72B,Qwen1.5,tracking_shuffled_objects,3,PC3,0.772,0.5289704234012422
target_family,tracking_shuffled_objects,Qwen/Qwen1.5-32B,Qwen1.5,tracking_shuffled_objects,3,PC3,0.704,0.4903225831646192
target_family,tracking_shuffled_objects,Qwen/Qwen1.5-14B,Qwen1.5,tracking_shuffled_objects,3,PC3,0.632,0.4458047939936892
target_family,tracking_shuffled_objects,Qwen/Qwen1.5-7B,Qwen1.5,tracking_shuffled_objects,3,PC3,0.444,0.395969118712373
target_family,tracking_shuffled_objects,Qwen/Qwen1.5-4B,Qwen1.5,tracking_shuffled_objects,3,PC3,0.22,0.31649444563430945
target_family,tracking_shuffled_objects,Qwen/Qwen1.5-1.8B,Qwen1.5,tracking_shuffled_objects,3,PC3,0.148,0.2364960894200905
target_family,tracking_shuffled_objects,Qwen/Qwen1.5-0.5B,Qwen1.5,tracking_shuffled_objects,3,PC3,0.18,0.1624268149776926
target_family,tracking_shuffled_objects,Qwen/Qwen-72B,Qwen,tracking_shuffled_objects,3,PC3,0.824,0.5302116528312464
target_family,tracking_shuffled_objects,Qwen/Qwen-14B,Qwen,tracking_shuffled_objects,3,PC3,0.0,0.47319641331305784
target_family,tracking_shuffled_objects,Qwen/Qwen-7B,Qwen,tracking_shuffled_objects,3,PC3,0.304,0.38043277204301695
target_family,tracking_shuffled_objects,mistralai/Mistral-7B-v0.1,Mistral,tracking_shuffled_objects,3,PC3,0.444,0.47043465997954537
target_family,tracking_shuffled_objects,mistralai/Mixtral-8x7B-v0.1,Mixtral,tracking_shuffled_objects,3,PC3,0.796,0.5253003948352845
target_family,tracking_shuffled_objects,01-ai/Yi-6B,Yi,tracking_shuffled_objects,3,PC3,0.364,0.3767411256560157
target_family,tracking_shuffled_objects,01-ai/Yi-34B,Yi,tracking_shuffled_objects,3,PC3,0.204,0.49932624626581606
target_family,tracking_shuffled_objects,google/gemma-7b,Gemma,tracking_shuffled_objects,3,PC3,0.52,0.4788196983172904
target_family,tracking_shuffled_objects,google/gemma-2b,Gemma,tracking_shuffled_objects,3,PC3,0.336,0.32236856683912585
target_family,tracking_shuffled_objects,tiiuae/falcon-40b,Falcon,tracking_shuffled_objects,3,PC3,0.32,0.4706603558979216
target_family,tracking_shuffled_objects,tiiuae/falcon-7b,Falcon,tracking_shuffled_objects,3,PC3,0.324,0.33032547494728104
target_family,tracking_shuffled_objects,tiiuae/falcon-rw-1b,Falcon,tracking_shuffled_objects,3,PC3,0.312,0.1629572284380915
target_family,tracking_shuffled_objects,microsoft/phi-2,Phi,tracking_shuffled_objects,3,PC3,0.892,0.26954621640378934
target_family,tracking_shuffled_objects,microsoft/phi-1_5,Phi,tracking_shuffled_objects,3,PC3,0.348,0.20244456441142375
target_family,tracking_shuffled_objects,EleutherAI/pythia-1b-deduped,Pythia,tracking_shuffled_objects,3,PC3,0.336,0.13547663880227687
target_family,tracking_shuffled_objects,EleutherAI/pythia-410m-deduped,Pythia,tracking_shuffled_objects,3,PC3,0.32,0.1151684726033493
target_family,tracking_shuffled_objects,EleutherAI/pythia-6.9b-deduped,Pythia,tracking_shuffled_objects,3,PC3,0.336,0.23755036495916368
target_family,tracking_shuffled_objects,EleutherAI/pythia-2.8b-deduped,Pythia,tracking_shuffled_objects,3,PC3,0.332,0.20615280150218432
target_family,tracking_shuffled_objects,EleutherAI/pythia-12b-deduped,Pythia,tracking_shuffled_objects,3,PC3,0.296,0.26755369928961886
target_family,tracking_shuffled_objects,EleutherAI/pythia-70m-deduped,Pythia,tracking_shuffled_objects,3,PC3,0.0,0.08430825387115375
target_family,tracking_shuffled_objects,EleutherAI/pythia-1.4b-deduped,Pythia,tracking_shuffled_objects,3,PC3,0.364,0.1638120945887243
target_family,tracking_shuffled_objects,EleutherAI/pythia-160m-deduped,Pythia,tracking_shuffled_objects,3,PC3,0.0,0.09648852638274706
target_family,tracking_shuffled_objects,bigscience/bloom-560m,BLOOM,tracking_shuffled_objects,3,PC3,0.1706666666666667,0.11949131469339641
target_family,tracking_shuffled_objects,bigscience/bloom-1b1,BLOOM,tracking_shuffled_objects,3,PC3,0.2973333333333333,0.14487182308193702
target_family,tracking_shuffled_objects,bigscience/bloom-3b,BLOOM,tracking_shuffled_objects,3,PC3,0.3253333333333333,0.19703853153876238
target_family,tracking_shuffled_objects,bigscience/bloom-7b1,BLOOM,tracking_shuffled_objects,3,PC3,0.328,0.25054610799332133
target_family,tracking_shuffled_objects,EleutherAI/gpt-neox-20b,GPT-Neo/J,tracking_shuffled_objects,3,PC3,0.3,0.31136624444444505
target_family,tracking_shuffled_objects,EleutherAI/gpt-neo-2.7B,GPT-Neo/J,tracking_shuffled_objects,3,PC3,0.332,0.1614665965179033
target_family,tracking_shuffled_objects,EleutherAI/gpt-neo-1.3B,GPT-Neo/J,tracking_shuffled_objects,3,PC3,0.32,0.14017485326395573
target_family,tracking_shuffled_objects,EleutherAI/gpt-neo-125m,GPT-Neo/J,tracking_shuffled_objects,3,PC3,0.148,0.08936988175422515
target_family,tracking_shuffled_objects,EleutherAI/gpt-j-6b,GPT-Neo/J,tracking_shuffled_objects,3,PC3,0.336,0.2579217123479379
target_family,tracking_shuffled_objects,facebook/opt-6.7b,OPT,tracking_shuffled_objects,3,PC3,0.36,0.20866400746707822
target_family,tracking_shuffled_objects,facebook/opt-1.3b,OPT,tracking_shuffled_objects,3,PC3,0.292,0.14331891031549948
target_family,tracking_shuffled_objects,facebook/opt-350m,OPT,tracking_shuffled_objects,3,PC3,0.312,0.10327409975024893
target_family,tracking_shuffled_objects,facebook/opt-13b,OPT,tracking_shuffled_objects,3,PC3,0.332,0.22781086433742762
target_family,tracking_shuffled_objects,facebook/opt-2.7b,OPT,tracking_shuffled_objects,3,PC3,0.328,0.1708300486152224
target_family,tracking_shuffled_objects,facebook/opt-30b,OPT,tracking_shuffled_objects,3,PC3,0.296,0.25125184110242405
target_family,tracking_shuffled_objects,facebook/opt-125m,OPT,tracking_shuffled_objects,3,PC3,0.204,0.09109042519458944
target_family,tracking_shuffled_objects,facebook/opt-66b,OPT,tracking_shuffled_objects,3,PC3,0.332,0.26738442154444225
target_family,tracking_shuffled_objects,mosaicml/mpt-30b,MPT,tracking_shuffled_objects,3,PC3,0.336,0.400375181395501
target_family,tracking_shuffled_objects,mosaicml/mpt-7b,MPT,tracking_shuffled_objects,3,PC3,0.324,0.3275222289494391
target_family,tracking_shuffled_objects,facebook/xglm-564M,XGLM,tracking_shuffled_objects,3,PC3,0.18,0.12196089353466248
target_family,tracking_shuffled_objects,facebook/xglm-1.7B,XGLM,tracking_shuffled_objects,3,PC3,0.188,0.15636182371894342
target_family,tracking_shuffled_objects,facebook/xglm-4.5B,XGLM,tracking_shuffled_objects,3,PC3,0.0,0.19376118835554568
target_family,tracking_shuffled_objects,facebook/xglm-7.5B,XGLM,tracking_shuffled_objects,3,PC3,0.0,0.22735665893072232
target_family,tracking_shuffled_objects,codellama/CodeLlama-7b-hf,CodeLlama,tracking_shuffled_objects,3,PC3,0.364,0.26995194930351785
target_family,tracking_shuffled_objects,codellama/CodeLlama-13b-hf,CodeLlama,tracking_shuffled_objects,3,PC3,0.348,0.2807146933966211
target_family,tracking_shuffled_objects,codellama/CodeLlama-34b-hf,CodeLlama,tracking_shuffled_objects,3,PC3,0.548,0.4263326939300437
target_family,tracking_shuffled_objects,codellama/CodeLlama-70b-hf,CodeLlama,tracking_shuffled_objects,3,PC3,0.892,0.4438117052390573
target_family,tracking_shuffled_objects,bigcode/starcoderbase-1b,StarCoder,tracking_shuffled_objects,3,PC3,0.328,0.10635973314180203
target_family,tracking_shuffled_objects,bigcode/starcoderbase-3b,StarCoder,tracking_shuffled_objects,3,PC3,0.364,0.12892603787874374
target_family,tracking_shuffled_objects,bigcode/starcoderbase-7b,StarCoder,tracking_shuffled_objects,3,PC3,0.32,0.14667967105996607
target_family,tracking_shuffled_objects,bigcode/starcoderbase,StarCoder,tracking_shuffled_objects,3,PC3,0.376,0.1552556679572556
target_family,tracking_shuffled_objects,bigcode/starcoder2-15b,StarCoder2,tracking_shuffled_objects,3,PC3,0.66,0.34047697646354114
target_family,tracking_shuffled_objects,bigcode/starcoder2-7b,StarCoder2,tracking_shuffled_objects,3,PC3,0.392,0.19729754484172973
target_family,tracking_shuffled_objects,bigcode/starcoder2-3b,StarCoder2,tracking_shuffled_objects,3,PC3,0.308,0.16999825636001367
target_family,tracking_shuffled_objects,deepseek-ai/deepseek-coder-1.3b-base,DeepSeek-Coder,tracking_shuffled_objects,3,PC3,0.26,0.13413871408935898
target_family,tracking_shuffled_objects,deepseek-ai/deepseek-coder-6.7b-base,DeepSeek-Coder,tracking_shuffled_objects,3,PC3,0.408,0.22190582331914466
target_family,tracking_shuffled_objects,deepseek-ai/deepseek-coder-33b-base,DeepSeek-Coder,tracking_shuffled_objects,3,PC3,0.392,0.267911787230627
target_family,tracking_shuffled_objects,meta-llama/Llama-2-7b-hf,Llama-2,tracking_shuffled_objects,5,PC3,0.164,0.38222649721159163
target_family,tracking_shuffled_objects,meta-llama/Llama-2-13b-hf,Llama-2,tracking_shuffled_objects,5,PC3,0.212,0.4568253555056336
target_family,tracking_shuffled_objects,meta-llama/Llama-2-70b-hf,Llama-2,tracking_shuffled_objects,5,PC3,0.712,0.5522855822061942
target_family,tracking_shuffled_objects,huggyllama/llama-7b,Llama,tracking_shuffled_objects,5,PC3,0.192,0.32678118892086644
target_family,tracking_shuffled_objects,huggyllama/llama-13b,Llama,tracking_shuffled_objects,5,PC3,0.164,0.3817786510525562
target_family,tracking_shuffled_objects,huggyllama/llama-30b,Llama,tracking_shuffled_objects,5,PC3,0.208,0.45078994290035157
target_family,tracking_shuffled_objects,huggyllama/llama-65b,Llama,tracking_shuffled_objects,5,PC3,0.408,0.48802432170999144
target_family,tracking_shuffled_objects,Qwen/Qwen1.5-72B,Qwen1.5,tracking_shuffled_objects,5,PC3,0.5863999999999999,0.5289704234012422
target_family,tracking_shuffled_objects,Qwen/Qwen1.5-32B,Qwen1.5,tracking_shuffled_objects,5,PC3,0.596,0.4903225831646192
target_family,tracking_shuffled_objects,Qwen/Qwen1.5-14B,Qwen1.5,tracking_shuffled_objects,5,PC3,0.512,0.4458047939936892
target_family,tracking_shuffled_objects,Qwen/Qwen1.5-7B,Qwen1.5,tracking_shuffled_objects,5,PC3,0.124,0.395969118712373
target_family,tracking_shuffled_objects,Qwen/Qwen1.5-4B,Qwen1.5,tracking_shuffled_objects,5,PC3,0.168,0.31649444563430945
target_family,tracking_shuffled_objects,Qwen/Qwen1.5-1.8B,Qwen1.5,tracking_shuffled_objects,5,PC3,0.08,0.2364960894200905
target_family,tracking_shuffled_objects,Qwen/Qwen1.5-0.5B,Qwen1.5,tracking_shuffled_objects,5,PC3,0.064,0.1624268149776926
target_family,tracking_shuffled_objects,Qwen/Qwen-72B,Qwen,tracking_shuffled_objects,5,PC3,0.64,0.5302116528312464
target_family,tracking_shuffled_objects,Qwen/Qwen-14B,Qwen,tracking_shuffled_objects,5,PC3,0.0,0.47319641331305784
target_family,tracking_shuffled_objects,Qwen/Qwen-7B,Qwen,tracking_shuffled_objects,5,PC3,0.1864,0.38043277204301695
target_family,tracking_shuffled_objects,mistralai/Mistral-7B-v0.1,Mistral,tracking_shuffled_objects,5,PC3,0.312,0.47043465997954537
target_family,tracking_shuffled_objects,mistralai/Mixtral-8x7B-v0.1,Mixtral,tracking_shuffled_objects,5,PC3,0.712,0.5253003948352845
target_family,tracking_shuffled_objects,01-ai/Yi-6B,Yi,tracking_shuffled_objects,5,PC3,0.152,0.3767411256560157
target_family,tracking_shuffled_objects,01-ai/Yi-34B,Yi,tracking_shuffled_objects,5,PC3,0.0,0.49932624626581606
target_family,tracking_shuffled_objects,google/gemma-7b,Gemma,tracking_shuffled_objects,5,PC3,0.452,0.4788196983172904
target_family,tracking_shuffled_objects,google/gemma-2b,Gemma,tracking_shuffled_objects,5,PC3,0.196,0.32236856683912585
target_family,tracking_shuffled_objects,tiiuae/falcon-40b,Falcon,tracking_shuffled_objects,5,PC3,0.188,0.4706603558979216
target_family,tracking_shuffled_objects,tiiuae/falcon-7b,Falcon,tracking_shuffled_objects,5,PC3,0.0,0.33032547494728104
target_family,tracking_shuffled_objects,tiiuae/falcon-rw-1b,Falcon,tracking_shuffled_objects,5,PC3,0.18,0.1629572284380915
target_family,tracking_shuffled_objects,microsoft/phi-2,Phi,tracking_shuffled_objects,5,PC3,0.904,0.26954621640378934
target_family,tracking_shuffled_objects,microsoft/phi-1_5,Phi,tracking_shuffled_objects,5,PC3,0.168,0.20244456441142375
target_family,tracking_shuffled_objects,EleutherAI/pythia-1b-deduped,Pythia,tracking_shuffled_objects,5,PC3,0.172,0.13547663880227687
target_family,tracking_shuffled_objects,EleutherAI/pythia-410m-deduped,Pythia,tracking_shuffled_objects,5,PC3,0.168,0.1151684726033493
target_family,tracking_shuffled_objects,EleutherAI/pythia-6.9b-deduped,Pythia,tracking_shuffled_objects,5,PC3,0.196,0.23755036495916368
target_family,tracking_shuffled_objects,EleutherAI/pythia-2.8b-deduped,Pythia,tracking_shuffled_objects,5,PC3,0.144,0.20615280150218432
target_family,tracking_shuffled_objects,EleutherAI/pythia-12b-deduped,Pythia,tracking_shuffled_objects,5,PC3,0.148,0.26755369928961886
target_family,tracking_shuffled_objects,EleutherAI/pythia-70m-deduped,Pythia,tracking_shuffled_objects,5,PC3,0.0,0.08430825387115375
target_family,tracking_shuffled_objects,EleutherAI/pythia-1.4b-deduped,Pythia,tracking_shuffled_objects,5,PC3,0.236,0.1638120945887243
target_family,tracking_shuffled_objects,EleutherAI/pythia-160m-deduped,Pythia,tracking_shuffled_objects,5,PC3,0.004,0.09648852638274706
target_family,tracking_shuffled_objects,bigscience/bloom-560m,BLOOM,tracking_shuffled_objects,5,PC3,0.0928,0.11949131469339641
target_family,tracking_shuffled_objects,bigscience/bloom-1b1,BLOOM,tracking_shuffled_objects,5,PC3,0.2168,0.14487182308193702
target_family,tracking_shuffled_objects,bigscience/bloom-3b,BLOOM,tracking_shuffled_objects,5,PC3,0.1816,0.19703853153876238
target_family,tracking_shuffled_objects,bigscience/bloom-7b1,BLOOM,tracking_shuffled_objects,5,PC3,0.104,0.25054610799332133
target_family,tracking_shuffled_objects,EleutherAI/gpt-neox-20b,GPT-Neo/J,tracking_shuffled_objects,5,PC3,0.16,0.31136624444444505
target_family,tracking_shuffled_objects,EleutherAI/gpt-neo-2.7B,GPT-Neo/J,tracking_shuffled_objects,5,PC3,0.208,0.1614665965179033
target_family,tracking_shuffled_objects,EleutherAI/gpt-neo-1.3B,GPT-Neo/J,tracking_shuffled_objects,5,PC3,0.212,0.14017485326395573
target_family,tracking_shuffled_objects,EleutherAI/gpt-neo-125m,GPT-Neo/J,tracking_shuffled_objects,5,PC3,0.06,0.08936988175422515
target_family,tracking_shuffled_objects,EleutherAI/gpt-j-6b,GPT-Neo/J,tracking_shuffled_objects,5,PC3,0.14,0.2579217123479379
target_family,tracking_shuffled_objects,facebook/opt-6.7b,OPT,tracking_shuffled_objects,5,PC3,0.188,0.20866400746707822
target_family,tracking_shuffled_objects,facebook/opt-1.3b,OPT,tracking_shuffled_objects,5,PC3,0.0,0.14331891031549948
target_family,tracking_shuffled_objects,facebook/opt-350m,OPT,tracking_shuffled_objects,5,PC3,0.104,0.10327409975024893
target_family,tracking_shuffled_objects,facebook/opt-13b,OPT,tracking_shuffled_objects,5,PC3,0.18,0.22781086433742762
target_family,tracking_shuffled_objects,facebook/opt-2.7b,OPT,tracking_shuffled_objects,5,PC3,0.184,0.1708300486152224
target_family,tracking_shuffled_objects,facebook/opt-30b,OPT,tracking_shuffled_objects,5,PC3,0.188,0.25125184110242405
target_family,tracking_shuffled_objects,facebook/opt-125m,OPT,tracking_shuffled_objects,5,PC3,0.04,0.09109042519458944
target_family,tracking_shuffled_objects,facebook/opt-66b,OPT,tracking_shuffled_objects,5,PC3,0.184,0.26738442154444225
target_family,tracking_shuffled_objects,mosaicml/mpt-30b,MPT,tracking_shuffled_objects,5,PC3,0.236,0.400375181395501
target_family,tracking_shuffled_objects,mosaicml/mpt-7b,MPT,tracking_shuffled_objects,5,PC3,0.172,0.3275222289494391
target_family,tracking_shuffled_objects,facebook/xglm-564M,XGLM,tracking_shuffled_objects,5,PC3,0.116,0.12196089353466248
target_family,tracking_shuffled_objects,facebook/xglm-1.7B,XGLM,tracking_shuffled_objects,5,PC3,0.172,0.15636182371894342
target_family,tracking_shuffled_objects,facebook/xglm-4.5B,XGLM,tracking_shuffled_objects,5,PC3,0.0,0.19376118835554568
target_family,tracking_shuffled_objects,facebook/xglm-7.5B,XGLM,tracking_shuffled_objects,5,PC3,0.0,0.22735665893072232
target_family,tracking_shuffled_objects,codellama/CodeLlama-7b-hf,CodeLlama,tracking_shuffled_objects,5,PC3,0.24,0.26995194930351785
target_family,tracking_shuffled_objects,codellama/CodeLlama-13b-hf,CodeLlama,tracking_shuffled_objects,5,PC3,0.244,0.2807146933966211
target_family,tracking_shuffled_objects,codellama/CodeLlama-34b-hf,CodeLlama,tracking_shuffled_objects,5,PC3,0.544,0.4263326939300437
target_family,tracking_shuffled_objects,codellama/CodeLlama-70b-hf,CodeLlama,tracking_shuffled_objects,5,PC3,0.728,0.4438117052390573
target_family,tracking_shuffled_objects,bigcode/starcoderbase-1b,StarCoder,tracking_shuffled_objects,5,PC3,0.168,0.10635973314180203
target_family,tracking_shuffled_objects,bigcode/starcoderbase-3b,StarCoder,tracking_shuffled_objects,5,PC3,0.184,0.12892603787874374
target_family,tracking_shuffled_objects,bigcode/starcoderbase-7b,StarCoder,tracking_shuffled_objects,5,PC3,0.124,0.14667967105996607
target_family,tracking_shuffled_objects,bigcode/starcoderbase,StarCoder,tracking_shuffled_objects,5,PC3,0.2,0.1552556679572556
target_family,tracking_shuffled_objects,bigcode/starcoder2-15b,StarCoder2,tracking_shuffled_objects,5,PC3,0.604,0.34047697646354114
target_family,tracking_shuffled_objects,bigcode/starcoder2-7b,StarCoder2,tracking_shuffled_objects,5,PC3,0.36,0.19729754484172973
target_family,tracking_shuffled_objects,bigcode/starcoder2-3b,StarCoder2,tracking_shuffled_objects,5,PC3,0.196,0.16999825636001367
target_family,tracking_shuffled_objects,deepseek-ai/deepseek-coder-1.3b-base,DeepSeek-Coder,tracking_shuffled_objects,5,PC3,0.212,0.13413871408935898
target_family,tracking_shuffled_objects,deepseek-ai/deepseek-coder-6.7b-base,DeepSeek-Coder,tracking_shuffled_objects,5,PC3,0.272,0.22190582331914466
target_family,tracking_shuffled_objects,deepseek-ai/deepseek-coder-33b-base,DeepSeek-Coder,tracking_shuffled_objects,5,PC3,0.3,0.267911787230627
target_family,tracking_shuffled_objects,meta-llama/Llama-2-7b-hf,Llama-2,tracking_shuffled_objects,7,PC3,0.152,0.38222649721159163
target_family,tracking_shuffled_objects,meta-llama/Llama-2-13b-hf,Llama-2,tracking_shuffled_objects,7,PC3,0.168,0.4568253555056336
target_family,tracking_shuffled_objects,meta-llama/Llama-2-70b-hf,Llama-2,tracking_shuffled_objects,7,PC3,0.62,0.5522855822061942
target_family,tracking_shuffled_objects,huggyllama/llama-7b,Llama,tracking_shuffled_objects,7,PC3,0.096,0.32678118892086644
target_family,tracking_shuffled_objects,huggyllama/llama-13b,Llama,tracking_shuffled_objects,7,PC3,0.076,0.3817786510525562
target_family,tracking_shuffled_objects,huggyllama/llama-30b,Llama,tracking_shuffled_objects,7,PC3,0.148,0.45078994290035157
target_family,tracking_shuffled_objects,huggyllama/llama-65b,Llama,tracking_shuffled_objects,7,PC3,0.308,0.48802432170999144
target_family,tracking_shuffled_objects,Qwen/Qwen1.5-72B,Qwen1.5,tracking_shuffled_objects,7,PC3,0.388,0.5289704234012422
target_family,tracking_shuffled_objects,Qwen/Qwen1.5-32B,Qwen1.5,tracking_shuffled_objects,7,PC3,0.364,0.4903225831646192
target_family,tracking_shuffled_objects,Qwen/Qwen1.5-14B,Qwen1.5,tracking_shuffled_objects,7,PC3,0.408,0.4458047939936892
target_family,tracking_shuffled_objects,Qwen/Qwen1.5-7B,Qwen1.5,tracking_shuffled_objects,7,PC3,0.076,0.395969118712373
target_family,tracking_shuffled_objects,Qwen/Qwen1.5-4B,Qwen1.5,tracking_shuffled_objects,7,PC3,0.1411428571428571,0.31649444563430945
target_family,tracking_shuffled_objects,Qwen/Qwen1.5-1.8B,Qwen1.5,tracking_shuffled_objects,7,PC3,0.0428571428571428,0.2364960894200905
target_family,tracking_shuffled_objects,Qwen/Qwen1.5-0.5B,Qwen1.5,tracking_shuffled_objects,7,PC3,0.028,0.1624268149776926
target_family,tracking_shuffled_objects,Qwen/Qwen-72B,Qwen,tracking_shuffled_objects,7,PC3,0.544,0.5302116528312464
target_family,tracking_shuffled_objects,Qwen/Qwen-14B,Qwen,tracking_shuffled_objects,7,PC3,0.0,0.47319641331305784
target_family,tracking_shuffled_objects,Qwen/Qwen-7B,Qwen,tracking_shuffled_objects,7,PC3,0.1348571428571428,0.38043277204301695
target_family,tracking_shuffled_objects,mistralai/Mistral-7B-v0.1,Mistral,tracking_shuffled_objects,7,PC3,0.2,0.47043465997954537
target_family,tracking_shuffled_objects,mistralai/Mixtral-8x7B-v0.1,Mixtral,tracking_shuffled_objects,7,PC3,0.64,0.5253003948352845
target_family,tracking_shuffled_objects,01-ai/Yi-6B,Yi,tracking_shuffled_objects,7,PC3,0.136,0.3767411256560157
target_family,tracking_shuffled_objects,01-ai/Yi-34B,Yi,tracking_shuffled_objects,7,PC3,0.0,0.49932624626581606
target_family,tracking_shuffled_objects,google/gemma-7b,Gemma,tracking_shuffled_objects,7,PC3,0.376,0.4788196983172904
target_family,tracking_shuffled_objects,google/gemma-2b,Gemma,tracking_shuffled_objects,7,PC3,0.12,0.32236856683912585
target_family,tracking_shuffled_objects,tiiuae/falcon-40b,Falcon,tracking_shuffled_objects,7,PC3,0.14,0.4706603558979216
target_family,tracking_shuffled_objects,tiiuae/falcon-7b,Falcon,tracking_shuffled_objects,7,PC3,0.0,0.33032547494728104
target_family,tracking_shuffled_objects,tiiuae/falcon-rw-1b,Falcon,tracking_shuffled_objects,7,PC3,0.028,0.1629572284380915
target_family,tracking_shuffled_objects,microsoft/phi-2,Phi,tracking_shuffled_objects,7,PC3,0.86,0.26954621640378934
target_family,tracking_shuffled_objects,microsoft/phi-1_5,Phi,tracking_shuffled_objects,7,PC3,0.072,0.20244456441142375
target_family,tracking_shuffled_objects,EleutherAI/pythia-1b-deduped,Pythia,tracking_shuffled_objects,7,PC3,0.104,0.13547663880227687
target_family,tracking_shuffled_objects,EleutherAI/pythia-410m-deduped,Pythia,tracking_shuffled_objects,7,PC3,0.056,0.1151684726033493
target_family,tracking_shuffled_objects,EleutherAI/pythia-6.9b-deduped,Pythia,tracking_shuffled_objects,7,PC3,0.048,0.23755036495916368
target_family,tracking_shuffled_objects,EleutherAI/pythia-2.8b-deduped,Pythia,tracking_shuffled_objects,7,PC3,0.104,0.20615280150218432
target_family,tracking_shuffled_objects,EleutherAI/pythia-12b-deduped,Pythia,tracking_shuffled_objects,7,PC3,0.056,0.26755369928961886
target_family,tracking_shuffled_objects,EleutherAI/pythia-70m-deduped,Pythia,tracking_shuffled_objects,7,PC3,0.0,0.08430825387115375
target_family,tracking_shuffled_objects,EleutherAI/pythia-1.4b-deduped,Pythia,tracking_shuffled_objects,7,PC3,0.156,0.1638120945887243
target_family,tracking_shuffled_objects,EleutherAI/pythia-160m-deduped,Pythia,tracking_shuffled_objects,7,PC3,0.008,0.09648852638274706
target_family,tracking_shuffled_objects,bigscience/bloom-560m,BLOOM,tracking_shuffled_objects,7,PC3,0.0697142857142857,0.11949131469339641
target_family,tracking_shuffled_objects,bigscience/bloom-1b1,BLOOM,tracking_shuffled_objects,7,PC3,0.1302857142857142,0.14487182308193702
target_family,tracking_shuffled_objects,bigscience/bloom-3b,BLOOM,tracking_shuffled_objects,7,PC3,0.1125714285714285,0.19703853153876238
target_family,tracking_shuffled_objects,bigscience/bloom-7b1,BLOOM,tracking_shuffled_objects,7,PC3,0.008,0.25054610799332133
target_family,tracking_shuffled_objects,EleutherAI/gpt-neox-20b,GPT-Neo/J,tracking_shuffled_objects,7,PC3,0.08,0.31136624444444505
target_family,tracking_shuffled_objects,EleutherAI/gpt-neo-2.7B,GPT-Neo/J,tracking_shuffled_objects,7,PC3,0.056,0.1614665965179033
target_family,tracking_shuffled_objects,EleutherAI/gpt-neo-1.3B,GPT-Neo/J,tracking_shuffled_objects,7,PC3,0.112,0.14017485326395573
target_family,tracking_shuffled_objects,EleutherAI/gpt-neo-125m,GPT-Neo/J,tracking_shuffled_objects,7,PC3,0.012,0.08936988175422515
target_family,tracking_shuffled_objects,EleutherAI/gpt-j-6b,GPT-Neo/J,tracking_shuffled_objects,7,PC3,0.104,0.2579217123479379
target_family,tracking_shuffled_objects,facebook/opt-6.7b,OPT,tracking_shuffled_objects,7,PC3,0.128,0.20866400746707822
target_family,tracking_shuffled_objects,facebook/opt-1.3b,OPT,tracking_shuffled_objects,7,PC3,0.0,0.14331891031549948
target_family,tracking_shuffled_objects,facebook/opt-350m,OPT,tracking_shuffled_objects,7,PC3,0.02,0.10327409975024893
target_family,tracking_shuffled_objects,facebook/opt-13b,OPT,tracking_shuffled_objects,7,PC3,0.112,0.22781086433742762
target_family,tracking_shuffled_objects,facebook/opt-2.7b,OPT,tracking_shuffled_objects,7,PC3,0.14,0.1708300486152224
target_family,tracking_shuffled_objects,facebook/opt-30b,OPT,tracking_shuffled_objects,7,PC3,0.18,0.25125184110242405
target_family,tracking_shuffled_objects,facebook/opt-125m,OPT,tracking_shuffled_objects,7,PC3,0.012,0.09109042519458944
target_family,tracking_shuffled_objects,facebook/opt-66b,OPT,tracking_shuffled_objects,7,PC3,0.128,0.26738442154444225
target_family,tracking_shuffled_objects,mosaicml/mpt-30b,MPT,tracking_shuffled_objects,7,PC3,0.156,0.400375181395501
target_family,tracking_shuffled_objects,mosaicml/mpt-7b,MPT,tracking_shuffled_objects,7,PC3,0.02,0.3275222289494391
target_family,tracking_shuffled_objects,facebook/xglm-564M,XGLM,tracking_shuffled_objects,7,PC3,0.068,0.12196089353466248
target_family,tracking_shuffled_objects,facebook/xglm-1.7B,XGLM,tracking_shuffled_objects,7,PC3,0.112,0.15636182371894342
target_family,tracking_shuffled_objects,facebook/xglm-4.5B,XGLM,tracking_shuffled_objects,7,PC3,0.0,0.19376118835554568
target_family,tracking_shuffled_objects,facebook/xglm-7.5B,XGLM,tracking_shuffled_objects,7,PC3,0.0,0.22735665893072232
target_family,tracking_shuffled_objects,codellama/CodeLlama-7b-hf,CodeLlama,tracking_shuffled_objects,7,PC3,0.18,0.26995194930351785
target_family,tracking_shuffled_objects,codellama/CodeLlama-13b-hf,CodeLlama,tracking_shuffled_objects,7,PC3,0.132,0.2807146933966211
target_family,tracking_shuffled_objects,codellama/CodeLlama-34b-hf,CodeLlama,tracking_shuffled_objects,7,PC3,0.404,0.4263326939300437
target_family,tracking_shuffled_objects,codellama/CodeLlama-70b-hf,CodeLlama,tracking_shuffled_objects,7,PC3,0.648,0.4438117052390573
target_family,tracking_shuffled_objects,bigcode/starcoderbase-1b,StarCoder,tracking_shuffled_objects,7,PC3,0.132,0.10635973314180203
target_family,tracking_shuffled_objects,bigcode/starcoderbase-3b,StarCoder,tracking_shuffled_objects,7,PC3,0.148,0.12892603787874374
target_family,tracking_shuffled_objects,bigcode/starcoderbase-7b,StarCoder,tracking_shuffled_objects,7,PC3,0.112,0.14667967105996607
target_family,tracking_shuffled_objects,bigcode/starcoderbase,StarCoder,tracking_shuffled_objects,7,PC3,0.204,0.1552556679572556
target_family,tracking_shuffled_objects,bigcode/starcoder2-15b,StarCoder2,tracking_shuffled_objects,7,PC3,0.656,0.34047697646354114
target_family,tracking_shuffled_objects,bigcode/starcoder2-7b,StarCoder2,tracking_shuffled_objects,7,PC3,0.2,0.19729754484172973
target_family,tracking_shuffled_objects,bigcode/starcoder2-3b,StarCoder2,tracking_shuffled_objects,7,PC3,0.16,0.16999825636001367
target_family,tracking_shuffled_objects,deepseek-ai/deepseek-coder-1.3b-base,DeepSeek-Coder,tracking_shuffled_objects,7,PC3,0.128,0.13413871408935898
target_family,tracking_shuffled_objects,deepseek-ai/deepseek-coder-6.7b-base,DeepSeek-Coder,tracking_shuffled_objects,7,PC3,0.244,0.22190582331914466
target_family,tracking_shuffled_objects,deepseek-ai/deepseek-coder-33b-base,DeepSeek-Coder,tracking_shuffled_objects,7,PC3,0.268,0.267911787230627
target_family,tracking_shuffled_objects,meta-llama/Llama-2-7b-hf,Llama-2,tracking_shuffled_objects,3,PC3_count,0.328,0.5613111179541931
target_family,tracking_shuffled_objects,meta-llama/Llama-2-13b-hf,Llama-2,tracking_shuffled_objects,3,PC3_count,0.36,0.6338495332743672
target_family,tracking_shuffled_objects,meta-llama/Llama-2-70b-hf,Llama-2,tracking_shuffled_objects,3,PC3_count,0.708,0.7845041925099151
target_family,tracking_shuffled_objects,huggyllama/llama-7b,Llama,tracking_shuffled_objects,3,PC3_count,0.364,0.47263923421079035
target_family,tracking_shuffled_objects,huggyllama/llama-13b,Llama,tracking_shuffled_objects,3,PC3_count,0.344,0.5672200756744252
target_family,tracking_shuffled_objects,huggyllama/llama-30b,Llama,tracking_shuffled_objects,3,PC3_count,0.292,0.6620209261707518
target_family,tracking_shuffled_objects,huggyllama/llama-65b,Llama,tracking_shuffled_objects,3,PC3_count,0.52,0.7194055700925305
target_family,tracking_shuffled_objects,Qwen/Qwen1.5-72B,Qwen1.5,tracking_shuffled_objects,3,PC3_count,0.772,0.8166479034719377
target_family,tracking_shuffled_objects,Qwen/Qwen1.5-32B,Qwen1.5,tracking_shuffled_objects,3,PC3_count,0.704,0.7826775731987501
target_family,tracking_shuffled_objects,Qwen/Qwen1.5-14B,Qwen1.5,tracking_shuffled_objects,3,PC3_count,0.632,0.7274004948315187
target_family,tracking_shuffled_objects,Qwen/Qwen1.5-7B,Qwen1.5,tracking_shuffled_objects,3,PC3_count,0.444,0.6651500513910417
target_family,tracking_shuffled_objects,Qwen/Qwen1.5-4B,Qwen1.5,tracking_shuffled_objects,3,PC3_count,0.22,0.5614076244510452
target_family,tracking_shuffled_objects,Qwen/Qwen1.5-1.8B,Qwen1.5,tracking_shuffled_objects,3,PC3_count,0.148,0.3997630295551517
target_family,tracking_shuffled_objects,Qwen/Qwen1.5-0.5B,Qwen1.5,tracking_shuffled_objects,3,PC3_count,0.18,0.27358898230228695
target_family,tracking_shuffled_objects,Qwen/Qwen-72B,Qwen,tracking_shuffled_objects,3,PC3_count,0.824,0.8204035974050397
target_family,tracking_shuffled_objects,Qwen/Qwen-14B,Qwen,tracking_shuffled_objects,3,PC3_count,0.0,0.7360005104980458
target_family,tracking_shuffled_objects,Qwen/Qwen-7B,Qwen,tracking_shuffled_objects,3,PC3_count,0.304,0.6311391689076321
target_family,tracking_shuffled_objects,mistralai/Mistral-7B-v0.1,Mistral,tracking_shuffled_objects,3,PC3_count,0.444,0.6958101298909531
target_family,tracking_shuffled_objects,mistralai/Mixtral-8x7B-v0.1,Mixtral,tracking_shuffled_objects,3,PC3_count,0.796,0.7745220658191032
target_family,tracking_shuffled_objects,01-ai/Yi-6B,Yi,tracking_shuffled_objects,3,PC3_count,0.364,0.5885800774039924
target_family,tracking_shuffled_objects,01-ai/Yi-34B,Yi,tracking_shuffled_objects,3,PC3_count,0.204,0.7822616029638426
target_family,tracking_shuffled_objects,google/gemma-7b,Gemma,tracking_shuffled_objects,3,PC3_count,0.52,0.7236872704645275
target_family,tracking_shuffled_objects,google/gemma-2b,Gemma,tracking_shuffled_objects,3,PC3_count,0.336,0.46756165935339594
target_family,tracking_shuffled_objects,tiiuae/falcon-40b,Falcon,tracking_shuffled_objects,3,PC3_count,0.32,0.6809455059072809
target_family,tracking_shuffled_objects,tiiuae/falcon-7b,Falcon,tracking_shuffled_objects,3,PC3_count,0.324,0.4628052847984906
target_family,tracking_shuffled_objects,tiiuae/falcon-rw-1b,Falcon,tracking_shuffled_objects,3,PC3_count,0.312,0.256010632459631
target_family,tracking_shuffled_objects,microsoft/phi-2,Phi,tracking_shuffled_objects,3,PC3_count,0.892,0.5258789283838908
target_family,tracking_shuffled_objects,microsoft/phi-1_5,Phi,tracking_shuffled_objects,3,PC3_count,0.348,0.37008427258249094
target_family,tracking_shuffled_objects,EleutherAI/pythia-1b-deduped,Pythia,tracking_shuffled_objects,3,PC3_count,0.336,0.21540757269126956
target_family,tracking_shuffled_objects,EleutherAI/pythia-410m-deduped,Pythia,tracking_shuffled_objects,3,PC3_count,0.32,0.19099282924026406
target_family,tracking_shuffled_objects,EleutherAI/pythia-6.9b-deduped,Pythia,tracking_shuffled_objects,3,PC3_count,0.336,0.34845561292586114
target_family,tracking_shuffled_objects,EleutherAI/pythia-2.8b-deduped,Pythia,tracking_shuffled_objects,3,PC3_count,0.332,0.30476152660467404
target_family,tracking_shuffled_objects,EleutherAI/pythia-12b-deduped,Pythia,tracking_shuffled_objects,3,PC3_count,0.296,0.37518744389104763
target_family,tracking_shuffled_objects,EleutherAI/pythia-70m-deduped,Pythia,tracking_shuffled_objects,3,PC3_count,0.0,0.15381061201768106
target_family,tracking_shuffled_objects,EleutherAI/pythia-1.4b-deduped,Pythia,tracking_shuffled_objects,3,PC3_count,0.364,0.25696711231241937
target_family,tracking_shuffled_objects,EleutherAI/pythia-160m-deduped,Pythia,tracking_shuffled_objects,3,PC3_count,0.0,0.16793403112415495
target_family,tracking_shuffled_objects,bigscience/bloom-560m,BLOOM,tracking_shuffled_objects,3,PC3_count,0.1706666666666667,0.19618037399680915
target_family,tracking_shuffled_objects,bigscience/bloom-1b1,BLOOM,tracking_shuffled_objects,3,PC3_count,0.2973333333333333,0.23459978446623872
target_family,tracking_shuffled_objects,bigscience/bloom-3b,BLOOM,tracking_shuffled_objects,3,PC3_count,0.3253333333333333,0.30574631751700265
target_family,tracking_shuffled_objects,bigscience/bloom-7b1,BLOOM,tracking_shuffled_objects,3,PC3_count,0.328,0.37422497702618845
target_family,tracking_shuffled_objects,EleutherAI/gpt-neox-20b,GPT-Neo/J,tracking_shuffled_objects,3,PC3_count,0.3,0.4246768137752774
target_family,tracking_shuffled_objects,EleutherAI/gpt-neo-2.7B,GPT-Neo/J,tracking_shuffled_objects,3,PC3_count,0.332,0.26160006951545295
target_family,tracking_shuffled_objects,EleutherAI/gpt-neo-1.3B,GPT-Neo/J,tracking_shuffled_objects,3,PC3_count,0.32,0.22659130349314321
target_family,tracking_shuffled_objects,EleutherAI/gpt-neo-125m,GPT-Neo/J,tracking_shuffled_objects,3,PC3_count,0.148,0.16060139642453844
target_family,tracking_shuffled_objects,EleutherAI/gpt-j-6b,GPT-Neo/J,tracking_shuffled_objects,3,PC3_count,0.336,0.37646329344097723
target_family,tracking_shuffled_objects,facebook/opt-6.7b,OPT,tracking_shuffled_objects,3,PC3_count,0.36,0.31465894532072675
target_family,tracking_shuffled_objects,facebook/opt-1.3b,OPT,tracking_shuffled_objects,3,PC3_count,0.292,0.2308364147266007
target_family,tracking_shuffled_objects,facebook/opt-350m,OPT,tracking_shuffled_objects,3,PC3_count,0.312,0.172153060761983
target_family,tracking_shuffled_objects,facebook/opt-13b,OPT,tracking_shuffled_objects,3,PC3_count,0.332,0.33741279342026825
target_family,tracking_shuffled_objects,facebook/opt-2.7b,OPT,tracking_shuffled_objects,3,PC3_count,0.328,0.2681593760562987
target_family,tracking_shuffled_objects,facebook/opt-30b,OPT,tracking_shuffled_objects,3,PC3_count,0.296,0.3746347623342515
target_family,tracking_shuffled_objects,facebook/opt-125m,OPT,tracking_shuffled_objects,3,PC3_count,0.204,0.15762027132131187
target_family,tracking_shuffled_objects,facebook/opt-66b,OPT,tracking_shuffled_objects,3,PC3_count,0.332,0.3954541934930452
target_family,tracking_shuffled_objects,mosaicml/mpt-30b,MPT,tracking_shuffled_objects,3,PC3_count,0.336,0.587145744713075
target_family,tracking_shuffled_objects,mosaicml/mpt-7b,MPT,tracking_shuffled_objects,3,PC3_count,0.324,0.45652336734923665
target_family,tracking_shuffled_objects,facebook/xglm-564M,XGLM,tracking_shuffled_objects,3,PC3_count,0.18,0.1946885820640202
target_family,tracking_shuffled_objects,facebook/xglm-1.7B,XGLM,tracking_shuffled_objects,3,PC3_count,0.188,0.2335831246039031
target_family,tracking_shuffled_objects,facebook/xglm-4.5B,XGLM,tracking_shuffled_objects,3,PC3_count,0.0,0.28082810614927245
target_family,tracking_shuffled_objects,facebook/xglm-7.5B,XGLM,tracking_shuffled_objects,3,PC3_count,0.0,0.3291110474194007
target_family,tracking_shuffled_objects,codellama/CodeLlama-7b-hf,CodeLlama,tracking_shuffled_objects,3,PC3_count,0.364,0.3961633256004081
target_family,tracking_shuffled_objects,codellama/CodeLlama-13b-hf,CodeLlama,tracking_shuffled_objects,3,PC3_count,0.348,0.4422503213623509
target_family,tracking_shuffled_objects,codellama/CodeLlama-34b-hf,CodeLlama,tracking_shuffled_objects,3,PC3_count,0.548,0.6278975917918157
target_family,tracking_shuffled_objects,codellama/CodeLlama-70b-hf,CodeLlama,tracking_shuffled_objects,3,PC3_count,0.892,0.6613234668286457
target_family,tracking_shuffled_objects,bigcode/starcoderbase-1b,StarCoder,tracking_shuffled_objects,3,PC3_count,0.328,0.18522356843603496
target_family,tracking_shuffled_objects,bigcode/starcoderbase-3b,StarCoder,tracking_shuffled_objects,3,PC3_count,0.364,0.21348349467113736
target_family,tracking_shuffled_objects,bigcode/starcoderbase-7b,StarCoder,tracking_shuffled_objects,3,PC3_count,0.32,0.2387219847735722
target_family,tracking_shuffled_objects,bigcode/starcoderbase,StarCoder,tracking_shuffled_objects,3,PC3_count,0.376,0.25519318360233767
target_family,tracking_shuffled_objects,bigcode/starcoder2-15b,StarCoder2,tracking_shuffled_objects,3,PC3_count,0.66,0.53764517592517
target_family,tracking_shuffled_objects,bigcode/starcoder2-7b,StarCoder2,tracking_shuffled_objects,3,PC3_count,0.392,0.34536524119779755
target_family,tracking_shuffled_objects,bigcode/starcoder2-3b,StarCoder2,tracking_shuffled_objects,3,PC3_count,0.308,0.2909533755054158
target_family,tracking_shuffled_objects,deepseek-ai/deepseek-coder-1.3b-base,DeepSeek-Coder,tracking_shuffled_objects,3,PC3_count,0.26,0.21997684185290123
target_family,tracking_shuffled_objects,deepseek-ai/deepseek-coder-6.7b-base,DeepSeek-Coder,tracking_shuffled_objects,3,PC3_count,0.408,0.35870624745076607
target_family,tracking_shuffled_objects,deepseek-ai/deepseek-coder-33b-base,DeepSeek-Coder,tracking_shuffled_objects,3,PC3_count,0.392,0.43342561197299284
target_family,tracking_shuffled_objects,meta-llama/Llama-2-7b-hf,Llama-2,tracking_shuffled_objects,5,PC3_count,0.164,0.3604556020461912
target_family,tracking_shuffled_objects,meta-llama/Llama-2-13b-hf,Llama-2,tracking_shuffled_objects,5,PC3_count,0.212,0.4339371185142105
target_family,tracking_shuffled_objects,meta-llama/Llama-2-70b-hf,Llama-2,tracking_shuffled_objects,5,PC3_count,0.712,0.5177372454380089
target_family,tracking_shuffled_objects,huggyllama/llama-7b,Llama,tracking_shuffled_objects,5,PC3_count,0.192,0.3097037689819475
target_family,tracking_shuffled_objects,huggyllama/llama-13b,Llama,tracking_shuffled_objects,5,PC3_count,0.164,0.35925176767004674
target_family,tracking_shuffled_objects,huggyllama/llama-30b,Llama,tracking_shuffled_objects,5,PC3_count,0.208,0.4233242063026002
target_family,tracking_shuffled_objects,huggyllama/llama-65b,Llama,tracking_shuffled_objects,5,PC3_count,0.408,0.45637801764578256
target_family,tracking_shuffled_objects,Qwen/Qwen1.5-72B,Qwen1.5,tracking_shuffled_objects,5,PC3_count,0.5863999999999999,0.48478813128212955
target_family,tracking_shuffled_objects,Qwen/Qwen1.5-32B,Qwen1.5,tracking_shuffled_objects,5,PC3_count,0.596,0.4481420293523019
target_family,tracking_shuffled_objects,Qwen/Qwen1.5-14B,Qwen1.5,tracking_shuffled_objects,5,PC3_count,0.512,0.40816044073997426
target_family,tracking_shuffled_objects,Qwen/Qwen1.5-7B,Qwen1.5,tracking_shuffled_objects,5,PC3_count,0.124,0.362481099247293
target_family,tracking_shuffled_objects,Qwen/Qwen1.5-4B,Qwen1.5,tracking_shuffled_objects,5,PC3_count,0.168,0.2889549997194232
target_family,tracking_shuffled_objects,Qwen/Qwen1.5-1.8B,Qwen1.5,tracking_shuffled_objects,5,PC3_count,0.08,0.21921199189389007
target_family,tracking_shuffled_objects,Qwen/Qwen1.5-0.5B,Qwen1.5,tracking_shuffled_objects,5,PC3_count,0.064,0.1511644039690908
target_family,tracking_shuffled_objects,Qwen/Qwen-72B,Qwen,tracking_shuffled_objects,5,PC3_count,0.64,0.4853816055541265
target_family,tracking_shuffled_objects,Qwen/Qwen-14B,Qwen,tracking_shuffled_objects,5,PC3_count,0.0,0.43715451291622975
target_family,tracking_shuffled_objects,Qwen/Qwen-7B,Qwen,tracking_shuffled_objects,5,PC3_count,0.1864,0.3499461156540159
target_family,tracking_shuffled_objects,mistralai/Mistral-7B-v0.1,Mistral,tracking_shuffled_objects,5,PC3_count,0.312,0.44033005636028366
target_family,tracking_shuffled_objects,mistralai/Mixtral-8x7B-v0.1,Mixtral,tracking_shuffled_objects,5,PC3_count,0.712,0.4889691797690623
target_family,tracking_shuffled_objects,01-ai/Yi-6B,Yi,tracking_shuffled_objects,5,PC3_count,0.152,0.35114688594859444
target_family,tracking_shuffled_objects,01-ai/Yi-34B,Yi,tracking_shuffled_objects,5,PC3_count,0.0,0.458291357385879
target_family,tracking_shuffled_objects,google/gemma-7b,Gemma,tracking_shuffled_objects,5,PC3_count,0.452,0.445403395317559
target_family,tracking_shuffled_objects,google/gemma-2b,Gemma,tracking_shuffled_objects,5,PC3_count,0.196,0.3054240753380612
target_family,tracking_shuffled_objects,tiiuae/falcon-40b,Falcon,tracking_shuffled_objects,5,PC3_count,0.188,0.44277601506765535
target_family,tracking_shuffled_objects,tiiuae/falcon-7b,Falcon,tracking_shuffled_objects,5,PC3_count,0.0,0.31468539714710053
target_family,tracking_shuffled_objects,tiiuae/falcon-rw-1b,Falcon,tracking_shuffled_objects,5,PC3_count,0.18,0.15322741296342057
target_family,tracking_shuffled_objects,microsoft/phi-2,Phi,tracking_shuffled_objects,5,PC3_count,0.904,0.24264903514880948
target_family,tracking_shuffled_objects,microsoft/phi-1_5,Phi,tracking_shuffled_objects,5,PC3_count,0.168,0.18560510629090313
target_family,tracking_shuffled_objects,EleutherAI/pythia-1b-deduped,Pythia,tracking_shuffled_objects,5,PC3_count,0.172,0.12726430055635085
target_family,tracking_shuffled_objects,EleutherAI/pythia-410m-deduped,Pythia,tracking_shuffled_objects,5,PC3_count,0.168,0.10760503830566481
target_family,tracking_shuffled_objects,EleutherAI/pythia-6.9b-deduped,Pythia,tracking_shuffled_objects,5,PC3_count,0.196,0.2252163476275237
target_family,tracking_shuffled_objects,EleutherAI/pythia-2.8b-deduped,Pythia,tracking_shuffled_objects,5,PC3_count,0.144,0.19537029387315843
target_family,tracking_shuffled_objects,EleutherAI/pythia-12b-deduped,Pythia,tracking_shuffled_objects,5,PC3_count,0.148,0.25523590108769195
target_family,tracking_shuffled_objects,EleutherAI/pythia-70m-deduped,Pythia,tracking_shuffled_objects,5,PC3_count,0.0,0.07780721552777958
target_family,tracking_shuffled_objects,EleutherAI/pythia-1.4b-deduped,Pythia,tracking_shuffled_objects,5,PC3_count,0.236,0.1540613503079731
target_family,tracking_shuffled_objects,EleutherAI/pythia-160m-deduped,Pythia,tracking_shuffled_objects,5,PC3_count,0.004,0.08959577748652511
target_family,tracking_shuffled_objects,bigscience/bloom-560m,BLOOM,tracking_shuffled_objects,5,PC3_count,0.0928,0.11178829512662741
target_family,tracking_shuffled_objects,bigscience/bloom-1b1,BLOOM,tracking_shuffled_objects,5,PC3_count,0.2168,0.13569507285692853
target_family,tracking_shuffled_objects,bigscience/bloom-3b,BLOOM,tracking_shuffled_objects,5,PC3_count,0.1816,0.18542949238666145
target_family,tracking_shuffled_objects,bigscience/bloom-7b1,BLOOM,tracking_shuffled_objects,5,PC3_count,0.104,0.23678947311829637
target_family,tracking_shuffled_objects,EleutherAI/gpt-neox-20b,GPT-Neo/J,tracking_shuffled_objects,5,PC3_count,0.16,0.298037116653416
target_family,tracking_shuffled_objects,EleutherAI/gpt-neo-2.7B,GPT-Neo/J,tracking_shuffled_objects,5,PC3_count,0.208,0.15114783105807905
target_family,tracking_shuffled_objects,EleutherAI/gpt-neo-1.3B,GPT-Neo/J,tracking_shuffled_objects,5,PC3_count,0.212,0.13134814679191772
target_family,tracking_shuffled_objects,EleutherAI/gpt-neo-125m,GPT-Neo/J,tracking_shuffled_objects,5,PC3_count,0.06,0.08263611465041304
target_family,tracking_shuffled_objects,EleutherAI/gpt-j-6b,GPT-Neo/J,tracking_shuffled_objects,5,PC3_count,0.14,0.24458755357218467
target_family,tracking_shuffled_objects,facebook/opt-6.7b,OPT,tracking_shuffled_objects,5,PC3_count,0.188,0.19715174893073442
target_family,tracking_shuffled_objects,facebook/opt-1.3b,OPT,tracking_shuffled_objects,5,PC3_count,0.0,0.13435172418929983
target_family,tracking_shuffled_objects,facebook/opt-350m,OPT,tracking_shuffled_objects,5,PC3_count,0.104,0.09645714223025036
target_family,tracking_shuffled_objects,facebook/opt-13b,OPT,tracking_shuffled_objects,5,PC3_count,0.18,0.21571889069466815
target_family,tracking_shuffled_objects,facebook/opt-2.7b,OPT,tracking_shuffled_objects,5,PC3_count,0.184,0.16061317272198325
target_family,tracking_shuffled_objects,facebook/opt-30b,OPT,tracking_shuffled_objects,5,PC3_count,0.188,0.237515357213454
target_family,tracking_shuffled_objects,facebook/opt-125m,OPT,tracking_shuffled_objects,5,PC3_count,0.04,0.08466824756349063
target_family,tracking_shuffled_objects,facebook/opt-66b,OPT,tracking_shuffled_objects,5,PC3_count,0.184,0.2529687153724566
target_family,tracking_shuffled_objects,mosaicml/mpt-30b,MPT,tracking_shuffled_objects,5,PC3_count,0.236,0.3773136068041437
target_family,tracking_shuffled_objects,mosaicml/mpt-7b,MPT,tracking_shuffled_objects,5,PC3_count,0.172,0.31230014952087826
target_family,tracking_shuffled_objects,facebook/xglm-564M,XGLM,tracking_shuffled_objects,5,PC3_count,0.116,0.11454507950556553
target_family,tracking_shuffled_objects,facebook/xglm-1.7B,XGLM,tracking_shuffled_objects,5,PC3_count,0.172,0.14812270094241684
target_family,tracking_shuffled_objects,facebook/xglm-4.5B,XGLM,tracking_shuffled_objects,5,PC3_count,0.0,0.18421191528533892
target_family,tracking_shuffled_objects,facebook/xglm-7.5B,XGLM,tracking_shuffled_objects,5,PC3_count,0.0,0.21603731735420698
target_family,tracking_shuffled_objects,codellama/CodeLlama-7b-hf,CodeLlama,tracking_shuffled_objects,5,PC3_count,0.24,0.2556928201302864
target_family,tracking_shuffled_objects,codellama/CodeLlama-13b-hf,CodeLlama,tracking_shuffled_objects,5,PC3_count,0.244,0.2627111469158011
target_family,tracking_shuffled_objects,codellama/CodeLlama-34b-hf,CodeLlama,tracking_shuffled_objects,5,PC3_count,0.544,0.4008068112542965
target_family,tracking_shuffled_objects,codellama/CodeLlama-70b-hf,CodeLlama,tracking_shuffled_objects,5,PC3_count,0.728,0.41566552222420683
target_family,tracking_shuffled_objects,bigcode/starcoderbase-1b,StarCoder,tracking_shuffled_objects,5,PC3_count,0.168,0.09871780358779667
target_family,tracking_shuffled_objects,bigcode/starcoderbase-3b,StarCoder,tracking_shuffled_objects,5,PC3_count,0.184,0.12043250275049483
target_family,tracking_shuffled_objects,bigcode/starcoderbase-7b,StarCoder,tracking_shuffled_objects,5,PC3_count,0.124,0.13728054879647508
target_family,tracking_shuffled_objects,bigcode/starcoderbase,StarCoder,tracking_shuffled_objects,5,PC3_count,0.2,0.14505526921984546
target_family,tracking_shuffled_objects,bigcode/starcoder2-15b,StarCoder2,tracking_shuffled_objects,5,PC3_count,0.604,0.3174713328612706
target_family,tracking_shuffled_objects,bigcode/starcoder2-7b,StarCoder2,tracking_shuffled_objects,5,PC3_count,0.36,0.18222785650514145
target_family,tracking_shuffled_objects,bigcode/starcoder2-3b,StarCoder2,tracking_shuffled_objects,5,PC3_count,0.196,0.15777898951380534
target_family,tracking_shuffled_objects,deepseek-ai/deepseek-coder-1.3b-base,DeepSeek-Coder,tracking_shuffled_objects,5,PC3_count,0.212,0.1254551702020476
target_family,tracking_shuffled_objects,deepseek-ai/deepseek-coder-6.7b-base,DeepSeek-Coder,tracking_shuffled_objects,5,PC3_count,0.272,0.2073339242231756
target_family,tracking_shuffled_objects,deepseek-ai/deepseek-coder-33b-base,DeepSeek-Coder,tracking_shuffled_objects,5,PC3_count,0.3,0.24975797200730263
target_family,tracking_shuffled_objects,meta-llama/Llama-2-7b-hf,Llama-2,tracking_shuffled_objects,7,PC3_count,0.152,0.24723324746542877
target_family,tracking_shuffled_objects,meta-llama/Llama-2-13b-hf,Llama-2,tracking_shuffled_objects,7,PC3_count,0.168,0.30952286270016244
target_family,tracking_shuffled_objects,meta-llama/Llama-2-70b-hf,Llama-2,tracking_shuffled_objects,7,PC3_count,0.62,0.3244578058324625
target_family,tracking_shuffled_objects,huggyllama/llama-7b,Llama,tracking_shuffled_objects,7,PC3_count,0.096,0.22144217955917708
target_family,tracking_shuffled_objects,huggyllama/llama-13b,Llama,tracking_shuffled_objects,7,PC3_count,0.076,0.2427021663178892
target_family,tracking_shuffled_objects,huggyllama/llama-30b,Llama,tracking_shuffled_objects,7,PC3_count,0.148,0.27775804059228787
target_family,tracking_shuffled_objects,huggyllama/llama-65b,Llama,tracking_shuffled_objects,7,PC3_count,0.308,0.286934785694458
target_family,tracking_shuffled_objects,Qwen/Qwen1.5-72B,Qwen1.5,tracking_shuffled_objects,7,PC3_count,0.388,0.2525801306580293
target_family,tracking_shuffled_objects,Qwen/Qwen1.5-32B,Qwen1.5,tracking_shuffled_objects,7,PC3_count,0.364,0.23338384167529186
target_family,tracking_shuffled_objects,Qwen/Qwen1.5-14B,Qwen1.5,tracking_shuffled_objects,7,PC3_count,0.408,0.2204912877872762
target_family,tracking_shuffled_objects,Qwen/Qwen1.5-7B,Qwen1.5,tracking_shuffled_objects,7,PC3_count,0.076,0.1996336144693232
target_family,tracking_shuffled_objects,Qwen/Qwen1.5-4B,Qwen1.5,tracking_shuffled_objects,7,PC3_count,0.1411428571428571,0.16027285430943897
target_family,tracking_shuffled_objects,Qwen/Qwen1.5-1.8B,Qwen1.5,tracking_shuffled_objects,7,PC3_count,0.0428571428571428,0.13714087888816212
target_family,tracking_shuffled_objects,Qwen/Qwen1.5-0.5B,Qwen1.5,tracking_shuffled_objects,7,PC3_count,0.028,0.09806988060189487
target_family,tracking_shuffled_objects,Qwen/Qwen-72B,Qwen,tracking_shuffled_objects,7,PC3_count,0.544,0.2501875959056067
target_family,tracking_shuffled_objects,Qwen/Qwen-14B,Qwen,tracking_shuffled_objects,7,PC3_count,0.0,0.2507686741702821
target_family,tracking_shuffled_objects,Qwen/Qwen-7B,Qwen,tracking_shuffled_objects,7,PC3_count,0.1348571428571428,0.20085388341272337
target_family,tracking_shuffled_objects,mistralai/Mistral-7B-v0.1,Mistral,tracking_shuffled_objects,7,PC3_count,0.2,0.28033499471678314
target_family,tracking_shuffled_objects,mistralai/Mixtral-8x7B-v0.1,Mixtral,tracking_shuffled_objects,7,PC3_count,0.64,0.29192995074452643
target_family,tracking_shuffled_objects,01-ai/Yi-6B,Yi,tracking_shuffled_objects,7,PC3_count,0.136,0.2219553164607802
target_family,tracking_shuffled_objects,01-ai/Yi-34B,Yi,tracking_shuffled_objects,7,PC3_count,0.0,0.24605640253209826
target_family,tracking_shuffled_objects,google/gemma-7b,Gemma,tracking_shuffled_objects,7,PC3_count,0.376,0.26935820145060374
target_family,tracking_shuffled_objects,google/gemma-2b,Gemma,tracking_shuffled_objects,7,PC3_count,0.12,0.21802927788521706
target_family,tracking_shuffled_objects,tiiuae/falcon-40b,Falcon,tracking_shuffled_objects,7,PC3_count,0.14,0.2930332037198281
target_family,tracking_shuffled_objects,tiiuae/falcon-7b,Falcon,tracking_shuffled_objects,7,PC3_count,0.0,0.23276188135378187
target_family,tracking_shuffled_objects,tiiuae/falcon-rw-1b,Falcon,tracking_shuffled_objects,7,PC3_count,0.028,0.10594516492564172
target_family,tracking_shuffled_objects,microsoft/phi-2,Phi,tracking_shuffled_objects,7,PC3_count,0.86,0.1238814973010312
target_family,tracking_shuffled_objects,microsoft/phi-1_5,Phi,tracking_shuffled_objects,7,PC3_count,0.072,0.10884666004510203
target_family,tracking_shuffled_objects,EleutherAI/pythia-1b-deduped,Pythia,tracking_shuffled_objects,7,PC3_count,0.104,0.0876927072160973
target_family,tracking_shuffled_objects,EleutherAI/pythia-410m-deduped,Pythia,tracking_shuffled_objects,7,PC3_count,0.056,0.07189151119693679
target_family,tracking_shuffled_objects,EleutherAI/pythia-6.9b-deduped,Pythia,tracking_shuffled_objects,7,PC3_count,0.048,0.1628582317874879
target_family,tracking_shuffled_objects,EleutherAI/pythia-2.8b-deduped,Pythia,tracking_shuffled_objects,7,PC3_count,0.104,0.14129091024674859
target_family,tracking_shuffled_objects,EleutherAI/pythia-12b-deduped,Pythia,tracking_shuffled_objects,7,PC3_count,0.056,0.19149828202717692
target_family,tracking_shuffled_objects,EleutherAI/pythia-70m-deduped,Pythia,tracking_shuffled_objects,7,PC3_count,0.0,0.04842700538972728
target_family,tracking_shuffled_objects,EleutherAI/pythia-1.4b-deduped,Pythia,tracking_shuffled_objects,7,PC3_count,0.156,0.10664181467672725
target_family,tracking_shuffled_objects,EleutherAI/pythia-160m-deduped,Pythia,tracking_shuffled_objects,7,PC3_count,0.008,0.05777580747006168
target_family,tracking_shuffled_objects,bigscience/bloom-560m,BLOOM,tracking_shuffled_objects,7,PC3_count,0.0697142857142857,0.07524184917297742
target_family,tracking_shuffled_objects,bigscience/bloom-1b1,BLOOM,tracking_shuffled_objects,7,PC3_count,0.1302857142857142,0.0917732853639575
target_family,tracking_shuffled_objects,bigscience/bloom-3b,BLOOM,tracking_shuffled_objects,7,PC3_count,0.1125714285714285,0.12845886738745316
target_family,tracking_shuffled_objects,bigscience/bloom-7b1,BLOOM,tracking_shuffled_objects,7,PC3_count,0.008,0.16761724996986943
target_family,tracking_shuffled_objects,EleutherAI/gpt-neox-20b,GPT-Neo/J,tracking_shuffled_objects,7,PC3_count,0.08,0.2277687582236295
target_family,tracking_shuffled_objects,EleutherAI/gpt-neo-2.7B,GPT-Neo/J,tracking_shuffled_objects,7,PC3_count,0.056,0.1016729411622784
target_family,tracking_shuffled_objects,EleutherAI/gpt-neo-1.3B,GPT-Neo/J,tracking_shuffled_objects,7,PC3_count,0.112,0.08909262134940706
target_family,tracking_shuffled_objects,EleutherAI/gpt-neo-125m,GPT-Neo/J,tracking_shuffled_objects,7,PC3_count,0.012,0.05199355174618789
target_family,tracking_shuffled_objects,EleutherAI/gpt-j-6b,GPT-Neo/J,tracking_shuffled_objects,7,PC3_count,0.104,0.17680898391666525
target_family,tracking_shuffled_objects,facebook/opt-6.7b,OPT,tracking_shuffled_objects,7,PC3_count,0.128,0.13986969303978378
target_family,tracking_shuffled_objects,facebook/opt-1.3b,OPT,tracking_shuffled_objects,7,PC3_count,0.0,0.09134114152131356
target_family,tracking_shuffled_objects,facebook/opt-350m,OPT,tracking_shuffled_objects,7,PC3_count,0.02,0.06437907105595603
target_family,tracking_shuffled_objects,facebook/opt-13b,OPT,tracking_shuffled_objects,7,PC3_count,0.112,0.15492230511803903
target_family,tracking_shuffled_objects,facebook/opt-2.7b,OPT,tracking_shuffled_objects,7,PC3_count,0.14,0.11089675502352381
target_family,tracking_shuffled_objects,facebook/opt-30b,OPT,tracking_shuffled_objects,7,PC3_count,0.18,0.16838643089064798
target_family,tracking_shuffled_objects,facebook/opt-125m,OPT,tracking_shuffled_objects,7,PC3_count,0.012,0.05496160415126951
target_family,tracking_shuffled_objects,facebook/opt-66b,OPT,tracking_shuffled_objects,7,PC3_count,0.128,0.179974920737868
target_family,tracking_shuffled_objects,mosaicml/mpt-30b,MPT,tracking_shuffled_objects,7,PC3_count,0.156,0.2567521384430102
target_family,tracking_shuffled_objects,mosaicml/mpt-7b,MPT,tracking_shuffled_objects,7,PC3_count,0.02,0.23245421929695245
target_family,tracking_shuffled_objects,facebook/xglm-564M,XGLM,tracking_shuffled_objects,7,PC3_count,0.068,0.07892734541353129
target_family,tracking_shuffled_objects,facebook/xglm-1.7B,XGLM,tracking_shuffled_objects,7,PC3_count,0.112,0.10725773524847135
target_family,tracking_shuffled_objects,facebook/xglm-4.5B,XGLM,tracking_shuffled_objects,7,PC3_count,0.0,0.13600970659046244
target_family,tracking_shuffled_objects,facebook/xglm-7.5B,XGLM,tracking_shuffled_objects,7,PC3_count,0.0,0.15858769621298688
target_family,tracking_shuffled_objects,codellama/CodeLlama-7b-hf,CodeLlama,tracking_shuffled_objects,7,PC3_count,0.18,0.18322557391150399
target_family,tracking_shuffled_objects,codellama/CodeLlama-13b-hf,CodeLlama,tracking_shuffled_objects,7,PC3_count,0.132,0.17381905464392233
target_family,tracking_shuffled_objects,codellama/CodeLlama-34b-hf,CodeLlama,tracking_shuffled_objects,7,PC3_count,0.404,0.266668354373304
target_family,tracking_shuffled_objects,codellama/CodeLlama-70b-hf,CodeLlama,tracking_shuffled_objects,7,PC3_count,0.648,0.26781740799867426
target_family,tracking_shuffled_objects,bigcode/starcoderbase-1b,StarCoder,tracking_shuffled_objects,7,PC3_count,0.132,0.0634158545940333
target_family,tracking_shuffled_objects,bigcode/starcoderbase-3b,StarCoder,tracking_shuffled_objects,7,PC3_count,0.148,0.08024159890125798
target_family,tracking_shuffled_objects,bigcode/starcoderbase-7b,StarCoder,tracking_shuffled_objects,7,PC3_count,0.112,0.09238213526675788
target_family,tracking_shuffled_objects,bigcode/starcoderbase,StarCoder,tracking_shuffled_objects,7,PC3_count,0.204,0.096489255908966
target_family,tracking_shuffled_objects,bigcode/starcoder2-15b,StarCoder2,tracking_shuffled_objects,7,PC3_count,0.656,0.20278835829005348
target_family,tracking_shuffled_objects,bigcode/starcoder2-7b,StarCoder2,tracking_shuffled_objects,7,PC3_count,0.2,0.11214531616307918
target_family,tracking_shuffled_objects,bigcode/starcoder2-3b,StarCoder2,tracking_shuffled_objects,7,PC3_count,0.16,0.100533265126176
target_family,tracking_shuffled_objects,deepseek-ai/deepseek-coder-1.3b-base,DeepSeek-Coder,tracking_shuffled_objects,7,PC3_count,0.128,0.08416982872678731
target_family,tracking_shuffled_objects,deepseek-ai/deepseek-coder-6.7b-base,DeepSeek-Coder,tracking_shuffled_objects,7,PC3_count,0.244,0.13684702132786133
target_family,tracking_shuffled_objects,deepseek-ai/deepseek-coder-33b-base,DeepSeek-Coder,tracking_shuffled_objects,7,PC3_count,0.268,0.16138782912670738
target_family,tracking_shuffled_objects,meta-llama/Llama-2-7b-hf,Llama-2,tracking_shuffled_objects,3,count_only,0.328,0.41947200532148254
target_family,tracking_shuffled_objects,meta-llama/Llama-2-13b-hf,Llama-2,tracking_shuffled_objects,3,count_only,0.36,0.41947200532148254
target_family,tracking_shuffled_objects,meta-llama/Llama-2-70b-hf,Llama-2,tracking_shuffled_objects,3,count_only,0.708,0.41947200532148254
target_family,tracking_shuffled_objects,huggyllama/llama-7b,Llama,tracking_shuffled_objects,3,count_only,0.364,0.41947200532148254
target_family,tracking_shuffled_objects,huggyllama/llama-13b,Llama,tracking_shuffled_objects,3,count_only,0.344,0.41947200532148254
target_family,tracking_shuffled_objects,huggyllama/llama-30b,Llama,tracking_shuffled_objects,3,count_only,0.292,0.41947200532148254
target_family,tracking_shuffled_objects,huggyllama/llama-65b,Llama,tracking_shuffled_objects,3,count_only,0.52,0.41947200532148254
target_family,tracking_shuffled_objects,Qwen/Qwen1.5-72B,Qwen1.5,tracking_shuffled_objects,3,count_only,0.772,0.41947200532148254
target_family,tracking_shuffled_objects,Qwen/Qwen1.5-32B,Qwen1.5,tracking_shuffled_objects,3,count_only,0.704,0.41947200532148254
target_family,tracking_shuffled_objects,Qwen/Qwen1.5-14B,Qwen1.5,tracking_shuffled_objects,3,count_only,0.632,0.41947200532148254
target_family,tracking_shuffled_objects,Qwen/Qwen1.5-7B,Qwen1.5,tracking_shuffled_objects,3,count_only,0.444,0.41947200532148254
target_family,tracking_shuffled_objects,Qwen/Qwen1.5-4B,Qwen1.5,tracking_shuffled_objects,3,count_only,0.22,0.41947200532148254
target_family,tracking_shuffled_objects,Qwen/Qwen1.5-1.8B,Qwen1.5,tracking_shuffled_objects,3,count_only,0.148,0.41947200532148254
target_family,tracking_shuffled_objects,Qwen/Qwen1.5-0.5B,Qwen1.5,tracking_shuffled_objects,3,count_only,0.18,0.41947200532148254
target_family,tracking_shuffled_objects,Qwen/Qwen-72B,Qwen,tracking_shuffled_objects,3,count_only,0.824,0.41947200532148254
target_family,tracking_shuffled_objects,Qwen/Qwen-14B,Qwen,tracking_shuffled_objects,3,count_only,0.0,0.41947200532148254
target_family,tracking_shuffled_objects,Qwen/Qwen-7B,Qwen,tracking_shuffled_objects,3,count_only,0.304,0.41947200532148254
target_family,tracking_shuffled_objects,mistralai/Mistral-7B-v0.1,Mistral,tracking_shuffled_objects,3,count_only,0.444,0.41947200532148254
target_family,tracking_shuffled_objects,mistralai/Mixtral-8x7B-v0.1,Mixtral,tracking_shuffled_objects,3,count_only,0.796,0.41947200532148254
target_family,tracking_shuffled_objects,01-ai/Yi-6B,Yi,tracking_shuffled_objects,3,count_only,0.364,0.41947200532148254
target_family,tracking_shuffled_objects,01-ai/Yi-34B,Yi,tracking_shuffled_objects,3,count_only,0.204,0.41947200532148254
target_family,tracking_shuffled_objects,google/gemma-7b,Gemma,tracking_shuffled_objects,3,count_only,0.52,0.41947200532148254
target_family,tracking_shuffled_objects,google/gemma-2b,Gemma,tracking_shuffled_objects,3,count_only,0.336,0.41947200532148254
target_family,tracking_shuffled_objects,tiiuae/falcon-40b,Falcon,tracking_shuffled_objects,3,count_only,0.32,0.41947200532148254
target_family,tracking_shuffled_objects,tiiuae/falcon-7b,Falcon,tracking_shuffled_objects,3,count_only,0.324,0.41947200532148254
target_family,tracking_shuffled_objects,tiiuae/falcon-rw-1b,Falcon,tracking_shuffled_objects,3,count_only,0.312,0.41947200532148254
target_family,tracking_shuffled_objects,microsoft/phi-2,Phi,tracking_shuffled_objects,3,count_only,0.892,0.41947200532148254
target_family,tracking_shuffled_objects,microsoft/phi-1_5,Phi,tracking_shuffled_objects,3,count_only,0.348,0.41947200532148254
target_family,tracking_shuffled_objects,EleutherAI/pythia-1b-deduped,Pythia,tracking_shuffled_objects,3,count_only,0.336,0.41947200532148254
target_family,tracking_shuffled_objects,EleutherAI/pythia-410m-deduped,Pythia,tracking_shuffled_objects,3,count_only,0.32,0.41947200532148254
target_family,tracking_shuffled_objects,EleutherAI/pythia-6.9b-deduped,Pythia,tracking_shuffled_objects,3,count_only,0.336,0.41947200532148254
target_family,tracking_shuffled_objects,EleutherAI/pythia-2.8b-deduped,Pythia,tracking_shuffled_objects,3,count_only,0.332,0.41947200532148254
target_family,tracking_shuffled_objects,EleutherAI/pythia-12b-deduped,Pythia,tracking_shuffled_objects,3,count_only,0.296,0.41947200532148254
target_family,tracking_shuffled_objects,EleutherAI/pythia-70m-deduped,Pythia,tracking_shuffled_objects,3,count_only,0.0,0.41947200532148254
target_family,tracking_shuffled_objects,EleutherAI/pythia-1.4b-deduped,Pythia,tracking_shuffled_objects,3,count_only,0.364,0.41947200532148254
target_family,tracking_shuffled_objects,EleutherAI/pythia-160m-deduped,Pythia,tracking_shuffled_objects,3,count_only,0.0,0.41947200532148254
target_family,tracking_shuffled_objects,bigscience/bloom-560m,BLOOM,tracking_shuffled_objects,3,count_only,0.1706666666666667,0.41947200532148254
target_family,tracking_shuffled_objects,bigscience/bloom-1b1,BLOOM,tracking_shuffled_objects,3,count_only,0.2973333333333333,0.41947200532148254
target_family,tracking_shuffled_objects,bigscience/bloom-3b,BLOOM,tracking_shuffled_objects,3,count_only,0.3253333333333333,0.41947200532148254
target_family,tracking_shuffled_objects,bigscience/bloom-7b1,BLOOM,tracking_shuffled_objects,3,count_only,0.328,0.41947200532148254
target_family,tracking_shuffled_objects,EleutherAI/gpt-neox-20b,GPT-Neo/J,tracking_shuffled_objects,3,count_only,0.3,0.41947200532148254
target_family,tracking_shuffled_objects,EleutherAI/gpt-neo-2.7B,GPT-Neo/J,tracking_shuffled_objects,3,count_only,0.332,0.41947200532148254
target_family,tracking_shuffled_objects,EleutherAI/gpt-neo-1.3B,GPT-Neo/J,tracking_shuffled_objects,3,count_only,0.32,0.41947200532148254
target_family,tracking_shuffled_objects,EleutherAI/gpt-neo-125m,GPT-Neo/J,tracking_shuffled_objects,3,count_only,0.148,0.41947200532148254
target_family,tracking_shuffled_objects,EleutherAI/gpt-j-6b,GPT-Neo/J,tracking_shuffled_objects,3,count_only,0.336,0.41947200532148254
target_family,tracking_shuffled_objects,facebook/opt-6.7b,OPT,tracking_shuffled_objects,3,count_only,0.36,0.41947200532148254
target_family,tracking_shuffled_objects,facebook/opt-1.3b,OPT,tracking_shuffled_objects,3,count_only,0.292,0.41947200532148254
target_family,tracking_shuffled_objects,facebook/opt-350m,OPT,tracking_shuffled_objects,3,count_only,0.312,0.41947200532148254
target_family,tracking_shuffled_objects,facebook/opt-13b,OPT,tracking_shuffled_objects,3,count_only,0.332,0.41947200532148254
target_family,tracking_shuffled_objects,facebook/opt-2.7b,OPT,tracking_shuffled_objects,3,count_only,0.328,0.41947200532148254
target_family,tracking_shuffled_objects,facebook/opt-30b,OPT,tracking_shuffled_objects,3,count_only,0.296,0.41947200532148254
target_family,tracking_shuffled_objects,facebook/opt-125m,OPT,tracking_shuffled_objects,3,count_only,0.204,0.41947200532148254
target_family,tracking_shuffled_objects,facebook/opt-66b,OPT,tracking_shuffled_objects,3,count_only,0.332,0.41947200532148254
target_family,tracking_shuffled_objects,mosaicml/mpt-30b,MPT,tracking_shuffled_objects,3,count_only,0.336,0.41947200532148254
target_family,tracking_shuffled_objects,mosaicml/mpt-7b,MPT,tracking_shuffled_objects,3,count_only,0.324,0.41947200532148254
target_family,tracking_shuffled_objects,facebook/xglm-564M,XGLM,tracking_shuffled_objects,3,count_only,0.18,0.41947200532148254
target_family,tracking_shuffled_objects,facebook/xglm-1.7B,XGLM,tracking_shuffled_objects,3,count_only,0.188,0.41947200532148254
target_family,tracking_shuffled_objects,facebook/xglm-4.5B,XGLM,tracking_shuffled_objects,3,count_only,0.0,0.41947200532148254
target_family,tracking_shuffled_objects,facebook/xglm-7.5B,XGLM,tracking_shuffled_objects,3,count_only,0.0,0.41947200532148254
target_family,tracking_shuffled_objects,codellama/CodeLlama-7b-hf,CodeLlama,tracking_shuffled_objects,3,count_only,0.364,0.41947200532148254
target_family,tracking_shuffled_objects,codellama/CodeLlama-13b-hf,CodeLlama,tracking_shuffled_objects,3,count_only,0.348,0.41947200532148254
target_family,tracking_shuffled_objects,codellama/CodeLlama-34b-hf,CodeLlama,tracking_shuffled_objects,3,count_only,0.548,0.41947200532148254
target_family,tracking_shuffled_objects,codellama/CodeLlama-70b-hf,CodeLlama,tracking_shuffled_objects,3,count_only,0.892,0.41947200532148254
target_family,tracking_shuffled_objects,bigcode/starcoderbase-1b,StarCoder,tracking_shuffled_objects,3,count_only,0.328,0.41947200532148254
target_family,tracking_shuffled_objects,bigcode/starcoderbase-3b,StarCoder,tracking_shuffled_objects,3,count_only,0.364,0.41947200532148254
target_family,tracking_shuffled_objects,bigcode/starcoderbase-7b,StarCoder,tracking_shuffled_objects,3,count_only,0.32,0.41947200532148254
target_family,tracking_shuffled_objects,bigcode/starcoderbase,StarCoder,tracking_shuffled_objects,3,count_only,0.376,0.41947200532148254
target_family,tracking_shuffled_objects,bigcode/starcoder2-15b,StarCoder2,tracking_shuffled_objects,3,count_only,0.66,0.41947200532148254
target_family,tracking_shuffled_objects,bigcode/starcoder2-7b,StarCoder2,tracking_shuffled_objects,3,count_only,0.392,0.41947200532148254
target_family,tracking_shuffled_objects,bigcode/starcoder2-3b,StarCoder2,tracking_shuffled_objects,3,count_only,0.308,0.41947200532148254
target_family,tracking_shuffled_objects,deepseek-ai/deepseek-coder-1.3b-base,DeepSeek-Coder,tracking_shuffled_objects,3,count_only,0.26,0.41947200532148254
target_family,tracking_shuffled_objects,deepseek-ai/deepseek-coder-6.7b-base,DeepSeek-Coder,tracking_shuffled_objects,3,count_only,0.408,0.41947200532148254
target_family,tracking_shuffled_objects,deepseek-ai/deepseek-coder-33b-base,DeepSeek-Coder,tracking_shuffled_objects,3,count_only,0.392,0.41947200532148254
target_family,tracking_shuffled_objects,meta-llama/Llama-2-7b-hf,Llama-2,tracking_shuffled_objects,5,count_only,0.164,0.23821349468402384
target_family,tracking_shuffled_objects,meta-llama/Llama-2-13b-hf,Llama-2,tracking_shuffled_objects,5,count_only,0.212,0.23821349468402384
target_family,tracking_shuffled_objects,meta-llama/Llama-2-70b-hf,Llama-2,tracking_shuffled_objects,5,count_only,0.712,0.23821349468402384
target_family,tracking_shuffled_objects,huggyllama/llama-7b,Llama,tracking_shuffled_objects,5,count_only,0.192,0.23821349468402384
target_family,tracking_shuffled_objects,huggyllama/llama-13b,Llama,tracking_shuffled_objects,5,count_only,0.164,0.23821349468402384
target_family,tracking_shuffled_objects,huggyllama/llama-30b,Llama,tracking_shuffled_objects,5,count_only,0.208,0.23821349468402384
target_family,tracking_shuffled_objects,huggyllama/llama-65b,Llama,tracking_shuffled_objects,5,count_only,0.408,0.23821349468402384
target_family,tracking_shuffled_objects,Qwen/Qwen1.5-72B,Qwen1.5,tracking_shuffled_objects,5,count_only,0.5863999999999999,0.23821349468402384
target_family,tracking_shuffled_objects,Qwen/Qwen1.5-32B,Qwen1.5,tracking_shuffled_objects,5,count_only,0.596,0.23821349468402384
target_family,tracking_shuffled_objects,Qwen/Qwen1.5-14B,Qwen1.5,tracking_shuffled_objects,5,count_only,0.512,0.23821349468402384
target_family,tracking_shuffled_objects,Qwen/Qwen1.5-7B,Qwen1.5,tracking_shuffled_objects,5,count_only,0.124,0.23821349468402384
target_family,tracking_shuffled_objects,Qwen/Qwen1.5-4B,Qwen1.5,tracking_shuffled_objects,5,count_only,0.168,0.23821349468402384
target_family,tracking_shuffled_objects,Qwen/Qwen1.5-1.8B,Qwen1.5,tracking_shuffled_objects,5,count_only,0.08,0.23821349468402384
target_family,tracking_shuffled_objects,Qwen/Qwen1.5-0.5B,Qwen1.5,tracking_shuffled_objects,5,count_only,0.064,0.23821349468402384
target_family,tracking_shuffled_objects,Qwen/Qwen-72B,Qwen,tracking_shuffled_objects,5,count_only,0.64,0.23821349468402384
target_family,tracking_shuffled_objects,Qwen/Qwen-14B,Qwen,tracking_shuffled_objects,5,count_only,0.0,0.23821349468402384
target_family,tracking_shuffled_objects,Qwen/Qwen-7B,Qwen,tracking_shuffled_objects,5,count_only,0.1864,0.23821349468402384
target_family,tracking_shuffled_objects,mistralai/Mistral-7B-v0.1,Mistral,tracking_shuffled_objects,5,count_only,0.312,0.23821349468402384
target_family,tracking_shuffled_objects,mistralai/Mixtral-8x7B-v0.1,Mixtral,tracking_shuffled_objects,5,count_only,0.712,0.23821349468402384
target_family,tracking_shuffled_objects,01-ai/Yi-6B,Yi,tracking_shuffled_objects,5,count_only,0.152,0.23821349468402384
target_family,tracking_shuffled_objects,01-ai/Yi-34B,Yi,tracking_shuffled_objects,5,count_only,0.0,0.23821349468402384
target_family,tracking_shuffled_objects,google/gemma-7b,Gemma,tracking_shuffled_objects,5,count_only,0.452,0.23821349468402384
target_family,tracking_shuffled_objects,google/gemma-2b,Gemma,tracking_shuffled_objects,5,count_only,0.196,0.23821349468402384
target_family,tracking_shuffled_objects,tiiuae/falcon-40b,Falcon,tracking_shuffled_objects,5,count_only,0.188,0.23821349468402384
target_family,tracking_shuffled_objects,tiiuae/falcon-7b,Falcon,tracking_shuffled_objects,5,count_only,0.0,0.23821349468402384
target_family,tracking_shuffled_objects,tiiuae/falcon-rw-1b,Falcon,tracking_shuffled_objects,5,count_only,0.18,0.23821349468402384
target_family,tracking_shuffled_objects,microsoft/phi-2,Phi,tracking_shuffled_objects,5,count_only,0.904,0.23821349468402384
target_family,tracking_shuffled_objects,microsoft/phi-1_5,Phi,tracking_shuffled_objects,5,count_only,0.168,0.23821349468402384
target_family,tracking_shuffled_objects,EleutherAI/pythia-1b-deduped,Pythia,tracking_shuffled_objects,5,count_only,0.172,0.23821349468402384
target_family,tracking_shuffled_objects,EleutherAI/pythia-410m-deduped,Pythia,tracking_shuffled_objects,5,count_only,0.168,0.23821349468402384
target_family,tracking_shuffled_objects,EleutherAI/pythia-6.9b-deduped,Pythia,tracking_shuffled_objects,5,count_only,0.196,0.23821349468402384
target_family,tracking_shuffled_objects,EleutherAI/pythia-2.8b-deduped,Pythia,tracking_shuffled_objects,5,count_only,0.144,0.23821349468402384
target_family,tracking_shuffled_objects,EleutherAI/pythia-12b-deduped,Pythia,tracking_shuffled_objects,5,count_only,0.148,0.23821349468402384
target_family,tracking_shuffled_objects,EleutherAI/pythia-70m-deduped,Pythia,tracking_shuffled_objects,5,count_only,0.0,0.23821349468402384
target_family,tracking_shuffled_objects,EleutherAI/pythia-1.4b-deduped,Pythia,tracking_shuffled_objects,5,count_only,0.236,0.23821349468402384
target_family,tracking_shuffled_objects,EleutherAI/pythia-160m-deduped,Pythia,tracking_shuffled_objects,5,count_only,0.004,0.23821349468402384
target_family,tracking_shuffled_objects,bigscience/bloom-560m,BLOOM,tracking_shuffled_objects,5,count_only,0.0928,0.23821349468402384
target_family,tracking_shuffled_objects,bigscience/bloom-1b1,BLOOM,tracking_shuffled_objects,5,count_only,0.2168,0.23821349468402384
target_family,tracking_shuffled_objects,bigscience/bloom-3b,BLOOM,tracking_shuffled_objects,5,count_only,0.1816,0.23821349468402384
target_family,tracking_shuffled_objects,bigscience/bloom-7b1,BLOOM,tracking_shuffled_objects,5,count_only,0.104,0.23821349468402384
target_family,tracking_shuffled_objects,EleutherAI/gpt-neox-20b,GPT-Neo/J,tracking_shuffled_objects,5,count_only,0.16,0.23821349468402384
target_family,tracking_shuffled_objects,EleutherAI/gpt-neo-2.7B,GPT-Neo/J,tracking_shuffled_objects,5,count_only,0.208,0.23821349468402384
target_family,tracking_shuffled_objects,EleutherAI/gpt-neo-1.3B,GPT-Neo/J,tracking_shuffled_objects,5,count_only,0.212,0.23821349468402384
target_family,tracking_shuffled_objects,EleutherAI/gpt-neo-125m,GPT-Neo/J,tracking_shuffled_objects,5,count_only,0.06,0.23821349468402384
target_family,tracking_shuffled_objects,EleutherAI/gpt-j-6b,GPT-Neo/J,tracking_shuffled_objects,5,count_only,0.14,0.23821349468402384
target_family,tracking_shuffled_objects,facebook/opt-6.7b,OPT,tracking_shuffled_objects,5,count_only,0.188,0.23821349468402384
target_family,tracking_shuffled_objects,facebook/opt-1.3b,OPT,tracking_shuffled_objects,5,count_only,0.0,0.23821349468402384
target_family,tracking_shuffled_objects,facebook/opt-350m,OPT,tracking_shuffled_objects,5,count_only,0.104,0.23821349468402384
target_family,tracking_shuffled_objects,facebook/opt-13b,OPT,tracking_shuffled_objects,5,count_only,0.18,0.23821349468402384
target_family,tracking_shuffled_objects,facebook/opt-2.7b,OPT,tracking_shuffled_objects,5,count_only,0.184,0.23821349468402384
target_family,tracking_shuffled_objects,facebook/opt-30b,OPT,tracking_shuffled_objects,5,count_only,0.188,0.23821349468402384
target_family,tracking_shuffled_objects,facebook/opt-125m,OPT,tracking_shuffled_objects,5,count_only,0.04,0.23821349468402384
target_family,tracking_shuffled_objects,facebook/opt-66b,OPT,tracking_shuffled_objects,5,count_only,0.184,0.23821349468402384
target_family,tracking_shuffled_objects,mosaicml/mpt-30b,MPT,tracking_shuffled_objects,5,count_only,0.236,0.23821349468402384
target_family,tracking_shuffled_objects,mosaicml/mpt-7b,MPT,tracking_shuffled_objects,5,count_only,0.172,0.23821349468402384
target_family,tracking_shuffled_objects,facebook/xglm-564M,XGLM,tracking_shuffled_objects,5,count_only,0.116,0.23821349468402384
target_family,tracking_shuffled_objects,facebook/xglm-1.7B,XGLM,tracking_shuffled_objects,5,count_only,0.172,0.23821349468402384
target_family,tracking_shuffled_objects,facebook/xglm-4.5B,XGLM,tracking_shuffled_objects,5,count_only,0.0,0.23821349468402384
target_family,tracking_shuffled_objects,facebook/xglm-7.5B,XGLM,tracking_shuffled_objects,5,count_only,0.0,0.23821349468402384
target_family,tracking_shuffled_objects,codellama/CodeLlama-7b-hf,CodeLlama,tracking_shuffled_objects,5,count_only,0.24,0.23821349468402384
target_family,tracking_shuffled_objects,codellama/CodeLlama-13b-hf,CodeLlama,tracking_shuffled_objects,5,count_only,0.244,0.23821349468402384
target_family,tracking_shuffled_objects,codellama/CodeLlama-34b-hf,CodeLlama,tracking_shuffled_objects,5,count_only,0.544,0.23821349468402384
target_family,tracking_shuffled_objects,codellama/CodeLlama-70b-hf,CodeLlama,tracking_shuffled_objects,5,count_only,0.728,0.23821349468402384
target_family,tracking_shuffled_objects,bigcode/starcoderbase-1b,StarCoder,tracking_shuffled_objects,5,count_only,0.168,0.23821349468402384
target_family,tracking_shuffled_objects,bigcode/starcoderbase-3b,StarCoder,tracking_shuffled_objects,5,count_only,0.184,0.23821349468402384
target_family,tracking_shuffled_objects,bigcode/starcoderbase-7b,StarCoder,tracking_shuffled_objects,5,count_only,0.124,0.23821349468402384
target_family,tracking_shuffled_objects,bigcode/starcoderbase,StarCoder,tracking_shuffled_objects,5,count_only,0.2,0.23821349468402384
target_family,tracking_shuffled_objects,bigcode/starcoder2-15b,StarCoder2,tracking_shuffled_objects,5,count_only,0.604,0.23821349468402384
target_family,tracking_shuffled_objects,bigcode/starcoder2-7b,StarCoder2,tracking_shuffled_objects,5,count_only,0.36,0.23821349468402384
target_family,tracking_shuffled_objects,bigcode/starcoder2-3b,StarCoder2,tracking_shuffled_objects,5,count_only,0.196,0.23821349468402384
target_family,tracking_shuffled_objects,deepseek-ai/deepseek-coder-1.3b-base,DeepSeek-Coder,tracking_shuffled_objects,5,count_only,0.212,0.23821349468402384
target_family,tracking_shuffled_objects,deepseek-ai/deepseek-coder-6.7b-base,DeepSeek-Coder,tracking_shuffled_objects,5,count_only,0.272,0.23821349468402384
target_family,tracking_shuffled_objects,deepseek-ai/deepseek-coder-33b-base,DeepSeek-Coder,tracking_shuffled_objects,5,count_only,0.3,0.23821349468402384
target_family,tracking_shuffled_objects,meta-llama/Llama-2-7b-hf,Llama-2,tracking_shuffled_objects,7,count_only,0.152,0.15262178674976623
target_family,tracking_shuffled_objects,meta-llama/Llama-2-13b-hf,Llama-2,tracking_shuffled_objects,7,count_only,0.168,0.15262178674976623
target_family,tracking_shuffled_objects,meta-llama/Llama-2-70b-hf,Llama-2,tracking_shuffled_objects,7,count_only,0.62,0.15262178674976623
target_family,tracking_shuffled_objects,huggyllama/llama-7b,Llama,tracking_shuffled_objects,7,count_only,0.096,0.15262178674976623
target_family,tracking_shuffled_objects,huggyllama/llama-13b,Llama,tracking_shuffled_objects,7,count_only,0.076,0.15262178674976623
target_family,tracking_shuffled_objects,huggyllama/llama-30b,Llama,tracking_shuffled_objects,7,count_only,0.148,0.15262178674976623
target_family,tracking_shuffled_objects,huggyllama/llama-65b,Llama,tracking_shuffled_objects,7,count_only,0.308,0.15262178674976623
target_family,tracking_shuffled_objects,Qwen/Qwen1.5-72B,Qwen1.5,tracking_shuffled_objects,7,count_only,0.388,0.15262178674976623
target_family,tracking_shuffled_objects,Qwen/Qwen1.5-32B,Qwen1.5,tracking_shuffled_objects,7,count_only,0.364,0.15262178674976623
target_family,tracking_shuffled_objects,Qwen/Qwen1.5-14B,Qwen1.5,tracking_shuffled_objects,7,count_only,0.408,0.15262178674976623
target_family,tracking_shuffled_objects,Qwen/Qwen1.5-7B,Qwen1.5,tracking_shuffled_objects,7,count_only,0.076,0.15262178674976623
target_family,tracking_shuffled_objects,Qwen/Qwen1.5-4B,Qwen1.5,tracking_shuffled_objects,7,count_only,0.1411428571428571,0.15262178674976623
target_family,tracking_shuffled_objects,Qwen/Qwen1.5-1.8B,Qwen1.5,tracking_shuffled_objects,7,count_only,0.0428571428571428,0.15262178674976623
target_family,tracking_shuffled_objects,Qwen/Qwen1.5-0.5B,Qwen1.5,tracking_shuffled_objects,7,count_only,0.028,0.15262178674976623
target_family,tracking_shuffled_objects,Qwen/Qwen-72B,Qwen,tracking_shuffled_objects,7,count_only,0.544,0.15262178674976623
target_family,tracking_shuffled_objects,Qwen/Qwen-14B,Qwen,tracking_shuffled_objects,7,count_only,0.0,0.15262178674976623
target_family,tracking_shuffled_objects,Qwen/Qwen-7B,Qwen,tracking_shuffled_objects,7,count_only,0.1348571428571428,0.15262178674976623
target_family,tracking_shuffled_objects,mistralai/Mistral-7B-v0.1,Mistral,tracking_shuffled_objects,7,count_only,0.2,0.15262178674976623
target_family,tracking_shuffled_objects,mistralai/Mixtral-8x7B-v0.1,Mixtral,tracking_shuffled_objects,7,count_only,0.64,0.15262178674976623
target_family,tracking_shuffled_objects,01-ai/Yi-6B,Yi,tracking_shuffled_objects,7,count_only,0.136,0.15262178674976623
target_family,tracking_shuffled_objects,01-ai/Yi-34B,Yi,tracking_shuffled_objects,7,count_only,0.0,0.15262178674976623
target_family,tracking_shuffled_objects,google/gemma-7b,Gemma,tracking_shuffled_objects,7,count_only,0.376,0.15262178674976623
target_family,tracking_shuffled_objects,google/gemma-2b,Gemma,tracking_shuffled_objects,7,count_only,0.12,0.15262178674976623
target_family,tracking_shuffled_objects,tiiuae/falcon-40b,Falcon,tracking_shuffled_objects,7,count_only,0.14,0.15262178674976623
target_family,tracking_shuffled_objects,tiiuae/falcon-7b,Falcon,tracking_shuffled_objects,7,count_only,0.0,0.15262178674976623
target_family,tracking_shuffled_objects,tiiuae/falcon-rw-1b,Falcon,tracking_shuffled_objects,7,count_only,0.028,0.15262178674976623
target_family,tracking_shuffled_objects,microsoft/phi-2,Phi,tracking_shuffled_objects,7,count_only,0.86,0.15262178674976623
target_family,tracking_shuffled_objects,microsoft/phi-1_5,Phi,tracking_shuffled_objects,7,count_only,0.072,0.15262178674976623
target_family,tracking_shuffled_objects,EleutherAI/pythia-1b-deduped,Pythia,tracking_shuffled_objects,7,count_only,0.104,0.15262178674976623
target_family,tracking_shuffled_objects,EleutherAI/pythia-410m-deduped,Pythia,tracking_shuffled_objects,7,count_only,0.056,0.15262178674976623
target_family,tracking_shuffled_objects,EleutherAI/pythia-6.9b-deduped,Pythia,tracking_shuffled_objects,7,count_only,0.048,0.15262178674976623
target_family,tracking_shuffled_objects,EleutherAI/pythia-2.8b-deduped,Pythia,tracking_shuffled_objects,7,count_only,0.104,0.15262178674976623
target_family,tracking_shuffled_objects,EleutherAI/pythia-12b-deduped,Pythia,tracking_shuffled_objects,7,count_only,0.056,0.15262178674976623
target_family,tracking_shuffled_objects,EleutherAI/pythia-70m-deduped,Pythia,tracking_shuffled_objects,7,count_only,0.0,0.15262178674976623
target_family,tracking_shuffled_objects,EleutherAI/pythia-1.4b-deduped,Pythia,tracking_shuffled_objects,7,count_only,0.156,0.15262178674976623
target_family,tracking_shuffled_objects,EleutherAI/pythia-160m-deduped,Pythia,tracking_shuffled_objects,7,count_only,0.008,0.15262178674976623
target_family,tracking_shuffled_objects,bigscience/bloom-560m,BLOOM,tracking_shuffled_objects,7,count_only,0.0697142857142857,0.15262178674976623
target_family,tracking_shuffled_objects,bigscience/bloom-1b1,BLOOM,tracking_shuffled_objects,7,count_only,0.1302857142857142,0.15262178674976623
target_family,tracking_shuffled_objects,bigscience/bloom-3b,BLOOM,tracking_shuffled_objects,7,count_only,0.1125714285714285,0.15262178674976623
target_family,tracking_shuffled_objects,bigscience/bloom-7b1,BLOOM,tracking_shuffled_objects,7,count_only,0.008,0.15262178674976623
target_family,tracking_shuffled_objects,EleutherAI/gpt-neox-20b,GPT-Neo/J,tracking_shuffled_objects,7,count_only,0.08,0.15262178674976623
target_family,tracking_shuffled_objects,EleutherAI/gpt-neo-2.7B,GPT-Neo/J,tracking_shuffled_objects,7,count_only,0.056,0.15262178674976623
target_family,tracking_shuffled_objects,EleutherAI/gpt-neo-1.3B,GPT-Neo/J,tracking_shuffled_objects,7,count_only,0.112,0.15262178674976623
target_family,tracking_shuffled_objects,EleutherAI/gpt-neo-125m,GPT-Neo/J,tracking_shuffled_objects,7,count_only,0.012,0.15262178674976623
target_family,tracking_shuffled_objects,EleutherAI/gpt-j-6b,GPT-Neo/J,tracking_shuffled_objects,7,count_only,0.104,0.15262178674976623
target_family,tracking_shuffled_objects,facebook/opt-6.7b,OPT,tracking_shuffled_objects,7,count_only,0.128,0.15262178674976623
target_family,tracking_shuffled_objects,facebook/opt-1.3b,OPT,tracking_shuffled_objects,7,count_only,0.0,0.15262178674976623
target_family,tracking_shuffled_objects,facebook/opt-350m,OPT,tracking_shuffled_objects,7,count_only,0.02,0.15262178674976623
target_family,tracking_shuffled_objects,facebook/opt-13b,OPT,tracking_shuffled_objects,7,count_only,0.112,0.15262178674976623
target_family,tracking_shuffled_objects,facebook/opt-2.7b,OPT,tracking_shuffled_objects,7,count_only,0.14,0.15262178674976623
target_family,tracking_shuffled_objects,facebook/opt-30b,OPT,tracking_shuffled_objects,7,count_only,0.18,0.15262178674976623
target_family,tracking_shuffled_objects,facebook/opt-125m,OPT,tracking_shuffled_objects,7,count_only,0.012,0.15262178674976623
target_family,tracking_shuffled_objects,facebook/opt-66b,OPT,tracking_shuffled_objects,7,count_only,0.128,0.15262178674976623
target_family,tracking_shuffled_objects,mosaicml/mpt-30b,MPT,tracking_shuffled_objects,7,count_only,0.156,0.15262178674976623
target_family,tracking_shuffled_objects,mosaicml/mpt-7b,MPT,tracking_shuffled_objects,7,count_only,0.02,0.15262178674976623
target_family,tracking_shuffled_objects,facebook/xglm-564M,XGLM,tracking_shuffled_objects,7,count_only,0.068,0.15262178674976623
target_family,tracking_shuffled_objects,facebook/xglm-1.7B,XGLM,tracking_shuffled_objects,7,count_only,0.112,0.15262178674976623
target_family,tracking_shuffled_objects,facebook/xglm-4.5B,XGLM,tracking_shuffled_objects,7,count_only,0.0,0.15262178674976623
target_family,tracking_shuffled_objects,facebook/xglm-7.5B,XGLM,tracking_shuffled_objects,7,count_only,0.0,0.15262178674976623
target_family,tracking_shuffled_objects,codellama/CodeLlama-7b-hf,CodeLlama,tracking_shuffled_objects,7,count_only,0.18,0.15262178674976623
target_family,tracking_shuffled_objects,codellama/CodeLlama-13b-hf,CodeLlama,tracking_shuffled_objects,7,count_only,0.132,0.15262178674976623
target_family,tracking_shuffled_objects,codellama/CodeLlama-34b-hf,CodeLlama,tracking_shuffled_objects,7,count_only,0.404,0.15262178674976623
target_family,tracking_shuffled_objects,codellama/CodeLlama-70b-hf,CodeLlama,tracking_shuffled_objects,7,count_only,0.648,0.15262178674976623
target_family,tracking_shuffled_objects,bigcode/starcoderbase-1b,StarCoder,tracking_shuffled_objects,7,count_only,0.132,0.15262178674976623
target_family,tracking_shuffled_objects,bigcode/starcoderbase-3b,StarCoder,tracking_shuffled_objects,7,count_only,0.148,0.15262178674976623
target_family,tracking_shuffled_objects,bigcode/starcoderbase-7b,StarCoder,tracking_shuffled_objects,7,count_only,0.112,0.15262178674976623
target_family,tracking_shuffled_objects,bigcode/starcoderbase,StarCoder,tracking_shuffled_objects,7,count_only,0.204,0.15262178674976623
target_family,tracking_shuffled_objects,bigcode/starcoder2-15b,StarCoder2,tracking_shuffled_objects,7,count_only,0.656,0.15262178674976623
target_family,tracking_shuffled_objects,bigcode/starcoder2-7b,StarCoder2,tracking_shuffled_objects,7,count_only,0.2,0.15262178674976623
target_family,tracking_shuffled_objects,bigcode/starcoder2-3b,StarCoder2,tracking_shuffled_objects,7,count_only,0.16,0.15262178674976623
target_family,tracking_shuffled_objects,deepseek-ai/deepseek-coder-1.3b-base,DeepSeek-Coder,tracking_shuffled_objects,7,count_only,0.128,0.15262178674976623
target_family,tracking_shuffled_objects,deepseek-ai/deepseek-coder-6.7b-base,DeepSeek-Coder,tracking_shuffled_objects,7,count_only,0.244,0.15262178674976623
target_family,tracking_shuffled_objects,deepseek-ai/deepseek-coder-33b-base,DeepSeek-Coder,tracking_shuffled_objects,7,count_only,0.268,0.15262178674976623
target_family,tracking_shuffled_objects,meta-llama/Llama-2-7b-hf,Llama-2,tracking_shuffled_objects,3,PC3_count_additive,0.328,0.5651668012179353
target_family,tracking_shuffled_objects,meta-llama/Llama-2-13b-hf,Llama-2,tracking_shuffled_objects,3,PC3_count_additive,0.36,0.6385640655038877
target_family,tracking_shuffled_objects,meta-llama/Llama-2-70b-hf,Llama-2,tracking_shuffled_objects,3,PC3_count_additive,0.708,0.7215527070774101
target_family,tracking_shuffled_objects,huggyllama/llama-7b,Llama,tracking_shuffled_objects,3,PC3_count_additive,0.364,0.5048716788501227
target_family,tracking_shuffled_objects,huggyllama/llama-13b,Llama,tracking_shuffled_objects,3,PC3_count_additive,0.344,0.5647005404918863
target_family,tracking_shuffled_objects,huggyllama/llama-30b,Llama,tracking_shuffled_objects,3,PC3_count_additive,0.292,0.6329253899685056
target_family,tracking_shuffled_objects,huggyllama/llama-65b,Llama,tracking_shuffled_objects,3,PC3_count_additive,0.52,0.6669350303749948
target_family,tracking_shuffled_objects,Qwen/Qwen1.5-72B,Qwen1.5,tracking_shuffled_objects,3,PC3_count_additive,0.772,0.7023008727365161
target_family,tracking_shuffled_objects,Qwen/Qwen1.5-32B,Qwen1.5,tracking_shuffled_objects,3,PC3_count_additive,0.704,0.668974921563894
target_family,tracking_shuffled_objects,Qwen/Qwen1.5-14B,Qwen1.5,tracking_shuffled_objects,3,PC3_count_additive,0.632,0.6282300400355258
target_family,tracking_shuffled_objects,Qwen/Qwen1.5-7B,Qwen1.5,tracking_shuffled_objects,3,PC3_count_additive,0.444,0.5793188509620121
target_family,tracking_shuffled_objects,Qwen/Qwen1.5-4B,Qwen1.5,tracking_shuffled_objects,3,PC3_count_additive,0.22,0.49308490256923004
target_family,tracking_shuffled_objects,Qwen/Qwen1.5-1.8B,Qwen1.5,tracking_shuffled_objects,3,PC3_count_additive,0.148,0.39419328163018985
target_family,tracking_shuffled_objects,Qwen/Qwen1.5-0.5B,Qwen1.5,tracking_shuffled_objects,3,PC3_count_additive,0.18,0.2894587554737702
target_family,tracking_shuffled_objects,Qwen/Qwen-72B,Qwen,tracking_shuffled_objects,3,PC3_count_additive,0.824,0.7033415077342785
target_family,tracking_shuffled_objects,Qwen/Qwen-14B,Qwen,tracking_shuffled_objects,3,PC3_count_additive,0.0,0.6536109453827743
target_family,tracking_shuffled_objects,Qwen/Qwen-7B,Qwen,tracking_shuffled_objects,3,PC3_count_additive,0.304,0.5632973715854755
target_family,tracking_shuffled_objects,mistralai/Mistral-7B-v0.1,Mistral,tracking_shuffled_objects,3,PC3_count_additive,0.444,0.6510976292052812
target_family,tracking_shuffled_objects,mistralai/Mixtral-8x7B-v0.1,Mixtral,tracking_shuffled_objects,3,PC3_count_additive,0.796,0.6992134161920066
target_family,tracking_shuffled_objects,01-ai/Yi-6B,Yi,tracking_shuffled_objects,3,PC3_count_additive,0.364,0.5594334980874988
target_family,tracking_shuffled_objects,01-ai/Yi-34B,Yi,tracking_shuffled_objects,3,PC3_count_additive,0.204,0.6769022399093848
target_family,tracking_shuffled_objects,google/gemma-7b,Gemma,tracking_shuffled_objects,3,PC3_count_additive,0.52,0.6586974507452132
target_family,tracking_shuffled_objects,google/gemma-2b,Gemma,tracking_shuffled_objects,3,PC3_count_additive,0.336,0.499839728544468
target_family,tracking_shuffled_objects,tiiuae/falcon-40b,Falcon,tracking_shuffled_objects,3,PC3_count_additive,0.32,0.651303400030479
target_family,tracking_shuffled_objects,tiiuae/falcon-7b,Falcon,tracking_shuffled_objects,3,PC3_count_additive,0.324,0.5088874593728694
target_family,tracking_shuffled_objects,tiiuae/falcon-rw-1b,Falcon,tracking_shuffled_objects,3,PC3_count_additive,0.312,0.2902602397083613
target_family,tracking_shuffled_objects,microsoft/phi-2,Phi,tracking_shuffled_objects,3,PC3_count_additive,0.892,0.4366770551311138
target_family,tracking_shuffled_objects,microsoft/phi-1_5,Phi,tracking_shuffled_objects,3,PC3_count_additive,0.348,0.34777852978430507
target_family,tracking_shuffled_objects,EleutherAI/pythia-1b-deduped,Pythia,tracking_shuffled_objects,3,PC3_count_additive,0.336,0.24766360336450774
target_family,tracking_shuffled_objects,EleutherAI/pythia-410m-deduped,Pythia,tracking_shuffled_objects,3,PC3_count_additive,0.32,0.21471514363574845
target_family,tracking_shuffled_objects,EleutherAI/pythia-6.9b-deduped,Pythia,tracking_shuffled_objects,3,PC3_count_additive,0.336,0.39558631817694295
target_family,tracking_shuffled_objects,EleutherAI/pythia-2.8b-deduped,Pythia,tracking_shuffled_objects,3,PC3_count_additive,0.332,0.35297072668266033
target_family,tracking_shuffled_objects,EleutherAI/pythia-12b-deduped,Pythia,tracking_shuffled_objects,3,PC3_count_additive,0.296,0.43418344211848003
target_family,tracking_shuffled_objects,EleutherAI/pythia-70m-deduped,Pythia,tracking_shuffled_objects,3,PC3_count_additive,0.0,0.16206635311134943
target_family,tracking_shuffled_objects,EleutherAI/pythia-1.4b-deduped,Pythia,tracking_shuffled_objects,3,PC3_count_additive,0.364,0.29155032126674235
target_family,tracking_shuffled_objects,EleutherAI/pythia-160m-deduped,Pythia,tracking_shuffled_objects,3,PC3_count_additive,0.0,0.18323263019380315
target_family,tracking_shuffled_objects,bigscience/bloom-560m,BLOOM,tracking_shuffled_objects,3,PC3_count_additive,0.1706666666666667,0.22183768517400065
target_family,tracking_shuffled_objects,bigscience/bloom-1b1,BLOOM,tracking_shuffled_objects,3,PC3_count_additive,0.2973333333333333,0.26247675849236113
target_family,tracking_shuffled_objects,bigscience/bloom-3b,BLOOM,tracking_shuffled_objects,3,PC3_count_additive,0.3253333333333333,0.34014671171820426
target_family,tracking_shuffled_objects,bigscience/bloom-7b1,BLOOM,tracking_shuffled_objects,3,PC3_count_additive,0.328,0.41254971704876614
target_family,tracking_shuffled_objects,EleutherAI/gpt-neox-20b,GPT-Neo/J,tracking_shuffled_objects,3,PC3_count_additive,0.3,0.487134645585534
target_family,tracking_shuffled_objects,EleutherAI/gpt-neo-2.7B,GPT-Neo/J,tracking_shuffled_objects,3,PC3_count_additive,0.332,0.2880057906274147
target_family,tracking_shuffled_objects,EleutherAI/gpt-neo-1.3B,GPT-Neo/J,tracking_shuffled_objects,3,PC3_count_additive,0.32,0.2551043396608024
target_family,tracking_shuffled_objects,EleutherAI/gpt-neo-125m,GPT-Neo/J,tracking_shuffled_objects,3,PC3_count_additive,0.148,0.17092494747633807
target_family,tracking_shuffled_objects,EleutherAI/gpt-j-6b,GPT-Neo/J,tracking_shuffled_objects,3,PC3_count_additive,0.336,0.4220089867035286
target_family,tracking_shuffled_objects,facebook/opt-6.7b,OPT,tracking_shuffled_objects,3,PC3_count_additive,0.36,0.3564672907403224
target_family,tracking_shuffled_objects,facebook/opt-1.3b,OPT,tracking_shuffled_objects,3,PC3_count_additive,0.292,0.26004657428836847
target_family,tracking_shuffled_objects,facebook/opt-350m,OPT,tracking_shuffled_objects,3,PC3_count_additive,0.312,0.19480323341563122
target_family,tracking_shuffled_objects,facebook/opt-13b,OPT,tracking_shuffled_objects,3,PC3_count_additive,0.332,0.3826189494956712
target_family,tracking_shuffled_objects,facebook/opt-2.7b,OPT,tracking_shuffled_objects,3,PC3_count_additive,0.328,0.30206389083146584
target_family,tracking_shuffled_objects,facebook/opt-30b,OPT,tracking_shuffled_objects,3,PC3_count_additive,0.296,0.4134600305210653
target_family,tracking_shuffled_objects,facebook/opt-125m,OPT,tracking_shuffled_objects,3,PC3_count_additive,0.204,0.17391572144928868
target_family,tracking_shuffled_objects,facebook/opt-66b,OPT,tracking_shuffled_objects,3,PC3_count_additive,0.332,0.433971203436601
target_family,tracking_shuffled_objects,mosaicml/mpt-30b,MPT,tracking_shuffled_objects,3,PC3_count_additive,0.336,0.5837932685640783
target_family,tracking_shuffled_objects,mosaicml/mpt-7b,MPT,tracking_shuffled_objects,3,PC3_count_additive,0.324,0.5057132032354081
target_family,tracking_shuffled_objects,facebook/xglm-564M,XGLM,tracking_shuffled_objects,3,PC3_count_additive,0.18,0.22587987199314258
target_family,tracking_shuffled_objects,facebook/xglm-1.7B,XGLM,tracking_shuffled_objects,3,PC3_count_additive,0.188,0.2802374552850858
target_family,tracking_shuffled_objects,facebook/xglm-4.5B,XGLM,tracking_shuffled_objects,3,PC3_count_additive,0.0,0.33548356520879985
target_family,tracking_shuffled_objects,facebook/xglm-7.5B,XGLM,tracking_shuffled_objects,3,PC3_count_additive,0.0,0.3820087840929867
target_family,tracking_shuffled_objects,codellama/CodeLlama-7b-hf,CodeLlama,tracking_shuffled_objects,3,PC3_count_additive,0.364,0.43718379200478397
target_family,tracking_shuffled_objects,codellama/CodeLlama-13b-hf,CodeLlama,tracking_shuffled_objects,3,PC3_count_additive,0.348,0.45049959697281056
target_family,tracking_shuffled_objects,codellama/CodeLlama-34b-hf,CodeLlama,tracking_shuffled_objects,3,PC3_count_additive,0.548,0.6095538717573009
target_family,tracking_shuffled_objects,codellama/CodeLlama-70b-hf,CodeLlama,tracking_shuffled_objects,3,PC3_count_additive,0.892,0.6263431276587129
target_family,tracking_shuffled_objects,bigcode/starcoderbase-1b,StarCoder,tracking_shuffled_objects,3,PC3_count_additive,0.328,0.2000136079073153
target_family,tracking_shuffled_objects,bigcode/starcoderbase-3b,StarCoder,tracking_shuffled_objects,3,PC3_count_additive,0.364,0.23717668609463896
target_family,tracking_shuffled_objects,bigcode/starcoderbase-7b,StarCoder,tracking_shuffled_objects,3,PC3_count_additive,0.32,0.26529688522546135
target_family,tracking_shuffled_objects,bigcode/starcoderbase,StarCoder,tracking_shuffled_objects,3,PC3_count_additive,0.376,0.27854430261327734
target_family,tracking_shuffled_objects,bigcode/starcoder2-15b,StarCoder2,tracking_shuffled_objects,3,PC3_count_additive,0.66,0.5202632858644306
target_family,tracking_shuffled_objects,bigcode/starcoder2-7b,StarCoder2,tracking_shuffled_objects,3,PC3_count_additive,0.392,0.34051406855669064
target_family,tracking_shuffled_objects,bigcode/starcoder2-3b,StarCoder2,tracking_shuffled_objects,3,PC3_count_additive,0.308,0.3008249335064081
target_family,tracking_shuffled_objects,deepseek-ai/deepseek-coder-1.3b-base,DeepSeek-Coder,tracking_shuffled_objects,3,PC3_count_additive,0.26,0.24553241560593023
target_family,tracking_shuffled_objects,deepseek-ai/deepseek-coder-6.7b-base,DeepSeek-Coder,tracking_shuffled_objects,3,PC3_count_additive,0.408,0.3746480505189315
target_family,tracking_shuffled_objects,deepseek-ai/deepseek-coder-33b-base,DeepSeek-Coder,tracking_shuffled_objects,3,PC3_count_additive,0.392,0.4346322078052822
target_family,tracking_shuffled_objects,meta-llama/Llama-2-7b-hf,Llama-2,tracking_shuffled_objects,5,PC3_count_additive,0.164,0.3599918790461233
target_family,tracking_shuffled_objects,meta-llama/Llama-2-13b-hf,Llama-2,tracking_shuffled_objects,5,PC3_count_additive,0.212,0.43329487806507655
target_family,tracking_shuffled_objects,meta-llama/Llama-2-70b-hf,Llama-2,tracking_shuffled_objects,5,PC3_count_additive,0.712,0.528623380975999
target_family,tracking_shuffled_objects,huggyllama/llama-7b,Llama,tracking_shuffled_objects,5,PC3_count_additive,0.192,0.30617340012067706
target_family,tracking_shuffled_objects,huggyllama/llama-13b,Llama,tracking_shuffled_objects,5,PC3_count_additive,0.164,0.3595549220865216
target_family,tracking_shuffled_objects,huggyllama/llama-30b,Llama,tracking_shuffled_objects,5,PC3_count_additive,0.208,0.42732576947606593
target_family,tracking_shuffled_objects,huggyllama/llama-65b,Llama,tracking_shuffled_objects,5,PC3_count_additive,0.408,0.46426037118823016
target_family,tracking_shuffled_objects,Qwen/Qwen1.5-72B,Qwen1.5,tracking_shuffled_objects,5,PC3_count_additive,0.5863999999999999,0.505180007829761
target_family,tracking_shuffled_objects,Qwen/Qwen1.5-32B,Qwen1.5,tracking_shuffled_objects,5,PC3_count_additive,0.596,0.4665487028292009
target_family,tracking_shuffled_objects,Qwen/Qwen1.5-14B,Qwen1.5,tracking_shuffled_objects,5,PC3_count_additive,0.512,0.4224005337761912
target_family,tracking_shuffled_objects,Qwen/Qwen1.5-7B,Qwen1.5,tracking_shuffled_objects,5,PC3_count_additive,0.124,0.37341829404575166
target_family,tracking_shuffled_objects,Qwen/Qwen1.5-4B,Qwen1.5,tracking_shuffled_objects,5,PC3_count_additive,0.168,0.2962499034163457
target_family,tracking_shuffled_objects,Qwen/Qwen1.5-1.8B,Qwen1.5,tracking_shuffled_objects,5,PC3_count_additive,0.08,0.21972366672726626
target_family,tracking_shuffled_objects,Qwen/Qwen1.5-0.5B,Qwen1.5,tracking_shuffled_objects,5,PC3_count_additive,0.064,0.14987624995275986
target_family,tracking_shuffled_objects,Qwen/Qwen-72B,Qwen,tracking_shuffled_objects,5,PC3_count_additive,0.64,0.5064254322112239
target_family,tracking_shuffled_objects,Qwen/Qwen-14B,Qwen,tracking_shuffled_objects,5,PC3_count_additive,0.0,0.4495205425049789
target_family,tracking_shuffled_objects,Qwen/Qwen-7B,Qwen,tracking_shuffled_objects,5,PC3_count_additive,0.1864,0.3582419893417228
target_family,tracking_shuffled_objects,mistralai/Mistral-7B-v0.1,Mistral,tracking_shuffled_objects,5,PC3_count_additive,0.312,0.44677977953162074
target_family,tracking_shuffled_objects,mistralai/Mixtral-8x7B-v0.1,Mixtral,tracking_shuffled_objects,5,PC3_count_additive,0.712,0.5014993019883849
target_family,tracking_shuffled_objects,01-ai/Yi-6B,Yi,tracking_shuffled_objects,5,PC3_count_additive,0.152,0.3546424194933316
target_family,tracking_shuffled_objects,01-ai/Yi-34B,Yi,tracking_shuffled_objects,5,PC3_count_additive,0.0,0.47552311178104123
target_family,tracking_shuffled_objects,google/gemma-7b,Gemma,tracking_shuffled_objects,5,PC3_count_additive,0.452,0.4551055350513057
target_family,tracking_shuffled_objects,google/gemma-2b,Gemma,tracking_shuffled_objects,5,PC3_count_additive,0.196,0.30191425567988406
target_family,tracking_shuffled_objects,tiiuae/falcon-40b,Falcon,tracking_shuffled_objects,5,PC3_count_additive,0.188,0.44700370614022084
target_family,tracking_shuffled_objects,tiiuae/falcon-7b,Falcon,tracking_shuffled_objects,5,PC3_count_additive,0.0,0.30959696125160235
target_family,tracking_shuffled_objects,tiiuae/falcon-rw-1b,Falcon,tracking_shuffled_objects,5,PC3_count_additive,0.18,0.15037303699835516
target_family,tracking_shuffled_objects,microsoft/phi-2,Phi,tracking_shuffled_objects,5,PC3_count_additive,0.904,0.2512010408268915
target_family,tracking_shuffled_objects,microsoft/phi-1_5,Phi,tracking_shuffled_objects,5,PC3_count_additive,0.168,0.1874940522749886
target_family,tracking_shuffled_objects,EleutherAI/pythia-1b-deduped,Pythia,tracking_shuffled_objects,5,PC3_count_additive,0.172,0.12469845692669017
target_family,tracking_shuffled_objects,EleutherAI/pythia-410m-deduped,Pythia,tracking_shuffled_objects,5,PC3_count_additive,0.168,0.10580821756569088
target_family,tracking_shuffled_objects,EleutherAI/pythia-6.9b-deduped,Pythia,tracking_shuffled_objects,5,PC3_count_additive,0.196,0.22072478803600137
target_family,tracking_shuffled_objects,EleutherAI/pythia-2.8b-deduped,Pythia,tracking_shuffled_objects,5,PC3_count_additive,0.144,0.1909940171457387
target_family,tracking_shuffled_objects,EleutherAI/pythia-12b-deduped,Pythia,tracking_shuffled_objects,5,PC3_count_additive,0.148,0.24929785092792361
target_family,tracking_shuffled_objects,EleutherAI/pythia-70m-deduped,Pythia,tracking_shuffled_objects,5,PC3_count_additive,0.0,0.07723720939561164
target_family,tracking_shuffled_objects,EleutherAI/pythia-1.4b-deduped,Pythia,tracking_shuffled_objects,5,PC3_count_additive,0.236,0.15117380987008314
target_family,tracking_shuffled_objects,EleutherAI/pythia-160m-deduped,Pythia,tracking_shuffled_objects,5,PC3_count_additive,0.004,0.088494633877566
target_family,tracking_shuffled_objects,bigscience/bloom-560m,BLOOM,tracking_shuffled_objects,5,PC3_count_additive,0.0928,0.10982333013970969
target_family,tracking_shuffled_objects,bigscience/bloom-1b1,BLOOM,tracking_shuffled_objects,5,PC3_count_additive,0.2168,0.13346157328673974
target_family,tracking_shuffled_objects,bigscience/bloom-3b,BLOOM,tracking_shuffled_objects,5,PC3_count_additive,0.1816,0.1823959518655706
target_family,tracking_shuffled_objects,bigscience/bloom-7b1,BLOOM,tracking_shuffled_objects,5,PC3_count_additive,0.104,0.23308144101277498
target_family,tracking_shuffled_objects,EleutherAI/gpt-neox-20b,GPT-Neo/J,tracking_shuffled_objects,5,PC3_count_additive,0.16,0.29130992303156866
target_family,tracking_shuffled_objects,EleutherAI/gpt-neo-2.7B,GPT-Neo/J,tracking_shuffled_objects,5,PC3_count_additive,0.208,0.14897702975051244
target_family,tracking_shuffled_objects,EleutherAI/gpt-neo-1.3B,GPT-Neo/J,tracking_shuffled_objects,5,PC3_count_additive,0.212,0.1290787006188348
target_family,tracking_shuffled_objects,EleutherAI/gpt-neo-125m,GPT-Neo/J,tracking_shuffled_objects,5,PC3_count_additive,0.06,0.08191228736547995
target_family,tracking_shuffled_objects,EleutherAI/gpt-j-6b,GPT-Neo/J,tracking_shuffled_objects,5,PC3_count_additive,0.14,0.24010763284791473
target_family,tracking_shuffled_objects,facebook/opt-6.7b,OPT,tracking_shuffled_objects,5,PC3_count_additive,0.188,0.19336554759196006
target_family,tracking_shuffled_objects,facebook/opt-1.3b,OPT,tracking_shuffled_objects,5,PC3_count_additive,0.0,0.13201208779823048
target_family,tracking_shuffled_objects,facebook/opt-350m,OPT,tracking_shuffled_objects,5,PC3_count_additive,0.104,0.09477700628452153
target_family,tracking_shuffled_objects,facebook/opt-13b,OPT,tracking_shuffled_objects,5,PC3_count_additive,0.18,0.21148378662060546
target_family,tracking_shuffled_objects,facebook/opt-2.7b,OPT,tracking_shuffled_objects,5,PC3_count_additive,0.184,0.15775246781070149
target_family,tracking_shuffled_objects,facebook/opt-30b,OPT,tracking_shuffled_objects,5,PC3_count_additive,0.188,0.23375332356392106
target_family,tracking_shuffled_objects,facebook/opt-125m,OPT,tracking_shuffled_objects,5,PC3_count_additive,0.04,0.08350242294516261
target_family,tracking_shuffled_objects,facebook/opt-66b,OPT,tracking_shuffled_objects,5,PC3_count_additive,0.184,0.24913619469253256
target_family,tracking_shuffled_objects,mosaicml/mpt-30b,MPT,tracking_shuffled_objects,5,PC3_count_additive,0.236,0.3777303458264414
target_family,tracking_shuffled_objects,mosaicml/mpt-7b,MPT,tracking_shuffled_objects,5,PC3_count_additive,0.172,0.30688901098889093
target_family,tracking_shuffled_objects,facebook/xglm-564M,XGLM,tracking_shuffled_objects,5,PC3_count_additive,0.116,0.11211853943109013
target_family,tracking_shuffled_objects,facebook/xglm-1.7B,XGLM,tracking_shuffled_objects,5,PC3_count_additive,0.172,0.1441992129309181
target_family,tracking_shuffled_objects,facebook/xglm-4.5B,XGLM,tracking_shuffled_objects,5,PC3_count_additive,0.0,0.17930777209889667
target_family,tracking_shuffled_objects,facebook/xglm-7.5B,XGLM,tracking_shuffled_objects,5,PC3_count_additive,0.0,0.21105323663560624
target_family,tracking_shuffled_objects,codellama/CodeLlama-7b-hf,CodeLlama,tracking_shuffled_objects,5,PC3_count_additive,0.24,0.25158867077825847
target_family,tracking_shuffled_objects,codellama/CodeLlama-13b-hf,CodeLlama,tracking_shuffled_objects,5,PC3_count_additive,0.244,0.26188191517238074
target_family,tracking_shuffled_objects,codellama/CodeLlama-34b-hf,CodeLlama,tracking_shuffled_objects,5,PC3_count_additive,0.544,0.4032069453802639
target_family,tracking_shuffled_objects,codellama/CodeLlama-70b-hf,CodeLlama,tracking_shuffled_objects,5,PC3_count_additive,0.728,0.42043270008443934
target_family,tracking_shuffled_objects,bigcode/starcoderbase-1b,StarCoder,tracking_shuffled_objects,5,PC3_count_additive,0.168,0.09763640508395945
target_family,tracking_shuffled_objects,bigcode/starcoderbase-3b,StarCoder,tracking_shuffled_objects,5,PC3_count_additive,0.184,0.11859751279781852
target_family,tracking_shuffled_objects,bigcode/starcoderbase-7b,StarCoder,tracking_shuffled_objects,5,PC3_count_additive,0.124,0.1351495371806408
target_family,tracking_shuffled_objects,bigcode/starcoderbase,StarCoder,tracking_shuffled_objects,5,PC3_count_additive,0.2,0.14316449824144423
target_family,tracking_shuffled_objects,bigcode/starcoder2-15b,StarCoder2,tracking_shuffled_objects,5,PC3_count_additive,0.604,0.3194152802489778
target_family,tracking_shuffled_objects,bigcode/starcoder2-7b,StarCoder2,tracking_shuffled_objects,5,PC3_count_additive,0.36,0.18264009518309324
target_family,tracking_shuffled_objects,bigcode/starcoder2-3b,StarCoder2,tracking_shuffled_objects,5,PC3_count_additive,0.196,0.1569722971550386
target_family,tracking_shuffled_objects,deepseek-ai/deepseek-coder-1.3b-base,DeepSeek-Coder,tracking_shuffled_objects,5,PC3_count_additive,0.212,0.1234517745085422
target_family,tracking_shuffled_objects,deepseek-ai/deepseek-coder-6.7b-base,DeepSeek-Coder,tracking_shuffled_objects,5,PC3_count_additive,0.272,0.2058891156742264
target_family,tracking_shuffled_objects,deepseek-ai/deepseek-coder-33b-base,DeepSeek-Coder,tracking_shuffled_objects,5,PC3_count_additive,0.3,0.24963983322680108
target_family,tracking_shuffled_objects,meta-llama/Llama-2-7b-hf,Llama-2,tracking_shuffled_objects,7,PC3_count_additive,0.152,0.24469952712204734
target_family,tracking_shuffled_objects,meta-llama/Llama-2-13b-hf,Llama-2,tracking_shuffled_objects,7,PC3_count_additive,0.168,0.3057411997097964
target_family,tracking_shuffled_objects,meta-llama/Llama-2-70b-hf,Llama-2,tracking_shuffled_objects,7,PC3_count_additive,0.62,0.3924402150977902
target_family,tracking_shuffled_objects,huggyllama/llama-7b,Llama,tracking_shuffled_objects,7,PC3_count_additive,0.096,0.20265932257229466
target_family,tracking_shuffled_objects,huggyllama/llama-13b,Llama,tracking_shuffled_objects,7,PC3_count_additive,0.076,0.24434908329975602
target_family,tracking_shuffled_objects,huggyllama/llama-30b,Llama,tracking_shuffled_objects,7,PC3_count_additive,0.148,0.3005972157515437
target_family,tracking_shuffled_objects,huggyllama/llama-65b,Llama,tracking_shuffled_objects,7,PC3_count_additive,0.308,0.33294660721820274
target_family,tracking_shuffled_objects,Qwen/Qwen1.5-72B,Qwen1.5,tracking_shuffled_objects,7,PC3_count_additive,0.388,0.3702919747693492
target_family,tracking_shuffled_objects,Qwen/Qwen1.5-32B,Qwen1.5,tracking_shuffled_objects,7,PC3_count_additive,0.364,0.33499241003224955
target_family,tracking_shuffled_objects,Qwen/Qwen1.5-14B,Qwen1.5,tracking_shuffled_objects,7,PC3_count_additive,0.408,0.2963766922491294
target_family,tracking_shuffled_objects,Qwen/Qwen1.5-7B,Qwen1.5,tracking_shuffled_objects,7,PC3_count_additive,0.076,0.2555428524075892
target_family,tracking_shuffled_objects,Qwen/Qwen1.5-4B,Qwen1.5,tracking_shuffled_objects,7,PC3_count_additive,0.1411428571428571,0.19514721422110784
target_family,tracking_shuffled_objects,Qwen/Qwen1.5-1.8B,Qwen1.5,tracking_shuffled_objects,7,PC3_count_additive,0.0428571428571428,0.13955839317539287
target_family,tracking_shuffled_objects,Qwen/Qwen1.5-0.5B,Qwen1.5,tracking_shuffled_objects,7,PC3_count_additive,0.028,0.09218382795208965
target_family,tracking_shuffled_objects,Qwen/Qwen-72B,Qwen,tracking_shuffled_objects,7,PC3_count_additive,0.544,0.3714544921670608
target_family,tracking_shuffled_objects,Qwen/Qwen-14B,Qwen,tracking_shuffled_objects,7,PC3_count_additive,0.0,0.31988653214349766
target_family,tracking_shuffled_objects,Qwen/Qwen-7B,Qwen,tracking_shuffled_objects,7,PC3_count_additive,0.1348571428571428,0.24329701944075433
target_family,tracking_shuffled_objects,mistralai/Mistral-7B-v0.1,Mistral,tracking_shuffled_objects,7,PC3_count_additive,0.2,0.31748031382849257
target_family,tracking_shuffled_objects,mistralai/Mixtral-8x7B-v0.1,Mixtral,tracking_shuffled_objects,7,PC3_count_additive,0.64,0.3668654054004665
target_family,tracking_shuffled_objects,01-ai/Yi-6B,Yi,tracking_shuffled_objects,7,PC3_count_additive,0.136,0.2404197259181508
target_family,tracking_shuffled_objects,01-ai/Yi-34B,Yi,tracking_shuffled_objects,7,PC3_count_additive,0.0,0.3430636594599462
target_family,tracking_shuffled_objects,google/gemma-7b,Gemma,tracking_shuffled_objects,7,PC3_count_additive,0.376,0.3248112551480354
target_family,tracking_shuffled_objects,google/gemma-2b,Gemma,tracking_shuffled_objects,7,PC3_count_additive,0.12,0.19942626030461388
target_family,tracking_shuffled_objects,tiiuae/falcon-40b,Falcon,tracking_shuffled_objects,7,PC3_count_additive,0.14,0.31767664850358157
target_family,tracking_shuffled_objects,tiiuae/falcon-7b,Falcon,tracking_shuffled_objects,7,PC3_count_additive,0.0,0.2052678493832497
target_family,tracking_shuffled_objects,tiiuae/falcon-rw-1b,Falcon,tracking_shuffled_objects,7,PC3_count_additive,0.028,0.09251019451018318
target_family,tracking_shuffled_objects,microsoft/phi-2,Phi,tracking_shuffled_objects,7,PC3_count_additive,0.86,0.1619347921753016
target_family,tracking_shuffled_objects,microsoft/phi-1_5,Phi,tracking_shuffled_objects,7,PC3_count_additive,0.072,0.1173196025525395
target_family,tracking_shuffled_objects,EleutherAI/pythia-1b-deduped,Pythia,tracking_shuffled_objects,7,PC3_count_additive,0.104,0.07583328387981969
target_family,tracking_shuffled_objects,EleutherAI/pythia-410m-deduped,Pythia,tracking_shuffled_objects,7,PC3_count_additive,0.056,0.06380589165542429
target_family,tracking_shuffled_objects,EleutherAI/pythia-6.9b-deduped,Pythia,tracking_shuffled_objects,7,PC3_count_additive,0.048,0.1402599165420278
target_family,tracking_shuffled_objects,EleutherAI/pythia-2.8b-deduped,Pythia,tracking_shuffled_objects,7,PC3_count_additive,0.104,0.11970260482382054
target_family,tracking_shuffled_objects,EleutherAI/pythia-12b-deduped,Pythia,tracking_shuffled_objects,7,PC3_count_additive,0.056,0.16056289563655515
target_family,tracking_shuffled_objects,EleutherAI/pythia-70m-deduped,Pythia,tracking_shuffled_objects,7,PC3_count_additive,0.0,0.04599325034377961
target_family,tracking_shuffled_objects,EleutherAI/pythia-1.4b-deduped,Pythia,tracking_shuffled_objects,7,PC3_count_additive,0.156,0.09303657523463416
target_family,tracking_shuffled_objects,EleutherAI/pythia-160m-deduped,Pythia,tracking_shuffled_objects,7,PC3_count_additive,0.008,0.05295817623185023
target_family,tracking_shuffled_objects,bigscience/bloom-560m,BLOOM,tracking_shuffled_objects,7,PC3_count_additive,0.0697142857142857,0.06634539707960574
target_family,tracking_shuffled_objects,bigscience/bloom-1b1,BLOOM,tracking_shuffled_objects,7,PC3_count_additive,0.1302857142857142,0.08148209640913995
target_family,tracking_shuffled_objects,bigscience/bloom-3b,BLOOM,tracking_shuffled_objects,7,PC3_count_additive,0.1125714285714285,0.11386220196872522
target_family,tracking_shuffled_objects,bigscience/bloom-7b1,BLOOM,tracking_shuffled_objects,7,PC3_count_additive,0.008,0.14897310992701288
target_family,tracking_shuffled_objects,EleutherAI/gpt-neox-20b,GPT-Neo/J,tracking_shuffled_objects,7,PC3_count_additive,0.08,0.1914345283713333
target_family,tracking_shuffled_objects,EleutherAI/gpt-neo-2.7B,GPT-Neo/J,tracking_shuffled_objects,7,PC3_count_additive,0.056,0.09159345432571052
target_family,tracking_shuffled_objects,EleutherAI/gpt-neo-1.3B,GPT-Neo/J,tracking_shuffled_objects,7,PC3_count_additive,0.112,0.07865129158395572
target_family,tracking_shuffled_objects,EleutherAI/gpt-neo-125m,GPT-Neo/J,tracking_shuffled_objects,7,PC3_count_additive,0.012,0.048877339888086374
target_family,tracking_shuffled_objects,EleutherAI/gpt-j-6b,GPT-Neo/J,tracking_shuffled_objects,7,PC3_count_additive,0.104,0.15397290704143354
target_family,tracking_shuffled_objects,facebook/opt-6.7b,OPT,tracking_shuffled_objects,7,PC3_count_additive,0.128,0.12132167505785323
target_family,tracking_shuffled_objects,facebook/opt-1.3b,OPT,tracking_shuffled_objects,7,PC3_count_additive,0.0,0.08054467086615588
target_family,tracking_shuffled_objects,facebook/opt-350m,OPT,tracking_shuffled_objects,7,PC3_count_additive,0.02,0.05687517432821456
target_family,tracking_shuffled_objects,facebook/opt-13b,OPT,tracking_shuffled_objects,7,PC3_count_additive,0.112,0.13380925260120902
target_family,tracking_shuffled_objects,facebook/opt-2.7b,OPT,tracking_shuffled_objects,7,PC3_count_additive,0.14,0.09737549714804618
target_family,tracking_shuffled_objects,facebook/opt-30b,OPT,tracking_shuffled_objects,7,PC3_count_additive,0.18,0.14944978770446493
target_family,tracking_shuffled_objects,facebook/opt-125m,OPT,tracking_shuffled_objects,7,PC3_count_additive,0.012,0.049861007751977986
target_family,tracking_shuffled_objects,facebook/opt-66b,OPT,tracking_shuffled_objects,7,PC3_count_additive,0.128,0.16044648133578152
target_family,tracking_shuffled_objects,mosaicml/mpt-30b,MPT,tracking_shuffled_objects,7,PC3_count_additive,0.156,0.2590565030914897
target_family,tracking_shuffled_objects,mosaicml/mpt-7b,MPT,tracking_shuffled_objects,7,PC3_count_additive,0.02,0.20320385092684398
target_family,tracking_shuffled_objects,facebook/xglm-564M,XGLM,tracking_shuffled_objects,7,PC3_count_additive,0.068,0.06780116468405067
target_family,tracking_shuffled_objects,facebook/xglm-1.7B,XGLM,tracking_shuffled_objects,7,PC3_count_additive,0.112,0.08846467130740346
target_family,tracking_shuffled_objects,facebook/xglm-4.5B,XGLM,tracking_shuffled_objects,7,PC3_count_additive,0.0,0.11177574580970183
target_family,tracking_shuffled_objects,facebook/xglm-7.5B,XGLM,tracking_shuffled_objects,7,PC3_count_additive,0.0,0.13351006163879922
target_family,tracking_shuffled_objects,codellama/CodeLlama-7b-hf,CodeLlama,tracking_shuffled_objects,7,PC3_count_additive,0.18,0.16221451540815435
target_family,tracking_shuffled_objects,codellama/CodeLlama-13b-hf,CodeLlama,tracking_shuffled_objects,7,PC3_count_additive,0.132,0.16968021409639325
target_family,tracking_shuffled_objects,codellama/CodeLlama-34b-hf,CodeLlama,tracking_shuffled_objects,7,PC3_count_additive,0.404,0.28013225311938517
target_family,tracking_shuffled_objects,codellama/CodeLlama-70b-hf,CodeLlama,tracking_shuffled_objects,7,PC3_count_additive,0.648,0.2946964179061134
target_family,tracking_shuffled_objects,bigcode/starcoderbase-1b,StarCoder,tracking_shuffled_objects,7,PC3_count_additive,0.132,0.05866519084194077
target_family,tracking_shuffled_objects,bigcode/starcoderbase-3b,StarCoder,tracking_shuffled_objects,7,PC3_count_additive,0.148,0.07192663961496705
target_family,tracking_shuffled_objects,bigcode/starcoderbase-7b,StarCoder,tracking_shuffled_objects,7,PC3_count_additive,0.112,0.08257529362294068
target_family,tracking_shuffled_objects,bigcode/starcoderbase,StarCoder,tracking_shuffled_objects,7,PC3_count_additive,0.204,0.0877888599096492
target_family,tracking_shuffled_objects,bigcode/starcoder2-15b,StarCoder2,tracking_shuffled_objects,7,PC3_count_additive,0.656,0.2127973424614582
target_family,tracking_shuffled_objects,bigcode/starcoder2-7b,StarCoder2,tracking_shuffled_objects,7,PC3_count_additive,0.2,0.1140274043045914
target_family,tracking_shuffled_objects,bigcode/starcoder2-3b,StarCoder2,tracking_shuffled_objects,7,PC3_count_additive,0.16,0.09685958403243815
target_family,tracking_shuffled_objects,deepseek-ai/deepseek-coder-1.3b-base,DeepSeek-Coder,tracking_shuffled_objects,7,PC3_count_additive,0.128,0.07503325636830994
target_family,tracking_shuffled_objects,deepseek-ai/deepseek-coder-6.7b-base,DeepSeek-Coder,tracking_shuffled_objects,7,PC3_count_additive,0.244,0.12993081997134648
target_family,tracking_shuffled_objects,deepseek-ai/deepseek-coder-33b-base,DeepSeek-Coder,tracking_shuffled_objects,7,PC3_count_additive,0.268,0.16080922785203705
target_family,tracking_shuffled_objects,meta-llama/Llama-2-7b-hf,Llama-2,tracking_shuffled_objects,3,PC3_chance_floor,0.328,0.40710265776480914
target_family,tracking_shuffled_objects,meta-llama/Llama-2-13b-hf,Llama-2,tracking_shuffled_objects,3,PC3_chance_floor,0.36,0.44677382037851293
target_family,tracking_shuffled_objects,meta-llama/Llama-2-70b-hf,Llama-2,tracking_shuffled_objects,3,PC3_chance_floor,0.708,0.6099850873948437
target_family,tracking_shuffled_objects,huggyllama/llama-7b,Llama,tracking_shuffled_objects,3,PC3_chance_floor,0.364,0.37493001548958943
target_family,tracking_shuffled_objects,huggyllama/llama-13b,Llama,tracking_shuffled_objects,3,PC3_chance_floor,0.344,0.40789565716564957
target_family,tracking_shuffled_objects,huggyllama/llama-30b,Llama,tracking_shuffled_objects,3,PC3_chance_floor,0.292,0.46564714923200434
target_family,tracking_shuffled_objects,huggyllama/llama-65b,Llama,tracking_shuffled_objects,3,PC3_chance_floor,0.52,0.5193000863928596
target_family,tracking_shuffled_objects,Qwen/Qwen1.5-72B,Qwen1.5,tracking_shuffled_objects,3,PC3_chance_floor,0.772,0.6697242917230068
target_family,tracking_shuffled_objects,Qwen/Qwen1.5-32B,Qwen1.5,tracking_shuffled_objects,3,PC3_chance_floor,0.704,0.6087814746090661
target_family,tracking_shuffled_objects,Qwen/Qwen1.5-14B,Qwen1.5,tracking_shuffled_objects,3,PC3_chance_floor,0.632,0.5356923157699317
target_family,tracking_shuffled_objects,Qwen/Qwen1.5-7B,Qwen1.5,tracking_shuffled_objects,3,PC3_chance_floor,0.444,0.4729553296112571
target_family,tracking_shuffled_objects,Qwen/Qwen1.5-4B,Qwen1.5,tracking_shuffled_objects,3,PC3_chance_floor,0.22,0.40773379557490763
target_family,tracking_shuffled_objects,Qwen/Qwen1.5-1.8B,Qwen1.5,tracking_shuffled_objects,3,PC3_chance_floor,0.148,0.36042377939120374
target_family,tracking_shuffled_objects,Qwen/Qwen1.5-0.5B,Qwen1.5,tracking_shuffled_objects,3,PC3_chance_floor,0.18,0.3439334217959091
target_family,tracking_shuffled_objects,Qwen/Qwen-72B,Qwen,tracking_shuffled_objects,3,PC3_chance_floor,0.824,0.6776725409194322
target_family,tracking_shuffled_objects,Qwen/Qwen-14B,Qwen,tracking_shuffled_objects,3,PC3_chance_floor,0.0,0.5446995187762316
target_family,tracking_shuffled_objects,Qwen/Qwen-7B,Qwen,tracking_shuffled_objects,3,PC3_chance_floor,0.304,0.4460647599741514
target_family,tracking_shuffled_objects,mistralai/Mistral-7B-v0.1,Mistral,tracking_shuffled_objects,3,PC3_chance_floor,0.444,0.4971782965990805
target_family,tracking_shuffled_objects,mistralai/Mixtral-8x7B-v0.1,Mixtral,tracking_shuffled_objects,3,PC3_chance_floor,0.796,0.5938091444860036
target_family,tracking_shuffled_objects,01-ai/Yi-6B,Yi,tracking_shuffled_objects,3,PC3_chance_floor,0.364,0.41875250542375364
target_family,tracking_shuffled_objects,01-ai/Yi-34B,Yi,tracking_shuffled_objects,3,PC3_chance_floor,0.204,0.6070160942801279
target_family,tracking_shuffled_objects,google/gemma-7b,Gemma,tracking_shuffled_objects,3,PC3_chance_floor,0.52,0.5275593982714631
target_family,tracking_shuffled_objects,google/gemma-2b,Gemma,tracking_shuffled_objects,3,PC3_chance_floor,0.336,0.3747996146951275
target_family,tracking_shuffled_objects,tiiuae/falcon-40b,Falcon,tracking_shuffled_objects,3,PC3_chance_floor,0.32,0.48193468381147286
target_family,tracking_shuffled_objects,tiiuae/falcon-7b,Falcon,tracking_shuffled_objects,3,PC3_chance_floor,0.324,0.373031146803565
target_family,tracking_shuffled_objects,tiiuae/falcon-rw-1b,Falcon,tracking_shuffled_objects,3,PC3_chance_floor,0.312,0.34195925768583485
target_family,tracking_shuffled_objects,microsoft/phi-2,Phi,tracking_shuffled_objects,3,PC3_chance_floor,0.892,0.38634391770376764
target_family,tracking_shuffled_objects,microsoft/phi-1_5,Phi,tracking_shuffled_objects,3,PC3_chance_floor,0.348,0.3528572105251426
target_family,tracking_shuffled_objects,EleutherAI/pythia-1b-deduped,Pythia,tracking_shuffled_objects,3,PC3_chance_floor,0.336,0.3396521452918764
target_family,tracking_shuffled_objects,EleutherAI/pythia-410m-deduped,Pythia,tracking_shuffled_objects,3,PC3_chance_floor,0.32,0.33826043026255104
target_family,tracking_shuffled_objects,EleutherAI/pythia-6.9b-deduped,Pythia,tracking_shuffled_objects,3,PC3_chance_floor,0.336,0.3519413719268841
target_family,tracking_shuffled_objects,EleutherAI/pythia-2.8b-deduped,Pythia,tracking_shuffled_objects,3,PC3_chance_floor,0.332,0.3470107386909576
target_family,tracking_shuffled_objects,EleutherAI/pythia-12b-deduped,Pythia,tracking_shuffled_objects,3,PC3_chance_floor,0.296,0.3558883613781454
target_family,tracking_shuffled_objects,EleutherAI/pythia-70m-deduped,Pythia,tracking_shuffled_objects,3,PC3_chance_floor,0.0,0.3366067470424004
target_family,tracking_shuffled_objects,EleutherAI/pythia-1.4b-deduped,Pythia,tracking_shuffled_objects,3,PC3_chance_floor,0.364,0.3425676769820808
target_family,tracking_shuffled_objects,EleutherAI/pythia-160m-deduped,Pythia,tracking_shuffled_objects,3,PC3_chance_floor,0.0,0.3371928455511402
target_family,tracking_shuffled_objects,bigscience/bloom-560m,BLOOM,tracking_shuffled_objects,3,PC3_chance_floor,0.1706666666666667,0.3387315531354437
target_family,tracking_shuffled_objects,bigscience/bloom-1b1,BLOOM,tracking_shuffled_objects,3,PC3_chance_floor,0.2973333333333333,0.3411836866769025
target_family,tracking_shuffled_objects,bigscience/bloom-3b,BLOOM,tracking_shuffled_objects,3,PC3_chance_floor,0.3253333333333333,0.34758327556871205
target_family,tracking_shuffled_objects,bigscience/bloom-7b1,BLOOM,tracking_shuffled_objects,3,PC3_chance_floor,0.328,0.356341611998946
target_family,tracking_shuffled_objects,EleutherAI/gpt-neox-20b,GPT-Neo/J,tracking_shuffled_objects,3,PC3_chance_floor,0.3,0.36480989182237217
target_family,tracking_shuffled_objects,EleutherAI/gpt-neo-2.7B,GPT-Neo/J,tracking_shuffled_objects,3,PC3_chance_floor,0.332,0.34276196883844345
target_family,tracking_shuffled_objects,EleutherAI/gpt-neo-1.3B,GPT-Neo/J,tracking_shuffled_objects,3,PC3_chance_floor,0.32,0.3403045708332038
target_family,tracking_shuffled_objects,EleutherAI/gpt-neo-125m,GPT-Neo/J,tracking_shuffled_objects,3,PC3_chance_floor,0.148,0.3368339963333952
target_family,tracking_shuffled_objects,EleutherAI/gpt-j-6b,GPT-Neo/J,tracking_shuffled_objects,3,PC3_chance_floor,0.336,0.3562414711895714
target_family,tracking_shuffled_objects,facebook/opt-6.7b,OPT,tracking_shuffled_objects,3,PC3_chance_floor,0.36,0.34734188432260776
target_family,tracking_shuffled_objects,facebook/opt-1.3b,OPT,tracking_shuffled_objects,3,PC3_chance_floor,0.292,0.34043322102028645
target_family,tracking_shuffled_objects,facebook/opt-350m,OPT,tracking_shuffled_objects,3,PC3_chance_floor,0.312,0.33732694466083346
target_family,tracking_shuffled_objects,facebook/opt-13b,OPT,tracking_shuffled_objects,3,PC3_chance_floor,0.332,0.34987410291752313
target_family,tracking_shuffled_objects,facebook/opt-2.7b,OPT,tracking_shuffled_objects,3,PC3_chance_floor,0.328,0.34313388909784437
target_family,tracking_shuffled_objects,facebook/opt-30b,OPT,tracking_shuffled_objects,3,PC3_chance_floor,0.296,0.3548228314120032
target_family,tracking_shuffled_objects,facebook/opt-125m,OPT,tracking_shuffled_objects,3,PC3_chance_floor,0.204,0.33668616526712447
target_family,tracking_shuffled_objects,facebook/opt-66b,OPT,tracking_shuffled_objects,3,PC3_chance_floor,0.332,0.3581960479139723
target_family,tracking_shuffled_objects,mosaicml/mpt-30b,MPT,tracking_shuffled_objects,3,PC3_chance_floor,0.336,0.4181888172873782
target_family,tracking_shuffled_objects,mosaicml/mpt-7b,MPT,tracking_shuffled_objects,3,PC3_chance_floor,0.324,0.371433988308207
target_family,tracking_shuffled_objects,facebook/xglm-564M,XGLM,tracking_shuffled_objects,3,PC3_chance_floor,0.18,0.3386653675089123
target_family,tracking_shuffled_objects,facebook/xglm-1.7B,XGLM,tracking_shuffled_objects,3,PC3_chance_floor,0.188,0.34118706949488004
target_family,tracking_shuffled_objects,facebook/xglm-4.5B,XGLM,tracking_shuffled_objects,3,PC3_chance_floor,0.0,0.3450310565286999
target_family,tracking_shuffled_objects,facebook/xglm-7.5B,XGLM,tracking_shuffled_objects,3,PC3_chance_floor,0.0,0.35041090068523495
target_family,tracking_shuffled_objects,codellama/CodeLlama-7b-hf,CodeLlama,tracking_shuffled_objects,3,PC3_chance_floor,0.364,0.3606383416794832
target_family,tracking_shuffled_objects,codellama/CodeLlama-13b-hf,CodeLlama,tracking_shuffled_objects,3,PC3_chance_floor,0.348,0.3702168891299044
target_family,tracking_shuffled_objects,codellama/CodeLlama-34b-hf,CodeLlama,tracking_shuffled_objects,3,PC3_chance_floor,0.548,0.4452279036751204
target_family,tracking_shuffled_objects,codellama/CodeLlama-70b-hf,CodeLlama,tracking_shuffled_objects,3,PC3_chance_floor,0.892,0.46820231423017267
target_family,tracking_shuffled_objects,bigcode/starcoderbase-1b,StarCoder,tracking_shuffled_objects,3,PC3_chance_floor,0.328,0.33815687050215315
target_family,tracking_shuffled_objects,bigcode/starcoderbase-3b,StarCoder,tracking_shuffled_objects,3,PC3_chance_floor,0.364,0.33983154387780407
target_family,tracking_shuffled_objects,bigcode/starcoderbase-7b,StarCoder,tracking_shuffled_objects,3,PC3_chance_floor,0.32,0.34140801603762605
target_family,tracking_shuffled_objects,bigcode/starcoderbase,StarCoder,tracking_shuffled_objects,3,PC3_chance_floor,0.376,0.34258755418093
target_family,tracking_shuffled_objects,bigcode/starcoder2-15b,StarCoder2,tracking_shuffled_objects,3,PC3_chance_floor,0.66,0.39968972174111306
target_family,tracking_shuffled_objects,bigcode/starcoder2-7b,StarCoder2,tracking_shuffled_objects,3,PC3_chance_floor,0.392,0.3519574502740654
target_family,tracking_shuffled_objects,bigcode/starcoder2-3b,StarCoder2,tracking_shuffled_objects,3,PC3_chance_floor,0.308,0.34581168693076825
target_family,tracking_shuffled_objects,deepseek-ai/deepseek-coder-1.3b-base,DeepSeek-Coder,tracking_shuffled_objects,3,PC3_chance_floor,0.26,0.34026160705447195
target_family,tracking_shuffled_objects,deepseek-ai/deepseek-coder-6.7b-base,DeepSeek-Coder,tracking_shuffled_objects,3,PC3_chance_floor,0.408,0.3544859476534022
target_family,tracking_shuffled_objects,deepseek-ai/deepseek-coder-33b-base,DeepSeek-Coder,tracking_shuffled_objects,3,PC3_chance_floor,0.392,0.3677741566373934
target_family,tracking_shuffled_objects,meta-llama/Llama-2-7b-hf,Llama-2,tracking_shuffled_objects,5,PC3_chance_floor,0.164,0.288523189317771
target_family,tracking_shuffled_objects,meta-llama/Llama-2-13b-hf,Llama-2,tracking_shuffled_objects,5,PC3_chance_floor,0.212,0.33612858445421556
target_family,tracking_shuffled_objects,meta-llama/Llama-2-70b-hf,Llama-2,tracking_shuffled_objects,5,PC3_chance_floor,0.712,0.5319821048738125
target_family,tracking_shuffled_objects,huggyllama/llama-7b,Llama,tracking_shuffled_objects,5,PC3_chance_floor,0.192,0.24991601858750734
target_family,tracking_shuffled_objects,huggyllama/llama-13b,Llama,tracking_shuffled_objects,5,PC3_chance_floor,0.164,0.2894747885987795
target_family,tracking_shuffled_objects,huggyllama/llama-30b,Llama,tracking_shuffled_objects,5,PC3_chance_floor,0.208,0.35877657907840527
target_family,tracking_shuffled_objects,huggyllama/llama-65b,Llama,tracking_shuffled_objects,5,PC3_chance_floor,0.408,0.42316010367143164
target_family,tracking_shuffled_objects,Qwen/Qwen1.5-72B,Qwen1.5,tracking_shuffled_objects,5,PC3_chance_floor,0.5863999999999999,0.6036691500676081
target_family,tracking_shuffled_objects,Qwen/Qwen1.5-32B,Qwen1.5,tracking_shuffled_objects,5,PC3_chance_floor,0.596,0.5305377695308793
target_family,tracking_shuffled_objects,Qwen/Qwen1.5-14B,Qwen1.5,tracking_shuffled_objects,5,PC3_chance_floor,0.512,0.44283077892391803
target_family,tracking_shuffled_objects,Qwen/Qwen1.5-7B,Qwen1.5,tracking_shuffled_objects,5,PC3_chance_floor,0.124,0.36754639553350854
target_family,tracking_shuffled_objects,Qwen/Qwen1.5-4B,Qwen1.5,tracking_shuffled_objects,5,PC3_chance_floor,0.168,0.28928055468988917
target_family,tracking_shuffled_objects,Qwen/Qwen1.5-1.8B,Qwen1.5,tracking_shuffled_objects,5,PC3_chance_floor,0.08,0.23250853526944454
target_family,tracking_shuffled_objects,Qwen/Qwen1.5-0.5B,Qwen1.5,tracking_shuffled_objects,5,PC3_chance_floor,0.064,0.2127201061550909
target_family,tracking_shuffled_objects,Qwen/Qwen-72B,Qwen,tracking_shuffled_objects,5,PC3_chance_floor,0.64,0.6132070491033186
target_family,tracking_shuffled_objects,Qwen/Qwen-14B,Qwen,tracking_shuffled_objects,5,PC3_chance_floor,0.0,0.4536394225314778
target_family,tracking_shuffled_objects,Qwen/Qwen-7B,Qwen,tracking_shuffled_objects,5,PC3_chance_floor,0.1864,0.3352777119689817
target_family,tracking_shuffled_objects,mistralai/Mistral-7B-v0.1,Mistral,tracking_shuffled_objects,5,PC3_chance_floor,0.312,0.3966139559188967
target_family,tracking_shuffled_objects,mistralai/Mixtral-8x7B-v0.1,Mixtral,tracking_shuffled_objects,5,PC3_chance_floor,0.712,0.5125709733832043
target_family,tracking_shuffled_objects,01-ai/Yi-6B,Yi,tracking_shuffled_objects,5,PC3_chance_floor,0.152,0.3025030065085044
target_family,tracking_shuffled_objects,01-ai/Yi-34B,Yi,tracking_shuffled_objects,5,PC3_chance_floor,0.0,0.5284193131361536
target_family,tracking_shuffled_objects,google/gemma-7b,Gemma,tracking_shuffled_objects,5,PC3_chance_floor,0.452,0.43307127792575584
target_family,tracking_shuffled_objects,google/gemma-2b,Gemma,tracking_shuffled_objects,5,PC3_chance_floor,0.196,0.24975953763415307
target_family,tracking_shuffled_objects,tiiuae/falcon-40b,Falcon,tracking_shuffled_objects,5,PC3_chance_floor,0.188,0.37832162057376745
target_family,tracking_shuffled_objects,tiiuae/falcon-7b,Falcon,tracking_shuffled_objects,5,PC3_chance_floor,0.0,0.247637376164278
target_family,tracking_shuffled_objects,tiiuae/falcon-rw-1b,Falcon,tracking_shuffled_objects,5,PC3_chance_floor,0.18,0.21035110922300188
target_family,tracking_shuffled_objects,microsoft/phi-2,Phi,tracking_shuffled_objects,5,PC3_chance_floor,0.904,0.2636127012445212
target_family,tracking_shuffled_objects,microsoft/phi-1_5,Phi,tracking_shuffled_objects,5,PC3_chance_floor,0.168,0.22342865263017112
target_family,tracking_shuffled_objects,EleutherAI/pythia-1b-deduped,Pythia,tracking_shuffled_objects,5,PC3_chance_floor,0.172,0.20758257435025168
target_family,tracking_shuffled_objects,EleutherAI/pythia-410m-deduped,Pythia,tracking_shuffled_objects,5,PC3_chance_floor,0.168,0.20591251631506127
target_family,tracking_shuffled_objects,EleutherAI/pythia-6.9b-deduped,Pythia,tracking_shuffled_objects,5,PC3_chance_floor,0.196,0.2223296463122609
target_family,tracking_shuffled_objects,EleutherAI/pythia-2.8b-deduped,Pythia,tracking_shuffled_objects,5,PC3_chance_floor,0.144,0.21641288642914913
target_family,tracking_shuffled_objects,EleutherAI/pythia-12b-deduped,Pythia,tracking_shuffled_objects,5,PC3_chance_floor,0.148,0.22706603365377448
target_family,tracking_shuffled_objects,EleutherAI/pythia-70m-deduped,Pythia,tracking_shuffled_objects,5,PC3_chance_floor,0.0,0.20392809645088053
target_family,tracking_shuffled_objects,EleutherAI/pythia-1.4b-deduped,Pythia,tracking_shuffled_objects,5,PC3_chance_floor,0.236,0.21108121237849697
target_family,tracking_shuffled_objects,EleutherAI/pythia-160m-deduped,Pythia,tracking_shuffled_objects,5,PC3_chance_floor,0.004,0.20463141466136828
target_family,tracking_shuffled_objects,bigscience/bloom-560m,BLOOM,tracking_shuffled_objects,5,PC3_chance_floor,0.0928,0.2064778637625324
target_family,tracking_shuffled_objects,bigscience/bloom-1b1,BLOOM,tracking_shuffled_objects,5,PC3_chance_floor,0.2168,0.20942042401228309
target_family,tracking_shuffled_objects,bigscience/bloom-3b,BLOOM,tracking_shuffled_objects,5,PC3_chance_floor,0.1816,0.21709993068245448
target_family,tracking_shuffled_objects,bigscience/bloom-7b1,BLOOM,tracking_shuffled_objects,5,PC3_chance_floor,0.104,0.22760993439873523
target_family,tracking_shuffled_objects,EleutherAI/gpt-neox-20b,GPT-Neo/J,tracking_shuffled_objects,5,PC3_chance_floor,0.16,0.23777187018684665
target_family,tracking_shuffled_objects,EleutherAI/gpt-neo-2.7B,GPT-Neo/J,tracking_shuffled_objects,5,PC3_chance_floor,0.208,0.21131436260613215
target_family,tracking_shuffled_objects,EleutherAI/gpt-neo-1.3B,GPT-Neo/J,tracking_shuffled_objects,5,PC3_chance_floor,0.212,0.20836548499984459
target_family,tracking_shuffled_objects,EleutherAI/gpt-neo-125m,GPT-Neo/J,tracking_shuffled_objects,5,PC3_chance_floor,0.06,0.20420079560007431
target_family,tracking_shuffled_objects,EleutherAI/gpt-j-6b,GPT-Neo/J,tracking_shuffled_objects,5,PC3_chance_floor,0.14,0.2274897654274857
target_family,tracking_shuffled_objects,facebook/opt-6.7b,OPT,tracking_shuffled_objects,5,PC3_chance_floor,0.188,0.21681026118712937
target_family,tracking_shuffled_objects,facebook/opt-1.3b,OPT,tracking_shuffled_objects,5,PC3_chance_floor,0.0,0.20851986522434376
target_family,tracking_shuffled_objects,facebook/opt-350m,OPT,tracking_shuffled_objects,5,PC3_chance_floor,0.104,0.20479233359300023
target_family,tracking_shuffled_objects,facebook/opt-13b,OPT,tracking_shuffled_objects,5,PC3_chance_floor,0.18,0.21984892350102778
target_family,tracking_shuffled_objects,facebook/opt-2.7b,OPT,tracking_shuffled_objects,5,PC3_chance_floor,0.184,0.21176066691741327
target_family,tracking_shuffled_objects,facebook/opt-30b,OPT,tracking_shuffled_objects,5,PC3_chance_floor,0.188,0.2257873976944039
target_family,tracking_shuffled_objects,facebook/opt-125m,OPT,tracking_shuffled_objects,5,PC3_chance_floor,0.04,0.20402339832054936
target_family,tracking_shuffled_objects,facebook/opt-66b,OPT,tracking_shuffled_objects,5,PC3_chance_floor,0.184,0.2298352574967668
target_family,tracking_shuffled_objects,mosaicml/mpt-30b,MPT,tracking_shuffled_objects,5,PC3_chance_floor,0.236,0.3018265807448539
target_family,tracking_shuffled_objects,mosaicml/mpt-7b,MPT,tracking_shuffled_objects,5,PC3_chance_floor,0.172,0.24572078596984845
target_family,tracking_shuffled_objects,facebook/xglm-564M,XGLM,tracking_shuffled_objects,5,PC3_chance_floor,0.116,0.20639844101069477
target_family,tracking_shuffled_objects,facebook/xglm-1.7B,XGLM,tracking_shuffled_objects,5,PC3_chance_floor,0.172,0.20942448339385608
target_family,tracking_shuffled_objects,facebook/xglm-4.5B,XGLM,tracking_shuffled_objects,5,PC3_chance_floor,0.0,0.21403726783443996
target_family,tracking_shuffled_objects,facebook/xglm-7.5B,XGLM,tracking_shuffled_objects,5,PC3_chance_floor,0.0,0.22049308082228194
target_family,tracking_shuffled_objects,codellama/CodeLlama-7b-hf,CodeLlama,tracking_shuffled_objects,5,PC3_chance_floor,0.24,0.23276601001537991
target_family,tracking_shuffled_objects,codellama/CodeLlama-13b-hf,CodeLlama,tracking_shuffled_objects,5,PC3_chance_floor,0.244,0.24426026695588532
target_family,tracking_shuffled_objects,codellama/CodeLlama-34b-hf,CodeLlama,tracking_shuffled_objects,5,PC3_chance_floor,0.544,0.3342734844101445
target_family,tracking_shuffled_objects,codellama/CodeLlama-70b-hf,CodeLlama,tracking_shuffled_objects,5,PC3_chance_floor,0.728,0.3618427770762072
target_family,tracking_shuffled_objects,bigcode/starcoderbase-1b,StarCoder,tracking_shuffled_objects,5,PC3_chance_floor,0.168,0.20578824460258377
target_family,tracking_shuffled_objects,bigcode/starcoderbase-3b,StarCoder,tracking_shuffled_objects,5,PC3_chance_floor,0.184,0.20779785265336492
target_family,tracking_shuffled_objects,bigcode/starcoderbase-7b,StarCoder,tracking_shuffled_objects,5,PC3_chance_floor,0.124,0.20968961924515128
target_family,tracking_shuffled_objects,bigcode/starcoderbase,StarCoder,tracking_shuffled_objects,5,PC3_chance_floor,0.2,0.21110506501711604
target_family,tracking_shuffled_objects,bigcode/starcoder2-15b,StarCoder2,tracking_shuffled_objects,5,PC3_chance_floor,0.604,0.2796276660893357
target_family,tracking_shuffled_objects,bigcode/starcoder2-7b,StarCoder2,tracking_shuffled_objects,5,PC3_chance_floor,0.36,0.22234894032887847
target_family,tracking_shuffled_objects,bigcode/starcoder2-3b,StarCoder2,tracking_shuffled_objects,5,PC3_chance_floor,0.196,0.21497402431692195
target_family,tracking_shuffled_objects,deepseek-ai/deepseek-coder-1.3b-base,DeepSeek-Coder,tracking_shuffled_objects,5,PC3_chance_floor,0.212,0.2083139284653664
target_family,tracking_shuffled_objects,deepseek-ai/deepseek-coder-6.7b-base,DeepSeek-Coder,tracking_shuffled_objects,5,PC3_chance_floor,0.272,0.22538313718408268
target_family,tracking_shuffled_objects,deepseek-ai/deepseek-coder-33b-base,DeepSeek-Coder,tracking_shuffled_objects,5,PC3_chance_floor,0.3,0.24132898796487212
target_family,tracking_shuffled_objects,meta-llama/Llama-2-7b-hf,Llama-2,tracking_shuffled_objects,7,PC3_chance_floor,0.152,0.23770341712618315
target_family,tracking_shuffled_objects,meta-llama/Llama-2-13b-hf,Llama-2,tracking_shuffled_objects,7,PC3_chance_floor,0.168,0.28870919762951663
target_family,tracking_shuffled_objects,meta-llama/Llama-2-70b-hf,Llama-2,tracking_shuffled_objects,7,PC3_chance_floor,0.62,0.49855225522194185
target_family,tracking_shuffled_objects,huggyllama/llama-7b,Llama,tracking_shuffled_objects,7,PC3_chance_floor,0.096,0.19633859134375786
target_family,tracking_shuffled_objects,huggyllama/llama-13b,Llama,tracking_shuffled_objects,7,PC3_chance_floor,0.076,0.23872298778440665
target_family,tracking_shuffled_objects,huggyllama/llama-30b,Llama,tracking_shuffled_objects,7,PC3_chance_floor,0.148,0.3129749061554342
target_family,tracking_shuffled_objects,huggyllama/llama-65b,Llama,tracking_shuffled_objects,7,PC3_chance_floor,0.308,0.38195725393367674
target_family,tracking_shuffled_objects,Qwen/Qwen1.5-72B,Qwen1.5,tracking_shuffled_objects,7,PC3_chance_floor,0.388,0.5753598036438659
target_family,tracking_shuffled_objects,Qwen/Qwen1.5-32B,Qwen1.5,tracking_shuffled_objects,7,PC3_chance_floor,0.364,0.4970047530687992
target_family,tracking_shuffled_objects,Qwen/Qwen1.5-14B,Qwen1.5,tracking_shuffled_objects,7,PC3_chance_floor,0.408,0.4030329774184836
target_family,tracking_shuffled_objects,Qwen/Qwen1.5-7B,Qwen1.5,tracking_shuffled_objects,7,PC3_chance_floor,0.076,0.32237113807161627
target_family,tracking_shuffled_objects,Qwen/Qwen1.5-4B,Qwen1.5,tracking_shuffled_objects,7,PC3_chance_floor,0.1411428571428571,0.23851488002488122
target_family,tracking_shuffled_objects,Qwen/Qwen1.5-1.8B,Qwen1.5,tracking_shuffled_objects,7,PC3_chance_floor,0.0428571428571428,0.17768771636011912
target_family,tracking_shuffled_objects,Qwen/Qwen1.5-0.5B,Qwen1.5,tracking_shuffled_objects,7,PC3_chance_floor,0.028,0.15648582802331168
target_family,tracking_shuffled_objects,Qwen/Qwen-72B,Qwen,tracking_shuffled_objects,7,PC3_chance_floor,0.544,0.5855789811821271
target_family,tracking_shuffled_objects,Qwen/Qwen-14B,Qwen,tracking_shuffled_objects,7,PC3_chance_floor,0.0,0.41461366699801194
target_family,tracking_shuffled_objects,Qwen/Qwen-7B,Qwen,tracking_shuffled_objects,7,PC3_chance_floor,0.1348571428571428,0.2877975485381947
target_family,tracking_shuffled_objects,mistralai/Mistral-7B-v0.1,Mistral,tracking_shuffled_objects,7,PC3_chance_floor,0.2,0.3535149527702464
target_family,tracking_shuffled_objects,mistralai/Mixtral-8x7B-v0.1,Mixtral,tracking_shuffled_objects,7,PC3_chance_floor,0.64,0.4777546143391475
target_family,tracking_shuffled_objects,01-ai/Yi-6B,Yi,tracking_shuffled_objects,7,PC3_chance_floor,0.136,0.2526817926876833
target_family,tracking_shuffled_objects,01-ai/Yi-34B,Yi,tracking_shuffled_objects,7,PC3_chance_floor,0.0,0.49473497836016456
target_family,tracking_shuffled_objects,google/gemma-7b,Gemma,tracking_shuffled_objects,7,PC3_chance_floor,0.376,0.39257636920616695
target_family,tracking_shuffled_objects,google/gemma-2b,Gemma,tracking_shuffled_objects,7,PC3_chance_floor,0.12,0.1961709331794497
target_family,tracking_shuffled_objects,tiiuae/falcon-40b,Falcon,tracking_shuffled_objects,7,PC3_chance_floor,0.14,0.33391602204332227
target_family,tracking_shuffled_objects,tiiuae/falcon-7b,Falcon,tracking_shuffled_objects,7,PC3_chance_floor,0.0,0.19389718874744072
target_family,tracking_shuffled_objects,tiiuae/falcon-rw-1b,Falcon,tracking_shuffled_objects,7,PC3_chance_floor,0.028,0.15394761702464482
target_family,tracking_shuffled_objects,microsoft/phi-2,Phi,tracking_shuffled_objects,7,PC3_chance_floor,0.86,0.21101360847627265
target_family,tracking_shuffled_objects,microsoft/phi-1_5,Phi,tracking_shuffled_objects,7,PC3_chance_floor,0.072,0.16795927067518332
target_family,tracking_shuffled_objects,EleutherAI/pythia-1b-deduped,Pythia,tracking_shuffled_objects,7,PC3_chance_floor,0.104,0.1509813296609839
target_family,tracking_shuffled_objects,EleutherAI/pythia-410m-deduped,Pythia,tracking_shuffled_objects,7,PC3_chance_floor,0.056,0.14919198176613704
target_family,tracking_shuffled_objects,EleutherAI/pythia-6.9b-deduped,Pythia,tracking_shuffled_objects,7,PC3_chance_floor,0.048,0.1667817639059938
target_family,tracking_shuffled_objects,EleutherAI/pythia-2.8b-deduped,Pythia,tracking_shuffled_objects,7,PC3_chance_floor,0.104,0.1604423783169455
target_family,tracking_shuffled_objects,EleutherAI/pythia-12b-deduped,Pythia,tracking_shuffled_objects,7,PC3_chance_floor,0.056,0.17185646462904408
target_family,tracking_shuffled_objects,EleutherAI/pythia-70m-deduped,Pythia,tracking_shuffled_objects,7,PC3_chance_floor,0.0,0.1470658176259434
target_family,tracking_shuffled_objects,EleutherAI/pythia-1.4b-deduped,Pythia,tracking_shuffled_objects,7,PC3_chance_floor,0.156,0.15472987040553243
target_family,tracking_shuffled_objects,EleutherAI/pythia-160m-deduped,Pythia,tracking_shuffled_objects,7,PC3_chance_floor,0.008,0.14781937285146599
target_family,tracking_shuffled_objects,bigscience/bloom-560m,BLOOM,tracking_shuffled_objects,7,PC3_chance_floor,0.0697142857142857,0.14979771117414187
target_family,tracking_shuffled_objects,bigscience/bloom-1b1,BLOOM,tracking_shuffled_objects,7,PC3_chance_floor,0.1302857142857142,0.15295045429887472
target_family,tracking_shuffled_objects,bigscience/bloom-3b,BLOOM,tracking_shuffled_objects,7,PC3_chance_floor,0.1125714285714285,0.16117849715977264
target_family,tracking_shuffled_objects,bigscience/bloom-7b1,BLOOM,tracking_shuffled_objects,7,PC3_chance_floor,0.008,0.1724392154272163
target_family,tracking_shuffled_objects,EleutherAI/gpt-neox-20b,GPT-Neo/J,tracking_shuffled_objects,7,PC3_chance_floor,0.08,0.1833270037716214
target_family,tracking_shuffled_objects,EleutherAI/gpt-neo-2.7B,GPT-Neo/J,tracking_shuffled_objects,7,PC3_chance_floor,0.056,0.15497967422085585
target_family,tracking_shuffled_objects,EleutherAI/gpt-neo-1.3B,GPT-Neo/J,tracking_shuffled_objects,7,PC3_chance_floor,0.112,0.1518201624998335
target_family,tracking_shuffled_objects,EleutherAI/gpt-neo-125m,GPT-Neo/J,tracking_shuffled_objects,7,PC3_chance_floor,0.012,0.1473579952857939
target_family,tracking_shuffled_objects,EleutherAI/gpt-j-6b,GPT-Neo/J,tracking_shuffled_objects,7,PC3_chance_floor,0.104,0.17231046295802038
target_family,tracking_shuffled_objects,facebook/opt-6.7b,OPT,tracking_shuffled_objects,7,PC3_chance_floor,0.128,0.16086813698621
target_family,tracking_shuffled_objects,facebook/opt-1.3b,OPT,tracking_shuffled_objects,7,PC3_chance_floor,0.0,0.15198556988322542
target_family,tracking_shuffled_objects,facebook/opt-350m,OPT,tracking_shuffled_objects,7,PC3_chance_floor,0.02,0.1479917859925002
target_family,tracking_shuffled_objects,facebook/opt-13b,OPT,tracking_shuffled_objects,7,PC3_chance_floor,0.112,0.16412384660824403
target_family,tracking_shuffled_objects,facebook/opt-2.7b,OPT,tracking_shuffled_objects,7,PC3_chance_floor,0.14,0.1554578574115142
target_family,tracking_shuffled_objects,facebook/opt-30b,OPT,tracking_shuffled_objects,7,PC3_chance_floor,0.18,0.17048649752971845
target_family,tracking_shuffled_objects,facebook/opt-125m,OPT,tracking_shuffled_objects,7,PC3_chance_floor,0.012,0.14716792677201715
target_family,tracking_shuffled_objects,facebook/opt-66b,OPT,tracking_shuffled_objects,7,PC3_chance_floor,0.128,0.17482349017510726
target_family,tracking_shuffled_objects,mosaicml/mpt-30b,MPT,tracking_shuffled_objects,7,PC3_chance_floor,0.156,0.25195705079805775
target_family,tracking_shuffled_objects,mosaicml/mpt-7b,MPT,tracking_shuffled_objects,7,PC3_chance_floor,0.02,0.19184369925340902
target_family,tracking_shuffled_objects,facebook/xglm-564M,XGLM,tracking_shuffled_objects,7,PC3_chance_floor,0.068,0.1497126153686015
target_family,tracking_shuffled_objects,facebook/xglm-1.7B,XGLM,tracking_shuffled_objects,7,PC3_chance_floor,0.112,0.15295480363627434
target_family,tracking_shuffled_objects,facebook/xglm-4.5B,XGLM,tracking_shuffled_objects,7,PC3_chance_floor,0.0,0.15789707267975708
target_family,tracking_shuffled_objects,facebook/xglm-7.5B,XGLM,tracking_shuffled_objects,7,PC3_chance_floor,0.0,0.16481401516673064
target_family,tracking_shuffled_objects,codellama/CodeLlama-7b-hf,CodeLlama,tracking_shuffled_objects,7,PC3_chance_floor,0.18,0.1779635821593356
target_family,tracking_shuffled_objects,codellama/CodeLlama-13b-hf,CodeLlama,tracking_shuffled_objects,7,PC3_chance_floor,0.132,0.19027885745273426
target_family,tracking_shuffled_objects,codellama/CodeLlama-34b-hf,CodeLlama,tracking_shuffled_objects,7,PC3_chance_floor,0.404,0.2867215904394405
target_family,tracking_shuffled_objects,codellama/CodeLlama-70b-hf,CodeLlama,tracking_shuffled_objects,7,PC3_chance_floor,0.648,0.31626011829593625
target_family,tracking_shuffled_objects,bigcode/starcoderbase-1b,StarCoder,tracking_shuffled_objects,7,PC3_chance_floor,0.132,0.14905883350276833
target_family,tracking_shuffled_objects,bigcode/starcoderbase-3b,StarCoder,tracking_shuffled_objects,7,PC3_chance_floor,0.148,0.1512119849857481
target_family,tracking_shuffled_objects,bigcode/starcoderbase-7b,StarCoder,tracking_shuffled_objects,7,PC3_chance_floor,0.112,0.1532388777626621
target_family,tracking_shuffled_objects,bigcode/starcoderbase,StarCoder,tracking_shuffled_objects,7,PC3_chance_floor,0.204,0.15475542680405285
target_family,tracking_shuffled_objects,bigcode/starcoder2-15b,StarCoder2,tracking_shuffled_objects,7,PC3_chance_floor,0.656,0.22817249938143108
target_family,tracking_shuffled_objects,bigcode/starcoder2-7b,StarCoder2,tracking_shuffled_objects,7,PC3_chance_floor,0.2,0.16680243606665549
target_family,tracking_shuffled_objects,bigcode/starcoder2-3b,StarCoder2,tracking_shuffled_objects,7,PC3_chance_floor,0.16,0.1589007403395592
target_family,tracking_shuffled_objects,deepseek-ai/deepseek-coder-1.3b-base,DeepSeek-Coder,tracking_shuffled_objects,7,PC3_chance_floor,0.128,0.15176492335574968
target_family,tracking_shuffled_objects,deepseek-ai/deepseek-coder-6.7b-base,DeepSeek-Coder,tracking_shuffled_objects,7,PC3_chance_floor,0.244,0.17005336126866
target_family,tracking_shuffled_objects,deepseek-ai/deepseek-coder-33b-base,DeepSeek-Coder,tracking_shuffled_objects,7,PC3_chance_floor,0.268,0.18713820139093437
model_family,BLOOM,bigscience/bloom-560m,BLOOM,logical_deduction,3,pooled_mean,0.292,0.2816616517138256
model_family,BLOOM,bigscience/bloom-1b1,BLOOM,logical_deduction,3,pooled_mean,0.3293333333333333,0.2816616517138256
model_family,BLOOM,bigscience/bloom-3b,BLOOM,logical_deduction,3,pooled_mean,0.3013333333333333,0.2816616517138256
model_family,BLOOM,bigscience/bloom-7b1,BLOOM,logical_deduction,3,pooled_mean,0.3773333333333333,0.2816616517138256
model_family,BLOOM,bigscience/bloom-560m,BLOOM,logical_deduction,5,pooled_mean,0.18,0.2816616517138256
model_family,BLOOM,bigscience/bloom-1b1,BLOOM,logical_deduction,5,pooled_mean,0.1776,0.2816616517138256
model_family,BLOOM,bigscience/bloom-3b,BLOOM,logical_deduction,5,pooled_mean,0.1976,0.2816616517138256
model_family,BLOOM,bigscience/bloom-7b1,BLOOM,logical_deduction,5,pooled_mean,0.2143999999999999,0.2816616517138256
model_family,BLOOM,bigscience/bloom-560m,BLOOM,logical_deduction,7,pooled_mean,0.124,0.2816616517138256
model_family,BLOOM,bigscience/bloom-1b1,BLOOM,logical_deduction,7,pooled_mean,0.1382857142857143,0.2816616517138256
model_family,BLOOM,bigscience/bloom-3b,BLOOM,logical_deduction,7,pooled_mean,0.1222857142857142,0.2816616517138256
model_family,BLOOM,bigscience/bloom-7b1,BLOOM,logical_deduction,7,pooled_mean,0.1605714285714285,0.2816616517138256
model_family,BLOOM,bigscience/bloom-560m,BLOOM,tracking_shuffled_objects,3,pooled_mean,0.1706666666666667,0.2816616517138256
model_family,BLOOM,bigscience/bloom-1b1,BLOOM,tracking_shuffled_objects,3,pooled_mean,0.2973333333333333,0.2816616517138256
model_family,BLOOM,bigscience/bloom-3b,BLOOM,tracking_shuffled_objects,3,pooled_mean,0.3253333333333333,0.2816616517138256
model_family,BLOOM,bigscience/bloom-7b1,BLOOM,tracking_shuffled_objects,3,pooled_mean,0.328,0.2816616517138256
model_family,BLOOM,bigscience/bloom-560m,BLOOM,tracking_shuffled_objects,5,pooled_mean,0.0928,0.2816616517138256
model_family,BLOOM,bigscience/bloom-1b1,BLOOM,tracking_shuffled_objects,5,pooled_mean,0.2168,0.2816616517138256
model_family,BLOOM,bigscience/bloom-3b,BLOOM,tracking_shuffled_objects,5,pooled_mean,0.1816,0.2816616517138256
model_family,BLOOM,bigscience/bloom-7b1,BLOOM,tracking_shuffled_objects,5,pooled_mean,0.104,0.2816616517138256
model_family,BLOOM,bigscience/bloom-560m,BLOOM,tracking_shuffled_objects,7,pooled_mean,0.0697142857142857,0.2816616517138256
model_family,BLOOM,bigscience/bloom-1b1,BLOOM,tracking_shuffled_objects,7,pooled_mean,0.1302857142857142,0.2816616517138256
model_family,BLOOM,bigscience/bloom-3b,BLOOM,tracking_shuffled_objects,7,pooled_mean,0.1125714285714285,0.2816616517138256
model_family,BLOOM,bigscience/bloom-7b1,BLOOM,tracking_shuffled_objects,7,pooled_mean,0.008,0.2816616517138256
model_family,BLOOM,bigscience/bloom-560m,BLOOM,logical_deduction,3,task_family_mean,0.292,0.307324959742351
model_family,BLOOM,bigscience/bloom-1b1,BLOOM,logical_deduction,3,task_family_mean,0.3293333333333333,0.307324959742351
model_family,BLOOM,bigscience/bloom-3b,BLOOM,logical_deduction,3,task_family_mean,0.3013333333333333,0.307324959742351
model_family,BLOOM,bigscience/bloom-7b1,BLOOM,logical_deduction,3,task_family_mean,0.3773333333333333,0.307324959742351
model_family,BLOOM,bigscience/bloom-560m,BLOOM,logical_deduction,5,task_family_mean,0.18,0.307324959742351
model_family,BLOOM,bigscience/bloom-1b1,BLOOM,logical_deduction,5,task_family_mean,0.1776,0.307324959742351
model_family,BLOOM,bigscience/bloom-3b,BLOOM,logical_deduction,5,task_family_mean,0.1976,0.307324959742351
model_family,BLOOM,bigscience/bloom-7b1,BLOOM,logical_deduction,5,task_family_mean,0.2143999999999999,0.307324959742351
model_family,BLOOM,bigscience/bloom-560m,BLOOM,logical_deduction,7,task_family_mean,0.124,0.307324959742351
model_family,BLOOM,bigscience/bloom-1b1,BLOOM,logical_deduction,7,task_family_mean,0.1382857142857143,0.307324959742351
model_family,BLOOM,bigscience/bloom-3b,BLOOM,logical_deduction,7,task_family_mean,0.1222857142857142,0.307324959742351
model_family,BLOOM,bigscience/bloom-7b1,BLOOM,logical_deduction,7,task_family_mean,0.1605714285714285,0.307324959742351
model_family,BLOOM,bigscience/bloom-560m,BLOOM,tracking_shuffled_objects,3,task_family_mean,0.1706666666666667,0.2559983436853002
model_family,BLOOM,bigscience/bloom-1b1,BLOOM,tracking_shuffled_objects,3,task_family_mean,0.2973333333333333,0.2559983436853002
model_family,BLOOM,bigscience/bloom-3b,BLOOM,tracking_shuffled_objects,3,task_family_mean,0.3253333333333333,0.2559983436853002
model_family,BLOOM,bigscience/bloom-7b1,BLOOM,tracking_shuffled_objects,3,task_family_mean,0.328,0.2559983436853002
model_family,BLOOM,bigscience/bloom-560m,BLOOM,tracking_shuffled_objects,5,task_family_mean,0.0928,0.2559983436853002
model_family,BLOOM,bigscience/bloom-1b1,BLOOM,tracking_shuffled_objects,5,task_family_mean,0.2168,0.2559983436853002
model_family,BLOOM,bigscience/bloom-3b,BLOOM,tracking_shuffled_objects,5,task_family_mean,0.1816,0.2559983436853002
model_family,BLOOM,bigscience/bloom-7b1,BLOOM,tracking_shuffled_objects,5,task_family_mean,0.104,0.2559983436853002
model_family,BLOOM,bigscience/bloom-560m,BLOOM,tracking_shuffled_objects,7,task_family_mean,0.0697142857142857,0.2559983436853002
model_family,BLOOM,bigscience/bloom-1b1,BLOOM,tracking_shuffled_objects,7,task_family_mean,0.1302857142857142,0.2559983436853002
model_family,BLOOM,bigscience/bloom-3b,BLOOM,tracking_shuffled_objects,7,task_family_mean,0.1125714285714285,0.2559983436853002
model_family,BLOOM,bigscience/bloom-7b1,BLOOM,tracking_shuffled_objects,7,task_family_mean,0.008,0.2559983436853002
model_family,BLOOM,bigscience/bloom-560m,BLOOM,logical_deduction,3,PC1,0.292,0.1041487847729037
model_family,BLOOM,bigscience/bloom-1b1,BLOOM,logical_deduction,3,PC1,0.3293333333333333,0.1197648474706849
model_family,BLOOM,bigscience/bloom-3b,BLOOM,logical_deduction,3,PC1,0.3013333333333333,0.14743188984536362
model_family,BLOOM,bigscience/bloom-7b1,BLOOM,logical_deduction,3,PC1,0.3773333333333333,0.17658345212733867
model_family,BLOOM,bigscience/bloom-560m,BLOOM,logical_deduction,5,PC1,0.18,0.1041487847729037
model_family,BLOOM,bigscience/bloom-1b1,BLOOM,logical_deduction,5,PC1,0.1776,0.1197648474706849
model_family,BLOOM,bigscience/bloom-3b,BLOOM,logical_deduction,5,PC1,0.1976,0.14743188984536362
model_family,BLOOM,bigscience/bloom-7b1,BLOOM,logical_deduction,5,PC1,0.2143999999999999,0.17658345212733867
model_family,BLOOM,bigscience/bloom-560m,BLOOM,logical_deduction,7,PC1,0.124,0.1041487847729037
model_family,BLOOM,bigscience/bloom-1b1,BLOOM,logical_deduction,7,PC1,0.1382857142857143,0.1197648474706849
model_family,BLOOM,bigscience/bloom-3b,BLOOM,logical_deduction,7,PC1,0.1222857142857142,0.14743188984536362
model_family,BLOOM,bigscience/bloom-7b1,BLOOM,logical_deduction,7,PC1,0.1605714285714285,0.17658345212733867
model_family,BLOOM,bigscience/bloom-560m,BLOOM,tracking_shuffled_objects,3,PC1,0.1706666666666667,0.1041487847729037
model_family,BLOOM,bigscience/bloom-1b1,BLOOM,tracking_shuffled_objects,3,PC1,0.2973333333333333,0.1197648474706849
model_family,BLOOM,bigscience/bloom-3b,BLOOM,tracking_shuffled_objects,3,PC1,0.3253333333333333,0.14743188984536362
model_family,BLOOM,bigscience/bloom-7b1,BLOOM,tracking_shuffled_objects,3,PC1,0.328,0.17658345212733867
model_family,BLOOM,bigscience/bloom-560m,BLOOM,tracking_shuffled_objects,5,PC1,0.0928,0.1041487847729037
model_family,BLOOM,bigscience/bloom-1b1,BLOOM,tracking_shuffled_objects,5,PC1,0.2168,0.1197648474706849
model_family,BLOOM,bigscience/bloom-3b,BLOOM,tracking_shuffled_objects,5,PC1,0.1816,0.14743188984536362
model_family,BLOOM,bigscience/bloom-7b1,BLOOM,tracking_shuffled_objects,5,PC1,0.104,0.17658345212733867
model_family,BLOOM,bigscience/bloom-560m,BLOOM,tracking_shuffled_objects,7,PC1,0.0697142857142857,0.1041487847729037
model_family,BLOOM,bigscience/bloom-1b1,BLOOM,tracking_shuffled_objects,7,PC1,0.1302857142857142,0.1197648474706849
model_family,BLOOM,bigscience/bloom-3b,BLOOM,tracking_shuffled_objects,7,PC1,0.1125714285714285,0.14743188984536362
model_family,BLOOM,bigscience/bloom-7b1,BLOOM,tracking_shuffled_objects,7,PC1,0.008,0.17658345212733867
model_family,BLOOM,bigscience/bloom-560m,BLOOM,logical_deduction,3,PC3,0.292,0.09400876268631439
model_family,BLOOM,bigscience/bloom-1b1,BLOOM,logical_deduction,3,PC3,0.3293333333333333,0.11169069670129184
model_family,BLOOM,bigscience/bloom-3b,BLOOM,logical_deduction,3,PC3,0.3013333333333333,0.1452657473543751
model_family,BLOOM,bigscience/bloom-7b1,BLOOM,logical_deduction,3,PC3,0.3773333333333333,0.1855202771161802
model_family,BLOOM,bigscience/bloom-560m,BLOOM,logical_deduction,5,PC3,0.18,0.09400876268631439
model_family,BLOOM,bigscience/bloom-1b1,BLOOM,logical_deduction,5,PC3,0.1776,0.11169069670129184
model_family,BLOOM,bigscience/bloom-3b,BLOOM,logical_deduction,5,PC3,0.1976,0.1452657473543751
model_family,BLOOM,bigscience/bloom-7b1,BLOOM,logical_deduction,5,PC3,0.2143999999999999,0.1855202771161802
model_family,BLOOM,bigscience/bloom-560m,BLOOM,logical_deduction,7,PC3,0.124,0.09400876268631439
model_family,BLOOM,bigscience/bloom-1b1,BLOOM,logical_deduction,7,PC3,0.1382857142857143,0.11169069670129184
model_family,BLOOM,bigscience/bloom-3b,BLOOM,logical_deduction,7,PC3,0.1222857142857142,0.1452657473543751
model_family,BLOOM,bigscience/bloom-7b1,BLOOM,logical_deduction,7,PC3,0.1605714285714285,0.1855202771161802
model_family,BLOOM,bigscience/bloom-560m,BLOOM,tracking_shuffled_objects,3,PC3,0.1706666666666667,0.09400876268631439
model_family,BLOOM,bigscience/bloom-1b1,BLOOM,tracking_shuffled_objects,3,PC3,0.2973333333333333,0.11169069670129184
model_family,BLOOM,bigscience/bloom-3b,BLOOM,tracking_shuffled_objects,3,PC3,0.3253333333333333,0.1452657473543751
model_family,BLOOM,bigscience/bloom-7b1,BLOOM,tracking_shuffled_objects,3,PC3,0.328,0.1855202771161802
model_family,BLOOM,bigscience/bloom-560m,BLOOM,tracking_shuffled_objects,5,PC3,0.0928,0.09400876268631439
model_family,BLOOM,bigscience/bloom-1b1,BLOOM,tracking_shuffled_objects,5,PC3,0.2168,0.11169069670129184
model_family,BLOOM,bigscience/bloom-3b,BLOOM,tracking_shuffled_objects,5,PC3,0.1816,0.1452657473543751
model_family,BLOOM,bigscience/bloom-7b1,BLOOM,tracking_shuffled_objects,5,PC3,0.104,0.1855202771161802
model_family,BLOOM,bigscience/bloom-560m,BLOOM,tracking_shuffled_objects,7,PC3,0.0697142857142857,0.09400876268631439
model_family,BLOOM,bigscience/bloom-1b1,BLOOM,tracking_shuffled_objects,7,PC3,0.1302857142857142,0.11169069670129184
model_family,BLOOM,bigscience/bloom-3b,BLOOM,tracking_shuffled_objects,7,PC3,0.1125714285714285,0.1452657473543751
model_family,BLOOM,bigscience/bloom-7b1,BLOOM,tracking_shuffled_objects,7,PC3,0.008,0.1855202771161802
model_family,BLOOM,bigscience/bloom-560m,BLOOM,logical_deduction,3,PC3_count,0.292,0.1616531712197596
model_family,BLOOM,bigscience/bloom-1b1,BLOOM,logical_deduction,3,PC3_count,0.3293333333333333,0.1893152447674943
model_family,BLOOM,bigscience/bloom-3b,BLOOM,logical_deduction,3,PC3_count,0.3013333333333333,0.23602758418662714
model_family,BLOOM,bigscience/bloom-7b1,BLOOM,logical_deduction,3,PC3_count,0.3773333333333333,0.29958411213363423
model_family,BLOOM,bigscience/bloom-560m,BLOOM,logical_deduction,5,PC3_count,0.18,0.08744863262248655
model_family,BLOOM,bigscience/bloom-1b1,BLOOM,logical_deduction,5,PC3_count,0.1776,0.10404486100383648
model_family,BLOOM,bigscience/bloom-3b,BLOOM,logical_deduction,5,PC3_count,0.1976,0.1359962168729811
model_family,BLOOM,bigscience/bloom-7b1,BLOOM,logical_deduction,5,PC3_count,0.2143999999999999,0.17360687023602936
model_family,BLOOM,bigscience/bloom-560m,BLOOM,logical_deduction,7,PC3_count,0.124,0.057014067614320936
model_family,BLOOM,bigscience/bloom-1b1,BLOOM,logical_deduction,7,PC3_count,0.1382857142857143,0.06829206017108727
model_family,BLOOM,bigscience/bloom-3b,BLOOM,logical_deduction,7,PC3_count,0.1222857142857142,0.09169233956719454
model_family,BLOOM,bigscience/bloom-7b1,BLOOM,logical_deduction,7,PC3_count,0.1605714285714285,0.11623268261809457
model_family,BLOOM,bigscience/bloom-560m,BLOOM,tracking_shuffled_objects,3,PC3_count,0.1706666666666667,0.1616531712197596
model_family,BLOOM,bigscience/bloom-1b1,BLOOM,tracking_shuffled_objects,3,PC3_count,0.2973333333333333,0.1893152447674943
model_family,BLOOM,bigscience/bloom-3b,BLOOM,tracking_shuffled_objects,3,PC3_count,0.3253333333333333,0.23602758418662714
model_family,BLOOM,bigscience/bloom-7b1,BLOOM,tracking_shuffled_objects,3,PC3_count,0.328,0.29958411213363423
model_family,BLOOM,bigscience/bloom-560m,BLOOM,tracking_shuffled_objects,5,PC3_count,0.0928,0.08744863262248655
model_family,BLOOM,bigscience/bloom-1b1,BLOOM,tracking_shuffled_objects,5,PC3_count,0.2168,0.10404486100383648
model_family,BLOOM,bigscience/bloom-3b,BLOOM,tracking_shuffled_objects,5,PC3_count,0.1816,0.1359962168729811
model_family,BLOOM,bigscience/bloom-7b1,BLOOM,tracking_shuffled_objects,5,PC3_count,0.104,0.17360687023602936
model_family,BLOOM,bigscience/bloom-560m,BLOOM,tracking_shuffled_objects,7,PC3_count,0.0697142857142857,0.057014067614320936
model_family,BLOOM,bigscience/bloom-1b1,BLOOM,tracking_shuffled_objects,7,PC3_count,0.1302857142857142,0.06829206017108727
model_family,BLOOM,bigscience/bloom-3b,BLOOM,tracking_shuffled_objects,7,PC3_count,0.1125714285714285,0.09169233956719454
model_family,BLOOM,bigscience/bloom-7b1,BLOOM,tracking_shuffled_objects,7,PC3_count,0.008,0.11623268261809457
model_family,BLOOM,bigscience/bloom-560m,BLOOM,logical_deduction,3,count_only,0.292,0.3639148680753953
model_family,BLOOM,bigscience/bloom-1b1,BLOOM,logical_deduction,3,count_only,0.3293333333333333,0.3639148680753953
model_family,BLOOM,bigscience/bloom-3b,BLOOM,logical_deduction,3,count_only,0.3013333333333333,0.3639148680753953
model_family,BLOOM,bigscience/bloom-7b1,BLOOM,logical_deduction,3,count_only,0.3773333333333333,0.3639148680753953
model_family,BLOOM,bigscience/bloom-560m,BLOOM,logical_deduction,5,count_only,0.18,0.19897725837474053
model_family,BLOOM,bigscience/bloom-1b1,BLOOM,logical_deduction,5,count_only,0.1776,0.19897725837474053
model_family,BLOOM,bigscience/bloom-3b,BLOOM,logical_deduction,5,count_only,0.1976,0.19897725837474053
model_family,BLOOM,bigscience/bloom-7b1,BLOOM,logical_deduction,5,count_only,0.2143999999999999,0.19897725837474053
model_family,BLOOM,bigscience/bloom-560m,BLOOM,logical_deduction,7,count_only,0.124,0.12540316307052699
model_family,BLOOM,bigscience/bloom-1b1,BLOOM,logical_deduction,7,count_only,0.1382857142857143,0.12540316307052699
model_family,BLOOM,bigscience/bloom-3b,BLOOM,logical_deduction,7,count_only,0.1222857142857142,0.12540316307052699
model_family,BLOOM,bigscience/bloom-7b1,BLOOM,logical_deduction,7,count_only,0.1605714285714285,0.12540316307052699
model_family,BLOOM,bigscience/bloom-560m,BLOOM,tracking_shuffled_objects,3,count_only,0.1706666666666667,0.3639148680753953
model_family,BLOOM,bigscience/bloom-1b1,BLOOM,tracking_shuffled_objects,3,count_only,0.2973333333333333,0.3639148680753953
model_family,BLOOM,bigscience/bloom-3b,BLOOM,tracking_shuffled_objects,3,count_only,0.3253333333333333,0.3639148680753953
model_family,BLOOM,bigscience/bloom-7b1,BLOOM,tracking_shuffled_objects,3,count_only,0.328,0.3639148680753953
model_family,BLOOM,bigscience/bloom-560m,BLOOM,tracking_shuffled_objects,5,count_only,0.0928,0.19897725837474053
model_family,BLOOM,bigscience/bloom-1b1,BLOOM,tracking_shuffled_objects,5,count_only,0.2168,0.19897725837474053
model_family,BLOOM,bigscience/bloom-3b,BLOOM,tracking_shuffled_objects,5,count_only,0.1816,0.19897725837474053
model_family,BLOOM,bigscience/bloom-7b1,BLOOM,tracking_shuffled_objects,5,count_only,0.104,0.19897725837474053
model_family,BLOOM,bigscience/bloom-560m,BLOOM,tracking_shuffled_objects,7,count_only,0.0697142857142857,0.12540316307052699
model_family,BLOOM,bigscience/bloom-1b1,BLOOM,tracking_shuffled_objects,7,count_only,0.1302857142857142,0.12540316307052699
model_family,BLOOM,bigscience/bloom-3b,BLOOM,tracking_shuffled_objects,7,count_only,0.1125714285714285,0.12540316307052699
model_family,BLOOM,bigscience/bloom-7b1,BLOOM,tracking_shuffled_objects,7,count_only,0.008,0.12540316307052699
model_family,BLOOM,bigscience/bloom-560m,BLOOM,logical_deduction,3,PC3_count_additive,0.292,0.1785395063597788
model_family,BLOOM,bigscience/bloom-1b1,BLOOM,logical_deduction,3,PC3_count_additive,0.3293333333333333,0.208462367394422
model_family,BLOOM,bigscience/bloom-3b,BLOOM,logical_deduction,3,PC3_count_additive,0.3013333333333333,0.2625303755634084
model_family,BLOOM,bigscience/bloom-7b1,BLOOM,logical_deduction,3,PC3_count_additive,0.3773333333333333,0.3230002831870519
model_family,BLOOM,bigscience/bloom-560m,BLOOM,logical_deduction,5,PC3_count_additive,0.18,0.08623003604529644
model_family,BLOOM,bigscience/bloom-1b1,BLOOM,logical_deduction,5,PC3_count_additive,0.1776,0.1026145962056058
model_family,BLOOM,bigscience/bloom-3b,BLOOM,logical_deduction,5,PC3_count_additive,0.1976,0.13387247822641835
model_family,BLOOM,bigscience/bloom-7b1,BLOOM,logical_deduction,5,PC3_count_additive,0.2143999999999999,0.17160368699666603
model_family,BLOOM,bigscience/bloom-560m,BLOOM,logical_deduction,7,PC3_count_additive,0.124,0.05165699362411552
model_family,BLOOM,bigscience/bloom-1b1,BLOOM,logical_deduction,7,PC3_count_additive,0.1382857142857143,0.061917466935307267
model_family,BLOOM,bigscience/bloom-3b,BLOOM,logical_deduction,7,PC3_count_additive,0.1222857142857142,0.0819099632042099
model_family,BLOOM,bigscience/bloom-7b1,BLOOM,logical_deduction,7,PC3_count_additive,0.1605714285714285,0.10680173774095739
model_family,BLOOM,bigscience/bloom-560m,BLOOM,tracking_shuffled_objects,3,PC3_count_additive,0.1706666666666667,0.1785395063597788
model_family,BLOOM,bigscience/bloom-1b1,BLOOM,tracking_shuffled_objects,3,PC3_count_additive,0.2973333333333333,0.208462367394422
model_family,BLOOM,bigscience/bloom-3b,BLOOM,tracking_shuffled_objects,3,PC3_count_additive,0.3253333333333333,0.2625303755634084
model_family,BLOOM,bigscience/bloom-7b1,BLOOM,tracking_shuffled_objects,3,PC3_count_additive,0.328,0.3230002831870519
model_family,BLOOM,bigscience/bloom-560m,BLOOM,tracking_shuffled_objects,5,PC3_count_additive,0.0928,0.08623003604529644
model_family,BLOOM,bigscience/bloom-1b1,BLOOM,tracking_shuffled_objects,5,PC3_count_additive,0.2168,0.1026145962056058
model_family,BLOOM,bigscience/bloom-3b,BLOOM,tracking_shuffled_objects,5,PC3_count_additive,0.1816,0.13387247822641835
model_family,BLOOM,bigscience/bloom-7b1,BLOOM,tracking_shuffled_objects,5,PC3_count_additive,0.104,0.17160368699666603
model_family,BLOOM,bigscience/bloom-560m,BLOOM,tracking_shuffled_objects,7,PC3_count_additive,0.0697142857142857,0.05165699362411552
model_family,BLOOM,bigscience/bloom-1b1,BLOOM,tracking_shuffled_objects,7,PC3_count_additive,0.1302857142857142,0.061917466935307267
model_family,BLOOM,bigscience/bloom-3b,BLOOM,tracking_shuffled_objects,7,PC3_count_additive,0.1125714285714285,0.0819099632042099
model_family,BLOOM,bigscience/bloom-7b1,BLOOM,tracking_shuffled_objects,7,PC3_count_additive,0.008,0.10680173774095739
model_family,BLOOM,bigscience/bloom-560m,BLOOM,logical_deduction,3,PC3_chance_floor,0.292,0.3386518985636379
model_family,BLOOM,bigscience/bloom-1b1,BLOOM,logical_deduction,3,PC3_chance_floor,0.3293333333333333,0.3401882489484208
model_family,BLOOM,bigscience/bloom-3b,BLOOM,logical_deduction,3,PC3_chance_floor,0.3013333333333333,0.3434791993720483
model_family,BLOOM,bigscience/bloom-7b1,BLOOM,logical_deduction,3,PC3_chance_floor,0.3773333333333333,0.34632880741517613
model_family,BLOOM,bigscience/bloom-560m,BLOOM,logical_deduction,5,PC3_chance_floor,0.18,0.20638227827636554
model_family,BLOOM,bigscience/bloom-1b1,BLOOM,logical_deduction,5,PC3_chance_floor,0.1776,0.20822589873810501
model_family,BLOOM,bigscience/bloom-3b,BLOOM,logical_deduction,5,PC3_chance_floor,0.1976,0.212175039246458
model_family,BLOOM,bigscience/bloom-7b1,BLOOM,logical_deduction,5,PC3_chance_floor,0.2143999999999999,0.2155945688982114
model_family,BLOOM,bigscience/bloom-560m,BLOOM,logical_deduction,7,PC3_chance_floor,0.124,0.14969529815324878
model_family,BLOOM,bigscience/bloom-1b1,BLOOM,logical_deduction,7,PC3_chance_floor,0.1382857142857143,0.1516706057908268
model_family,BLOOM,bigscience/bloom-3b,BLOOM,logical_deduction,7,PC3_chance_floor,0.1222857142857142,0.15590182776406214
model_family,BLOOM,bigscience/bloom-7b1,BLOOM,logical_deduction,7,PC3_chance_floor,0.1605714285714285,0.15956560953379792
model_family,BLOOM,bigscience/bloom-560m,BLOOM,tracking_shuffled_objects,3,PC3_chance_floor,0.1706666666666667,0.3386518985636379
model_family,BLOOM,bigscience/bloom-1b1,BLOOM,tracking_shuffled_objects,3,PC3_chance_floor,0.2973333333333333,0.3401882489484208
model_family,BLOOM,bigscience/bloom-3b,BLOOM,tracking_shuffled_objects,3,PC3_chance_floor,0.3253333333333333,0.3434791993720483
model_family,BLOOM,bigscience/bloom-7b1,BLOOM,tracking_shuffled_objects,3,PC3_chance_floor,0.328,0.34632880741517613
model_family,BLOOM,bigscience/bloom-560m,BLOOM,tracking_shuffled_objects,5,PC3_chance_floor,0.0928,0.20638227827636554
model_family,BLOOM,bigscience/bloom-1b1,BLOOM,tracking_shuffled_objects,5,PC3_chance_floor,0.2168,0.20822589873810501
model_family,BLOOM,bigscience/bloom-3b,BLOOM,tracking_shuffled_objects,5,PC3_chance_floor,0.1816,0.212175039246458
model_family,BLOOM,bigscience/bloom-7b1,BLOOM,tracking_shuffled_objects,5,PC3_chance_floor,0.104,0.2155945688982114
model_family,BLOOM,bigscience/bloom-560m,BLOOM,tracking_shuffled_objects,7,PC3_chance_floor,0.0697142857142857,0.14969529815324878
model_family,BLOOM,bigscience/bloom-1b1,BLOOM,tracking_shuffled_objects,7,PC3_chance_floor,0.1302857142857142,0.1516706057908268
model_family,BLOOM,bigscience/bloom-3b,BLOOM,tracking_shuffled_objects,7,PC3_chance_floor,0.1125714285714285,0.15590182776406214
model_family,BLOOM,bigscience/bloom-7b1,BLOOM,tracking_shuffled_objects,7,PC3_chance_floor,0.008,0.15956560953379792
model_family,CodeLlama,codellama/CodeLlama-7b-hf,CodeLlama,logical_deduction,3,pooled_mean,0.592,0.26561959972394755
model_family,CodeLlama,codellama/CodeLlama-13b-hf,CodeLlama,logical_deduction,3,pooled_mean,0.608,0.26561959972394755
model_family,CodeLlama,codellama/CodeLlama-34b-hf,CodeLlama,logical_deduction,3,pooled_mean,0.788,0.26561959972394755
model_family,CodeLlama,codellama/CodeLlama-70b-hf,CodeLlama,logical_deduction,3,pooled_mean,0.804,0.26561959972394755
model_family,CodeLlama,codellama/CodeLlama-7b-hf,CodeLlama,logical_deduction,5,pooled_mean,0.3,0.26561959972394755
model_family,CodeLlama,codellama/CodeLlama-13b-hf,CodeLlama,logical_deduction,5,pooled_mean,0.4072,0.26561959972394755
model_family,CodeLlama,codellama/CodeLlama-34b-hf,CodeLlama,logical_deduction,5,pooled_mean,0.528,0.26561959972394755
model_family,CodeLlama,codellama/CodeLlama-70b-hf,CodeLlama,logical_deduction,5,pooled_mean,0.5272,0.26561959972394755
model_family,CodeLlama,codellama/CodeLlama-7b-hf,CodeLlama,logical_deduction,7,pooled_mean,0.2862857142857142,0.26561959972394755
model_family,CodeLlama,codellama/CodeLlama-13b-hf,CodeLlama,logical_deduction,7,pooled_mean,0.3434285714285714,0.26561959972394755
model_family,CodeLlama,codellama/CodeLlama-34b-hf,CodeLlama,logical_deduction,7,pooled_mean,0.4005714285714286,0.26561959972394755
model_family,CodeLlama,codellama/CodeLlama-70b-hf,CodeLlama,logical_deduction,7,pooled_mean,0.4365714285714285,0.26561959972394755
model_family,CodeLlama,codellama/CodeLlama-7b-hf,CodeLlama,tracking_shuffled_objects,3,pooled_mean,0.364,0.26561959972394755
model_family,CodeLlama,codellama/CodeLlama-13b-hf,CodeLlama,tracking_shuffled_objects,3,pooled_mean,0.348,0.26561959972394755
model_family,CodeLlama,codellama/CodeLlama-34b-hf,CodeLlama,tracking_shuffled_objects,3,pooled_mean,0.548,0.26561959972394755
model_family,CodeLlama,codellama/CodeLlama-70b-hf,CodeLlama,tracking_shuffled_objects,3,pooled_mean,0.892,0.26561959972394755
model_family,CodeLlama,codellama/CodeLlama-7b-hf,CodeLlama,tracking_shuffled_objects,5,pooled_mean,0.24,0.26561959972394755
model_family,CodeLlama,codellama/CodeLlama-13b-hf,CodeLlama,tracking_shuffled_objects,5,pooled_mean,0.244,0.26561959972394755
model_family,CodeLlama,codellama/CodeLlama-34b-hf,CodeLlama,tracking_shuffled_objects,5,pooled_mean,0.544,0.26561959972394755
model_family,CodeLlama,codellama/CodeLlama-70b-hf,CodeLlama,tracking_shuffled_objects,5,pooled_mean,0.728,0.26561959972394755
model_family,CodeLlama,codellama/CodeLlama-7b-hf,CodeLlama,tracking_shuffled_objects,7,pooled_mean,0.18,0.26561959972394755
model_family,CodeLlama,codellama/CodeLlama-13b-hf,CodeLlama,tracking_shuffled_objects,7,pooled_mean,0.132,0.26561959972394755
model_family,CodeLlama,codellama/CodeLlama-34b-hf,CodeLlama,tracking_shuffled_objects,7,pooled_mean,0.404,0.26561959972394755
model_family,CodeLlama,codellama/CodeLlama-70b-hf,CodeLlama,tracking_shuffled_objects,7,pooled_mean,0.648,0.26561959972394755
model_family,CodeLlama,codellama/CodeLlama-7b-hf,CodeLlama,logical_deduction,3,task_family_mean,0.592,0.29086836899010804
model_family,CodeLlama,codellama/CodeLlama-13b-hf,CodeLlama,logical_deduction,3,task_family_mean,0.608,0.29086836899010804
model_family,CodeLlama,codellama/CodeLlama-34b-hf,CodeLlama,logical_deduction,3,task_family_mean,0.788,0.29086836899010804
model_family,CodeLlama,codellama/CodeLlama-70b-hf,CodeLlama,logical_deduction,3,task_family_mean,0.804,0.29086836899010804
model_family,CodeLlama,codellama/CodeLlama-7b-hf,CodeLlama,logical_deduction,5,task_family_mean,0.3,0.29086836899010804
model_family,CodeLlama,codellama/CodeLlama-13b-hf,CodeLlama,logical_deduction,5,task_family_mean,0.4072,0.29086836899010804
model_family,CodeLlama,codellama/CodeLlama-34b-hf,CodeLlama,logical_deduction,5,task_family_mean,0.528,0.29086836899010804
model_family,CodeLlama,codellama/CodeLlama-70b-hf,CodeLlama,logical_deduction,5,task_family_mean,0.5272,0.29086836899010804
model_family,CodeLlama,codellama/CodeLlama-7b-hf,CodeLlama,logical_deduction,7,task_family_mean,0.2862857142857142,0.29086836899010804
model_family,CodeLlama,codellama/CodeLlama-13b-hf,CodeLlama,logical_deduction,7,task_family_mean,0.3434285714285714,0.29086836899010804
model_family,CodeLlama,codellama/CodeLlama-34b-hf,CodeLlama,logical_deduction,7,task_family_mean,0.4005714285714286,0.29086836899010804
model_family,CodeLlama,codellama/CodeLlama-70b-hf,CodeLlama,logical_deduction,7,task_family_mean,0.4365714285714285,0.29086836899010804
model_family,CodeLlama,codellama/CodeLlama-7b-hf,CodeLlama,tracking_shuffled_objects,3,task_family_mean,0.364,0.24037083045778695
model_family,CodeLlama,codellama/CodeLlama-13b-hf,CodeLlama,tracking_shuffled_objects,3,task_family_mean,0.348,0.24037083045778695
model_family,CodeLlama,codellama/CodeLlama-34b-hf,CodeLlama,tracking_shuffled_objects,3,task_family_mean,0.548,0.24037083045778695
model_family,CodeLlama,codellama/CodeLlama-70b-hf,CodeLlama,tracking_shuffled_objects,3,task_family_mean,0.892,0.24037083045778695
model_family,CodeLlama,codellama/CodeLlama-7b-hf,CodeLlama,tracking_shuffled_objects,5,task_family_mean,0.24,0.24037083045778695
model_family,CodeLlama,codellama/CodeLlama-13b-hf,CodeLlama,tracking_shuffled_objects,5,task_family_mean,0.244,0.24037083045778695
model_family,CodeLlama,codellama/CodeLlama-34b-hf,CodeLlama,tracking_shuffled_objects,5,task_family_mean,0.544,0.24037083045778695
model_family,CodeLlama,codellama/CodeLlama-70b-hf,CodeLlama,tracking_shuffled_objects,5,task_family_mean,0.728,0.24037083045778695
model_family,CodeLlama,codellama/CodeLlama-7b-hf,CodeLlama,tracking_shuffled_objects,7,task_family_mean,0.18,0.24037083045778695
model_family,CodeLlama,codellama/CodeLlama-13b-hf,CodeLlama,tracking_shuffled_objects,7,task_family_mean,0.132,0.24037083045778695
model_family,CodeLlama,codellama/CodeLlama-34b-hf,CodeLlama,tracking_shuffled_objects,7,task_family_mean,0.404,0.24037083045778695
model_family,CodeLlama,codellama/CodeLlama-70b-hf,CodeLlama,tracking_shuffled_objects,7,task_family_mean,0.648,0.24037083045778695
model_family,CodeLlama,codellama/CodeLlama-7b-hf,CodeLlama,logical_deduction,3,PC1,0.592,0.17923987897038965
model_family,CodeLlama,codellama/CodeLlama-13b-hf,CodeLlama,logical_deduction,3,PC1,0.608,0.20678098287699
model_family,CodeLlama,codellama/CodeLlama-34b-hf,CodeLlama,logical_deduction,3,PC1,0.788,0.30740408622974347
model_family,CodeLlama,codellama/CodeLlama-70b-hf,CodeLlama,logical_deduction,3,PC1,0.804,0.33587357132325335
model_family,CodeLlama,codellama/CodeLlama-7b-hf,CodeLlama,logical_deduction,5,PC1,0.3,0.17923987897038965
model_family,CodeLlama,codellama/CodeLlama-13b-hf,CodeLlama,logical_deduction,5,PC1,0.4072,0.20678098287699
model_family,CodeLlama,codellama/CodeLlama-34b-hf,CodeLlama,logical_deduction,5,PC1,0.528,0.30740408622974347
model_family,CodeLlama,codellama/CodeLlama-70b-hf,CodeLlama,logical_deduction,5,PC1,0.5272,0.33587357132325335
model_family,CodeLlama,codellama/CodeLlama-7b-hf,CodeLlama,logical_deduction,7,PC1,0.2862857142857142,0.17923987897038965
model_family,CodeLlama,codellama/CodeLlama-13b-hf,CodeLlama,logical_deduction,7,PC1,0.3434285714285714,0.20678098287699
model_family,CodeLlama,codellama/CodeLlama-34b-hf,CodeLlama,logical_deduction,7,PC1,0.4005714285714286,0.30740408622974347
model_family,CodeLlama,codellama/CodeLlama-70b-hf,CodeLlama,logical_deduction,7,PC1,0.4365714285714285,0.33587357132325335
model_family,CodeLlama,codellama/CodeLlama-7b-hf,CodeLlama,tracking_shuffled_objects,3,PC1,0.364,0.17923987897038965
model_family,CodeLlama,codellama/CodeLlama-13b-hf,CodeLlama,tracking_shuffled_objects,3,PC1,0.348,0.20678098287699
model_family,CodeLlama,codellama/CodeLlama-34b-hf,CodeLlama,tracking_shuffled_objects,3,PC1,0.548,0.30740408622974347
model_family,CodeLlama,codellama/CodeLlama-70b-hf,CodeLlama,tracking_shuffled_objects,3,PC1,0.892,0.33587357132325335
model_family,CodeLlama,codellama/CodeLlama-7b-hf,CodeLlama,tracking_shuffled_objects,5,PC1,0.24,0.17923987897038965
model_family,CodeLlama,codellama/CodeLlama-13b-hf,CodeLlama,tracking_shuffled_objects,5,PC1,0.244,0.20678098287699
model_family,CodeLlama,codellama/CodeLlama-34b-hf,CodeLlama,tracking_shuffled_objects,5,PC1,0.544,0.30740408622974347
model_family,CodeLlama,codellama/CodeLlama-70b-hf,CodeLlama,tracking_shuffled_objects,5,PC1,0.728,0.33587357132325335
model_family,CodeLlama,codellama/CodeLlama-7b-hf,CodeLlama,tracking_shuffled_objects,7,PC1,0.18,0.17923987897038965
model_family,CodeLlama,codellama/CodeLlama-13b-hf,CodeLlama,tracking_shuffled_objects,7,PC1,0.132,0.20678098287699
model_family,CodeLlama,codellama/CodeLlama-34b-hf,CodeLlama,tracking_shuffled_objects,7,PC1,0.404,0.30740408622974347
model_family,CodeLlama,codellama/CodeLlama-70b-hf,CodeLlama,tracking_shuffled_objects,7,PC1,0.648,0.33587357132325335
model_family,CodeLlama,codellama/CodeLlama-7b-hf,CodeLlama,logical_deduction,3,PC3,0.592,0.163929759650752
model_family,CodeLlama,codellama/CodeLlama-13b-hf,CodeLlama,logical_deduction,3,PC3,0.608,0.18668537753001266
model_family,CodeLlama,codellama/CodeLlama-34b-hf,CodeLlama,logical_deduction,3,PC3,0.788,0.29417107664244474
model_family,CodeLlama,codellama/CodeLlama-70b-hf,CodeLlama,logical_deduction,3,PC3,0.804,0.329310996738548
model_family,CodeLlama,codellama/CodeLlama-7b-hf,CodeLlama,logical_deduction,5,PC3,0.3,0.163929759650752
model_family,CodeLlama,codellama/CodeLlama-13b-hf,CodeLlama,logical_deduction,5,PC3,0.4072,0.18668537753001266
model_family,CodeLlama,codellama/CodeLlama-34b-hf,CodeLlama,logical_deduction,5,PC3,0.528,0.29417107664244474
model_family,CodeLlama,codellama/CodeLlama-70b-hf,CodeLlama,logical_deduction,5,PC3,0.5272,0.329310996738548
model_family,CodeLlama,codellama/CodeLlama-7b-hf,CodeLlama,logical_deduction,7,PC3,0.2862857142857142,0.163929759650752
model_family,CodeLlama,codellama/CodeLlama-13b-hf,CodeLlama,logical_deduction,7,PC3,0.3434285714285714,0.18668537753001266
model_family,CodeLlama,codellama/CodeLlama-34b-hf,CodeLlama,logical_deduction,7,PC3,0.4005714285714286,0.29417107664244474
model_family,CodeLlama,codellama/CodeLlama-70b-hf,CodeLlama,logical_deduction,7,PC3,0.4365714285714285,0.329310996738548
model_family,CodeLlama,codellama/CodeLlama-7b-hf,CodeLlama,tracking_shuffled_objects,3,PC3,0.364,0.163929759650752
model_family,CodeLlama,codellama/CodeLlama-13b-hf,CodeLlama,tracking_shuffled_objects,3,PC3,0.348,0.18668537753001266
model_family,CodeLlama,codellama/CodeLlama-34b-hf,CodeLlama,tracking_shuffled_objects,3,PC3,0.548,0.29417107664244474
model_family,CodeLlama,codellama/CodeLlama-70b-hf,CodeLlama,tracking_shuffled_objects,3,PC3,0.892,0.329310996738548
model_family,CodeLlama,codellama/CodeLlama-7b-hf,CodeLlama,tracking_shuffled_objects,5,PC3,0.24,0.163929759650752
model_family,CodeLlama,codellama/CodeLlama-13b-hf,CodeLlama,tracking_shuffled_objects,5,PC3,0.244,0.18668537753001266
model_family,CodeLlama,codellama/CodeLlama-34b-hf,CodeLlama,tracking_shuffled_objects,5,PC3,0.544,0.29417107664244474
model_family,CodeLlama,codellama/CodeLlama-70b-hf,CodeLlama,tracking_shuffled_objects,5,PC3,0.728,0.329310996738548
model_family,CodeLlama,codellama/CodeLlama-7b-hf,CodeLlama,tracking_shuffled_objects,7,PC3,0.18,0.163929759650752
model_family,CodeLlama,codellama/CodeLlama-13b-hf,CodeLlama,tracking_shuffled_objects,7,PC3,0.132,0.18668537753001266
model_family,CodeLlama,codellama/CodeLlama-34b-hf,CodeLlama,tracking_shuffled_objects,7,PC3,0.404,0.29417107664244474
model_family,CodeLlama,codellama/CodeLlama-70b-hf,CodeLlama,tracking_shuffled_objects,7,PC3,0.648,0.329310996738548
model_family,CodeLlama,codellama/CodeLlama-7b-hf,CodeLlama,logical_deduction,3,PC3_count,0.592,0.2625101217619623
model_family,CodeLlama,codellama/CodeLlama-13b-hf,CodeLlama,logical_deduction,3,PC3_count,0.608,0.30564750659071044
model_family,CodeLlama,codellama/CodeLlama-34b-hf,CodeLlama,logical_deduction,3,PC3_count,0.788,0.46101009851300573
model_family,CodeLlama,codellama/CodeLlama-70b-hf,CodeLlama,logical_deduction,3,PC3_count,0.804,0.5153455468503206
model_family,CodeLlama,codellama/CodeLlama-7b-hf,CodeLlama,logical_deduction,5,PC3_count,0.3,0.1537056260563562
model_family,CodeLlama,codellama/CodeLlama-13b-hf,CodeLlama,logical_deduction,5,PC3_count,0.4072,0.17432408381211156
model_family,CodeLlama,codellama/CodeLlama-34b-hf,CodeLlama,logical_deduction,5,PC3_count,0.528,0.275377711777342
model_family,CodeLlama,codellama/CodeLlama-70b-hf,CodeLlama,logical_deduction,5,PC3_count,0.5272,0.3077836748206492
model_family,CodeLlama,codellama/CodeLlama-7b-hf,CodeLlama,logical_deduction,7,PC3_count,0.2862857142857142,0.10442161688157535
model_family,CodeLlama,codellama/CodeLlama-13b-hf,CodeLlama,logical_deduction,7,PC3_count,0.3434285714285714,0.11514348883801064
model_family,CodeLlama,codellama/CodeLlama-34b-hf,CodeLlama,logical_deduction,7,PC3_count,0.4005714285714286,0.18214970177657905
model_family,CodeLlama,codellama/CodeLlama-70b-hf,CodeLlama,logical_deduction,7,PC3_count,0.4365714285714285,0.20023775899100996
model_family,CodeLlama,codellama/CodeLlama-7b-hf,CodeLlama,tracking_shuffled_objects,3,PC3_count,0.364,0.2625101217619623
model_family,CodeLlama,codellama/CodeLlama-13b-hf,CodeLlama,tracking_shuffled_objects,3,PC3_count,0.348,0.30564750659071044
model_family,CodeLlama,codellama/CodeLlama-34b-hf,CodeLlama,tracking_shuffled_objects,3,PC3_count,0.548,0.46101009851300573
model_family,CodeLlama,codellama/CodeLlama-70b-hf,CodeLlama,tracking_shuffled_objects,3,PC3_count,0.892,0.5153455468503206
model_family,CodeLlama,codellama/CodeLlama-7b-hf,CodeLlama,tracking_shuffled_objects,5,PC3_count,0.24,0.1537056260563562
model_family,CodeLlama,codellama/CodeLlama-13b-hf,CodeLlama,tracking_shuffled_objects,5,PC3_count,0.244,0.17432408381211156
model_family,CodeLlama,codellama/CodeLlama-34b-hf,CodeLlama,tracking_shuffled_objects,5,PC3_count,0.544,0.275377711777342
model_family,CodeLlama,codellama/CodeLlama-70b-hf,CodeLlama,tracking_shuffled_objects,5,PC3_count,0.728,0.3077836748206492
model_family,CodeLlama,codellama/CodeLlama-7b-hf,CodeLlama,tracking_shuffled_objects,7,PC3_count,0.18,0.10442161688157535
model_family,CodeLlama,codellama/CodeLlama-13b-hf,CodeLlama,tracking_shuffled_objects,7,PC3_count,0.132,0.11514348883801064
model_family,CodeLlama,codellama/CodeLlama-34b-hf,CodeLlama,tracking_shuffled_objects,7,PC3_count,0.404,0.18214970177657905
model_family,CodeLlama,codellama/CodeLlama-70b-hf,CodeLlama,tracking_shuffled_objects,7,PC3_count,0.648,0.20023775899100996
model_family,CodeLlama,codellama/CodeLlama-7b-hf,CodeLlama,logical_deduction,3,count_only,0.592,0.3456431259749473
model_family,CodeLlama,codellama/CodeLlama-13b-hf,CodeLlama,logical_deduction,3,count_only,0.608,0.3456431259749473
model_family,CodeLlama,codellama/CodeLlama-34b-hf,CodeLlama,logical_deduction,3,count_only,0.788,0.3456431259749473
model_family,CodeLlama,codellama/CodeLlama-70b-hf,CodeLlama,logical_deduction,3,count_only,0.804,0.3456431259749473
model_family,CodeLlama,codellama/CodeLlama-7b-hf,CodeLlama,logical_deduction,5,count_only,0.3,0.18545909132212135
model_family,CodeLlama,codellama/CodeLlama-13b-hf,CodeLlama,logical_deduction,5,count_only,0.4072,0.18545909132212135
model_family,CodeLlama,codellama/CodeLlama-34b-hf,CodeLlama,logical_deduction,5,count_only,0.528,0.18545909132212135
model_family,CodeLlama,codellama/CodeLlama-70b-hf,CodeLlama,logical_deduction,5,count_only,0.5272,0.18545909132212135
model_family,CodeLlama,codellama/CodeLlama-7b-hf,CodeLlama,logical_deduction,7,count_only,0.2862857142857142,0.11566873436791075
model_family,CodeLlama,codellama/CodeLlama-13b-hf,CodeLlama,logical_deduction,7,count_only,0.3434285714285714,0.11566873436791075
model_family,CodeLlama,codellama/CodeLlama-34b-hf,CodeLlama,logical_deduction,7,count_only,0.4005714285714286,0.11566873436791075
model_family,CodeLlama,codellama/CodeLlama-70b-hf,CodeLlama,logical_deduction,7,count_only,0.4365714285714285,0.11566873436791075
model_family,CodeLlama,codellama/CodeLlama-7b-hf,CodeLlama,tracking_shuffled_objects,3,count_only,0.364,0.3456431259749473
model_family,CodeLlama,codellama/CodeLlama-13b-hf,CodeLlama,tracking_shuffled_objects,3,count_only,0.348,0.3456431259749473
model_family,CodeLlama,codellama/CodeLlama-34b-hf,CodeLlama,tracking_shuffled_objects,3,count_only,0.548,0.3456431259749473
model_family,CodeLlama,codellama/CodeLlama-70b-hf,CodeLlama,tracking_shuffled_objects,3,count_only,0.892,0.3456431259749473
model_family,CodeLlama,codellama/CodeLlama-7b-hf,CodeLlama,tracking_shuffled_objects,5,count_only,0.24,0.18545909132212135
model_family,CodeLlama,codellama/CodeLlama-13b-hf,CodeLlama,tracking_shuffled_objects,5,count_only,0.244,0.18545909132212135
model_family,CodeLlama,codellama/CodeLlama-34b-hf,CodeLlama,tracking_shuffled_objects,5,count_only,0.544,0.18545909132212135
model_family,CodeLlama,codellama/CodeLlama-70b-hf,CodeLlama,tracking_shuffled_objects,5,count_only,0.728,0.18545909132212135
model_family,CodeLlama,codellama/CodeLlama-7b-hf,CodeLlama,tracking_shuffled_objects,7,count_only,0.18,0.11566873436791075
model_family,CodeLlama,codellama/CodeLlama-13b-hf,CodeLlama,tracking_shuffled_objects,7,count_only,0.132,0.11566873436791075
model_family,CodeLlama,codellama/CodeLlama-34b-hf,CodeLlama,tracking_shuffled_objects,7,count_only,0.404,0.11566873436791075
model_family,CodeLlama,codellama/CodeLlama-70b-hf,CodeLlama,tracking_shuffled_objects,7,count_only,0.648,0.11566873436791075
model_family,CodeLlama,codellama/CodeLlama-7b-hf,CodeLlama,logical_deduction,3,PC3_count_additive,0.592,0.29245824588813846
model_family,CodeLlama,codellama/CodeLlama-13b-hf,CodeLlama,logical_deduction,3,PC3_count_additive,0.608,0.32609652843724257
model_family,CodeLlama,codellama/CodeLlama-34b-hf,CodeLlama,logical_deduction,3,PC3_count_additive,0.788,0.4676921897359615
model_family,CodeLlama,codellama/CodeLlama-70b-hf,CodeLlama,logical_deduction,3,PC3_count_additive,0.804,0.5086233666137293
model_family,CodeLlama,codellama/CodeLlama-7b-hf,CodeLlama,logical_deduction,5,PC3_count_additive,0.3,0.15122581414006503
model_family,CodeLlama,codellama/CodeLlama-13b-hf,CodeLlama,logical_deduction,5,PC3_count_additive,0.4072,0.1725819738090546
model_family,CodeLlama,codellama/CodeLlama-34b-hf,CodeLlama,logical_deduction,5,PC3_count_additive,0.528,0.2746900305272047
model_family,CodeLlama,codellama/CodeLlama-70b-hf,CodeLlama,logical_deduction,5,PC3_count_additive,0.5272,0.30852003929060795
model_family,CodeLlama,codellama/CodeLlama-7b-hf,CodeLlama,logical_deduction,7,PC3_count_additive,0.2862857142857142,0.09284936820141346
model_family,CodeLlama,codellama/CodeLlama-13b-hf,CodeLlama,logical_deduction,7,PC3_count_additive,0.3434285714285714,0.10700086061715226
model_family,CodeLlama,codellama/CodeLlama-34b-hf,CodeLlama,logical_deduction,7,PC3_count_additive,0.4005714285714286,0.17868725926648923
model_family,CodeLlama,codellama/CodeLlama-70b-hf,CodeLlama,logical_deduction,7,PC3_count_additive,0.4365714285714285,0.20401961439610136
model_family,CodeLlama,codellama/CodeLlama-7b-hf,CodeLlama,tracking_shuffled_objects,3,PC3_count_additive,0.364,0.29245824588813846
model_family,CodeLlama,codellama/CodeLlama-13b-hf,CodeLlama,tracking_shuffled_objects,3,PC3_count_additive,0.348,0.32609652843724257
model_family,CodeLlama,codellama/CodeLlama-34b-hf,CodeLlama,tracking_shuffled_objects,3,PC3_count_additive,0.548,0.4676921897359615
model_family,CodeLlama,codellama/CodeLlama-70b-hf,CodeLlama,tracking_shuffled_objects,3,PC3_count_additive,0.892,0.5086233666137293
model_family,CodeLlama,codellama/CodeLlama-7b-hf,CodeLlama,tracking_shuffled_objects,5,PC3_count_additive,0.24,0.15122581414006503
model_family,CodeLlama,codellama/CodeLlama-13b-hf,CodeLlama,tracking_shuffled_objects,5,PC3_count_additive,0.244,0.1725819738090546
model_family,CodeLlama,codellama/CodeLlama-34b-hf,CodeLlama,tracking_shuffled_objects,5,PC3_count_additive,0.544,0.2746900305272047
model_family,CodeLlama,codellama/CodeLlama-70b-hf,CodeLlama,tracking_shuffled_objects,5,PC3_count_additive,0.728,0.30852003929060795
model_family,CodeLlama,codellama/CodeLlama-7b-hf,CodeLlama,tracking_shuffled_objects,7,PC3_count_additive,0.18,0.09284936820141346
model_family,CodeLlama,codellama/CodeLlama-13b-hf,CodeLlama,tracking_shuffled_objects,7,PC3_count_additive,0.132,0.10700086061715226
model_family,CodeLlama,codellama/CodeLlama-34b-hf,CodeLlama,tracking_shuffled_objects,7,PC3_count_additive,0.404,0.17868725926648923
model_family,CodeLlama,codellama/CodeLlama-70b-hf,CodeLlama,tracking_shuffled_objects,7,PC3_count_additive,0.648,0.20401961439610136
model_family,CodeLlama,codellama/CodeLlama-7b-hf,CodeLlama,logical_deduction,3,PC3_chance_floor,0.592,0.34318818004978113
model_family,CodeLlama,codellama/CodeLlama-13b-hf,CodeLlama,logical_deduction,3,PC3_chance_floor,0.608,0.3498370958272278
model_family,CodeLlama,codellama/CodeLlama-34b-hf,CodeLlama,logical_deduction,3,PC3_chance_floor,0.788,0.3747508825851704
model_family,CodeLlama,codellama/CodeLlama-70b-hf,CodeLlama,logical_deduction,3,PC3_chance_floor,0.804,0.38996408262155213
model_family,CodeLlama,codellama/CodeLlama-7b-hf,CodeLlama,logical_deduction,5,PC3_chance_floor,0.3,0.2118258160597374
model_family,CodeLlama,codellama/CodeLlama-13b-hf,CodeLlama,logical_deduction,5,PC3_chance_floor,0.4072,0.21980451499267334
model_family,CodeLlama,codellama/CodeLlama-34b-hf,CodeLlama,logical_deduction,5,PC3_chance_floor,0.528,0.24970105910220455
model_family,CodeLlama,codellama/CodeLlama-70b-hf,CodeLlama,logical_deduction,5,PC3_chance_floor,0.5272,0.26795689914586257
model_family,CodeLlama,codellama/CodeLlama-7b-hf,CodeLlama,logical_deduction,7,PC3_chance_floor,0.2862857142857142,0.15552766006400434
model_family,CodeLlama,codellama/CodeLlama-13b-hf,CodeLlama,logical_deduction,7,PC3_chance_floor,0.3434285714285714,0.16407626606357856
model_family,CodeLlama,codellama/CodeLlama-34b-hf,CodeLlama,logical_deduction,7,PC3_chance_floor,0.4005714285714286,0.19610827760950486
model_family,CodeLlama,codellama/CodeLlama-70b-hf,CodeLlama,logical_deduction,7,PC3_chance_floor,0.4365714285714285,0.21566810622770988
model_family,CodeLlama,codellama/CodeLlama-7b-hf,CodeLlama,tracking_shuffled_objects,3,PC3_chance_floor,0.364,0.34318818004978113
model_family,CodeLlama,codellama/CodeLlama-13b-hf,CodeLlama,tracking_shuffled_objects,3,PC3_chance_floor,0.348,0.3498370958272278
model_family,CodeLlama,codellama/CodeLlama-34b-hf,CodeLlama,tracking_shuffled_objects,3,PC3_chance_floor,0.548,0.3747508825851704
model_family,CodeLlama,codellama/CodeLlama-70b-hf,CodeLlama,tracking_shuffled_objects,3,PC3_chance_floor,0.892,0.38996408262155213
model_family,CodeLlama,codellama/CodeLlama-7b-hf,CodeLlama,tracking_shuffled_objects,5,PC3_chance_floor,0.24,0.2118258160597374
model_family,CodeLlama,codellama/CodeLlama-13b-hf,CodeLlama,tracking_shuffled_objects,5,PC3_chance_floor,0.244,0.21980451499267334
model_family,CodeLlama,codellama/CodeLlama-34b-hf,CodeLlama,tracking_shuffled_objects,5,PC3_chance_floor,0.544,0.24970105910220455
model_family,CodeLlama,codellama/CodeLlama-70b-hf,CodeLlama,tracking_shuffled_objects,5,PC3_chance_floor,0.728,0.26795689914586257
model_family,CodeLlama,codellama/CodeLlama-7b-hf,CodeLlama,tracking_shuffled_objects,7,PC3_chance_floor,0.18,0.15552766006400434
model_family,CodeLlama,codellama/CodeLlama-13b-hf,CodeLlama,tracking_shuffled_objects,7,PC3_chance_floor,0.132,0.16407626606357856
model_family,CodeLlama,codellama/CodeLlama-34b-hf,CodeLlama,tracking_shuffled_objects,7,PC3_chance_floor,0.404,0.19610827760950486
model_family,CodeLlama,codellama/CodeLlama-70b-hf,CodeLlama,tracking_shuffled_objects,7,PC3_chance_floor,0.648,0.21566810622770988
model_family,DeepSeek-Coder,deepseek-ai/deepseek-coder-1.3b-base,DeepSeek-Coder,logical_deduction,3,pooled_mean,0.352,0.27525931972789114
model_family,DeepSeek-Coder,deepseek-ai/deepseek-coder-6.7b-base,DeepSeek-Coder,logical_deduction,3,pooled_mean,0.52,0.27525931972789114
model_family,DeepSeek-Coder,deepseek-ai/deepseek-coder-33b-base,DeepSeek-Coder,logical_deduction,3,pooled_mean,0.6,0.27525931972789114
model_family,DeepSeek-Coder,deepseek-ai/deepseek-coder-1.3b-base,DeepSeek-Coder,logical_deduction,5,pooled_mean,0.224,0.27525931972789114
model_family,DeepSeek-Coder,deepseek-ai/deepseek-coder-6.7b-base,DeepSeek-Coder,logical_deduction,5,pooled_mean,0.368,0.27525931972789114
model_family,DeepSeek-Coder,deepseek-ai/deepseek-coder-33b-base,DeepSeek-Coder,logical_deduction,5,pooled_mean,0.4,0.27525931972789114
model_family,DeepSeek-Coder,deepseek-ai/deepseek-coder-1.3b-base,DeepSeek-Coder,logical_deduction,7,pooled_mean,0.1502857142857142,0.27525931972789114
model_family,DeepSeek-Coder,deepseek-ai/deepseek-coder-6.7b-base,DeepSeek-Coder,logical_deduction,7,pooled_mean,0.2565714285714285,0.27525931972789114
model_family,DeepSeek-Coder,deepseek-ai/deepseek-coder-33b-base,DeepSeek-Coder,logical_deduction,7,pooled_mean,0.296,0.27525931972789114
model_family,DeepSeek-Coder,deepseek-ai/deepseek-coder-1.3b-base,DeepSeek-Coder,tracking_shuffled_objects,3,pooled_mean,0.26,0.27525931972789114
model_family,DeepSeek-Coder,deepseek-ai/deepseek-coder-6.7b-base,DeepSeek-Coder,tracking_shuffled_objects,3,pooled_mean,0.408,0.27525931972789114
model_family,DeepSeek-Coder,deepseek-ai/deepseek-coder-33b-base,DeepSeek-Coder,tracking_shuffled_objects,3,pooled_mean,0.392,0.27525931972789114
model_family,DeepSeek-Coder,deepseek-ai/deepseek-coder-1.3b-base,DeepSeek-Coder,tracking_shuffled_objects,5,pooled_mean,0.212,0.27525931972789114
model_family,DeepSeek-Coder,deepseek-ai/deepseek-coder-6.7b-base,DeepSeek-Coder,tracking_shuffled_objects,5,pooled_mean,0.272,0.27525931972789114
model_family,DeepSeek-Coder,deepseek-ai/deepseek-coder-33b-base,DeepSeek-Coder,tracking_shuffled_objects,5,pooled_mean,0.3,0.27525931972789114
model_family,DeepSeek-Coder,deepseek-ai/deepseek-coder-1.3b-base,DeepSeek-Coder,tracking_shuffled_objects,7,pooled_mean,0.128,0.27525931972789114
model_family,DeepSeek-Coder,deepseek-ai/deepseek-coder-6.7b-base,DeepSeek-Coder,tracking_shuffled_objects,7,pooled_mean,0.244,0.27525931972789114
model_family,DeepSeek-Coder,deepseek-ai/deepseek-coder-33b-base,DeepSeek-Coder,tracking_shuffled_objects,7,pooled_mean,0.268,0.27525931972789114
model_family,DeepSeek-Coder,deepseek-ai/deepseek-coder-1.3b-base,DeepSeek-Coder,logical_deduction,3,task_family_mean,0.352,0.3003054875283447
model_family,DeepSeek-Coder,deepseek-ai/deepseek-coder-6.7b-base,DeepSeek-Coder,logical_deduction,3,task_family_mean,0.52,0.3003054875283447
model_family,DeepSeek-Coder,deepseek-ai/deepseek-coder-33b-base,DeepSeek-Coder,logical_deduction,3,task_family_mean,0.6,0.3003054875283447
model_family,DeepSeek-Coder,deepseek-ai/deepseek-coder-1.3b-base,DeepSeek-Coder,logical_deduction,5,task_family_mean,0.224,0.3003054875283447
model_family,DeepSeek-Coder,deepseek-ai/deepseek-coder-6.7b-base,DeepSeek-Coder,logical_deduction,5,task_family_mean,0.368,0.3003054875283447
model_family,DeepSeek-Coder,deepseek-ai/deepseek-coder-33b-base,DeepSeek-Coder,logical_deduction,5,task_family_mean,0.4,0.3003054875283447
model_family,DeepSeek-Coder,deepseek-ai/deepseek-coder-1.3b-base,DeepSeek-Coder,logical_deduction,7,task_family_mean,0.1502857142857142,0.3003054875283447
model_family,DeepSeek-Coder,deepseek-ai/deepseek-coder-6.7b-base,DeepSeek-Coder,logical_deduction,7,task_family_mean,0.2565714285714285,0.3003054875283447
model_family,DeepSeek-Coder,deepseek-ai/deepseek-coder-33b-base,DeepSeek-Coder,logical_deduction,7,task_family_mean,0.296,0.3003054875283447
model_family,DeepSeek-Coder,deepseek-ai/deepseek-coder-1.3b-base,DeepSeek-Coder,tracking_shuffled_objects,3,task_family_mean,0.26,0.25021315192743765
model_family,DeepSeek-Coder,deepseek-ai/deepseek-coder-6.7b-base,DeepSeek-Coder,tracking_shuffled_objects,3,task_family_mean,0.408,0.25021315192743765
model_family,DeepSeek-Coder,deepseek-ai/deepseek-coder-33b-base,DeepSeek-Coder,tracking_shuffled_objects,3,task_family_mean,0.392,0.25021315192743765
model_family,DeepSeek-Coder,deepseek-ai/deepseek-coder-1.3b-base,DeepSeek-Coder,tracking_shuffled_objects,5,task_family_mean,0.212,0.25021315192743765
model_family,DeepSeek-Coder,deepseek-ai/deepseek-coder-6.7b-base,DeepSeek-Coder,tracking_shuffled_objects,5,task_family_mean,0.272,0.25021315192743765
model_family,DeepSeek-Coder,deepseek-ai/deepseek-coder-33b-base,DeepSeek-Coder,tracking_shuffled_objects,5,task_family_mean,0.3,0.25021315192743765
model_family,DeepSeek-Coder,deepseek-ai/deepseek-coder-1.3b-base,DeepSeek-Coder,tracking_shuffled_objects,7,task_family_mean,0.128,0.25021315192743765
model_family,DeepSeek-Coder,deepseek-ai/deepseek-coder-6.7b-base,DeepSeek-Coder,tracking_shuffled_objects,7,task_family_mean,0.244,0.25021315192743765
model_family,DeepSeek-Coder,deepseek-ai/deepseek-coder-33b-base,DeepSeek-Coder,tracking_shuffled_objects,7,task_family_mean,0.268,0.25021315192743765
model_family,DeepSeek-Coder,deepseek-ai/deepseek-coder-1.3b-base,DeepSeek-Coder,logical_deduction,3,PC1,0.352,0.11153023276522461
model_family,DeepSeek-Coder,deepseek-ai/deepseek-coder-6.7b-base,DeepSeek-Coder,logical_deduction,3,PC1,0.52,0.1710127219328667
model_family,DeepSeek-Coder,deepseek-ai/deepseek-coder-33b-base,DeepSeek-Coder,logical_deduction,3,PC1,0.6,0.20903726030467631
model_family,DeepSeek-Coder,deepseek-ai/deepseek-coder-1.3b-base,DeepSeek-Coder,logical_deduction,5,PC1,0.224,0.11153023276522461
model_family,DeepSeek-Coder,deepseek-ai/deepseek-coder-6.7b-base,DeepSeek-Coder,logical_deduction,5,PC1,0.368,0.1710127219328667
model_family,DeepSeek-Coder,deepseek-ai/deepseek-coder-33b-base,DeepSeek-Coder,logical_deduction,5,PC1,0.4,0.20903726030467631
model_family,DeepSeek-Coder,deepseek-ai/deepseek-coder-1.3b-base,DeepSeek-Coder,logical_deduction,7,PC1,0.1502857142857142,0.11153023276522461
model_family,DeepSeek-Coder,deepseek-ai/deepseek-coder-6.7b-base,DeepSeek-Coder,logical_deduction,7,PC1,0.2565714285714285,0.1710127219328667
model_family,DeepSeek-Coder,deepseek-ai/deepseek-coder-33b-base,DeepSeek-Coder,logical_deduction,7,PC1,0.296,0.20903726030467631
model_family,DeepSeek-Coder,deepseek-ai/deepseek-coder-1.3b-base,DeepSeek-Coder,tracking_shuffled_objects,3,PC1,0.26,0.11153023276522461
model_family,DeepSeek-Coder,deepseek-ai/deepseek-coder-6.7b-base,DeepSeek-Coder,tracking_shuffled_objects,3,PC1,0.408,0.1710127219328667
model_family,DeepSeek-Coder,deepseek-ai/deepseek-coder-33b-base,DeepSeek-Coder,tracking_shuffled_objects,3,PC1,0.392,0.20903726030467631
model_family,DeepSeek-Coder,deepseek-ai/deepseek-coder-1.3b-base,DeepSeek-Coder,tracking_shuffled_objects,5,PC1,0.212,0.11153023276522461
model_family,DeepSeek-Coder,deepseek-ai/deepseek-coder-6.7b-base,DeepSeek-Coder,tracking_shuffled_objects,5,PC1,0.272,0.1710127219328667
model_family,DeepSeek-Coder,deepseek-ai/deepseek-coder-33b-base,DeepSeek-Coder,tracking_shuffled_objects,5,PC1,0.3,0.20903726030467631
model_family,DeepSeek-Coder,deepseek-ai/deepseek-coder-1.3b-base,DeepSeek-Coder,tracking_shuffled_objects,7,PC1,0.128,0.11153023276522461
model_family,DeepSeek-Coder,deepseek-ai/deepseek-coder-6.7b-base,DeepSeek-Coder,tracking_shuffled_objects,7,PC1,0.244,0.1710127219328667
model_family,DeepSeek-Coder,deepseek-ai/deepseek-coder-33b-base,DeepSeek-Coder,tracking_shuffled_objects,7,PC1,0.268,0.20903726030467631
model_family,DeepSeek-Coder,deepseek-ai/deepseek-coder-1.3b-base,DeepSeek-Coder,logical_deduction,3,PC3,0.352,0.09219548131585817
model_family,DeepSeek-Coder,deepseek-ai/deepseek-coder-6.7b-base,DeepSeek-Coder,logical_deduction,3,PC3,0.52,0.1498036854222963
model_family,DeepSeek-Coder,deepseek-ai/deepseek-coder-33b-base,DeepSeek-Coder,logical_deduction,3,PC3,0.6,0.1928397807789152
model_family,DeepSeek-Coder,deepseek-ai/deepseek-coder-1.3b-base,DeepSeek-Coder,logical_deduction,5,PC3,0.224,0.09219548131585817
model_family,DeepSeek-Coder,deepseek-ai/deepseek-coder-6.7b-base,DeepSeek-Coder,logical_deduction,5,PC3,0.368,0.1498036854222963
model_family,DeepSeek-Coder,deepseek-ai/deepseek-coder-33b-base,DeepSeek-Coder,logical_deduction,5,PC3,0.4,0.1928397807789152
model_family,DeepSeek-Coder,deepseek-ai/deepseek-coder-1.3b-base,DeepSeek-Coder,logical_deduction,7,PC3,0.1502857142857142,0.09219548131585817
model_family,DeepSeek-Coder,deepseek-ai/deepseek-coder-6.7b-base,DeepSeek-Coder,logical_deduction,7,PC3,0.2565714285714285,0.1498036854222963
model_family,DeepSeek-Coder,deepseek-ai/deepseek-coder-33b-base,DeepSeek-Coder,logical_deduction,7,PC3,0.296,0.1928397807789152
model_family,DeepSeek-Coder,deepseek-ai/deepseek-coder-1.3b-base,DeepSeek-Coder,tracking_shuffled_objects,3,PC3,0.26,0.09219548131585817
model_family,DeepSeek-Coder,deepseek-ai/deepseek-coder-6.7b-base,DeepSeek-Coder,tracking_shuffled_objects,3,PC3,0.408,0.1498036854222963
model_family,DeepSeek-Coder,deepseek-ai/deepseek-coder-33b-base,DeepSeek-Coder,tracking_shuffled_objects,3,PC3,0.392,0.1928397807789152
model_family,DeepSeek-Coder,deepseek-ai/deepseek-coder-1.3b-base,DeepSeek-Coder,tracking_shuffled_objects,5,PC3,0.212,0.09219548131585817
model_family,DeepSeek-Coder,deepseek-ai/deepseek-coder-6.7b-base,DeepSeek-Coder,tracking_shuffled_objects,5,PC3,0.272,0.1498036854222963
model_family,DeepSeek-Coder,deepseek-ai/deepseek-coder-33b-base,DeepSeek-Coder,tracking_shuffled_objects,5,PC3,0.3,0.1928397807789152
model_family,DeepSeek-Coder,deepseek-ai/deepseek-coder-1.3b-base,DeepSeek-Coder,tracking_shuffled_objects,7,PC3,0.128,0.09219548131585817
model_family,DeepSeek-Coder,deepseek-ai/deepseek-coder-6.7b-base,DeepSeek-Coder,tracking_shuffled_objects,7,PC3,0.244,0.1498036854222963
model_family,DeepSeek-Coder,deepseek-ai/deepseek-coder-33b-base,DeepSeek-Coder,tracking_shuffled_objects,7,PC3,0.268,0.1928397807789152
model_family,DeepSeek-Coder,deepseek-ai/deepseek-coder-1.3b-base,DeepSeek-Coder,logical_deduction,3,PC3_count,0.352,0.1616850690883804
model_family,DeepSeek-Coder,deepseek-ai/deepseek-coder-6.7b-base,DeepSeek-Coder,logical_deduction,3,PC3_count,0.52,0.2567427558779142
model_family,DeepSeek-Coder,deepseek-ai/deepseek-coder-33b-base,DeepSeek-Coder,logical_deduction,3,PC3_count,0.6,0.32800318326197964
model_family,DeepSeek-Coder,deepseek-ai/deepseek-coder-1.3b-base,DeepSeek-Coder,logical_deduction,5,PC3_count,0.224,0.08553164597290379
model_family,DeepSeek-Coder,deepseek-ai/deepseek-coder-6.7b-base,DeepSeek-Coder,logical_deduction,5,PC3_count,0.368,0.13912668346005716
model_family,DeepSeek-Coder,deepseek-ai/deepseek-coder-33b-base,DeepSeek-Coder,logical_deduction,5,PC3_count,0.4,0.17896433919761587
model_family,DeepSeek-Coder,deepseek-ai/deepseek-coder-1.3b-base,DeepSeek-Coder,logical_deduction,7,PC3_count,0.1502857142857142,0.05488046269442732
model_family,DeepSeek-Coder,deepseek-ai/deepseek-coder-6.7b-base,DeepSeek-Coder,logical_deduction,7,PC3_count,0.2565714285714285,0.08924449021703558
model_family,DeepSeek-Coder,deepseek-ai/deepseek-coder-33b-base,DeepSeek-Coder,logical_deduction,7,PC3_count,0.296,0.11361083549125875
model_family,DeepSeek-Coder,deepseek-ai/deepseek-coder-1.3b-base,DeepSeek-Coder,tracking_shuffled_objects,3,PC3_count,0.26,0.1616850690883804
model_family,DeepSeek-Coder,deepseek-ai/deepseek-coder-6.7b-base,DeepSeek-Coder,tracking_shuffled_objects,3,PC3_count,0.408,0.2567427558779142
model_family,DeepSeek-Coder,deepseek-ai/deepseek-coder-33b-base,DeepSeek-Coder,tracking_shuffled_objects,3,PC3_count,0.392,0.32800318326197964
model_family,DeepSeek-Coder,deepseek-ai/deepseek-coder-1.3b-base,DeepSeek-Coder,tracking_shuffled_objects,5,PC3_count,0.212,0.08553164597290379
model_family,DeepSeek-Coder,deepseek-ai/deepseek-coder-6.7b-base,DeepSeek-Coder,tracking_shuffled_objects,5,PC3_count,0.272,0.13912668346005716
model_family,DeepSeek-Coder,deepseek-ai/deepseek-coder-33b-base,DeepSeek-Coder,tracking_shuffled_objects,5,PC3_count,0.3,0.17896433919761587
model_family,DeepSeek-Coder,deepseek-ai/deepseek-coder-1.3b-base,DeepSeek-Coder,tracking_shuffled_objects,7,PC3_count,0.128,0.05488046269442732
model_family,DeepSeek-Coder,deepseek-ai/deepseek-coder-6.7b-base,DeepSeek-Coder,tracking_shuffled_objects,7,PC3_count,0.244,0.08924449021703558
model_family,DeepSeek-Coder,deepseek-ai/deepseek-coder-33b-base,DeepSeek-Coder,tracking_shuffled_objects,7,PC3_count,0.268,0.11361083549125875
model_family,DeepSeek-Coder,deepseek-ai/deepseek-coder-1.3b-base,DeepSeek-Coder,logical_deduction,3,count_only,0.352,0.35817738776738794
model_family,DeepSeek-Coder,deepseek-ai/deepseek-coder-6.7b-base,DeepSeek-Coder,logical_deduction,3,count_only,0.52,0.35817738776738794
model_family,DeepSeek-Coder,deepseek-ai/deepseek-coder-33b-base,DeepSeek-Coder,logical_deduction,3,count_only,0.6,0.35817738776738794
model_family,DeepSeek-Coder,deepseek-ai/deepseek-coder-1.3b-base,DeepSeek-Coder,logical_deduction,5,count_only,0.224,0.19280949565087227
model_family,DeepSeek-Coder,deepseek-ai/deepseek-coder-6.7b-base,DeepSeek-Coder,logical_deduction,5,count_only,0.368,0.19280949565087227
model_family,DeepSeek-Coder,deepseek-ai/deepseek-coder-33b-base,DeepSeek-Coder,logical_deduction,5,count_only,0.4,0.19280949565087227
model_family,DeepSeek-Coder,deepseek-ai/deepseek-coder-1.3b-base,DeepSeek-Coder,logical_deduction,7,count_only,0.1502857142857142,0.12017244973099431
model_family,DeepSeek-Coder,deepseek-ai/deepseek-coder-6.7b-base,DeepSeek-Coder,logical_deduction,7,count_only,0.2565714285714285,0.12017244973099431
model_family,DeepSeek-Coder,deepseek-ai/deepseek-coder-33b-base,DeepSeek-Coder,logical_deduction,7,count_only,0.296,0.12017244973099431
model_family,DeepSeek-Coder,deepseek-ai/deepseek-coder-1.3b-base,DeepSeek-Coder,tracking_shuffled_objects,3,count_only,0.26,0.35817738776738794
model_family,DeepSeek-Coder,deepseek-ai/deepseek-coder-6.7b-base,DeepSeek-Coder,tracking_shuffled_objects,3,count_only,0.408,0.35817738776738794
model_family,DeepSeek-Coder,deepseek-ai/deepseek-coder-33b-base,DeepSeek-Coder,tracking_shuffled_objects,3,count_only,0.392,0.35817738776738794
model_family,DeepSeek-Coder,deepseek-ai/deepseek-coder-1.3b-base,DeepSeek-Coder,tracking_shuffled_objects,5,count_only,0.212,0.19280949565087227
model_family,DeepSeek-Coder,deepseek-ai/deepseek-coder-6.7b-base,DeepSeek-Coder,tracking_shuffled_objects,5,count_only,0.272,0.19280949565087227
model_family,DeepSeek-Coder,deepseek-ai/deepseek-coder-33b-base,DeepSeek-Coder,tracking_shuffled_objects,5,count_only,0.3,0.19280949565087227
model_family,DeepSeek-Coder,deepseek-ai/deepseek-coder-1.3b-base,DeepSeek-Coder,tracking_shuffled_objects,7,count_only,0.128,0.12017244973099431
model_family,DeepSeek-Coder,deepseek-ai/deepseek-coder-6.7b-base,DeepSeek-Coder,tracking_shuffled_objects,7,count_only,0.244,0.12017244973099431
model_family,DeepSeek-Coder,deepseek-ai/deepseek-coder-33b-base,DeepSeek-Coder,tracking_shuffled_objects,7,count_only,0.268,0.12017244973099431
model_family,DeepSeek-Coder,deepseek-ai/deepseek-coder-1.3b-base,DeepSeek-Coder,logical_deduction,3,PC3_count_additive,0.352,0.1772503804480988
model_family,DeepSeek-Coder,deepseek-ai/deepseek-coder-6.7b-base,DeepSeek-Coder,logical_deduction,3,PC3_count_additive,0.52,0.27207658113636657
model_family,DeepSeek-Coder,deepseek-ai/deepseek-coder-33b-base,DeepSeek-Coder,logical_deduction,3,PC3_count_additive,0.6,0.33634318275471353
model_family,DeepSeek-Coder,deepseek-ai/deepseek-coder-1.3b-base,DeepSeek-Coder,logical_deduction,5,PC3_count_additive,0.224,0.08442705850300472
model_family,DeepSeek-Coder,deepseek-ai/deepseek-coder-6.7b-base,DeepSeek-Coder,logical_deduction,5,PC3_count_additive,0.368,0.1379186350983889
model_family,DeepSeek-Coder,deepseek-ai/deepseek-coder-33b-base,DeepSeek-Coder,logical_deduction,5,PC3_count_additive,0.4,0.17825622860113985
model_family,DeepSeek-Coder,deepseek-ai/deepseek-coder-1.3b-base,DeepSeek-Coder,logical_deduction,7,PC3_count_additive,0.1502857142857142,0.05008727426075492
model_family,DeepSeek-Coder,deepseek-ai/deepseek-coder-6.7b-base,DeepSeek-Coder,logical_deduction,7,PC3_count_additive,0.2565714285714285,0.08381342707426931
model_family,DeepSeek-Coder,deepseek-ai/deepseek-coder-33b-base,DeepSeek-Coder,logical_deduction,7,PC3_count_additive,0.296,0.11035228801547414
model_family,DeepSeek-Coder,deepseek-ai/deepseek-coder-1.3b-base,DeepSeek-Coder,tracking_shuffled_objects,3,PC3_count_additive,0.26,0.1772503804480988
model_family,DeepSeek-Coder,deepseek-ai/deepseek-coder-6.7b-base,DeepSeek-Coder,tracking_shuffled_objects,3,PC3_count_additive,0.408,0.27207658113636657
model_family,DeepSeek-Coder,deepseek-ai/deepseek-coder-33b-base,DeepSeek-Coder,tracking_shuffled_objects,3,PC3_count_additive,0.392,0.33634318275471353
model_family,DeepSeek-Coder,deepseek-ai/deepseek-coder-1.3b-base,DeepSeek-Coder,tracking_shuffled_objects,5,PC3_count_additive,0.212,0.08442705850300472
model_family,DeepSeek-Coder,deepseek-ai/deepseek-coder-6.7b-base,DeepSeek-Coder,tracking_shuffled_objects,5,PC3_count_additive,0.272,0.1379186350983889
model_family,DeepSeek-Coder,deepseek-ai/deepseek-coder-33b-base,DeepSeek-Coder,tracking_shuffled_objects,5,PC3_count_additive,0.3,0.17825622860113985
model_family,DeepSeek-Coder,deepseek-ai/deepseek-coder-1.3b-base,DeepSeek-Coder,tracking_shuffled_objects,7,PC3_count_additive,0.128,0.05008727426075492
model_family,DeepSeek-Coder,deepseek-ai/deepseek-coder-6.7b-base,DeepSeek-Coder,tracking_shuffled_objects,7,PC3_count_additive,0.244,0.08381342707426931
model_family,DeepSeek-Coder,deepseek-ai/deepseek-coder-33b-base,DeepSeek-Coder,tracking_shuffled_objects,7,PC3_count_additive,0.268,0.11035228801547414
model_family,DeepSeek-Coder,deepseek-ai/deepseek-coder-1.3b-base,DeepSeek-Coder,logical_deduction,3,PC3_chance_floor,0.352,0.3379683175832514
model_family,DeepSeek-Coder,deepseek-ai/deepseek-coder-6.7b-base,DeepSeek-Coder,logical_deduction,3,PC3_chance_floor,0.52,0.3445264084394411
model_family,DeepSeek-Coder,deepseek-ai/deepseek-coder-33b-base,DeepSeek-Coder,logical_deduction,3,PC3_chance_floor,0.6,0.35150439237428793
model_family,DeepSeek-Coder,deepseek-ai/deepseek-coder-1.3b-base,DeepSeek-Coder,logical_deduction,5,PC3_chance_floor,0.224,0.2055619810999017
model_family,DeepSeek-Coder,deepseek-ai/deepseek-coder-6.7b-base,DeepSeek-Coder,logical_deduction,5,PC3_chance_floor,0.368,0.21343169012732935
model_family,DeepSeek-Coder,deepseek-ai/deepseek-coder-33b-base,DeepSeek-Coder,logical_deduction,5,PC3_chance_floor,0.4,0.22180527084914556
model_family,DeepSeek-Coder,deepseek-ai/deepseek-coder-1.3b-base,DeepSeek-Coder,logical_deduction,7,PC3_chance_floor,0.1502857142857142,0.14881640832132323
model_family,DeepSeek-Coder,deepseek-ai/deepseek-coder-6.7b-base,DeepSeek-Coder,logical_deduction,7,PC3_chance_floor,0.2565714285714285,0.15724823942213859
model_family,DeepSeek-Coder,deepseek-ai/deepseek-coder-33b-base,DeepSeek-Coder,logical_deduction,7,PC3_chance_floor,0.296,0.16621993305265595
model_family,DeepSeek-Coder,deepseek-ai/deepseek-coder-1.3b-base,DeepSeek-Coder,tracking_shuffled_objects,3,PC3_chance_floor,0.26,0.3379683175832514
model_family,DeepSeek-Coder,deepseek-ai/deepseek-coder-6.7b-base,DeepSeek-Coder,tracking_shuffled_objects,3,PC3_chance_floor,0.408,0.3445264084394411
model_family,DeepSeek-Coder,deepseek-ai/deepseek-coder-33b-base,DeepSeek-Coder,tracking_shuffled_objects,3,PC3_chance_floor,0.392,0.35150439237428793
model_family,DeepSeek-Coder,deepseek-ai/deepseek-coder-1.3b-base,DeepSeek-Coder,tracking_shuffled_objects,5,PC3_chance_floor,0.212,0.2055619810999017
model_family,DeepSeek-Coder,deepseek-ai/deepseek-coder-6.7b-base,DeepSeek-Coder,tracking_shuffled_objects,5,PC3_chance_floor,0.272,0.21343169012732935
model_family,DeepSeek-Coder,deepseek-ai/deepseek-coder-33b-base,DeepSeek-Coder,tracking_shuffled_objects,5,PC3_chance_floor,0.3,0.22180527084914556
model_family,DeepSeek-Coder,deepseek-ai/deepseek-coder-1.3b-base,DeepSeek-Coder,tracking_shuffled_objects,7,PC3_chance_floor,0.128,0.14881640832132323
model_family,DeepSeek-Coder,deepseek-ai/deepseek-coder-6.7b-base,DeepSeek-Coder,tracking_shuffled_objects,7,PC3_chance_floor,0.244,0.15724823942213859
model_family,DeepSeek-Coder,deepseek-ai/deepseek-coder-33b-base,DeepSeek-Coder,tracking_shuffled_objects,7,PC3_chance_floor,0.268,0.16621993305265595
model_family,Falcon,tiiuae/falcon-40b,Falcon,logical_deduction,3,pooled_mean,0.508,0.2796598639455782
model_family,Falcon,tiiuae/falcon-7b,Falcon,logical_deduction,3,pooled_mean,0.388,0.2796598639455782
model_family,Falcon,tiiuae/falcon-rw-1b,Falcon,logical_deduction,3,pooled_mean,0.308,0.2796598639455782
model_family,Falcon,tiiuae/falcon-40b,Falcon,logical_deduction,5,pooled_mean,0.2648,0.2796598639455782
model_family,Falcon,tiiuae/falcon-7b,Falcon,logical_deduction,5,pooled_mean,0.1984,0.2796598639455782
model_family,Falcon,tiiuae/falcon-rw-1b,Falcon,logical_deduction,5,pooled_mean,0.192,0.2796598639455782
model_family,Falcon,tiiuae/falcon-40b,Falcon,logical_deduction,7,pooled_mean,0.1714285714285714,0.2796598639455782
model_family,Falcon,tiiuae/falcon-7b,Falcon,logical_deduction,7,pooled_mean,0.1474285714285714,0.2796598639455782
model_family,Falcon,tiiuae/falcon-rw-1b,Falcon,logical_deduction,7,pooled_mean,0.1325714285714286,0.2796598639455782
model_family,Falcon,tiiuae/falcon-40b,Falcon,tracking_shuffled_objects,3,pooled_mean,0.32,0.2796598639455782
model_family,Falcon,tiiuae/falcon-7b,Falcon,tracking_shuffled_objects,3,pooled_mean,0.324,0.2796598639455782
model_family,Falcon,tiiuae/falcon-rw-1b,Falcon,tracking_shuffled_objects,3,pooled_mean,0.312,0.2796598639455782
model_family,Falcon,tiiuae/falcon-40b,Falcon,tracking_shuffled_objects,5,pooled_mean,0.188,0.2796598639455782
model_family,Falcon,tiiuae/falcon-7b,Falcon,tracking_shuffled_objects,5,pooled_mean,0.0,0.2796598639455782
model_family,Falcon,tiiuae/falcon-rw-1b,Falcon,tracking_shuffled_objects,5,pooled_mean,0.18,0.2796598639455782
model_family,Falcon,tiiuae/falcon-40b,Falcon,tracking_shuffled_objects,7,pooled_mean,0.14,0.2796598639455782
model_family,Falcon,tiiuae/falcon-7b,Falcon,tracking_shuffled_objects,7,pooled_mean,0.0,0.2796598639455782
model_family,Falcon,tiiuae/falcon-rw-1b,Falcon,tracking_shuffled_objects,7,pooled_mean,0.028,0.2796598639455782
model_family,Falcon,tiiuae/falcon-40b,Falcon,logical_deduction,3,task_family_mean,0.508,0.30438276643990925
model_family,Falcon,tiiuae/falcon-7b,Falcon,logical_deduction,3,task_family_mean,0.388,0.30438276643990925
model_family,Falcon,tiiuae/falcon-rw-1b,Falcon,logical_deduction,3,task_family_mean,0.308,0.30438276643990925
model_family,Falcon,tiiuae/falcon-40b,Falcon,logical_deduction,5,task_family_mean,0.2648,0.30438276643990925
model_family,Falcon,tiiuae/falcon-7b,Falcon,logical_deduction,5,task_family_mean,0.1984,0.30438276643990925
model_family,Falcon,tiiuae/falcon-rw-1b,Falcon,logical_deduction,5,task_family_mean,0.192,0.30438276643990925
model_family,Falcon,tiiuae/falcon-40b,Falcon,logical_deduction,7,task_family_mean,0.1714285714285714,0.30438276643990925
model_family,Falcon,tiiuae/falcon-7b,Falcon,logical_deduction,7,task_family_mean,0.1474285714285714,0.30438276643990925
model_family,Falcon,tiiuae/falcon-rw-1b,Falcon,logical_deduction,7,task_family_mean,0.1325714285714286,0.30438276643990925
model_family,Falcon,tiiuae/falcon-40b,Falcon,tracking_shuffled_objects,3,task_family_mean,0.32,0.25493696145124717
model_family,Falcon,tiiuae/falcon-7b,Falcon,tracking_shuffled_objects,3,task_family_mean,0.324,0.25493696145124717
model_family,Falcon,tiiuae/falcon-rw-1b,Falcon,tracking_shuffled_objects,3,task_family_mean,0.312,0.25493696145124717
model_family,Falcon,tiiuae/falcon-40b,Falcon,tracking_shuffled_objects,5,task_family_mean,0.188,0.25493696145124717
model_family,Falcon,tiiuae/falcon-7b,Falcon,tracking_shuffled_objects,5,task_family_mean,0.0,0.25493696145124717
model_family,Falcon,tiiuae/falcon-rw-1b,Falcon,tracking_shuffled_objects,5,task_family_mean,0.18,0.25493696145124717
model_family,Falcon,tiiuae/falcon-40b,Falcon,tracking_shuffled_objects,7,task_family_mean,0.14,0.25493696145124717
model_family,Falcon,tiiuae/falcon-7b,Falcon,tracking_shuffled_objects,7,task_family_mean,0.0,0.25493696145124717
model_family,Falcon,tiiuae/falcon-rw-1b,Falcon,tracking_shuffled_objects,7,task_family_mean,0.028,0.25493696145124717
model_family,Falcon,tiiuae/falcon-40b,Falcon,logical_deduction,3,PC1,0.508,0.37920115727792075
model_family,Falcon,tiiuae/falcon-7b,Falcon,logical_deduction,3,PC1,0.388,0.22352174509785663
model_family,Falcon,tiiuae/falcon-rw-1b,Falcon,logical_deduction,3,PC1,0.308,0.13810336639245777
model_family,Falcon,tiiuae/falcon-40b,Falcon,logical_deduction,5,PC1,0.2648,0.37920115727792075
model_family,Falcon,tiiuae/falcon-7b,Falcon,logical_deduction,5,PC1,0.1984,0.22352174509785663
model_family,Falcon,tiiuae/falcon-rw-1b,Falcon,logical_deduction,5,PC1,0.192,0.13810336639245777
model_family,Falcon,tiiuae/falcon-40b,Falcon,logical_deduction,7,PC1,0.1714285714285714,0.37920115727792075
model_family,Falcon,tiiuae/falcon-7b,Falcon,logical_deduction,7,PC1,0.1474285714285714,0.22352174509785663
model_family,Falcon,tiiuae/falcon-rw-1b,Falcon,logical_deduction,7,PC1,0.1325714285714286,0.13810336639245777
model_family,Falcon,tiiuae/falcon-40b,Falcon,tracking_shuffled_objects,3,PC1,0.32,0.37920115727792075
model_family,Falcon,tiiuae/falcon-7b,Falcon,tracking_shuffled_objects,3,PC1,0.324,0.22352174509785663
model_family,Falcon,tiiuae/falcon-rw-1b,Falcon,tracking_shuffled_objects,3,PC1,0.312,0.13810336639245777
model_family,Falcon,tiiuae/falcon-40b,Falcon,tracking_shuffled_objects,5,PC1,0.188,0.37920115727792075
model_family,Falcon,tiiuae/falcon-7b,Falcon,tracking_shuffled_objects,5,PC1,0.0,0.22352174509785663
model_family,Falcon,tiiuae/falcon-rw-1b,Falcon,tracking_shuffled_objects,5,PC1,0.18,0.13810336639245777
model_family,Falcon,tiiuae/falcon-40b,Falcon,tracking_shuffled_objects,7,PC1,0.14,0.37920115727792075
model_family,Falcon,tiiuae/falcon-7b,Falcon,tracking_shuffled_objects,7,PC1,0.0,0.22352174509785663
model_family,Falcon,tiiuae/falcon-rw-1b,Falcon,tracking_shuffled_objects,7,PC1,0.028,0.13810336639245777
model_family,Falcon,tiiuae/falcon-40b,Falcon,logical_deduction,3,PC3,0.508,0.41280922154797617
model_family,Falcon,tiiuae/falcon-7b,Falcon,logical_deduction,3,PC3,0.388,0.26913490751776736
model_family,Falcon,tiiuae/falcon-rw-1b,Falcon,logical_deduction,3,PC3,0.308,0.15929879493964
model_family,Falcon,tiiuae/falcon-40b,Falcon,logical_deduction,5,PC3,0.2648,0.41280922154797617
model_family,Falcon,tiiuae/falcon-7b,Falcon,logical_deduction,5,PC3,0.1984,0.26913490751776736
model_family,Falcon,tiiuae/falcon-rw-1b,Falcon,logical_deduction,5,PC3,0.192,0.15929879493964
model_family,Falcon,tiiuae/falcon-40b,Falcon,logical_deduction,7,PC3,0.1714285714285714,0.41280922154797617
model_family,Falcon,tiiuae/falcon-7b,Falcon,logical_deduction,7,PC3,0.1474285714285714,0.26913490751776736
model_family,Falcon,tiiuae/falcon-rw-1b,Falcon,logical_deduction,7,PC3,0.1325714285714286,0.15929879493964
model_family,Falcon,tiiuae/falcon-40b,Falcon,tracking_shuffled_objects,3,PC3,0.32,0.41280922154797617
model_family,Falcon,tiiuae/falcon-7b,Falcon,tracking_shuffled_objects,3,PC3,0.324,0.26913490751776736
model_family,Falcon,tiiuae/falcon-rw-1b,Falcon,tracking_shuffled_objects,3,PC3,0.312,0.15929879493964
model_family,Falcon,tiiuae/falcon-40b,Falcon,tracking_shuffled_objects,5,PC3,0.188,0.41280922154797617
model_family,Falcon,tiiuae/falcon-7b,Falcon,tracking_shuffled_objects,5,PC3,0.0,0.26913490751776736
model_family,Falcon,tiiuae/falcon-rw-1b,Falcon,tracking_shuffled_objects,5,PC3,0.18,0.15929879493964
model_family,Falcon,tiiuae/falcon-40b,Falcon,tracking_shuffled_objects,7,PC3,0.14,0.41280922154797617
model_family,Falcon,tiiuae/falcon-7b,Falcon,tracking_shuffled_objects,7,PC3,0.0,0.26913490751776736
model_family,Falcon,tiiuae/falcon-rw-1b,Falcon,tracking_shuffled_objects,7,PC3,0.028,0.15929879493964
model_family,Falcon,tiiuae/falcon-40b,Falcon,logical_deduction,3,PC3_count,0.508,0.60485173561288
model_family,Falcon,tiiuae/falcon-7b,Falcon,logical_deduction,3,PC3_count,0.388,0.41052329436237445
model_family,Falcon,tiiuae/falcon-rw-1b,Falcon,logical_deduction,3,PC3_count,0.308,0.2878539209804219
model_family,Falcon,tiiuae/falcon-40b,Falcon,logical_deduction,5,PC3_count,0.2648,0.3888251019774179
model_family,Falcon,tiiuae/falcon-7b,Falcon,logical_deduction,5,PC3_count,0.1984,0.2533507898445352
model_family,Falcon,tiiuae/falcon-rw-1b,Falcon,logical_deduction,5,PC3_count,0.192,0.14670054771306965
model_family,Falcon,tiiuae/falcon-40b,Falcon,logical_deduction,7,PC3_count,0.1714285714285714,0.2629752714761796
model_family,Falcon,tiiuae/falcon-7b,Falcon,logical_deduction,7,PC3_count,0.1474285714285714,0.1744480204711537
model_family,Falcon,tiiuae/falcon-rw-1b,Falcon,logical_deduction,7,PC3_count,0.1325714285714286,0.08916956818564344
model_family,Falcon,tiiuae/falcon-40b,Falcon,tracking_shuffled_objects,3,PC3_count,0.32,0.60485173561288
model_family,Falcon,tiiuae/falcon-7b,Falcon,tracking_shuffled_objects,3,PC3_count,0.324,0.41052329436237445
model_family,Falcon,tiiuae/falcon-rw-1b,Falcon,tracking_shuffled_objects,3,PC3_count,0.312,0.2878539209804219
model_family,Falcon,tiiuae/falcon-40b,Falcon,tracking_shuffled_objects,5,PC3_count,0.188,0.3888251019774179
model_family,Falcon,tiiuae/falcon-7b,Falcon,tracking_shuffled_objects,5,PC3_count,0.0,0.2533507898445352
model_family,Falcon,tiiuae/falcon-rw-1b,Falcon,tracking_shuffled_objects,5,PC3_count,0.18,0.14670054771306965
model_family,Falcon,tiiuae/falcon-40b,Falcon,tracking_shuffled_objects,7,PC3_count,0.14,0.2629752714761796
model_family,Falcon,tiiuae/falcon-7b,Falcon,tracking_shuffled_objects,7,PC3_count,0.0,0.1744480204711537
model_family,Falcon,tiiuae/falcon-rw-1b,Falcon,tracking_shuffled_objects,7,PC3_count,0.028,0.08916956818564344
model_family,Falcon,tiiuae/falcon-40b,Falcon,logical_deduction,3,count_only,0.508,0.36125782659576666
model_family,Falcon,tiiuae/falcon-7b,Falcon,logical_deduction,3,count_only,0.388,0.36125782659576666
model_family,Falcon,tiiuae/falcon-rw-1b,Falcon,logical_deduction,3,count_only,0.308,0.36125782659576666
model_family,Falcon,tiiuae/falcon-40b,Falcon,logical_deduction,5,count_only,0.2648,0.19951659511272019
model_family,Falcon,tiiuae/falcon-7b,Falcon,logical_deduction,5,count_only,0.1984,0.19951659511272019
model_family,Falcon,tiiuae/falcon-rw-1b,Falcon,logical_deduction,5,count_only,0.192,0.19951659511272019
model_family,Falcon,tiiuae/falcon-40b,Falcon,logical_deduction,7,count_only,0.1714285714285714,0.1268558168498591
model_family,Falcon,tiiuae/falcon-7b,Falcon,logical_deduction,7,count_only,0.1474285714285714,0.1268558168498591
model_family,Falcon,tiiuae/falcon-rw-1b,Falcon,logical_deduction,7,count_only,0.1325714285714286,0.1268558168498591
model_family,Falcon,tiiuae/falcon-40b,Falcon,tracking_shuffled_objects,3,count_only,0.32,0.36125782659576666
model_family,Falcon,tiiuae/falcon-7b,Falcon,tracking_shuffled_objects,3,count_only,0.324,0.36125782659576666
model_family,Falcon,tiiuae/falcon-rw-1b,Falcon,tracking_shuffled_objects,3,count_only,0.312,0.36125782659576666
model_family,Falcon,tiiuae/falcon-40b,Falcon,tracking_shuffled_objects,5,count_only,0.188,0.19951659511272019
model_family,Falcon,tiiuae/falcon-7b,Falcon,tracking_shuffled_objects,5,count_only,0.0,0.19951659511272019
model_family,Falcon,tiiuae/falcon-rw-1b,Falcon,tracking_shuffled_objects,5,count_only,0.18,0.19951659511272019
model_family,Falcon,tiiuae/falcon-40b,Falcon,tracking_shuffled_objects,7,count_only,0.14,0.1268558168498591
model_family,Falcon,tiiuae/falcon-7b,Falcon,tracking_shuffled_objects,7,count_only,0.0,0.1268558168498591
model_family,Falcon,tiiuae/falcon-rw-1b,Falcon,tracking_shuffled_objects,7,count_only,0.028,0.1268558168498591
model_family,Falcon,tiiuae/falcon-40b,Falcon,logical_deduction,3,PC3_count_additive,0.508,0.5923814856143194
model_family,Falcon,tiiuae/falcon-7b,Falcon,logical_deduction,3,PC3_count_additive,0.388,0.4322117802539882
model_family,Falcon,tiiuae/falcon-rw-1b,Falcon,logical_deduction,3,PC3_count_additive,0.308,0.2814518497900726
model_family,Falcon,tiiuae/falcon-40b,Falcon,logical_deduction,5,PC3_count_additive,0.2648,0.39040972288476683
model_family,Falcon,tiiuae/falcon-7b,Falcon,logical_deduction,5,PC3_count_additive,0.1984,0.25119629319280995
model_family,Falcon,tiiuae/falcon-rw-1b,Falcon,logical_deduction,5,PC3_count_additive,0.192,0.14720654188164956
model_family,Falcon,tiiuae/falcon-40b,Falcon,logical_deduction,7,PC3_count_additive,0.1714285714285714,0.27183716476056996
model_family,Falcon,tiiuae/falcon-7b,Falcon,logical_deduction,7,PC3_count_additive,0.1474285714285714,0.16356020837189628
model_family,Falcon,tiiuae/falcon-rw-1b,Falcon,logical_deduction,7,PC3_count_additive,0.1325714285714286,0.09142056141836953
model_family,Falcon,tiiuae/falcon-40b,Falcon,tracking_shuffled_objects,3,PC3_count_additive,0.32,0.5923814856143194
model_family,Falcon,tiiuae/falcon-7b,Falcon,tracking_shuffled_objects,3,PC3_count_additive,0.324,0.4322117802539882
model_family,Falcon,tiiuae/falcon-rw-1b,Falcon,tracking_shuffled_objects,3,PC3_count_additive,0.312,0.2814518497900726
model_family,Falcon,tiiuae/falcon-40b,Falcon,tracking_shuffled_objects,5,PC3_count_additive,0.188,0.39040972288476683
model_family,Falcon,tiiuae/falcon-7b,Falcon,tracking_shuffled_objects,5,PC3_count_additive,0.0,0.25119629319280995
model_family,Falcon,tiiuae/falcon-rw-1b,Falcon,tracking_shuffled_objects,5,PC3_count_additive,0.18,0.14720654188164956
model_family,Falcon,tiiuae/falcon-40b,Falcon,tracking_shuffled_objects,7,PC3_count_additive,0.14,0.27183716476056996
model_family,Falcon,tiiuae/falcon-7b,Falcon,tracking_shuffled_objects,7,PC3_count_additive,0.0,0.16356020837189628
model_family,Falcon,tiiuae/falcon-rw-1b,Falcon,tracking_shuffled_objects,7,PC3_count_additive,0.028,0.09142056141836953
model_family,Falcon,tiiuae/falcon-40b,Falcon,logical_deduction,3,PC3_chance_floor,0.508,0.4154171051791426
model_family,Falcon,tiiuae/falcon-7b,Falcon,logical_deduction,3,PC3_chance_floor,0.388,0.351733352675109
model_family,Falcon,tiiuae/falcon-rw-1b,Falcon,logical_deduction,3,PC3_chance_floor,0.308,0.3396006639524498
model_family,Falcon,tiiuae/falcon-40b,Falcon,logical_deduction,5,PC3_chance_floor,0.2648,0.29850052621497114
model_family,Falcon,tiiuae/falcon-7b,Falcon,logical_deduction,5,PC3_chance_floor,0.1984,0.22208002321013087
model_family,Falcon,tiiuae/falcon-rw-1b,Falcon,logical_deduction,5,PC3_chance_floor,0.192,0.2075207967429398
model_family,Falcon,tiiuae/falcon-40b,Falcon,logical_deduction,7,PC3_chance_floor,0.1714285714285714,0.24839342094461192
model_family,Falcon,tiiuae/falcon-7b,Falcon,logical_deduction,7,PC3_chance_floor,0.1474285714285714,0.16651431058228305
model_family,Falcon,tiiuae/falcon-rw-1b,Falcon,logical_deduction,7,PC3_chance_floor,0.1325714285714286,0.15091513936743547
model_family,Falcon,tiiuae/falcon-40b,Falcon,tracking_shuffled_objects,3,PC3_chance_floor,0.32,0.4154171051791426
model_family,Falcon,tiiuae/falcon-7b,Falcon,tracking_shuffled_objects,3,PC3_chance_floor,0.324,0.351733352675109
model_family,Falcon,tiiuae/falcon-rw-1b,Falcon,tracking_shuffled_objects,3,PC3_chance_floor,0.312,0.3396006639524498
model_family,Falcon,tiiuae/falcon-40b,Falcon,tracking_shuffled_objects,5,PC3_chance_floor,0.188,0.29850052621497114
model_family,Falcon,tiiuae/falcon-7b,Falcon,tracking_shuffled_objects,5,PC3_chance_floor,0.0,0.22208002321013087
model_family,Falcon,tiiuae/falcon-rw-1b,Falcon,tracking_shuffled_objects,5,PC3_chance_floor,0.18,0.2075207967429398
model_family,Falcon,tiiuae/falcon-40b,Falcon,tracking_shuffled_objects,7,PC3_chance_floor,0.14,0.24839342094461192
model_family,Falcon,tiiuae/falcon-7b,Falcon,tracking_shuffled_objects,7,PC3_chance_floor,0.0,0.16651431058228305
model_family,Falcon,tiiuae/falcon-rw-1b,Falcon,tracking_shuffled_objects,7,PC3_chance_floor,0.028,0.15091513936743547
model_family,GPT-Neo/J,EleutherAI/gpt-neox-20b,GPT-Neo/J,logical_deduction,3,pooled_mean,0.38,0.28399355742296917
model_family,GPT-Neo/J,EleutherAI/gpt-neo-2.7B,GPT-Neo/J,logical_deduction,3,pooled_mean,0.332,0.28399355742296917
model_family,GPT-Neo/J,EleutherAI/gpt-neo-1.3B,GPT-Neo/J,logical_deduction,3,pooled_mean,0.2693333333333333,0.28399355742296917
model_family,GPT-Neo/J,EleutherAI/gpt-neo-125m,GPT-Neo/J,logical_deduction,3,pooled_mean,0.0986666666666666,0.28399355742296917
model_family,GPT-Neo/J,EleutherAI/gpt-j-6b,GPT-Neo/J,logical_deduction,3,pooled_mean,0.36,0.28399355742296917
model_family,GPT-Neo/J,EleutherAI/gpt-neox-20b,GPT-Neo/J,logical_deduction,5,pooled_mean,0.248,0.28399355742296917
model_family,GPT-Neo/J,EleutherAI/gpt-neo-2.7B,GPT-Neo/J,logical_deduction,5,pooled_mean,0.208,0.28399355742296917
model_family,GPT-Neo/J,EleutherAI/gpt-neo-1.3B,GPT-Neo/J,logical_deduction,5,pooled_mean,0.1488,0.28399355742296917
model_family,GPT-Neo/J,EleutherAI/gpt-neo-125m,GPT-Neo/J,logical_deduction,5,pooled_mean,0.0256,0.28399355742296917
model_family,GPT-Neo/J,EleutherAI/gpt-j-6b,GPT-Neo/J,logical_deduction,5,pooled_mean,0.244,0.28399355742296917
model_family,GPT-Neo/J,EleutherAI/gpt-neox-20b,GPT-Neo/J,logical_deduction,7,pooled_mean,0.1611428571428571,0.28399355742296917
model_family,GPT-Neo/J,EleutherAI/gpt-neo-2.7B,GPT-Neo/J,logical_deduction,7,pooled_mean,0.0502857142857142,0.28399355742296917
model_family,GPT-Neo/J,EleutherAI/gpt-neo-1.3B,GPT-Neo/J,logical_deduction,7,pooled_mean,0.1331428571428571,0.28399355742296917
model_family,GPT-Neo/J,EleutherAI/gpt-neo-125m,GPT-Neo/J,logical_deduction,7,pooled_mean,0.0222857142857142,0.28399355742296917
model_family,GPT-Neo/J,EleutherAI/gpt-j-6b,GPT-Neo/J,logical_deduction,7,pooled_mean,0.1291428571428571,0.28399355742296917
model_family,GPT-Neo/J,EleutherAI/gpt-neox-20b,GPT-Neo/J,tracking_shuffled_objects,3,pooled_mean,0.3,0.28399355742296917
model_family,GPT-Neo/J,EleutherAI/gpt-neo-2.7B,GPT-Neo/J,tracking_shuffled_objects,3,pooled_mean,0.332,0.28399355742296917
model_family,GPT-Neo/J,EleutherAI/gpt-neo-1.3B,GPT-Neo/J,tracking_shuffled_objects,3,pooled_mean,0.32,0.28399355742296917
model_family,GPT-Neo/J,EleutherAI/gpt-neo-125m,GPT-Neo/J,tracking_shuffled_objects,3,pooled_mean,0.148,0.28399355742296917
model_family,GPT-Neo/J,EleutherAI/gpt-j-6b,GPT-Neo/J,tracking_shuffled_objects,3,pooled_mean,0.336,0.28399355742296917
model_family,GPT-Neo/J,EleutherAI/gpt-neox-20b,GPT-Neo/J,tracking_shuffled_objects,5,pooled_mean,0.16,0.28399355742296917
model_family,GPT-Neo/J,EleutherAI/gpt-neo-2.7B,GPT-Neo/J,tracking_shuffled_objects,5,pooled_mean,0.208,0.28399355742296917
model_family,GPT-Neo/J,EleutherAI/gpt-neo-1.3B,GPT-Neo/J,tracking_shuffled_objects,5,pooled_mean,0.212,0.28399355742296917
model_family,GPT-Neo/J,EleutherAI/gpt-neo-125m,GPT-Neo/J,tracking_shuffled_objects,5,pooled_mean,0.06,0.28399355742296917
model_family,GPT-Neo/J,EleutherAI/gpt-j-6b,GPT-Neo/J,tracking_shuffled_objects,5,pooled_mean,0.14,0.28399355742296917
model_family,GPT-Neo/J,EleutherAI/gpt-neox-20b,GPT-Neo/J,tracking_shuffled_objects,7,pooled_mean,0.08,0.28399355742296917
model_family,GPT-Neo/J,EleutherAI/gpt-neo-2.7B,GPT-Neo/J,tracking_shuffled_objects,7,pooled_mean,0.056,0.28399355742296917
model_family,GPT-Neo/J,EleutherAI/gpt-neo-1.3B,GPT-Neo/J,tracking_shuffled_objects,7,pooled_mean,0.112,0.28399355742296917
model_family,GPT-Neo/J,EleutherAI/gpt-neo-125m,GPT-Neo/J,tracking_shuffled_objects,7,pooled_mean,0.012,0.28399355742296917
model_family,GPT-Neo/J,EleutherAI/gpt-j-6b,GPT-Neo/J,tracking_shuffled_objects,7,pooled_mean,0.104,0.28399355742296917
model_family,GPT-Neo/J,EleutherAI/gpt-neox-20b,GPT-Neo/J,logical_deduction,3,task_family_mean,0.38,0.31088534080298785
model_family,GPT-Neo/J,EleutherAI/gpt-neo-2.7B,GPT-Neo/J,logical_deduction,3,task_family_mean,0.332,0.31088534080298785
model_family,GPT-Neo/J,EleutherAI/gpt-neo-1.3B,GPT-Neo/J,logical_deduction,3,task_family_mean,0.2693333333333333,0.31088534080298785
model_family,GPT-Neo/J,EleutherAI/gpt-neo-125m,GPT-Neo/J,logical_deduction,3,task_family_mean,0.0986666666666666,0.31088534080298785
model_family,GPT-Neo/J,EleutherAI/gpt-j-6b,GPT-Neo/J,logical_deduction,3,task_family_mean,0.36,0.31088534080298785
model_family,GPT-Neo/J,EleutherAI/gpt-neox-20b,GPT-Neo/J,logical_deduction,5,task_family_mean,0.248,0.31088534080298785
model_family,GPT-Neo/J,EleutherAI/gpt-neo-2.7B,GPT-Neo/J,logical_deduction,5,task_family_mean,0.208,0.31088534080298785
model_family,GPT-Neo/J,EleutherAI/gpt-neo-1.3B,GPT-Neo/J,logical_deduction,5,task_family_mean,0.1488,0.31088534080298785
model_family,GPT-Neo/J,EleutherAI/gpt-neo-125m,GPT-Neo/J,logical_deduction,5,task_family_mean,0.0256,0.31088534080298785
model_family,GPT-Neo/J,EleutherAI/gpt-j-6b,GPT-Neo/J,logical_deduction,5,task_family_mean,0.244,0.31088534080298785
model_family,GPT-Neo/J,EleutherAI/gpt-neox-20b,GPT-Neo/J,logical_deduction,7,task_family_mean,0.1611428571428571,0.31088534080298785
model_family,GPT-Neo/J,EleutherAI/gpt-neo-2.7B,GPT-Neo/J,logical_deduction,7,task_family_mean,0.0502857142857142,0.31088534080298785
model_family,GPT-Neo/J,EleutherAI/gpt-neo-1.3B,GPT-Neo/J,logical_deduction,7,task_family_mean,0.1331428571428571,0.31088534080298785
model_family,GPT-Neo/J,EleutherAI/gpt-neo-125m,GPT-Neo/J,logical_deduction,7,task_family_mean,0.0222857142857142,0.31088534080298785
model_family,GPT-Neo/J,EleutherAI/gpt-j-6b,GPT-Neo/J,logical_deduction,7,task_family_mean,0.1291428571428571,0.31088534080298785
model_family,GPT-Neo/J,EleutherAI/gpt-neox-20b,GPT-Neo/J,tracking_shuffled_objects,3,task_family_mean,0.3,0.25710177404295054
model_family,GPT-Neo/J,EleutherAI/gpt-neo-2.7B,GPT-Neo/J,tracking_shuffled_objects,3,task_family_mean,0.332,0.25710177404295054
model_family,GPT-Neo/J,EleutherAI/gpt-neo-1.3B,GPT-Neo/J,tracking_shuffled_objects,3,task_family_mean,0.32,0.25710177404295054
model_family,GPT-Neo/J,EleutherAI/gpt-neo-125m,GPT-Neo/J,tracking_shuffled_objects,3,task_family_mean,0.148,0.25710177404295054
model_family,GPT-Neo/J,EleutherAI/gpt-j-6b,GPT-Neo/J,tracking_shuffled_objects,3,task_family_mean,0.336,0.25710177404295054
model_family,GPT-Neo/J,EleutherAI/gpt-neox-20b,GPT-Neo/J,tracking_shuffled_objects,5,task_family_mean,0.16,0.25710177404295054
model_family,GPT-Neo/J,EleutherAI/gpt-neo-2.7B,GPT-Neo/J,tracking_shuffled_objects,5,task_family_mean,0.208,0.25710177404295054
model_family,GPT-Neo/J,EleutherAI/gpt-neo-1.3B,GPT-Neo/J,tracking_shuffled_objects,5,task_family_mean,0.212,0.25710177404295054
model_family,GPT-Neo/J,EleutherAI/gpt-neo-125m,GPT-Neo/J,tracking_shuffled_objects,5,task_family_mean,0.06,0.25710177404295054
model_family,GPT-Neo/J,EleutherAI/gpt-j-6b,GPT-Neo/J,tracking_shuffled_objects,5,task_family_mean,0.14,0.25710177404295054
model_family,GPT-Neo/J,EleutherAI/gpt-neox-20b,GPT-Neo/J,tracking_shuffled_objects,7,task_family_mean,0.08,0.25710177404295054
model_family,GPT-Neo/J,EleutherAI/gpt-neo-2.7B,GPT-Neo/J,tracking_shuffled_objects,7,task_family_mean,0.056,0.25710177404295054
model_family,GPT-Neo/J,EleutherAI/gpt-neo-1.3B,GPT-Neo/J,tracking_shuffled_objects,7,task_family_mean,0.112,0.25710177404295054
model_family,GPT-Neo/J,EleutherAI/gpt-neo-125m,GPT-Neo/J,tracking_shuffled_objects,7,task_family_mean,0.012,0.25710177404295054
model_family,GPT-Neo/J,EleutherAI/gpt-j-6b,GPT-Neo/J,tracking_shuffled_objects,7,task_family_mean,0.104,0.25710177404295054
model_family,GPT-Neo/J,EleutherAI/gpt-neox-20b,GPT-Neo/J,logical_deduction,3,PC1,0.38,0.19576433033711269
model_family,GPT-Neo/J,EleutherAI/gpt-neo-2.7B,GPT-Neo/J,logical_deduction,3,PC1,0.332,0.13884709659576192
model_family,GPT-Neo/J,EleutherAI/gpt-neo-1.3B,GPT-Neo/J,logical_deduction,3,PC1,0.2693333333333333,0.12291295134669827
model_family,GPT-Neo/J,EleutherAI/gpt-neo-125m,GPT-Neo/J,logical_deduction,3,PC1,0.0986666666666666,0.09861056911326038
model_family,GPT-Neo/J,EleutherAI/gpt-j-6b,GPT-Neo/J,logical_deduction,3,PC1,0.36,0.18004221523089162
model_family,GPT-Neo/J,EleutherAI/gpt-neox-20b,GPT-Neo/J,logical_deduction,5,PC1,0.248,0.19576433033711269
model_family,GPT-Neo/J,EleutherAI/gpt-neo-2.7B,GPT-Neo/J,logical_deduction,5,PC1,0.208,0.13884709659576192
model_family,GPT-Neo/J,EleutherAI/gpt-neo-1.3B,GPT-Neo/J,logical_deduction,5,PC1,0.1488,0.12291295134669827
model_family,GPT-Neo/J,EleutherAI/gpt-neo-125m,GPT-Neo/J,logical_deduction,5,PC1,0.0256,0.09861056911326038
model_family,GPT-Neo/J,EleutherAI/gpt-j-6b,GPT-Neo/J,logical_deduction,5,PC1,0.244,0.18004221523089162
model_family,GPT-Neo/J,EleutherAI/gpt-neox-20b,GPT-Neo/J,logical_deduction,7,PC1,0.1611428571428571,0.19576433033711269
model_family,GPT-Neo/J,EleutherAI/gpt-neo-2.7B,GPT-Neo/J,logical_deduction,7,PC1,0.0502857142857142,0.13884709659576192
model_family,GPT-Neo/J,EleutherAI/gpt-neo-1.3B,GPT-Neo/J,logical_deduction,7,PC1,0.1331428571428571,0.12291295134669827
model_family,GPT-Neo/J,EleutherAI/gpt-neo-125m,GPT-Neo/J,logical_deduction,7,PC1,0.0222857142857142,0.09861056911326038
model_family,GPT-Neo/J,EleutherAI/gpt-j-6b,GPT-Neo/J,logical_deduction,7,PC1,0.1291428571428571,0.18004221523089162
model_family,GPT-Neo/J,EleutherAI/gpt-neox-20b,GPT-Neo/J,tracking_shuffled_objects,3,PC1,0.3,0.19576433033711269
model_family,GPT-Neo/J,EleutherAI/gpt-neo-2.7B,GPT-Neo/J,tracking_shuffled_objects,3,PC1,0.332,0.13884709659576192
model_family,GPT-Neo/J,EleutherAI/gpt-neo-1.3B,GPT-Neo/J,tracking_shuffled_objects,3,PC1,0.32,0.12291295134669827
model_family,GPT-Neo/J,EleutherAI/gpt-neo-125m,GPT-Neo/J,tracking_shuffled_objects,3,PC1,0.148,0.09861056911326038
model_family,GPT-Neo/J,EleutherAI/gpt-j-6b,GPT-Neo/J,tracking_shuffled_objects,3,PC1,0.336,0.18004221523089162
model_family,GPT-Neo/J,EleutherAI/gpt-neox-20b,GPT-Neo/J,tracking_shuffled_objects,5,PC1,0.16,0.19576433033711269
model_family,GPT-Neo/J,EleutherAI/gpt-neo-2.7B,GPT-Neo/J,tracking_shuffled_objects,5,PC1,0.208,0.13884709659576192
model_family,GPT-Neo/J,EleutherAI/gpt-neo-1.3B,GPT-Neo/J,tracking_shuffled_objects,5,PC1,0.212,0.12291295134669827
model_family,GPT-Neo/J,EleutherAI/gpt-neo-125m,GPT-Neo/J,tracking_shuffled_objects,5,PC1,0.06,0.09861056911326038
model_family,GPT-Neo/J,EleutherAI/gpt-j-6b,GPT-Neo/J,tracking_shuffled_objects,5,PC1,0.14,0.18004221523089162
model_family,GPT-Neo/J,EleutherAI/gpt-neox-20b,GPT-Neo/J,tracking_shuffled_objects,7,PC1,0.08,0.19576433033711269
model_family,GPT-Neo/J,EleutherAI/gpt-neo-2.7B,GPT-Neo/J,tracking_shuffled_objects,7,PC1,0.056,0.13884709659576192
model_family,GPT-Neo/J,EleutherAI/gpt-neo-1.3B,GPT-Neo/J,tracking_shuffled_objects,7,PC1,0.112,0.12291295134669827
model_family,GPT-Neo/J,EleutherAI/gpt-neo-125m,GPT-Neo/J,tracking_shuffled_objects,7,PC1,0.012,0.09861056911326038
model_family,GPT-Neo/J,EleutherAI/gpt-j-6b,GPT-Neo/J,tracking_shuffled_objects,7,PC1,0.104,0.18004221523089162
model_family,GPT-Neo/J,EleutherAI/gpt-neox-20b,GPT-Neo/J,logical_deduction,3,PC3,0.38,0.21610472451663396
model_family,GPT-Neo/J,EleutherAI/gpt-neo-2.7B,GPT-Neo/J,logical_deduction,3,PC3,0.332,0.1444370460410117
model_family,GPT-Neo/J,EleutherAI/gpt-neo-1.3B,GPT-Neo/J,logical_deduction,3,PC3,0.2693333333333333,0.12449069504229075
model_family,GPT-Neo/J,EleutherAI/gpt-neo-125m,GPT-Neo/J,logical_deduction,3,PC3,0.0986666666666666,0.09032047084182394
model_family,GPT-Neo/J,EleutherAI/gpt-j-6b,GPT-Neo/J,logical_deduction,3,PC3,0.36,0.19049218876762244
model_family,GPT-Neo/J,EleutherAI/gpt-neox-20b,GPT-Neo/J,logical_deduction,5,PC3,0.248,0.21610472451663396
model_family,GPT-Neo/J,EleutherAI/gpt-neo-2.7B,GPT-Neo/J,logical_deduction,5,PC3,0.208,0.1444370460410117
model_family,GPT-Neo/J,EleutherAI/gpt-neo-1.3B,GPT-Neo/J,logical_deduction,5,PC3,0.1488,0.12449069504229075
model_family,GPT-Neo/J,EleutherAI/gpt-neo-125m,GPT-Neo/J,logical_deduction,5,PC3,0.0256,0.09032047084182394
model_family,GPT-Neo/J,EleutherAI/gpt-j-6b,GPT-Neo/J,logical_deduction,5,PC3,0.244,0.19049218876762244
model_family,GPT-Neo/J,EleutherAI/gpt-neox-20b,GPT-Neo/J,logical_deduction,7,PC3,0.1611428571428571,0.21610472451663396
model_family,GPT-Neo/J,EleutherAI/gpt-neo-2.7B,GPT-Neo/J,logical_deduction,7,PC3,0.0502857142857142,0.1444370460410117
model_family,GPT-Neo/J,EleutherAI/gpt-neo-1.3B,GPT-Neo/J,logical_deduction,7,PC3,0.1331428571428571,0.12449069504229075
model_family,GPT-Neo/J,EleutherAI/gpt-neo-125m,GPT-Neo/J,logical_deduction,7,PC3,0.0222857142857142,0.09032047084182394
model_family,GPT-Neo/J,EleutherAI/gpt-j-6b,GPT-Neo/J,logical_deduction,7,PC3,0.1291428571428571,0.19049218876762244
model_family,GPT-Neo/J,EleutherAI/gpt-neox-20b,GPT-Neo/J,tracking_shuffled_objects,3,PC3,0.3,0.21610472451663396
model_family,GPT-Neo/J,EleutherAI/gpt-neo-2.7B,GPT-Neo/J,tracking_shuffled_objects,3,PC3,0.332,0.1444370460410117
model_family,GPT-Neo/J,EleutherAI/gpt-neo-1.3B,GPT-Neo/J,tracking_shuffled_objects,3,PC3,0.32,0.12449069504229075
model_family,GPT-Neo/J,EleutherAI/gpt-neo-125m,GPT-Neo/J,tracking_shuffled_objects,3,PC3,0.148,0.09032047084182394
model_family,GPT-Neo/J,EleutherAI/gpt-j-6b,GPT-Neo/J,tracking_shuffled_objects,3,PC3,0.336,0.19049218876762244
model_family,GPT-Neo/J,EleutherAI/gpt-neox-20b,GPT-Neo/J,tracking_shuffled_objects,5,PC3,0.16,0.21610472451663396
model_family,GPT-Neo/J,EleutherAI/gpt-neo-2.7B,GPT-Neo/J,tracking_shuffled_objects,5,PC3,0.208,0.1444370460410117
model_family,GPT-Neo/J,EleutherAI/gpt-neo-1.3B,GPT-Neo/J,tracking_shuffled_objects,5,PC3,0.212,0.12449069504229075
model_family,GPT-Neo/J,EleutherAI/gpt-neo-125m,GPT-Neo/J,tracking_shuffled_objects,5,PC3,0.06,0.09032047084182394
model_family,GPT-Neo/J,EleutherAI/gpt-j-6b,GPT-Neo/J,tracking_shuffled_objects,5,PC3,0.14,0.19049218876762244
model_family,GPT-Neo/J,EleutherAI/gpt-neox-20b,GPT-Neo/J,tracking_shuffled_objects,7,PC3,0.08,0.21610472451663396
model_family,GPT-Neo/J,EleutherAI/gpt-neo-2.7B,GPT-Neo/J,tracking_shuffled_objects,7,PC3,0.056,0.1444370460410117
model_family,GPT-Neo/J,EleutherAI/gpt-neo-1.3B,GPT-Neo/J,tracking_shuffled_objects,7,PC3,0.112,0.12449069504229075
model_family,GPT-Neo/J,EleutherAI/gpt-neo-125m,GPT-Neo/J,tracking_shuffled_objects,7,PC3,0.012,0.09032047084182394
model_family,GPT-Neo/J,EleutherAI/gpt-j-6b,GPT-Neo/J,tracking_shuffled_objects,7,PC3,0.104,0.19049218876762244
model_family,GPT-Neo/J,EleutherAI/gpt-neox-20b,GPT-Neo/J,logical_deduction,3,PC3_count,0.38,0.3470033382700719
model_family,GPT-Neo/J,EleutherAI/gpt-neo-2.7B,GPT-Neo/J,logical_deduction,3,PC3_count,0.332,0.25465617596778667
model_family,GPT-Neo/J,EleutherAI/gpt-neo-1.3B,GPT-Neo/J,logical_deduction,3,PC3_count,0.2693333333333333,0.21894441066239087
model_family,GPT-Neo/J,EleutherAI/gpt-neo-125m,GPT-Neo/J,logical_deduction,3,PC3_count,0.0986666666666666,0.1628292209624173
model_family,GPT-Neo/J,EleutherAI/gpt-j-6b,GPT-Neo/J,logical_deduction,3,PC3_count,0.36,0.31396828796479354
model_family,GPT-Neo/J,EleutherAI/gpt-neox-20b,GPT-Neo/J,logical_deduction,5,PC3_count,0.248,0.20217370537193252
model_family,GPT-Neo/J,EleutherAI/gpt-neo-2.7B,GPT-Neo/J,logical_deduction,5,PC3_count,0.208,0.13360878310472502
model_family,GPT-Neo/J,EleutherAI/gpt-neo-1.3B,GPT-Neo/J,logical_deduction,5,PC3_count,0.1488,0.11530001716579678
model_family,GPT-Neo/J,EleutherAI/gpt-neo-125m,GPT-Neo/J,logical_deduction,5,PC3_count,0.0256,0.08347440183480448
model_family,GPT-Neo/J,EleutherAI/gpt-j-6b,GPT-Neo/J,logical_deduction,5,PC3_count,0.244,0.1776705305678326
model_family,GPT-Neo/J,EleutherAI/gpt-neox-20b,GPT-Neo/J,logical_deduction,7,PC3_count,0.1611428571428571,0.13464062795945012
model_family,GPT-Neo/J,EleutherAI/gpt-neo-2.7B,GPT-Neo/J,logical_deduction,7,PC3_count,0.0502857142857142,0.08367767838527004
model_family,GPT-Neo/J,EleutherAI/gpt-neo-1.3B,GPT-Neo/J,logical_deduction,7,PC3_count,0.1331428571428571,0.07295326508880513
model_family,GPT-Neo/J,EleutherAI/gpt-neo-125m,GPT-Neo/J,logical_deduction,7,PC3_count,0.0222857142857142,0.05236114928763557
model_family,GPT-Neo/J,EleutherAI/gpt-j-6b,GPT-Neo/J,logical_deduction,7,PC3_count,0.1291428571428571,0.11643789065926086
model_family,GPT-Neo/J,EleutherAI/gpt-neox-20b,GPT-Neo/J,tracking_shuffled_objects,3,PC3_count,0.3,0.3470033382700719
model_family,GPT-Neo/J,EleutherAI/gpt-neo-2.7B,GPT-Neo/J,tracking_shuffled_objects,3,PC3_count,0.332,0.25465617596778667
model_family,GPT-Neo/J,EleutherAI/gpt-neo-1.3B,GPT-Neo/J,tracking_shuffled_objects,3,PC3_count,0.32,0.21894441066239087
model_family,GPT-Neo/J,EleutherAI/gpt-neo-125m,GPT-Neo/J,tracking_shuffled_objects,3,PC3_count,0.148,0.1628292209624173
model_family,GPT-Neo/J,EleutherAI/gpt-j-6b,GPT-Neo/J,tracking_shuffled_objects,3,PC3_count,0.336,0.31396828796479354
model_family,GPT-Neo/J,EleutherAI/gpt-neox-20b,GPT-Neo/J,tracking_shuffled_objects,5,PC3_count,0.16,0.20217370537193252
model_family,GPT-Neo/J,EleutherAI/gpt-neo-2.7B,GPT-Neo/J,tracking_shuffled_objects,5,PC3_count,0.208,0.13360878310472502
model_family,GPT-Neo/J,EleutherAI/gpt-neo-1.3B,GPT-Neo/J,tracking_shuffled_objects,5,PC3_count,0.212,0.11530001716579678
model_family,GPT-Neo/J,EleutherAI/gpt-neo-125m,GPT-Neo/J,tracking_shuffled_objects,5,PC3_count,0.06,0.08347440183480448
model_family,GPT-Neo/J,EleutherAI/gpt-j-6b,GPT-Neo/J,tracking_shuffled_objects,5,PC3_count,0.14,0.1776705305678326
model_family,GPT-Neo/J,EleutherAI/gpt-neox-20b,GPT-Neo/J,tracking_shuffled_objects,7,PC3_count,0.08,0.13464062795945012
model_family,GPT-Neo/J,EleutherAI/gpt-neo-2.7B,GPT-Neo/J,tracking_shuffled_objects,7,PC3_count,0.056,0.08367767838527004
model_family,GPT-Neo/J,EleutherAI/gpt-neo-1.3B,GPT-Neo/J,tracking_shuffled_objects,7,PC3_count,0.112,0.07295326508880513
model_family,GPT-Neo/J,EleutherAI/gpt-neo-125m,GPT-Neo/J,tracking_shuffled_objects,7,PC3_count,0.012,0.05236114928763557
model_family,GPT-Neo/J,EleutherAI/gpt-j-6b,GPT-Neo/J,tracking_shuffled_objects,7,PC3_count,0.104,0.11643789065926086
model_family,GPT-Neo/J,EleutherAI/gpt-neox-20b,GPT-Neo/J,logical_deduction,3,count_only,0.38,0.3666284555618084
model_family,GPT-Neo/J,EleutherAI/gpt-neo-2.7B,GPT-Neo/J,logical_deduction,3,count_only,0.332,0.3666284555618084
model_family,GPT-Neo/J,EleutherAI/gpt-neo-1.3B,GPT-Neo/J,logical_deduction,3,count_only,0.2693333333333333,0.3666284555618084
model_family,GPT-Neo/J,EleutherAI/gpt-neo-125m,GPT-Neo/J,logical_deduction,3,count_only,0.0986666666666666,0.3666284555618084
model_family,GPT-Neo/J,EleutherAI/gpt-j-6b,GPT-Neo/J,logical_deduction,3,count_only,0.36,0.3666284555618084
model_family,GPT-Neo/J,EleutherAI/gpt-neox-20b,GPT-Neo/J,logical_deduction,5,count_only,0.248,0.20193906687769858
model_family,GPT-Neo/J,EleutherAI/gpt-neo-2.7B,GPT-Neo/J,logical_deduction,5,count_only,0.208,0.20193906687769858
model_family,GPT-Neo/J,EleutherAI/gpt-neo-1.3B,GPT-Neo/J,logical_deduction,5,count_only,0.1488,0.20193906687769858
model_family,GPT-Neo/J,EleutherAI/gpt-neo-125m,GPT-Neo/J,logical_deduction,5,count_only,0.0256,0.20193906687769858
model_family,GPT-Neo/J,EleutherAI/gpt-j-6b,GPT-Neo/J,logical_deduction,5,count_only,0.244,0.20193906687769858
model_family,GPT-Neo/J,EleutherAI/gpt-neox-20b,GPT-Neo/J,logical_deduction,7,count_only,0.1611428571428571,0.12794117332094135
model_family,GPT-Neo/J,EleutherAI/gpt-neo-2.7B,GPT-Neo/J,logical_deduction,7,count_only,0.0502857142857142,0.12794117332094135
model_family,GPT-Neo/J,EleutherAI/gpt-neo-1.3B,GPT-Neo/J,logical_deduction,7,count_only,0.1331428571428571,0.12794117332094135
model_family,GPT-Neo/J,EleutherAI/gpt-neo-125m,GPT-Neo/J,logical_deduction,7,count_only,0.0222857142857142,0.12794117332094135
model_family,GPT-Neo/J,EleutherAI/gpt-j-6b,GPT-Neo/J,logical_deduction,7,count_only,0.1291428571428571,0.12794117332094135
model_family,GPT-Neo/J,EleutherAI/gpt-neox-20b,GPT-Neo/J,tracking_shuffled_objects,3,count_only,0.3,0.3666284555618084
model_family,GPT-Neo/J,EleutherAI/gpt-neo-2.7B,GPT-Neo/J,tracking_shuffled_objects,3,count_only,0.332,0.3666284555618084
model_family,GPT-Neo/J,EleutherAI/gpt-neo-1.3B,GPT-Neo/J,tracking_shuffled_objects,3,count_only,0.32,0.3666284555618084
model_family,GPT-Neo/J,EleutherAI/gpt-neo-125m,GPT-Neo/J,tracking_shuffled_objects,3,count_only,0.148,0.3666284555618084
model_family,GPT-Neo/J,EleutherAI/gpt-j-6b,GPT-Neo/J,tracking_shuffled_objects,3,count_only,0.336,0.3666284555618084
model_family,GPT-Neo/J,EleutherAI/gpt-neox-20b,GPT-Neo/J,tracking_shuffled_objects,5,count_only,0.16,0.20193906687769858
model_family,GPT-Neo/J,EleutherAI/gpt-neo-2.7B,GPT-Neo/J,tracking_shuffled_objects,5,count_only,0.208,0.20193906687769858
model_family,GPT-Neo/J,EleutherAI/gpt-neo-1.3B,GPT-Neo/J,tracking_shuffled_objects,5,count_only,0.212,0.20193906687769858
model_family,GPT-Neo/J,EleutherAI/gpt-neo-125m,GPT-Neo/J,tracking_shuffled_objects,5,count_only,0.06,0.20193906687769858
model_family,GPT-Neo/J,EleutherAI/gpt-j-6b,GPT-Neo/J,tracking_shuffled_objects,5,count_only,0.14,0.20193906687769858
model_family,GPT-Neo/J,EleutherAI/gpt-neox-20b,GPT-Neo/J,tracking_shuffled_objects,7,count_only,0.08,0.12794117332094135
model_family,GPT-Neo/J,EleutherAI/gpt-neo-2.7B,GPT-Neo/J,tracking_shuffled_objects,7,count_only,0.056,0.12794117332094135
model_family,GPT-Neo/J,EleutherAI/gpt-neo-1.3B,GPT-Neo/J,tracking_shuffled_objects,7,count_only,0.112,0.12794117332094135
model_family,GPT-Neo/J,EleutherAI/gpt-neo-125m,GPT-Neo/J,tracking_shuffled_objects,7,count_only,0.012,0.12794117332094135
model_family,GPT-Neo/J,EleutherAI/gpt-j-6b,GPT-Neo/J,tracking_shuffled_objects,7,count_only,0.104,0.12794117332094135
model_family,GPT-Neo/J,EleutherAI/gpt-neox-20b,GPT-Neo/J,logical_deduction,3,PC3_count_additive,0.38,0.36467053778546943
model_family,GPT-Neo/J,EleutherAI/gpt-neo-2.7B,GPT-Neo/J,logical_deduction,3,PC3_count_additive,0.332,0.2600799574688935
model_family,GPT-Neo/J,EleutherAI/gpt-neo-1.3B,GPT-Neo/J,logical_deduction,3,PC3_count_additive,0.2693333333333333,0.22842747833897561
model_family,GPT-Neo/J,EleutherAI/gpt-neo-125m,GPT-Neo/J,logical_deduction,3,PC3_count_additive,0.0986666666666666,0.171310856988285
model_family,GPT-Neo/J,EleutherAI/gpt-j-6b,GPT-Neo/J,logical_deduction,3,PC3_count_additive,0.36,0.3288364535793045
model_family,GPT-Neo/J,EleutherAI/gpt-neox-20b,GPT-Neo/J,logical_deduction,5,PC3_count_additive,0.248,0.20058211799261222
model_family,GPT-Neo/J,EleutherAI/gpt-neo-2.7B,GPT-Neo/J,logical_deduction,5,PC3_count_additive,0.208,0.13318762348925978
model_family,GPT-Neo/J,EleutherAI/gpt-neo-1.3B,GPT-Neo/J,logical_deduction,5,PC3_count_additive,0.1488,0.11458672197178575
model_family,GPT-Neo/J,EleutherAI/gpt-neo-125m,GPT-Neo/J,logical_deduction,5,PC3_count_additive,0.0256,0.08287760795204327
model_family,GPT-Neo/J,EleutherAI/gpt-j-6b,GPT-Neo/J,logical_deduction,5,PC3_count_additive,0.244,0.17639532497039004
model_family,GPT-Neo/J,EleutherAI/gpt-neox-20b,GPT-Neo/J,logical_deduction,7,PC3_count_additive,0.1611428571428571,0.12700233091424307
model_family,GPT-Neo/J,EleutherAI/gpt-neo-2.7B,GPT-Neo/J,logical_deduction,7,PC3_count_additive,0.0502857142857142,0.0818005195872207
model_family,GPT-Neo/J,EleutherAI/gpt-neo-1.3B,GPT-Neo/J,logical_deduction,7,PC3_count_additive,0.1331428571428571,0.0697984199376441
model_family,GPT-Neo/J,EleutherAI/gpt-neo-125m,GPT-Neo/J,logical_deduction,7,PC3_count_additive,0.0222857142857142,0.04978647430359606
model_family,GPT-Neo/J,EleutherAI/gpt-j-6b,GPT-Neo/J,logical_deduction,7,PC3_count_additive,0.1291428571428571,0.11046202812283144
model_family,GPT-Neo/J,EleutherAI/gpt-neox-20b,GPT-Neo/J,tracking_shuffled_objects,3,PC3_count_additive,0.3,0.36467053778546943
model_family,GPT-Neo/J,EleutherAI/gpt-neo-2.7B,GPT-Neo/J,tracking_shuffled_objects,3,PC3_count_additive,0.332,0.2600799574688935
model_family,GPT-Neo/J,EleutherAI/gpt-neo-1.3B,GPT-Neo/J,tracking_shuffled_objects,3,PC3_count_additive,0.32,0.22842747833897561
model_family,GPT-Neo/J,EleutherAI/gpt-neo-125m,GPT-Neo/J,tracking_shuffled_objects,3,PC3_count_additive,0.148,0.171310856988285
model_family,GPT-Neo/J,EleutherAI/gpt-j-6b,GPT-Neo/J,tracking_shuffled_objects,3,PC3_count_additive,0.336,0.3288364535793045
model_family,GPT-Neo/J,EleutherAI/gpt-neox-20b,GPT-Neo/J,tracking_shuffled_objects,5,PC3_count_additive,0.16,0.20058211799261222
model_family,GPT-Neo/J,EleutherAI/gpt-neo-2.7B,GPT-Neo/J,tracking_shuffled_objects,5,PC3_count_additive,0.208,0.13318762348925978
model_family,GPT-Neo/J,EleutherAI/gpt-neo-1.3B,GPT-Neo/J,tracking_shuffled_objects,5,PC3_count_additive,0.212,0.11458672197178575
model_family,GPT-Neo/J,EleutherAI/gpt-neo-125m,GPT-Neo/J,tracking_shuffled_objects,5,PC3_count_additive,0.06,0.08287760795204327
model_family,GPT-Neo/J,EleutherAI/gpt-j-6b,GPT-Neo/J,tracking_shuffled_objects,5,PC3_count_additive,0.14,0.17639532497039004
model_family,GPT-Neo/J,EleutherAI/gpt-neox-20b,GPT-Neo/J,tracking_shuffled_objects,7,PC3_count_additive,0.08,0.12700233091424307
model_family,GPT-Neo/J,EleutherAI/gpt-neo-2.7B,GPT-Neo/J,tracking_shuffled_objects,7,PC3_count_additive,0.056,0.0818005195872207
model_family,GPT-Neo/J,EleutherAI/gpt-neo-1.3B,GPT-Neo/J,tracking_shuffled_objects,7,PC3_count_additive,0.112,0.0697984199376441
model_family,GPT-Neo/J,EleutherAI/gpt-neo-125m,GPT-Neo/J,tracking_shuffled_objects,7,PC3_count_additive,0.012,0.04978647430359606
model_family,GPT-Neo/J,EleutherAI/gpt-j-6b,GPT-Neo/J,tracking_shuffled_objects,7,PC3_count_additive,0.104,0.11046202812283144
model_family,GPT-Neo/J,EleutherAI/gpt-neox-20b,GPT-Neo/J,logical_deduction,3,PC3_chance_floor,0.38,0.34544241403677034
model_family,GPT-Neo/J,EleutherAI/gpt-neo-2.7B,GPT-Neo/J,logical_deduction,3,PC3_chance_floor,0.332,0.3405607153819289
model_family,GPT-Neo/J,EleutherAI/gpt-neo-1.3B,GPT-Neo/J,logical_deduction,3,PC3_chance_floor,0.2693333333333333,0.3390124442197417
model_family,GPT-Neo/J,EleutherAI/gpt-neo-125m,GPT-Neo/J,logical_deduction,3,PC3_chance_floor,0.0986666666666666,0.3376833524540758
model_family,GPT-Neo/J,EleutherAI/gpt-j-6b,GPT-Neo/J,logical_deduction,3,PC3_chance_floor,0.36,0.3445544555593452
model_family,GPT-Neo/J,EleutherAI/gpt-neox-20b,GPT-Neo/J,logical_deduction,5,PC3_chance_floor,0.248,0.21453089684412444
model_family,GPT-Neo/J,EleutherAI/gpt-neo-2.7B,GPT-Neo/J,logical_deduction,5,PC3_chance_floor,0.208,0.2086728584583147
model_family,GPT-Neo/J,EleutherAI/gpt-neo-1.3B,GPT-Neo/J,logical_deduction,5,PC3_chance_floor,0.1488,0.2068149330636901
model_family,GPT-Neo/J,EleutherAI/gpt-neo-125m,GPT-Neo/J,logical_deduction,5,PC3_chance_floor,0.0256,0.20522002294489106
model_family,GPT-Neo/J,EleutherAI/gpt-j-6b,GPT-Neo/J,logical_deduction,5,PC3_chance_floor,0.244,0.2134653466712143
model_family,GPT-Neo/J,EleutherAI/gpt-neox-20b,GPT-Neo/J,logical_deduction,7,PC3_chance_floor,0.1611428571428571,0.15842596090441902
model_family,GPT-Neo/J,EleutherAI/gpt-neo-2.7B,GPT-Neo/J,logical_deduction,7,PC3_chance_floor,0.0502857142857142,0.15214949120533716
model_family,GPT-Neo/J,EleutherAI/gpt-neo-1.3B,GPT-Neo/J,logical_deduction,7,PC3_chance_floor,0.1331428571428571,0.15015885685395364
model_family,GPT-Neo/J,EleutherAI/gpt-neo-125m,GPT-Neo/J,logical_deduction,7,PC3_chance_floor,0.0222857142857142,0.14845002458381182
model_family,GPT-Neo/J,EleutherAI/gpt-j-6b,GPT-Neo/J,logical_deduction,7,PC3_chance_floor,0.1291428571428571,0.15728430000487245
model_family,GPT-Neo/J,EleutherAI/gpt-neox-20b,GPT-Neo/J,tracking_shuffled_objects,3,PC3_chance_floor,0.3,0.34544241403677034
model_family,GPT-Neo/J,EleutherAI/gpt-neo-2.7B,GPT-Neo/J,tracking_shuffled_objects,3,PC3_chance_floor,0.332,0.3405607153819289
model_family,GPT-Neo/J,EleutherAI/gpt-neo-1.3B,GPT-Neo/J,tracking_shuffled_objects,3,PC3_chance_floor,0.32,0.3390124442197417
model_family,GPT-Neo/J,EleutherAI/gpt-neo-125m,GPT-Neo/J,tracking_shuffled_objects,3,PC3_chance_floor,0.148,0.3376833524540758
model_family,GPT-Neo/J,EleutherAI/gpt-j-6b,GPT-Neo/J,tracking_shuffled_objects,3,PC3_chance_floor,0.336,0.3445544555593452
model_family,GPT-Neo/J,EleutherAI/gpt-neox-20b,GPT-Neo/J,tracking_shuffled_objects,5,PC3_chance_floor,0.16,0.21453089684412444
model_family,GPT-Neo/J,EleutherAI/gpt-neo-2.7B,GPT-Neo/J,tracking_shuffled_objects,5,PC3_chance_floor,0.208,0.2086728584583147
model_family,GPT-Neo/J,EleutherAI/gpt-neo-1.3B,GPT-Neo/J,tracking_shuffled_objects,5,PC3_chance_floor,0.212,0.2068149330636901
model_family,GPT-Neo/J,EleutherAI/gpt-neo-125m,GPT-Neo/J,tracking_shuffled_objects,5,PC3_chance_floor,0.06,0.20522002294489106
model_family,GPT-Neo/J,EleutherAI/gpt-j-6b,GPT-Neo/J,tracking_shuffled_objects,5,PC3_chance_floor,0.14,0.2134653466712143
model_family,GPT-Neo/J,EleutherAI/gpt-neox-20b,GPT-Neo/J,tracking_shuffled_objects,7,PC3_chance_floor,0.08,0.15842596090441902
model_family,GPT-Neo/J,EleutherAI/gpt-neo-2.7B,GPT-Neo/J,tracking_shuffled_objects,7,PC3_chance_floor,0.056,0.15214949120533716
model_family,GPT-Neo/J,EleutherAI/gpt-neo-1.3B,GPT-Neo/J,tracking_shuffled_objects,7,PC3_chance_floor,0.112,0.15015885685395364
model_family,GPT-Neo/J,EleutherAI/gpt-neo-125m,GPT-Neo/J,tracking_shuffled_objects,7,PC3_chance_floor,0.012,0.14845002458381182
model_family,GPT-Neo/J,EleutherAI/gpt-j-6b,GPT-Neo/J,tracking_shuffled_objects,7,PC3_chance_floor,0.104,0.15728430000487245
model_family,Gemma,google/gemma-7b,Gemma,logical_deduction,3,pooled_mean,0.688,0.2748934495864073
model_family,Gemma,google/gemma-2b,Gemma,logical_deduction,3,pooled_mean,0.3253333333333333,0.2748934495864073
model_family,Gemma,google/gemma-7b,Gemma,logical_deduction,5,pooled_mean,0.416,0.2748934495864073
model_family,Gemma,google/gemma-2b,Gemma,logical_deduction,5,pooled_mean,0.2423999999999999,0.2748934495864073
model_family,Gemma,google/gemma-7b,Gemma,logical_deduction,7,pooled_mean,0.376,0.2748934495864073
model_family,Gemma,google/gemma-2b,Gemma,logical_deduction,7,pooled_mean,0.1074285714285714,0.2748934495864073
model_family,Gemma,google/gemma-7b,Gemma,tracking_shuffled_objects,3,pooled_mean,0.52,0.2748934495864073
model_family,Gemma,google/gemma-2b,Gemma,tracking_shuffled_objects,3,pooled_mean,0.336,0.2748934495864073
model_family,Gemma,google/gemma-7b,Gemma,tracking_shuffled_objects,5,pooled_mean,0.452,0.2748934495864073
model_family,Gemma,google/gemma-2b,Gemma,tracking_shuffled_objects,5,pooled_mean,0.196,0.2748934495864073
model_family,Gemma,google/gemma-7b,Gemma,tracking_shuffled_objects,7,pooled_mean,0.376,0.2748934495864073
model_family,Gemma,google/gemma-2b,Gemma,tracking_shuffled_objects,7,pooled_mean,0.12,0.2748934495864073
model_family,Gemma,google/gemma-7b,Gemma,logical_deduction,3,task_family_mean,0.688,0.3008255756762798
model_family,Gemma,google/gemma-2b,Gemma,logical_deduction,3,task_family_mean,0.3253333333333333,0.3008255756762798
model_family,Gemma,google/gemma-7b,Gemma,logical_deduction,5,task_family_mean,0.416,0.3008255756762798
model_family,Gemma,google/gemma-2b,Gemma,logical_deduction,5,task_family_mean,0.2423999999999999,0.3008255756762798
model_family,Gemma,google/gemma-7b,Gemma,logical_deduction,7,task_family_mean,0.376,0.3008255756762798
model_family,Gemma,google/gemma-2b,Gemma,logical_deduction,7,task_family_mean,0.1074285714285714,0.3008255756762798
model_family,Gemma,google/gemma-7b,Gemma,tracking_shuffled_objects,3,task_family_mean,0.52,0.24896132349653477
model_family,Gemma,google/gemma-2b,Gemma,tracking_shuffled_objects,3,task_family_mean,0.336,0.24896132349653477
model_family,Gemma,google/gemma-7b,Gemma,tracking_shuffled_objects,5,task_family_mean,0.452,0.24896132349653477
model_family,Gemma,google/gemma-2b,Gemma,tracking_shuffled_objects,5,task_family_mean,0.196,0.24896132349653477
model_family,Gemma,google/gemma-7b,Gemma,tracking_shuffled_objects,7,task_family_mean,0.376,0.24896132349653477
model_family,Gemma,google/gemma-2b,Gemma,tracking_shuffled_objects,7,task_family_mean,0.12,0.24896132349653477
model_family,Gemma,google/gemma-7b,Gemma,logical_deduction,3,PC1,0.688,0.4161269408288895
model_family,Gemma,google/gemma-2b,Gemma,logical_deduction,3,PC1,0.3253333333333333,0.22350516548834592
model_family,Gemma,google/gemma-7b,Gemma,logical_deduction,5,PC1,0.416,0.4161269408288895
model_family,Gemma,google/gemma-2b,Gemma,logical_deduction,5,PC1,0.2423999999999999,0.22350516548834592
model_family,Gemma,google/gemma-7b,Gemma,logical_deduction,7,PC1,0.376,0.4161269408288895
model_family,Gemma,google/gemma-2b,Gemma,logical_deduction,7,PC1,0.1074285714285714,0.22350516548834592
model_family,Gemma,google/gemma-7b,Gemma,tracking_shuffled_objects,3,PC1,0.52,0.4161269408288895
model_family,Gemma,google/gemma-2b,Gemma,tracking_shuffled_objects,3,PC1,0.336,0.22350516548834592
model_family,Gemma,google/gemma-7b,Gemma,tracking_shuffled_objects,5,PC1,0.452,0.4161269408288895
model_family,Gemma,google/gemma-2b,Gemma,tracking_shuffled_objects,5,PC1,0.196,0.22350516548834592
model_family,Gemma,google/gemma-7b,Gemma,tracking_shuffled_objects,7,PC1,0.376,0.4161269408288895
model_family,Gemma,google/gemma-2b,Gemma,tracking_shuffled_objects,7,PC1,0.12,0.22350516548834592
model_family,Gemma,google/gemma-7b,Gemma,logical_deduction,3,PC3,0.688,0.41174173798624775
model_family,Gemma,google/gemma-2b,Gemma,logical_deduction,3,PC3,0.3253333333333333,0.24272456288170385
model_family,Gemma,google/gemma-7b,Gemma,logical_deduction,5,PC3,0.416,0.41174173798624775
model_family,Gemma,google/gemma-2b,Gemma,logical_deduction,5,PC3,0.2423999999999999,0.24272456288170385
model_family,Gemma,google/gemma-7b,Gemma,logical_deduction,7,PC3,0.376,0.41174173798624775
model_family,Gemma,google/gemma-2b,Gemma,logical_deduction,7,PC3,0.1074285714285714,0.24272456288170385
model_family,Gemma,google/gemma-7b,Gemma,tracking_shuffled_objects,3,PC3,0.52,0.41174173798624775
model_family,Gemma,google/gemma-2b,Gemma,tracking_shuffled_objects,3,PC3,0.336,0.24272456288170385
model_family,Gemma,google/gemma-7b,Gemma,tracking_shuffled_objects,5,PC3,0.452,0.41174173798624775
model_family,Gemma,google/gemma-2b,Gemma,tracking_shuffled_objects,5,PC3,0.196,0.24272456288170385
model_family,Gemma,google/gemma-7b,Gemma,tracking_shuffled_objects,7,PC3,0.376,0.41174173798624775
model_family,Gemma,google/gemma-2b,Gemma,tracking_shuffled_objects,7,PC3,0.12,0.24272456288170385
model_family,Gemma,google/gemma-7b,Gemma,logical_deduction,3,PC3_count,0.688,0.6239439687503683
model_family,Gemma,google/gemma-2b,Gemma,logical_deduction,3,PC3_count,0.3253333333333333,0.39314990504309494
model_family,Gemma,google/gemma-7b,Gemma,logical_deduction,5,PC3_count,0.416,0.3851910907560765
model_family,Gemma,google/gemma-2b,Gemma,logical_deduction,5,PC3_count,0.2423999999999999,0.2265070339213344
model_family,Gemma,google/gemma-7b,Gemma,logical_deduction,7,PC3_count,0.376,0.24804621710916266
model_family,Gemma,google/gemma-2b,Gemma,logical_deduction,7,PC3_count,0.1074285714285714,0.1478999674947987
model_family,Gemma,google/gemma-7b,Gemma,tracking_shuffled_objects,3,PC3_count,0.52,0.6239439687503683
model_family,Gemma,google/gemma-2b,Gemma,tracking_shuffled_objects,3,PC3_count,0.336,0.39314990504309494
model_family,Gemma,google/gemma-7b,Gemma,tracking_shuffled_objects,5,PC3_count,0.452,0.3851910907560765
model_family,Gemma,google/gemma-2b,Gemma,tracking_shuffled_objects,5,PC3_count,0.196,0.2265070339213344
model_family,Gemma,google/gemma-7b,Gemma,tracking_shuffled_objects,7,PC3_count,0.376,0.24804621710916266
model_family,Gemma,google/gemma-2b,Gemma,tracking_shuffled_objects,7,PC3_count,0.12,0.1478999674947987
model_family,Gemma,google/gemma-7b,Gemma,logical_deduction,3,count_only,0.688,0.3576865752619729
model_family,Gemma,google/gemma-2b,Gemma,logical_deduction,3,count_only,0.3253333333333333,0.3576865752619729
model_family,Gemma,google/gemma-7b,Gemma,logical_deduction,5,count_only,0.416,0.19356433890883942
model_family,Gemma,google/gemma-2b,Gemma,logical_deduction,5,count_only,0.2423999999999999,0.19356433890883942
model_family,Gemma,google/gemma-7b,Gemma,logical_deduction,7,count_only,0.376,0.1211740908240575
model_family,Gemma,google/gemma-2b,Gemma,logical_deduction,7,count_only,0.1074285714285714,0.1211740908240575
model_family,Gemma,google/gemma-7b,Gemma,tracking_shuffled_objects,3,count_only,0.52,0.3576865752619729
model_family,Gemma,google/gemma-2b,Gemma,tracking_shuffled_objects,3,count_only,0.336,0.3576865752619729
model_family,Gemma,google/gemma-7b,Gemma,tracking_shuffled_objects,5,count_only,0.452,0.19356433890883942
model_family,Gemma,google/gemma-2b,Gemma,tracking_shuffled_objects,5,count_only,0.196,0.19356433890883942
model_family,Gemma,google/gemma-7b,Gemma,tracking_shuffled_objects,7,count_only,0.376,0.1211740908240575
model_family,Gemma,google/gemma-2b,Gemma,tracking_shuffled_objects,7,count_only,0.12,0.1211740908240575
model_family,Gemma,google/gemma-7b,Gemma,logical_deduction,3,PC3_count_additive,0.688,0.5960599930223736
model_family,Gemma,google/gemma-2b,Gemma,logical_deduction,3,PC3_count_additive,0.3253333333333333,0.4032467617714103
model_family,Gemma,google/gemma-7b,Gemma,logical_deduction,5,PC3_count_additive,0.416,0.3887617953883532
model_family,Gemma,google/gemma-2b,Gemma,logical_deduction,5,PC3_count_additive,0.2423999999999999,0.22556071496482985
model_family,Gemma,google/gemma-7b,Gemma,logical_deduction,7,PC3_count_additive,0.376,0.2675939563016518
model_family,Gemma,google/gemma-2b,Gemma,logical_deduction,7,PC3_count_additive,0.1074285714285714,0.14333108516047322
model_family,Gemma,google/gemma-7b,Gemma,tracking_shuffled_objects,3,PC3_count_additive,0.52,0.5960599930223736
model_family,Gemma,google/gemma-2b,Gemma,tracking_shuffled_objects,3,PC3_count_additive,0.336,0.4032467617714103
model_family,Gemma,google/gemma-7b,Gemma,tracking_shuffled_objects,5,PC3_count_additive,0.452,0.3887617953883532
model_family,Gemma,google/gemma-2b,Gemma,tracking_shuffled_objects,5,PC3_count_additive,0.196,0.22556071496482985
model_family,Gemma,google/gemma-7b,Gemma,tracking_shuffled_objects,7,PC3_count_additive,0.376,0.2675939563016518
model_family,Gemma,google/gemma-2b,Gemma,tracking_shuffled_objects,7,PC3_count_additive,0.12,0.14333108516047322
model_family,Gemma,google/gemma-7b,Gemma,logical_deduction,3,PC3_chance_floor,0.688,0.4531972023509861
model_family,Gemma,google/gemma-2b,Gemma,logical_deduction,3,PC3_chance_floor,0.3253333333333333,0.3522155058600877
model_family,Gemma,google/gemma-7b,Gemma,logical_deduction,5,PC3_chance_floor,0.416,0.3438366428211833
model_family,Gemma,google/gemma-2b,Gemma,logical_deduction,5,PC3_chance_floor,0.2423999999999999,0.22265860703210524
model_family,Gemma,google/gemma-7b,Gemma,logical_deduction,7,PC3_chance_floor,0.376,0.296967831594125
model_family,Gemma,google/gemma-2b,Gemma,logical_deduction,7,PC3_chance_floor,0.1074285714285714,0.16713422182011275
model_family,Gemma,google/gemma-7b,Gemma,tracking_shuffled_objects,3,PC3_chance_floor,0.52,0.4531972023509861
model_family,Gemma,google/gemma-2b,Gemma,tracking_shuffled_objects,3,PC3_chance_floor,0.336,0.3522155058600877
model_family,Gemma,google/gemma-7b,Gemma,tracking_shuffled_objects,5,PC3_chance_floor,0.452,0.3438366428211833
model_family,Gemma,google/gemma-2b,Gemma,tracking_shuffled_objects,5,PC3_chance_floor,0.196,0.22265860703210524
model_family,Gemma,google/gemma-7b,Gemma,tracking_shuffled_objects,7,PC3_chance_floor,0.376,0.296967831594125
model_family,Gemma,google/gemma-2b,Gemma,tracking_shuffled_objects,7,PC3_chance_floor,0.12,0.16713422182011275
model_family,Llama,huggyllama/llama-7b,Llama,logical_deduction,3,pooled_mean,0.416,0.27370904071773633
model_family,Llama,huggyllama/llama-13b,Llama,logical_deduction,3,pooled_mean,0.464,0.27370904071773633
model_family,Llama,huggyllama/llama-30b,Llama,logical_deduction,3,pooled_mean,0.684,0.27370904071773633
model_family,Llama,huggyllama/llama-65b,Llama,logical_deduction,3,pooled_mean,0.78,0.27370904071773633
model_family,Llama,huggyllama/llama-7b,Llama,logical_deduction,5,pooled_mean,0.224,0.27370904071773633
model_family,Llama,huggyllama/llama-13b,Llama,logical_deduction,5,pooled_mean,0.2984,0.27370904071773633
model_family,Llama,huggyllama/llama-30b,Llama,logical_deduction,5,pooled_mean,0.4264,0.27370904071773633
model_family,Llama,huggyllama/llama-65b,Llama,logical_deduction,5,pooled_mean,0.452,0.27370904071773633
model_family,Llama,huggyllama/llama-7b,Llama,logical_deduction,7,pooled_mean,0.152,0.27370904071773633
model_family,Llama,huggyllama/llama-13b,Llama,logical_deduction,7,pooled_mean,0.192,0.27370904071773633
model_family,Llama,huggyllama/llama-30b,Llama,logical_deduction,7,pooled_mean,0.3114285714285714,0.27370904071773633
model_family,Llama,huggyllama/llama-65b,Llama,logical_deduction,7,pooled_mean,0.424,0.27370904071773633
model_family,Llama,huggyllama/llama-7b,Llama,tracking_shuffled_objects,3,pooled_mean,0.364,0.27370904071773633
model_family,Llama,huggyllama/llama-13b,Llama,tracking_shuffled_objects,3,pooled_mean,0.344,0.27370904071773633
model_family,Llama,huggyllama/llama-30b,Llama,tracking_shuffled_objects,3,pooled_mean,0.292,0.27370904071773633
model_family,Llama,huggyllama/llama-65b,Llama,tracking_shuffled_objects,3,pooled_mean,0.52,0.27370904071773633
model_family,Llama,huggyllama/llama-7b,Llama,tracking_shuffled_objects,5,pooled_mean,0.192,0.27370904071773633
model_family,Llama,huggyllama/llama-13b,Llama,tracking_shuffled_objects,5,pooled_mean,0.164,0.27370904071773633
model_family,Llama,huggyllama/llama-30b,Llama,tracking_shuffled_objects,5,pooled_mean,0.208,0.27370904071773633
model_family,Llama,huggyllama/llama-65b,Llama,tracking_shuffled_objects,5,pooled_mean,0.408,0.27370904071773633
model_family,Llama,huggyllama/llama-7b,Llama,tracking_shuffled_objects,7,pooled_mean,0.096,0.27370904071773633
model_family,Llama,huggyllama/llama-13b,Llama,tracking_shuffled_objects,7,pooled_mean,0.076,0.27370904071773633
model_family,Llama,huggyllama/llama-30b,Llama,tracking_shuffled_objects,7,pooled_mean,0.148,0.27370904071773633
model_family,Llama,huggyllama/llama-65b,Llama,tracking_shuffled_objects,7,pooled_mean,0.308,0.27370904071773633
model_family,Llama,huggyllama/llama-7b,Llama,logical_deduction,3,task_family_mean,0.416,0.2966511157119852
model_family,Llama,huggyllama/llama-13b,Llama,logical_deduction,3,task_family_mean,0.464,0.2966511157119852
model_family,Llama,huggyllama/llama-30b,Llama,logical_deduction,3,task_family_mean,0.684,0.2966511157119852
model_family,Llama,huggyllama/llama-65b,Llama,logical_deduction,3,task_family_mean,0.78,0.2966511157119852
model_family,Llama,huggyllama/llama-7b,Llama,logical_deduction,5,task_family_mean,0.224,0.2966511157119852
model_family,Llama,huggyllama/llama-13b,Llama,logical_deduction,5,task_family_mean,0.2984,0.2966511157119852
model_family,Llama,huggyllama/llama-30b,Llama,logical_deduction,5,task_family_mean,0.4264,0.2966511157119852
model_family,Llama,huggyllama/llama-65b,Llama,logical_deduction,5,task_family_mean,0.452,0.2966511157119852
model_family,Llama,huggyllama/llama-7b,Llama,logical_deduction,7,task_family_mean,0.152,0.2966511157119852
model_family,Llama,huggyllama/llama-13b,Llama,logical_deduction,7,task_family_mean,0.192,0.2966511157119852
model_family,Llama,huggyllama/llama-30b,Llama,logical_deduction,7,task_family_mean,0.3114285714285714,0.2966511157119852
model_family,Llama,huggyllama/llama-65b,Llama,logical_deduction,7,task_family_mean,0.424,0.2966511157119852
model_family,Llama,huggyllama/llama-7b,Llama,tracking_shuffled_objects,3,task_family_mean,0.364,0.25076696572348744
model_family,Llama,huggyllama/llama-13b,Llama,tracking_shuffled_objects,3,task_family_mean,0.344,0.25076696572348744
model_family,Llama,huggyllama/llama-30b,Llama,tracking_shuffled_objects,3,task_family_mean,0.292,0.25076696572348744
model_family,Llama,huggyllama/llama-65b,Llama,tracking_shuffled_objects,3,task_family_mean,0.52,0.25076696572348744
model_family,Llama,huggyllama/llama-7b,Llama,tracking_shuffled_objects,5,task_family_mean,0.192,0.25076696572348744
model_family,Llama,huggyllama/llama-13b,Llama,tracking_shuffled_objects,5,task_family_mean,0.164,0.25076696572348744
model_family,Llama,huggyllama/llama-30b,Llama,tracking_shuffled_objects,5,task_family_mean,0.208,0.25076696572348744
model_family,Llama,huggyllama/llama-65b,Llama,tracking_shuffled_objects,5,task_family_mean,0.408,0.25076696572348744
model_family,Llama,huggyllama/llama-7b,Llama,tracking_shuffled_objects,7,task_family_mean,0.096,0.25076696572348744
model_family,Llama,huggyllama/llama-13b,Llama,tracking_shuffled_objects,7,task_family_mean,0.076,0.25076696572348744
model_family,Llama,huggyllama/llama-30b,Llama,tracking_shuffled_objects,7,task_family_mean,0.148,0.25076696572348744
model_family,Llama,huggyllama/llama-65b,Llama,tracking_shuffled_objects,7,task_family_mean,0.308,0.25076696572348744
model_family,Llama,huggyllama/llama-7b,Llama,logical_deduction,3,PC1,0.416,0.230313739428456
model_family,Llama,huggyllama/llama-13b,Llama,logical_deduction,3,PC1,0.464,0.2895684623771538
model_family,Llama,huggyllama/llama-30b,Llama,logical_deduction,3,PC1,0.684,0.35769484053124334
model_family,Llama,huggyllama/llama-65b,Llama,logical_deduction,3,PC1,0.78,0.4123814788460263
model_family,Llama,huggyllama/llama-7b,Llama,logical_deduction,5,PC1,0.224,0.230313739428456
model_family,Llama,huggyllama/llama-13b,Llama,logical_deduction,5,PC1,0.2984,0.2895684623771538
model_family,Llama,huggyllama/llama-30b,Llama,logical_deduction,5,PC1,0.4264,0.35769484053124334
model_family,Llama,huggyllama/llama-65b,Llama,logical_deduction,5,PC1,0.452,0.4123814788460263
model_family,Llama,huggyllama/llama-7b,Llama,logical_deduction,7,PC1,0.152,0.230313739428456
model_family,Llama,huggyllama/llama-13b,Llama,logical_deduction,7,PC1,0.192,0.2895684623771538
model_family,Llama,huggyllama/llama-30b,Llama,logical_deduction,7,PC1,0.3114285714285714,0.35769484053124334
model_family,Llama,huggyllama/llama-65b,Llama,logical_deduction,7,PC1,0.424,0.4123814788460263
model_family,Llama,huggyllama/llama-7b,Llama,tracking_shuffled_objects,3,PC1,0.364,0.230313739428456
model_family,Llama,huggyllama/llama-13b,Llama,tracking_shuffled_objects,3,PC1,0.344,0.2895684623771538
model_family,Llama,huggyllama/llama-30b,Llama,tracking_shuffled_objects,3,PC1,0.292,0.35769484053124334
model_family,Llama,huggyllama/llama-65b,Llama,tracking_shuffled_objects,3,PC1,0.52,0.4123814788460263
model_family,Llama,huggyllama/llama-7b,Llama,tracking_shuffled_objects,5,PC1,0.192,0.230313739428456
model_family,Llama,huggyllama/llama-13b,Llama,tracking_shuffled_objects,5,PC1,0.164,0.2895684623771538
model_family,Llama,huggyllama/llama-30b,Llama,tracking_shuffled_objects,5,PC1,0.208,0.35769484053124334
model_family,Llama,huggyllama/llama-65b,Llama,tracking_shuffled_objects,5,PC1,0.408,0.4123814788460263
model_family,Llama,huggyllama/llama-7b,Llama,tracking_shuffled_objects,7,PC1,0.096,0.230313739428456
model_family,Llama,huggyllama/llama-13b,Llama,tracking_shuffled_objects,7,PC1,0.076,0.2895684623771538
model_family,Llama,huggyllama/llama-30b,Llama,tracking_shuffled_objects,7,PC1,0.148,0.35769484053124334
model_family,Llama,huggyllama/llama-65b,Llama,tracking_shuffled_objects,7,PC1,0.308,0.4123814788460263
model_family,Llama,huggyllama/llama-7b,Llama,logical_deduction,3,PC3,0.416,0.2674804006388097
model_family,Llama,huggyllama/llama-13b,Llama,logical_deduction,3,PC3,0.464,0.32109388393997973
model_family,Llama,huggyllama/llama-30b,Llama,logical_deduction,3,PC3,0.684,0.3840692626074592
model_family,Llama,huggyllama/llama-65b,Llama,logical_deduction,3,PC3,0.78,0.4330455617254972
model_family,Llama,huggyllama/llama-7b,Llama,logical_deduction,5,PC3,0.224,0.2674804006388097
model_family,Llama,huggyllama/llama-13b,Llama,logical_deduction,5,PC3,0.2984,0.32109388393997973
model_family,Llama,huggyllama/llama-30b,Llama,logical_deduction,5,PC3,0.4264,0.3840692626074592
model_family,Llama,huggyllama/llama-65b,Llama,logical_deduction,5,PC3,0.452,0.4330455617254972
model_family,Llama,huggyllama/llama-7b,Llama,logical_deduction,7,PC3,0.152,0.2674804006388097
model_family,Llama,huggyllama/llama-13b,Llama,logical_deduction,7,PC3,0.192,0.32109388393997973
model_family,Llama,huggyllama/llama-30b,Llama,logical_deduction,7,PC3,0.3114285714285714,0.3840692626074592
model_family,Llama,huggyllama/llama-65b,Llama,logical_deduction,7,PC3,0.424,0.4330455617254972
model_family,Llama,huggyllama/llama-7b,Llama,tracking_shuffled_objects,3,PC3,0.364,0.2674804006388097
model_family,Llama,huggyllama/llama-13b,Llama,tracking_shuffled_objects,3,PC3,0.344,0.32109388393997973
model_family,Llama,huggyllama/llama-30b,Llama,tracking_shuffled_objects,3,PC3,0.292,0.3840692626074592
model_family,Llama,huggyllama/llama-65b,Llama,tracking_shuffled_objects,3,PC3,0.52,0.4330455617254972
model_family,Llama,huggyllama/llama-7b,Llama,tracking_shuffled_objects,5,PC3,0.192,0.2674804006388097
model_family,Llama,huggyllama/llama-13b,Llama,tracking_shuffled_objects,5,PC3,0.164,0.32109388393997973
model_family,Llama,huggyllama/llama-30b,Llama,tracking_shuffled_objects,5,PC3,0.208,0.3840692626074592
model_family,Llama,huggyllama/llama-65b,Llama,tracking_shuffled_objects,5,PC3,0.408,0.4330455617254972
model_family,Llama,huggyllama/llama-7b,Llama,tracking_shuffled_objects,7,PC3,0.096,0.2674804006388097
model_family,Llama,huggyllama/llama-13b,Llama,tracking_shuffled_objects,7,PC3,0.076,0.32109388393997973
model_family,Llama,huggyllama/llama-30b,Llama,tracking_shuffled_objects,7,PC3,0.148,0.3840692626074592
model_family,Llama,huggyllama/llama-65b,Llama,tracking_shuffled_objects,7,PC3,0.308,0.4330455617254972
model_family,Llama,huggyllama/llama-7b,Llama,logical_deduction,3,PC3_count,0.416,0.4368441209857956
model_family,Llama,huggyllama/llama-13b,Llama,logical_deduction,3,PC3_count,0.464,0.5115825601444525
model_family,Llama,huggyllama/llama-30b,Llama,logical_deduction,3,PC3_count,0.684,0.5876079445268572
model_family,Llama,huggyllama/llama-65b,Llama,logical_deduction,3,PC3_count,0.78,0.647935268181792
model_family,Llama,huggyllama/llama-7b,Llama,logical_deduction,5,PC3_count,0.224,0.24895898672358366
model_family,Llama,huggyllama/llama-13b,Llama,logical_deduction,5,PC3_count,0.2984,0.29926061949549365
model_family,Llama,huggyllama/llama-30b,Llama,logical_deduction,5,PC3_count,0.4264,0.35930015907129353
model_family,Llama,huggyllama/llama-65b,Llama,logical_deduction,5,PC3_count,0.452,0.405564267705256
model_family,Llama,huggyllama/llama-7b,Llama,logical_deduction,7,PC3_count,0.152,0.15920177534403443
model_family,Llama,huggyllama/llama-13b,Llama,logical_deduction,7,PC3_count,0.192,0.19127214374256513
model_family,Llama,huggyllama/llama-30b,Llama,logical_deduction,7,PC3_count,0.3114285714285714,0.23279114919232183
model_family,Llama,huggyllama/llama-65b,Llama,logical_deduction,7,PC3_count,0.424,0.26193210659231475
model_family,Llama,huggyllama/llama-7b,Llama,tracking_shuffled_objects,3,PC3_count,0.364,0.4368441209857956
model_family,Llama,huggyllama/llama-13b,Llama,tracking_shuffled_objects,3,PC3_count,0.344,0.5115825601444525
model_family,Llama,huggyllama/llama-30b,Llama,tracking_shuffled_objects,3,PC3_count,0.292,0.5876079445268572
model_family,Llama,huggyllama/llama-65b,Llama,tracking_shuffled_objects,3,PC3_count,0.52,0.647935268181792
model_family,Llama,huggyllama/llama-7b,Llama,tracking_shuffled_objects,5,PC3_count,0.192,0.24895898672358366
model_family,Llama,huggyllama/llama-13b,Llama,tracking_shuffled_objects,5,PC3_count,0.164,0.29926061949549365
model_family,Llama,huggyllama/llama-30b,Llama,tracking_shuffled_objects,5,PC3_count,0.208,0.35930015907129353
model_family,Llama,huggyllama/llama-65b,Llama,tracking_shuffled_objects,5,PC3_count,0.408,0.405564267705256
model_family,Llama,huggyllama/llama-7b,Llama,tracking_shuffled_objects,7,PC3_count,0.096,0.15920177534403443
model_family,Llama,huggyllama/llama-13b,Llama,tracking_shuffled_objects,7,PC3_count,0.076,0.19127214374256513
model_family,Llama,huggyllama/llama-30b,Llama,tracking_shuffled_objects,7,PC3_count,0.148,0.23279114919232183
model_family,Llama,huggyllama/llama-65b,Llama,tracking_shuffled_objects,7,PC3_count,0.308,0.26193210659231475
model_family,Llama,huggyllama/llama-7b,Llama,logical_deduction,3,count_only,0.416,0.3538466706796383
model_family,Llama,huggyllama/llama-13b,Llama,logical_deduction,3,count_only,0.464,0.3538466706796383
model_family,Llama,huggyllama/llama-30b,Llama,logical_deduction,3,count_only,0.684,0.3538466706796383
model_family,Llama,huggyllama/llama-65b,Llama,logical_deduction,3,count_only,0.78,0.3538466706796383
model_family,Llama,huggyllama/llama-7b,Llama,logical_deduction,5,count_only,0.224,0.19163219368710657
model_family,Llama,huggyllama/llama-13b,Llama,logical_deduction,5,count_only,0.2984,0.19163219368710657
model_family,Llama,huggyllama/llama-30b,Llama,logical_deduction,5,count_only,0.4264,0.19163219368710657
model_family,Llama,huggyllama/llama-65b,Llama,logical_deduction,5,count_only,0.452,0.19163219368710657
model_family,Llama,huggyllama/llama-7b,Llama,logical_deduction,7,count_only,0.152,0.12015825474186043
model_family,Llama,huggyllama/llama-13b,Llama,logical_deduction,7,count_only,0.192,0.12015825474186043
model_family,Llama,huggyllama/llama-30b,Llama,logical_deduction,7,count_only,0.3114285714285714,0.12015825474186043
model_family,Llama,huggyllama/llama-65b,Llama,logical_deduction,7,count_only,0.424,0.12015825474186043
model_family,Llama,huggyllama/llama-7b,Llama,tracking_shuffled_objects,3,count_only,0.364,0.3538466706796383
model_family,Llama,huggyllama/llama-13b,Llama,tracking_shuffled_objects,3,count_only,0.344,0.3538466706796383
model_family,Llama,huggyllama/llama-30b,Llama,tracking_shuffled_objects,3,count_only,0.292,0.3538466706796383
model_family,Llama,huggyllama/llama-65b,Llama,tracking_shuffled_objects,3,count_only,0.52,0.3538466706796383
model_family,Llama,huggyllama/llama-7b,Llama,tracking_shuffled_objects,5,count_only,0.192,0.19163219368710657
model_family,Llama,huggyllama/llama-13b,Llama,tracking_shuffled_objects,5,count_only,0.164,0.19163219368710657
model_family,Llama,huggyllama/llama-30b,Llama,tracking_shuffled_objects,5,count_only,0.208,0.19163219368710657
model_family,Llama,huggyllama/llama-65b,Llama,tracking_shuffled_objects,5,count_only,0.408,0.19163219368710657
model_family,Llama,huggyllama/llama-7b,Llama,tracking_shuffled_objects,7,count_only,0.096,0.12015825474186043
model_family,Llama,huggyllama/llama-13b,Llama,tracking_shuffled_objects,7,count_only,0.076,0.12015825474186043
model_family,Llama,huggyllama/llama-30b,Llama,tracking_shuffled_objects,7,count_only,0.148,0.12015825474186043
model_family,Llama,huggyllama/llama-65b,Llama,tracking_shuffled_objects,7,count_only,0.308,0.12015825474186043
model_family,Llama,huggyllama/llama-7b,Llama,logical_deduction,3,PC3_count_additive,0.416,0.4340280542567994
model_family,Llama,huggyllama/llama-13b,Llama,logical_deduction,3,PC3_count_additive,0.464,0.49831479837857656
model_family,Llama,huggyllama/llama-30b,Llama,logical_deduction,3,PC3_count_additive,0.684,0.5670184815799854
model_family,Llama,huggyllama/llama-65b,Llama,logical_deduction,3,PC3_count_additive,0.78,0.6159924434598869
model_family,Llama,huggyllama/llama-7b,Llama,logical_deduction,5,PC3_count_additive,0.224,0.24923406071680917
model_family,Llama,huggyllama/llama-13b,Llama,logical_deduction,5,PC3_count_additive,0.2984,0.3006915406770894
model_family,Llama,huggyllama/llama-30b,Llama,logical_deduction,5,PC3_count_additive,0.4264,0.36179788795961376
model_family,Llama,huggyllama/llama-65b,Llama,logical_deduction,5,PC3_count_additive,0.452,0.4098238359522237
model_family,Llama,huggyllama/llama-7b,Llama,logical_deduction,7,PC3_count_additive,0.152,0.1605428444438163
model_family,Llama,huggyllama/llama-13b,Llama,logical_deduction,7,PC3_count_additive,0.192,0.19853115140934627
model_family,Llama,huggyllama/llama-30b,Llama,logical_deduction,7,PC3_count_additive,0.3114285714285714,0.2461852407097336
model_family,Llama,huggyllama/llama-65b,Llama,logical_deduction,7,PC3_count_additive,0.424,0.2857354997189337
model_family,Llama,huggyllama/llama-7b,Llama,tracking_shuffled_objects,3,PC3_count_additive,0.364,0.4340280542567994
model_family,Llama,huggyllama/llama-13b,Llama,tracking_shuffled_objects,3,PC3_count_additive,0.344,0.49831479837857656
model_family,Llama,huggyllama/llama-30b,Llama,tracking_shuffled_objects,3,PC3_count_additive,0.292,0.5670184815799854
model_family,Llama,huggyllama/llama-65b,Llama,tracking_shuffled_objects,3,PC3_count_additive,0.52,0.6159924434598869
model_family,Llama,huggyllama/llama-7b,Llama,tracking_shuffled_objects,5,PC3_count_additive,0.192,0.24923406071680917
model_family,Llama,huggyllama/llama-13b,Llama,tracking_shuffled_objects,5,PC3_count_additive,0.164,0.3006915406770894
model_family,Llama,huggyllama/llama-30b,Llama,tracking_shuffled_objects,5,PC3_count_additive,0.208,0.36179788795961376
model_family,Llama,huggyllama/llama-65b,Llama,tracking_shuffled_objects,5,PC3_count_additive,0.408,0.4098238359522237
model_family,Llama,huggyllama/llama-7b,Llama,tracking_shuffled_objects,7,PC3_count_additive,0.096,0.1605428444438163
model_family,Llama,huggyllama/llama-13b,Llama,tracking_shuffled_objects,7,PC3_count_additive,0.076,0.19853115140934627
model_family,Llama,huggyllama/llama-30b,Llama,tracking_shuffled_objects,7,PC3_count_additive,0.148,0.2461852407097336
model_family,Llama,huggyllama/llama-65b,Llama,tracking_shuffled_objects,7,PC3_count_additive,0.308,0.2857354997189337
model_family,Llama,huggyllama/llama-7b,Llama,logical_deduction,3,PC3_chance_floor,0.416,0.3521727287069729
model_family,Llama,huggyllama/llama-13b,Llama,logical_deduction,3,PC3_chance_floor,0.464,0.36993578335069804
model_family,Llama,huggyllama/llama-30b,Llama,logical_deduction,3,PC3_chance_floor,0.684,0.4014894681721006
model_family,Llama,huggyllama/llama-65b,Llama,logical_deduction,3,PC3_chance_floor,0.78,0.44033264528647886
model_family,Llama,huggyllama/llama-7b,Llama,logical_deduction,5,PC3_chance_floor,0.224,0.2226072744483675
model_family,Llama,huggyllama/llama-13b,Llama,logical_deduction,5,PC3_chance_floor,0.2984,0.24392294002083767
model_family,Llama,huggyllama/llama-30b,Llama,logical_deduction,5,PC3_chance_floor,0.4264,0.2817873618065208
model_family,Llama,huggyllama/llama-65b,Llama,logical_deduction,5,PC3_chance_floor,0.452,0.32839917434377464
model_family,Llama,huggyllama/llama-7b,Llama,logical_deduction,7,PC3_chance_floor,0.152,0.1670792226232509
model_family,Llama,huggyllama/llama-13b,Llama,logical_deduction,7,PC3_chance_floor,0.192,0.18991743573661177
model_family,Llama,huggyllama/llama-30b,Llama,logical_deduction,7,PC3_chance_floor,0.3114285714285714,0.23048645907841514
model_family,Llama,huggyllama/llama-65b,Llama,logical_deduction,7,PC3_chance_floor,0.424,0.2804276867969014
model_family,Llama,huggyllama/llama-7b,Llama,tracking_shuffled_objects,3,PC3_chance_floor,0.364,0.3521727287069729
model_family,Llama,huggyllama/llama-13b,Llama,tracking_shuffled_objects,3,PC3_chance_floor,0.344,0.36993578335069804
model_family,Llama,huggyllama/llama-30b,Llama,tracking_shuffled_objects,3,PC3_chance_floor,0.292,0.4014894681721006
model_family,Llama,huggyllama/llama-65b,Llama,tracking_shuffled_objects,3,PC3_chance_floor,0.52,0.44033264528647886
model_family,Llama,huggyllama/llama-7b,Llama,tracking_shuffled_objects,5,PC3_chance_floor,0.192,0.2226072744483675
model_family,Llama,huggyllama/llama-13b,Llama,tracking_shuffled_objects,5,PC3_chance_floor,0.164,0.24392294002083767
model_family,Llama,huggyllama/llama-30b,Llama,tracking_shuffled_objects,5,PC3_chance_floor,0.208,0.2817873618065208
model_family,Llama,huggyllama/llama-65b,Llama,tracking_shuffled_objects,5,PC3_chance_floor,0.408,0.32839917434377464
model_family,Llama,huggyllama/llama-7b,Llama,tracking_shuffled_objects,7,PC3_chance_floor,0.096,0.1670792226232509
model_family,Llama,huggyllama/llama-13b,Llama,tracking_shuffled_objects,7,PC3_chance_floor,0.076,0.18991743573661177
model_family,Llama,huggyllama/llama-30b,Llama,tracking_shuffled_objects,7,PC3_chance_floor,0.148,0.23048645907841514
model_family,Llama,huggyllama/llama-65b,Llama,tracking_shuffled_objects,7,PC3_chance_floor,0.308,0.2804276867969014
model_family,Llama-2,meta-llama/Llama-2-7b-hf,Llama-2,logical_deduction,3,pooled_mean,0.544,0.26981142857142854
model_family,Llama-2,meta-llama/Llama-2-13b-hf,Llama-2,logical_deduction,3,pooled_mean,0.652,0.26981142857142854
model_family,Llama-2,meta-llama/Llama-2-70b-hf,Llama-2,logical_deduction,3,pooled_mean,0.856,0.26981142857142854
model_family,Llama-2,meta-llama/Llama-2-7b-hf,Llama-2,logical_deduction,5,pooled_mean,0.3136,0.26981142857142854
model_family,Llama-2,meta-llama/Llama-2-13b-hf,Llama-2,logical_deduction,5,pooled_mean,0.4648,0.26981142857142854
model_family,Llama-2,meta-llama/Llama-2-70b-hf,Llama-2,logical_deduction,5,pooled_mean,0.56,0.26981142857142854
model_family,Llama-2,meta-llama/Llama-2-7b-hf,Llama-2,logical_deduction,7,pooled_mean,0.2497142857142857,0.26981142857142854
model_family,Llama-2,meta-llama/Llama-2-13b-hf,Llama-2,logical_deduction,7,pooled_mean,0.4217142857142857,0.26981142857142854
model_family,Llama-2,meta-llama/Llama-2-70b-hf,Llama-2,logical_deduction,7,pooled_mean,0.4531428571428572,0.26981142857142854
model_family,Llama-2,meta-llama/Llama-2-7b-hf,Llama-2,tracking_shuffled_objects,3,pooled_mean,0.328,0.26981142857142854
model_family,Llama-2,meta-llama/Llama-2-13b-hf,Llama-2,tracking_shuffled_objects,3,pooled_mean,0.36,0.26981142857142854
model_family,Llama-2,meta-llama/Llama-2-70b-hf,Llama-2,tracking_shuffled_objects,3,pooled_mean,0.708,0.26981142857142854
model_family,Llama-2,meta-llama/Llama-2-7b-hf,Llama-2,tracking_shuffled_objects,5,pooled_mean,0.164,0.26981142857142854
model_family,Llama-2,meta-llama/Llama-2-13b-hf,Llama-2,tracking_shuffled_objects,5,pooled_mean,0.212,0.26981142857142854
model_family,Llama-2,meta-llama/Llama-2-70b-hf,Llama-2,tracking_shuffled_objects,5,pooled_mean,0.712,0.26981142857142854
model_family,Llama-2,meta-llama/Llama-2-7b-hf,Llama-2,tracking_shuffled_objects,7,pooled_mean,0.152,0.26981142857142854
model_family,Llama-2,meta-llama/Llama-2-13b-hf,Llama-2,tracking_shuffled_objects,7,pooled_mean,0.168,0.26981142857142854
model_family,Llama-2,meta-llama/Llama-2-70b-hf,Llama-2,tracking_shuffled_objects,7,pooled_mean,0.62,0.26981142857142854
model_family,Llama-2,meta-llama/Llama-2-7b-hf,Llama-2,logical_deduction,3,task_family_mean,0.544,0.29388589569160994
model_family,Llama-2,meta-llama/Llama-2-13b-hf,Llama-2,logical_deduction,3,task_family_mean,0.652,0.29388589569160994
model_family,Llama-2,meta-llama/Llama-2-70b-hf,Llama-2,logical_deduction,3,task_family_mean,0.856,0.29388589569160994
model_family,Llama-2,meta-llama/Llama-2-7b-hf,Llama-2,logical_deduction,5,task_family_mean,0.3136,0.29388589569160994
model_family,Llama-2,meta-llama/Llama-2-13b-hf,Llama-2,logical_deduction,5,task_family_mean,0.4648,0.29388589569160994
model_family,Llama-2,meta-llama/Llama-2-70b-hf,Llama-2,logical_deduction,5,task_family_mean,0.56,0.29388589569160994
model_family,Llama-2,meta-llama/Llama-2-7b-hf,Llama-2,logical_deduction,7,task_family_mean,0.2497142857142857,0.29388589569160994
model_family,Llama-2,meta-llama/Llama-2-13b-hf,Llama-2,logical_deduction,7,task_family_mean,0.4217142857142857,0.29388589569160994
model_family,Llama-2,meta-llama/Llama-2-70b-hf,Llama-2,logical_deduction,7,task_family_mean,0.4531428571428572,0.29388589569160994
model_family,Llama-2,meta-llama/Llama-2-7b-hf,Llama-2,tracking_shuffled_objects,3,task_family_mean,0.328,0.24573696145124718
model_family,Llama-2,meta-llama/Llama-2-13b-hf,Llama-2,tracking_shuffled_objects,3,task_family_mean,0.36,0.24573696145124718
model_family,Llama-2,meta-llama/Llama-2-70b-hf,Llama-2,tracking_shuffled_objects,3,task_family_mean,0.708,0.24573696145124718
model_family,Llama-2,meta-llama/Llama-2-7b-hf,Llama-2,tracking_shuffled_objects,5,task_family_mean,0.164,0.24573696145124718
model_family,Llama-2,meta-llama/Llama-2-13b-hf,Llama-2,tracking_shuffled_objects,5,task_family_mean,0.212,0.24573696145124718
model_family,Llama-2,meta-llama/Llama-2-70b-hf,Llama-2,tracking_shuffled_objects,5,task_family_mean,0.712,0.24573696145124718
model_family,Llama-2,meta-llama/Llama-2-7b-hf,Llama-2,tracking_shuffled_objects,7,task_family_mean,0.152,0.24573696145124718
model_family,Llama-2,meta-llama/Llama-2-13b-hf,Llama-2,tracking_shuffled_objects,7,task_family_mean,0.168,0.24573696145124718
model_family,Llama-2,meta-llama/Llama-2-70b-hf,Llama-2,tracking_shuffled_objects,7,task_family_mean,0.62,0.24573696145124718
model_family,Llama-2,meta-llama/Llama-2-7b-hf,Llama-2,logical_deduction,3,PC1,0.544,0.27450100968567637
model_family,Llama-2,meta-llama/Llama-2-13b-hf,Llama-2,logical_deduction,3,PC1,0.652,0.31402275122996837
model_family,Llama-2,meta-llama/Llama-2-70b-hf,Llama-2,logical_deduction,3,PC1,0.856,0.4617612692718416
model_family,Llama-2,meta-llama/Llama-2-7b-hf,Llama-2,logical_deduction,5,PC1,0.3136,0.27450100968567637
model_family,Llama-2,meta-llama/Llama-2-13b-hf,Llama-2,logical_deduction,5,PC1,0.4648,0.31402275122996837
model_family,Llama-2,meta-llama/Llama-2-70b-hf,Llama-2,logical_deduction,5,PC1,0.56,0.4617612692718416
model_family,Llama-2,meta-llama/Llama-2-7b-hf,Llama-2,logical_deduction,7,PC1,0.2497142857142857,0.27450100968567637
model_family,Llama-2,meta-llama/Llama-2-13b-hf,Llama-2,logical_deduction,7,PC1,0.4217142857142857,0.31402275122996837
model_family,Llama-2,meta-llama/Llama-2-70b-hf,Llama-2,logical_deduction,7,PC1,0.4531428571428572,0.4617612692718416
model_family,Llama-2,meta-llama/Llama-2-7b-hf,Llama-2,tracking_shuffled_objects,3,PC1,0.328,0.27450100968567637
model_family,Llama-2,meta-llama/Llama-2-13b-hf,Llama-2,tracking_shuffled_objects,3,PC1,0.36,0.31402275122996837
model_family,Llama-2,meta-llama/Llama-2-70b-hf,Llama-2,tracking_shuffled_objects,3,PC1,0.708,0.4617612692718416
model_family,Llama-2,meta-llama/Llama-2-7b-hf,Llama-2,tracking_shuffled_objects,5,PC1,0.164,0.27450100968567637
model_family,Llama-2,meta-llama/Llama-2-13b-hf,Llama-2,tracking_shuffled_objects,5,PC1,0.212,0.31402275122996837
model_family,Llama-2,meta-llama/Llama-2-70b-hf,Llama-2,tracking_shuffled_objects,5,PC1,0.712,0.4617612692718416
model_family,Llama-2,meta-llama/Llama-2-7b-hf,Llama-2,tracking_shuffled_objects,7,PC1,0.152,0.27450100968567637
model_family,Llama-2,meta-llama/Llama-2-13b-hf,Llama-2,tracking_shuffled_objects,7,PC1,0.168,0.31402275122996837
model_family,Llama-2,meta-llama/Llama-2-70b-hf,Llama-2,tracking_shuffled_objects,7,PC1,0.62,0.4617612692718416
model_family,Llama-2,meta-llama/Llama-2-7b-hf,Llama-2,logical_deduction,3,PC3,0.544,0.2900448943141541
model_family,Llama-2,meta-llama/Llama-2-13b-hf,Llama-2,logical_deduction,3,PC3,0.652,0.34082998570885076
model_family,Llama-2,meta-llama/Llama-2-70b-hf,Llama-2,logical_deduction,3,PC3,0.856,0.46495301437200526
model_family,Llama-2,meta-llama/Llama-2-7b-hf,Llama-2,logical_deduction,5,PC3,0.3136,0.2900448943141541
model_family,Llama-2,meta-llama/Llama-2-13b-hf,Llama-2,logical_deduction,5,PC3,0.4648,0.34082998570885076
model_family,Llama-2,meta-llama/Llama-2-70b-hf,Llama-2,logical_deduction,5,PC3,0.56,0.46495301437200526
model_family,Llama-2,meta-llama/Llama-2-7b-hf,Llama-2,logical_deduction,7,PC3,0.2497142857142857,0.2900448943141541
model_family,Llama-2,meta-llama/Llama-2-13b-hf,Llama-2,logical_deduction,7,PC3,0.4217142857142857,0.34082998570885076
model_family,Llama-2,meta-llama/Llama-2-70b-hf,Llama-2,logical_deduction,7,PC3,0.4531428571428572,0.46495301437200526
model_family,Llama-2,meta-llama/Llama-2-7b-hf,Llama-2,tracking_shuffled_objects,3,PC3,0.328,0.2900448943141541
model_family,Llama-2,meta-llama/Llama-2-13b-hf,Llama-2,tracking_shuffled_objects,3,PC3,0.36,0.34082998570885076
model_family,Llama-2,meta-llama/Llama-2-70b-hf,Llama-2,tracking_shuffled_objects,3,PC3,0.708,0.46495301437200526
model_family,Llama-2,meta-llama/Llama-2-7b-hf,Llama-2,tracking_shuffled_objects,5,PC3,0.164,0.2900448943141541
model_family,Llama-2,meta-llama/Llama-2-13b-hf,Llama-2,tracking_shuffled_objects,5,PC3,0.212,0.34082998570885076
model_family,Llama-2,meta-llama/Llama-2-70b-hf,Llama-2,tracking_shuffled_objects,5,PC3,0.712,0.46495301437200526
model_family,Llama-2,meta-llama/Llama-2-7b-hf,Llama-2,tracking_shuffled_objects,7,PC3,0.152,0.2900448943141541
model_family,Llama-2,meta-llama/Llama-2-13b-hf,Llama-2,tracking_shuffled_objects,7,PC3,0.168,0.34082998570885076
model_family,Llama-2,meta-llama/Llama-2-70b-hf,Llama-2,tracking_shuffled_objects,7,PC3,0.62,0.46495301437200526
model_family,Llama-2,meta-llama/Llama-2-7b-hf,Llama-2,logical_deduction,3,PC3_count,0.544,0.4645692398187323
model_family,Llama-2,meta-llama/Llama-2-13b-hf,Llama-2,logical_deduction,3,PC3_count,0.652,0.5262979380376559
model_family,Llama-2,meta-llama/Llama-2-70b-hf,Llama-2,logical_deduction,3,PC3_count,0.856,0.6790207427149486
model_family,Llama-2,meta-llama/Llama-2-7b-hf,Llama-2,logical_deduction,5,PC3_count,0.3136,0.2705446339539939
model_family,Llama-2,meta-llama/Llama-2-13b-hf,Llama-2,logical_deduction,5,PC3_count,0.4648,0.31912574189045406
model_family,Llama-2,meta-llama/Llama-2-70b-hf,Llama-2,logical_deduction,5,PC3_count,0.56,0.43668289855357434
model_family,Llama-2,meta-llama/Llama-2-7b-hf,Llama-2,logical_deduction,7,PC3_count,0.2497142857142857,0.17484433504707364
model_family,Llama-2,meta-llama/Llama-2-13b-hf,Llama-2,logical_deduction,7,PC3_count,0.4217142857142857,0.20977377077446596
model_family,Llama-2,meta-llama/Llama-2-70b-hf,Llama-2,logical_deduction,7,PC3_count,0.4531428571428572,0.2857951766701044
model_family,Llama-2,meta-llama/Llama-2-7b-hf,Llama-2,tracking_shuffled_objects,3,PC3_count,0.328,0.4645692398187323
model_family,Llama-2,meta-llama/Llama-2-13b-hf,Llama-2,tracking_shuffled_objects,3,PC3_count,0.36,0.5262979380376559
model_family,Llama-2,meta-llama/Llama-2-70b-hf,Llama-2,tracking_shuffled_objects,3,PC3_count,0.708,0.6790207427149486
model_family,Llama-2,meta-llama/Llama-2-7b-hf,Llama-2,tracking_shuffled_objects,5,PC3_count,0.164,0.2705446339539939
model_family,Llama-2,meta-llama/Llama-2-13b-hf,Llama-2,tracking_shuffled_objects,5,PC3_count,0.212,0.31912574189045406
model_family,Llama-2,meta-llama/Llama-2-70b-hf,Llama-2,tracking_shuffled_objects,5,PC3_count,0.712,0.43668289855357434
model_family,Llama-2,meta-llama/Llama-2-7b-hf,Llama-2,tracking_shuffled_objects,7,PC3_count,0.152,0.17484433504707364
model_family,Llama-2,meta-llama/Llama-2-13b-hf,Llama-2,tracking_shuffled_objects,7,PC3_count,0.168,0.20977377077446596
model_family,Llama-2,meta-llama/Llama-2-70b-hf,Llama-2,tracking_shuffled_objects,7,PC3_count,0.62,0.2857951766701044
model_family,Llama-2,meta-llama/Llama-2-7b-hf,Llama-2,logical_deduction,3,count_only,0.544,0.35180803972098484
model_family,Llama-2,meta-llama/Llama-2-13b-hf,Llama-2,logical_deduction,3,count_only,0.652,0.35180803972098484
model_family,Llama-2,meta-llama/Llama-2-70b-hf,Llama-2,logical_deduction,3,count_only,0.856,0.35180803972098484
model_family,Llama-2,meta-llama/Llama-2-7b-hf,Llama-2,logical_deduction,5,count_only,0.3136,0.18918547881102313
model_family,Llama-2,meta-llama/Llama-2-13b-hf,Llama-2,logical_deduction,5,count_only,0.4648,0.18918547881102313
model_family,Llama-2,meta-llama/Llama-2-70b-hf,Llama-2,logical_deduction,5,count_only,0.56,0.18918547881102313
model_family,Llama-2,meta-llama/Llama-2-7b-hf,Llama-2,logical_deduction,7,count_only,0.2497142857142857,0.11801342180581134
model_family,Llama-2,meta-llama/Llama-2-13b-hf,Llama-2,logical_deduction,7,count_only,0.4217142857142857,0.11801342180581134
model_family,Llama-2,meta-llama/Llama-2-70b-hf,Llama-2,logical_deduction,7,count_only,0.4531428571428572,0.11801342180581134
model_family,Llama-2,meta-llama/Llama-2-7b-hf,Llama-2,tracking_shuffled_objects,3,count_only,0.328,0.35180803972098484
model_family,Llama-2,meta-llama/Llama-2-13b-hf,Llama-2,tracking_shuffled_objects,3,count_only,0.36,0.35180803972098484
model_family,Llama-2,meta-llama/Llama-2-70b-hf,Llama-2,tracking_shuffled_objects,3,count_only,0.708,0.35180803972098484
model_family,Llama-2,meta-llama/Llama-2-7b-hf,Llama-2,tracking_shuffled_objects,5,count_only,0.164,0.18918547881102313
model_family,Llama-2,meta-llama/Llama-2-13b-hf,Llama-2,tracking_shuffled_objects,5,count_only,0.212,0.18918547881102313
model_family,Llama-2,meta-llama/Llama-2-70b-hf,Llama-2,tracking_shuffled_objects,5,count_only,0.712,0.18918547881102313
model_family,Llama-2,meta-llama/Llama-2-7b-hf,Llama-2,tracking_shuffled_objects,7,count_only,0.152,0.11801342180581134
model_family,Llama-2,meta-llama/Llama-2-13b-hf,Llama-2,tracking_shuffled_objects,7,count_only,0.168,0.11801342180581134
model_family,Llama-2,meta-llama/Llama-2-70b-hf,Llama-2,tracking_shuffled_objects,7,count_only,0.62,0.11801342180581134
model_family,Llama-2,meta-llama/Llama-2-7b-hf,Llama-2,logical_deduction,3,PC3_count_additive,0.544,0.46331515958082903
model_family,Llama-2,meta-llama/Llama-2-13b-hf,Llama-2,logical_deduction,3,PC3_count_additive,0.652,0.522126735221689
model_family,Llama-2,meta-llama/Llama-2-70b-hf,Llama-2,logical_deduction,3,PC3_count_additive,0.856,0.6474260718957086
model_family,Llama-2,meta-llama/Llama-2-7b-hf,Llama-2,logical_deduction,5,PC3_count_additive,0.3136,0.27067240820312105
model_family,Llama-2,meta-llama/Llama-2-13b-hf,Llama-2,logical_deduction,5,PC3_count_additive,0.4648,0.3195924354879801
model_family,Llama-2,meta-llama/Llama-2-70b-hf,Llama-2,logical_deduction,5,PC3_count_additive,0.56,0.44115744926106043
model_family,Llama-2,meta-llama/Llama-2-7b-hf,Llama-2,logical_deduction,7,PC3_count_additive,0.2497142857142857,0.17547935302688944
model_family,Llama-2,meta-llama/Llama-2-13b-hf,Llama-2,logical_deduction,7,PC3_count_additive,0.4217142857142857,0.2122004238947912
model_family,Llama-2,meta-llama/Llama-2-70b-hf,Llama-2,logical_deduction,7,PC3_count_additive,0.4531428571428572,0.31162504692785103
model_family,Llama-2,meta-llama/Llama-2-7b-hf,Llama-2,tracking_shuffled_objects,3,PC3_count_additive,0.328,0.46331515958082903
model_family,Llama-2,meta-llama/Llama-2-13b-hf,Llama-2,tracking_shuffled_objects,3,PC3_count_additive,0.36,0.522126735221689
model_family,Llama-2,meta-llama/Llama-2-70b-hf,Llama-2,tracking_shuffled_objects,3,PC3_count_additive,0.708,0.6474260718957086
model_family,Llama-2,meta-llama/Llama-2-7b-hf,Llama-2,tracking_shuffled_objects,5,PC3_count_additive,0.164,0.27067240820312105
model_family,Llama-2,meta-llama/Llama-2-13b-hf,Llama-2,tracking_shuffled_objects,5,PC3_count_additive,0.212,0.3195924354879801
model_family,Llama-2,meta-llama/Llama-2-70b-hf,Llama-2,tracking_shuffled_objects,5,PC3_count_additive,0.712,0.44115744926106043
model_family,Llama-2,meta-llama/Llama-2-7b-hf,Llama-2,tracking_shuffled_objects,7,PC3_count_additive,0.152,0.17547935302688944
model_family,Llama-2,meta-llama/Llama-2-13b-hf,Llama-2,tracking_shuffled_objects,7,PC3_count_additive,0.168,0.2122004238947912
model_family,Llama-2,meta-llama/Llama-2-70b-hf,Llama-2,tracking_shuffled_objects,7,PC3_count_additive,0.62,0.31162504692785103
model_family,Llama-2,meta-llama/Llama-2-7b-hf,Llama-2,logical_deduction,3,PC3_chance_floor,0.544,0.3650827237539239
model_family,Llama-2,meta-llama/Llama-2-13b-hf,Llama-2,logical_deduction,3,PC3_chance_floor,0.652,0.3750314452112495
model_family,Llama-2,meta-llama/Llama-2-70b-hf,Llama-2,logical_deduction,3,PC3_chance_floor,0.856,0.4896161500786136
model_family,Llama-2,meta-llama/Llama-2-7b-hf,Llama-2,logical_deduction,5,PC3_chance_floor,0.3136,0.23809926850470872
model_family,Llama-2,meta-llama/Llama-2-13b-hf,Llama-2,logical_deduction,5,PC3_chance_floor,0.4648,0.2500377342534994
model_family,Llama-2,meta-llama/Llama-2-70b-hf,Llama-2,logical_deduction,5,PC3_chance_floor,0.56,0.3875393800943363
model_family,Llama-2,meta-llama/Llama-2-7b-hf,Llama-2,logical_deduction,7,PC3_chance_floor,0.2497142857142857,0.18367778768361645
model_family,Llama-2,meta-llama/Llama-2-13b-hf,Llama-2,logical_deduction,7,PC3_chance_floor,0.4217142857142857,0.1964690009858922
model_family,Llama-2,meta-llama/Llama-2-70b-hf,Llama-2,logical_deduction,7,PC3_chance_floor,0.4531428571428572,0.34379219295821745
model_family,Llama-2,meta-llama/Llama-2-7b-hf,Llama-2,tracking_shuffled_objects,3,PC3_chance_floor,0.328,0.3650827237539239
model_family,Llama-2,meta-llama/Llama-2-13b-hf,Llama-2,tracking_shuffled_objects,3,PC3_chance_floor,0.36,0.3750314452112495
model_family,Llama-2,meta-llama/Llama-2-70b-hf,Llama-2,tracking_shuffled_objects,3,PC3_chance_floor,0.708,0.4896161500786136
model_family,Llama-2,meta-llama/Llama-2-7b-hf,Llama-2,tracking_shuffled_objects,5,PC3_chance_floor,0.164,0.23809926850470872
model_family,Llama-2,meta-llama/Llama-2-13b-hf,Llama-2,tracking_shuffled_objects,5,PC3_chance_floor,0.212,0.2500377342534994
model_family,Llama-2,meta-llama/Llama-2-70b-hf,Llama-2,tracking_shuffled_objects,5,PC3_chance_floor,0.712,0.3875393800943363
model_family,Llama-2,meta-llama/Llama-2-7b-hf,Llama-2,tracking_shuffled_objects,7,PC3_chance_floor,0.152,0.18367778768361645
model_family,Llama-2,meta-llama/Llama-2-13b-hf,Llama-2,tracking_shuffled_objects,7,PC3_chance_floor,0.168,0.1964690009858922
model_family,Llama-2,meta-llama/Llama-2-70b-hf,Llama-2,tracking_shuffled_objects,7,PC3_chance_floor,0.62,0.34379219295821745
model_family,MPT,mosaicml/mpt-30b,MPT,logical_deduction,3,pooled_mean,0.592,0.27650918846411804
model_family,MPT,mosaicml/mpt-7b,MPT,logical_deduction,3,pooled_mean,0.432,0.27650918846411804
model_family,MPT,mosaicml/mpt-30b,MPT,logical_deduction,5,pooled_mean,0.3904,0.27650918846411804
model_family,MPT,mosaicml/mpt-7b,MPT,logical_deduction,5,pooled_mean,0.2976,0.27650918846411804
model_family,MPT,mosaicml/mpt-30b,MPT,logical_deduction,7,pooled_mean,0.3257142857142857,0.27650918846411804
model_family,MPT,mosaicml/mpt-7b,MPT,logical_deduction,7,pooled_mean,0.1851428571428571,0.27650918846411804
model_family,MPT,mosaicml/mpt-30b,MPT,tracking_shuffled_objects,3,pooled_mean,0.336,0.27650918846411804
model_family,MPT,mosaicml/mpt-7b,MPT,tracking_shuffled_objects,3,pooled_mean,0.324,0.27650918846411804
model_family,MPT,mosaicml/mpt-30b,MPT,tracking_shuffled_objects,5,pooled_mean,0.236,0.27650918846411804
model_family,MPT,mosaicml/mpt-7b,MPT,tracking_shuffled_objects,5,pooled_mean,0.172,0.27650918846411804
model_family,MPT,mosaicml/mpt-30b,MPT,tracking_shuffled_objects,7,pooled_mean,0.156,0.27650918846411804
model_family,MPT,mosaicml/mpt-7b,MPT,tracking_shuffled_objects,7,pooled_mean,0.02,0.27650918846411804
model_family,MPT,mosaicml/mpt-30b,MPT,logical_deduction,3,task_family_mean,0.592,0.30050775765705345
model_family,MPT,mosaicml/mpt-7b,MPT,logical_deduction,3,task_family_mean,0.432,0.30050775765705345
model_family,MPT,mosaicml/mpt-30b,MPT,logical_deduction,5,task_family_mean,0.3904,0.30050775765705345
model_family,MPT,mosaicml/mpt-7b,MPT,logical_deduction,5,task_family_mean,0.2976,0.30050775765705345
model_family,MPT,mosaicml/mpt-30b,MPT,logical_deduction,7,task_family_mean,0.3257142857142857,0.30050775765705345
model_family,MPT,mosaicml/mpt-7b,MPT,logical_deduction,7,task_family_mean,0.1851428571428571,0.30050775765705345
model_family,MPT,mosaicml/mpt-30b,MPT,tracking_shuffled_objects,3,task_family_mean,0.336,0.2525106192711827
model_family,MPT,mosaicml/mpt-7b,MPT,tracking_shuffled_objects,3,task_family_mean,0.324,0.2525106192711827
model_family,MPT,mosaicml/mpt-30b,MPT,tracking_shuffled_objects,5,task_family_mean,0.236,0.2525106192711827
model_family,MPT,mosaicml/mpt-7b,MPT,tracking_shuffled_objects,5,task_family_mean,0.172,0.2525106192711827
model_family,MPT,mosaicml/mpt-30b,MPT,tracking_shuffled_objects,7,task_family_mean,0.156,0.2525106192711827
model_family,MPT,mosaicml/mpt-7b,MPT,tracking_shuffled_objects,7,task_family_mean,0.02,0.2525106192711827
model_family,MPT,mosaicml/mpt-30b,MPT,logical_deduction,3,PC1,0.592,0.29871519211388015
model_family,MPT,mosaicml/mpt-7b,MPT,logical_deduction,3,PC1,0.432,0.21528693040113386
model_family,MPT,mosaicml/mpt-30b,MPT,logical_deduction,5,PC1,0.3904,0.29871519211388015
model_family,MPT,mosaicml/mpt-7b,MPT,logical_deduction,5,PC1,0.2976,0.21528693040113386
model_family,MPT,mosaicml/mpt-30b,MPT,logical_deduction,7,PC1,0.3257142857142857,0.29871519211388015
model_family,MPT,mosaicml/mpt-7b,MPT,logical_deduction,7,PC1,0.1851428571428571,0.21528693040113386
model_family,MPT,mosaicml/mpt-30b,MPT,tracking_shuffled_objects,3,PC1,0.336,0.29871519211388015
model_family,MPT,mosaicml/mpt-7b,MPT,tracking_shuffled_objects,3,PC1,0.324,0.21528693040113386
model_family,MPT,mosaicml/mpt-30b,MPT,tracking_shuffled_objects,5,PC1,0.236,0.29871519211388015
model_family,MPT,mosaicml/mpt-7b,MPT,tracking_shuffled_objects,5,PC1,0.172,0.21528693040113386
model_family,MPT,mosaicml/mpt-30b,MPT,tracking_shuffled_objects,7,PC1,0.156,0.29871519211388015
model_family,MPT,mosaicml/mpt-7b,MPT,tracking_shuffled_objects,7,PC1,0.02,0.21528693040113386
model_family,MPT,mosaicml/mpt-30b,MPT,logical_deduction,3,PC3,0.592,0.32630275121077773
model_family,MPT,mosaicml/mpt-7b,MPT,logical_deduction,3,PC3,0.432,0.2496985078220983
model_family,MPT,mosaicml/mpt-30b,MPT,logical_deduction,5,PC3,0.3904,0.32630275121077773
model_family,MPT,mosaicml/mpt-7b,MPT,logical_deduction,5,PC3,0.2976,0.2496985078220983
model_family,MPT,mosaicml/mpt-30b,MPT,logical_deduction,7,PC3,0.3257142857142857,0.32630275121077773
model_family,MPT,mosaicml/mpt-7b,MPT,logical_deduction,7,PC3,0.1851428571428571,0.2496985078220983
model_family,MPT,mosaicml/mpt-30b,MPT,tracking_shuffled_objects,3,PC3,0.336,0.32630275121077773
model_family,MPT,mosaicml/mpt-7b,MPT,tracking_shuffled_objects,3,PC3,0.324,0.2496985078220983
model_family,MPT,mosaicml/mpt-30b,MPT,tracking_shuffled_objects,5,PC3,0.236,0.32630275121077773
model_family,MPT,mosaicml/mpt-7b,MPT,tracking_shuffled_objects,5,PC3,0.172,0.2496985078220983
model_family,MPT,mosaicml/mpt-30b,MPT,tracking_shuffled_objects,7,PC3,0.156,0.32630275121077773
model_family,MPT,mosaicml/mpt-7b,MPT,tracking_shuffled_objects,7,PC3,0.02,0.2496985078220983
model_family,MPT,mosaicml/mpt-30b,MPT,logical_deduction,3,PC3_count,0.592,0.5084781285768186
model_family,MPT,mosaicml/mpt-7b,MPT,logical_deduction,3,PC3_count,0.432,0.3954376851123663
model_family,MPT,mosaicml/mpt-30b,MPT,logical_deduction,5,PC3_count,0.3904,0.3052591856862773
model_family,MPT,mosaicml/mpt-7b,MPT,logical_deduction,5,PC3_count,0.2976,0.23380178572730712
model_family,MPT,mosaicml/mpt-30b,MPT,logical_deduction,7,PC3_count,0.3257142857142857,0.19998250791021513
model_family,MPT,mosaicml/mpt-7b,MPT,logical_deduction,7,PC3_count,0.1851428571428571,0.15588319111351961
model_family,MPT,mosaicml/mpt-30b,MPT,tracking_shuffled_objects,3,PC3_count,0.336,0.5084781285768186
model_family,MPT,mosaicml/mpt-7b,MPT,tracking_shuffled_objects,3,PC3_count,0.324,0.3954376851123663
model_family,MPT,mosaicml/mpt-30b,MPT,tracking_shuffled_objects,5,PC3_count,0.236,0.3052591856862773
model_family,MPT,mosaicml/mpt-7b,MPT,tracking_shuffled_objects,5,PC3_count,0.172,0.23380178572730712
model_family,MPT,mosaicml/mpt-30b,MPT,tracking_shuffled_objects,7,PC3_count,0.156,0.19998250791021513
model_family,MPT,mosaicml/mpt-7b,MPT,tracking_shuffled_objects,7,PC3_count,0.02,0.15588319111351961
model_family,MPT,mosaicml/mpt-30b,MPT,logical_deduction,3,count_only,0.592,0.35854906873706555
model_family,MPT,mosaicml/mpt-7b,MPT,logical_deduction,3,count_only,0.432,0.35854906873706555
model_family,MPT,mosaicml/mpt-30b,MPT,logical_deduction,5,count_only,0.3904,0.19531976396980616
model_family,MPT,mosaicml/mpt-7b,MPT,logical_deduction,5,count_only,0.2976,0.19531976396980616
model_family,MPT,mosaicml/mpt-30b,MPT,logical_deduction,7,count_only,0.3257142857142857,0.12290099422984208
model_family,MPT,mosaicml/mpt-7b,MPT,logical_deduction,7,count_only,0.1851428571428571,0.12290099422984208
model_family,MPT,mosaicml/mpt-30b,MPT,tracking_shuffled_objects,3,count_only,0.336,0.35854906873706555
model_family,MPT,mosaicml/mpt-7b,MPT,tracking_shuffled_objects,3,count_only,0.324,0.35854906873706555
model_family,MPT,mosaicml/mpt-30b,MPT,tracking_shuffled_objects,5,count_only,0.236,0.19531976396980616
model_family,MPT,mosaicml/mpt-7b,MPT,tracking_shuffled_objects,5,count_only,0.172,0.19531976396980616
model_family,MPT,mosaicml/mpt-30b,MPT,tracking_shuffled_objects,7,count_only,0.156,0.12290099422984208
model_family,MPT,mosaicml/mpt-7b,MPT,tracking_shuffled_objects,7,count_only,0.02,0.12290099422984208
model_family,MPT,mosaicml/mpt-30b,MPT,logical_deduction,3,PC3_count_additive,0.592,0.503570590486679
model_family,MPT,mosaicml/mpt-7b,MPT,logical_deduction,3,PC3_count_additive,0.432,0.4107216059839182
model_family,MPT,mosaicml/mpt-30b,MPT,logical_deduction,5,PC3_count_additive,0.3904,0.3057939788985852
model_family,MPT,mosaicml/mpt-7b,MPT,logical_deduction,5,PC3_count_additive,0.2976,0.23234396540450042
model_family,MPT,mosaicml/mpt-30b,MPT,logical_deduction,7,PC3_count_additive,0.3257142857142857,0.20273442037586956
model_family,MPT,mosaicml/mpt-7b,MPT,logical_deduction,7,PC3_count_additive,0.1851428571428571,0.14873507289398988
model_family,MPT,mosaicml/mpt-30b,MPT,tracking_shuffled_objects,3,PC3_count_additive,0.336,0.503570590486679
model_family,MPT,mosaicml/mpt-7b,MPT,tracking_shuffled_objects,3,PC3_count_additive,0.324,0.4107216059839182
model_family,MPT,mosaicml/mpt-30b,MPT,tracking_shuffled_objects,5,PC3_count_additive,0.236,0.3057939788985852
model_family,MPT,mosaicml/mpt-7b,MPT,tracking_shuffled_objects,5,PC3_count_additive,0.172,0.23234396540450042
model_family,MPT,mosaicml/mpt-30b,MPT,tracking_shuffled_objects,7,PC3_count_additive,0.156,0.20273442037586956
model_family,MPT,mosaicml/mpt-7b,MPT,tracking_shuffled_objects,7,PC3_count_additive,0.02,0.14873507289398988
model_family,MPT,mosaicml/mpt-30b,MPT,logical_deduction,3,PC3_chance_floor,0.592,0.37220587455886567
model_family,MPT,mosaicml/mpt-7b,MPT,logical_deduction,3,PC3_chance_floor,0.432,0.3482928448513635
model_family,MPT,mosaicml/mpt-30b,MPT,logical_deduction,5,PC3_chance_floor,0.3904,0.2466470494706388
model_family,MPT,mosaicml/mpt-7b,MPT,logical_deduction,5,PC3_chance_floor,0.2976,0.21795141382163624
model_family,MPT,mosaicml/mpt-30b,MPT,logical_deduction,7,PC3_chance_floor,0.3257142857142857,0.1928361244328273
model_family,MPT,mosaicml/mpt-7b,MPT,logical_deduction,7,PC3_chance_floor,0.1851428571428571,0.16209080052318167
model_family,MPT,mosaicml/mpt-30b,MPT,tracking_shuffled_objects,3,PC3_chance_floor,0.336,0.37220587455886567
model_family,MPT,mosaicml/mpt-7b,MPT,tracking_shuffled_objects,3,PC3_chance_floor,0.324,0.3482928448513635
model_family,MPT,mosaicml/mpt-30b,MPT,tracking_shuffled_objects,5,PC3_chance_floor,0.236,0.2466470494706388
model_family,MPT,mosaicml/mpt-7b,MPT,tracking_shuffled_objects,5,PC3_chance_floor,0.172,0.21795141382163624
model_family,MPT,mosaicml/mpt-30b,MPT,tracking_shuffled_objects,7,PC3_chance_floor,0.156,0.1928361244328273
model_family,MPT,mosaicml/mpt-7b,MPT,tracking_shuffled_objects,7,PC3_chance_floor,0.02,0.16209080052318167
model_family,Mistral,mistralai/Mistral-7B-v0.1,Mistral,logical_deduction,3,pooled_mean,0.78,0.27462513227513224
model_family,Mistral,mistralai/Mistral-7B-v0.1,Mistral,logical_deduction,5,pooled_mean,0.492,0.27462513227513224
model_family,Mistral,mistralai/Mistral-7B-v0.1,Mistral,logical_deduction,7,pooled_mean,0.3937142857142857,0.27462513227513224
model_family,Mistral,mistralai/Mistral-7B-v0.1,Mistral,tracking_shuffled_objects,3,pooled_mean,0.444,0.27462513227513224
model_family,Mistral,mistralai/Mistral-7B-v0.1,Mistral,tracking_shuffled_objects,5,pooled_mean,0.312,0.27462513227513224
model_family,Mistral,mistralai/Mistral-7B-v0.1,Mistral,tracking_shuffled_objects,7,pooled_mean,0.2,0.27462513227513224
model_family,Mistral,mistralai/Mistral-7B-v0.1,Mistral,logical_deduction,3,task_family_mean,0.78,0.29891340388007054
model_family,Mistral,mistralai/Mistral-7B-v0.1,Mistral,logical_deduction,5,task_family_mean,0.492,0.29891340388007054
model_family,Mistral,mistralai/Mistral-7B-v0.1,Mistral,logical_deduction,7,task_family_mean,0.3937142857142857,0.29891340388007054
model_family,Mistral,mistralai/Mistral-7B-v0.1,Mistral,tracking_shuffled_objects,3,task_family_mean,0.444,0.250336860670194
model_family,Mistral,mistralai/Mistral-7B-v0.1,Mistral,tracking_shuffled_objects,5,task_family_mean,0.312,0.250336860670194
model_family,Mistral,mistralai/Mistral-7B-v0.1,Mistral,tracking_shuffled_objects,7,task_family_mean,0.2,0.250336860670194
model_family,Mistral,mistralai/Mistral-7B-v0.1,Mistral,logical_deduction,3,PC1,0.78,0.3852061427351822
model_family,Mistral,mistralai/Mistral-7B-v0.1,Mistral,logical_deduction,5,PC1,0.492,0.3852061427351822
model_family,Mistral,mistralai/Mistral-7B-v0.1,Mistral,logical_deduction,7,PC1,0.3937142857142857,0.3852061427351822
model_family,Mistral,mistralai/Mistral-7B-v0.1,Mistral,tracking_shuffled_objects,3,PC1,0.444,0.3852061427351822
model_family,Mistral,mistralai/Mistral-7B-v0.1,Mistral,tracking_shuffled_objects,5,PC1,0.312,0.3852061427351822
model_family,Mistral,mistralai/Mistral-7B-v0.1,Mistral,tracking_shuffled_objects,7,PC1,0.2,0.3852061427351822
model_family,Mistral,mistralai/Mistral-7B-v0.1,Mistral,logical_deduction,3,PC3,0.78,0.39368053682263304
model_family,Mistral,mistralai/Mistral-7B-v0.1,Mistral,logical_deduction,5,PC3,0.492,0.39368053682263304
model_family,Mistral,mistralai/Mistral-7B-v0.1,Mistral,logical_deduction,7,PC3,0.3937142857142857,0.39368053682263304
model_family,Mistral,mistralai/Mistral-7B-v0.1,Mistral,tracking_shuffled_objects,3,PC3,0.444,0.39368053682263304
model_family,Mistral,mistralai/Mistral-7B-v0.1,Mistral,tracking_shuffled_objects,5,PC3,0.312,0.39368053682263304
model_family,Mistral,mistralai/Mistral-7B-v0.1,Mistral,tracking_shuffled_objects,7,PC3,0.2,0.39368053682263304
model_family,Mistral,mistralai/Mistral-7B-v0.1,Mistral,logical_deduction,3,PC3_count,0.78,0.5960960946092264
model_family,Mistral,mistralai/Mistral-7B-v0.1,Mistral,logical_deduction,5,PC3_count,0.492,0.3688211206809595
model_family,Mistral,mistralai/Mistral-7B-v0.1,Mistral,logical_deduction,7,PC3_count,0.3937142857142857,0.2409370332271214
model_family,Mistral,mistralai/Mistral-7B-v0.1,Mistral,tracking_shuffled_objects,3,PC3_count,0.444,0.5960960946092264
model_family,Mistral,mistralai/Mistral-7B-v0.1,Mistral,tracking_shuffled_objects,5,PC3_count,0.312,0.3688211206809595
model_family,Mistral,mistralai/Mistral-7B-v0.1,Mistral,tracking_shuffled_objects,7,PC3_count,0.2,0.2409370332271214
model_family,Mistral,mistralai/Mistral-7B-v0.1,Mistral,logical_deduction,3,count_only,0.78,0.35718536377176374
model_family,Mistral,mistralai/Mistral-7B-v0.1,Mistral,logical_deduction,5,count_only,0.492,0.19395177638179684
model_family,Mistral,mistralai/Mistral-7B-v0.1,Mistral,logical_deduction,7,count_only,0.3937142857142857,0.12176648621895945
model_family,Mistral,mistralai/Mistral-7B-v0.1,Mistral,tracking_shuffled_objects,3,count_only,0.444,0.35718536377176374
model_family,Mistral,mistralai/Mistral-7B-v0.1,Mistral,tracking_shuffled_objects,5,count_only,0.312,0.19395177638179684
model_family,Mistral,mistralai/Mistral-7B-v0.1,Mistral,tracking_shuffled_objects,7,count_only,0.2,0.12176648621895945
model_family,Mistral,mistralai/Mistral-7B-v0.1,Mistral,logical_deduction,3,PC3_count_additive,0.78,0.5768475533193453
model_family,Mistral,mistralai/Mistral-7B-v0.1,Mistral,logical_deduction,5,PC3_count_additive,0.492,0.37119656165200365
model_family,Mistral,mistralai/Mistral-7B-v0.1,Mistral,logical_deduction,7,PC3_count_additive,0.3937142857142857,0.25381643844769775
model_family,Mistral,mistralai/Mistral-7B-v0.1,Mistral,tracking_shuffled_objects,3,PC3_count_additive,0.444,0.5768475533193453
model_family,Mistral,mistralai/Mistral-7B-v0.1,Mistral,tracking_shuffled_objects,5,PC3_count_additive,0.312,0.37119656165200365
model_family,Mistral,mistralai/Mistral-7B-v0.1,Mistral,tracking_shuffled_objects,7,PC3_count_additive,0.2,0.25381643844769775
model_family,Mistral,mistralai/Mistral-7B-v0.1,Mistral,logical_deduction,3,PC3_chance_floor,0.78,0.4207049422486627
model_family,Mistral,mistralai/Mistral-7B-v0.1,Mistral,logical_deduction,5,PC3_chance_floor,0.492,0.30484593069839533
model_family,Mistral,mistralai/Mistral-7B-v0.1,Mistral,logical_deduction,7,PC3_chance_floor,0.3937142857142857,0.25519206860542354
model_family,Mistral,mistralai/Mistral-7B-v0.1,Mistral,tracking_shuffled_objects,3,PC3_chance_floor,0.444,0.4207049422486627
model_family,Mistral,mistralai/Mistral-7B-v0.1,Mistral,tracking_shuffled_objects,5,PC3_chance_floor,0.312,0.30484593069839533
model_family,Mistral,mistralai/Mistral-7B-v0.1,Mistral,tracking_shuffled_objects,7,PC3_chance_floor,0.2,0.25519206860542354
model_family,Mixtral,mistralai/Mixtral-8x7B-v0.1,Mixtral,logical_deduction,3,pooled_mean,0.864,0.2716
model_family,Mixtral,mistralai/Mixtral-8x7B-v0.1,Mixtral,logical_deduction,5,pooled_mean,0.512,0.2716
model_family,Mixtral,mistralai/Mixtral-8x7B-v0.1,Mixtral,logical_deduction,7,pooled_mean,0.4045714285714286,0.2716
model_family,Mixtral,mistralai/Mixtral-8x7B-v0.1,Mixtral,tracking_shuffled_objects,3,pooled_mean,0.796,0.2716
model_family,Mixtral,mistralai/Mixtral-8x7B-v0.1,Mixtral,tracking_shuffled_objects,5,pooled_mean,0.712,0.2716
model_family,Mixtral,mistralai/Mixtral-8x7B-v0.1,Mixtral,tracking_shuffled_objects,7,pooled_mean,0.64,0.2716
model_family,Mixtral,mistralai/Mixtral-8x7B-v0.1,Mixtral,logical_deduction,3,task_family_mean,0.864,0.29838165784832454
model_family,Mixtral,mistralai/Mixtral-8x7B-v0.1,Mixtral,logical_deduction,5,task_family_mean,0.512,0.29838165784832454
model_family,Mixtral,mistralai/Mixtral-8x7B-v0.1,Mixtral,logical_deduction,7,task_family_mean,0.4045714285714286,0.29838165784832454
model_family,Mixtral,mistralai/Mixtral-8x7B-v0.1,Mixtral,tracking_shuffled_objects,3,task_family_mean,0.796,0.24481834215167544
model_family,Mixtral,mistralai/Mixtral-8x7B-v0.1,Mixtral,tracking_shuffled_objects,5,task_family_mean,0.712,0.24481834215167544
model_family,Mixtral,mistralai/Mixtral-8x7B-v0.1,Mixtral,tracking_shuffled_objects,7,task_family_mean,0.64,0.24481834215167544
model_family,Mixtral,mistralai/Mixtral-8x7B-v0.1,Mixtral,logical_deduction,3,PC1,0.864,0.46049843500853216
model_family,Mixtral,mistralai/Mixtral-8x7B-v0.1,Mixtral,logical_deduction,5,PC1,0.512,0.46049843500853216
model_family,Mixtral,mistralai/Mixtral-8x7B-v0.1,Mixtral,logical_deduction,7,PC1,0.4045714285714286,0.46049843500853216
model_family,Mixtral,mistralai/Mixtral-8x7B-v0.1,Mixtral,tracking_shuffled_objects,3,PC1,0.796,0.46049843500853216
model_family,Mixtral,mistralai/Mixtral-8x7B-v0.1,Mixtral,tracking_shuffled_objects,5,PC1,0.712,0.46049843500853216
model_family,Mixtral,mistralai/Mixtral-8x7B-v0.1,Mixtral,tracking_shuffled_objects,7,PC1,0.64,0.46049843500853216
model_family,Mixtral,mistralai/Mixtral-8x7B-v0.1,Mixtral,logical_deduction,3,PC3,0.864,0.45490517458492385
model_family,Mixtral,mistralai/Mixtral-8x7B-v0.1,Mixtral,logical_deduction,5,PC3,0.512,0.45490517458492385
model_family,Mixtral,mistralai/Mixtral-8x7B-v0.1,Mixtral,logical_deduction,7,PC3,0.4045714285714286,0.45490517458492385
model_family,Mixtral,mistralai/Mixtral-8x7B-v0.1,Mixtral,tracking_shuffled_objects,3,PC3,0.796,0.45490517458492385
model_family,Mixtral,mistralai/Mixtral-8x7B-v0.1,Mixtral,tracking_shuffled_objects,5,PC3,0.712,0.45490517458492385
model_family,Mixtral,mistralai/Mixtral-8x7B-v0.1,Mixtral,tracking_shuffled_objects,7,PC3,0.64,0.45490517458492385
model_family,Mixtral,mistralai/Mixtral-8x7B-v0.1,Mixtral,logical_deduction,3,PC3_count,0.864,0.6708056424320605
model_family,Mixtral,mistralai/Mixtral-8x7B-v0.1,Mixtral,logical_deduction,5,PC3_count,0.512,0.42666422274532617
model_family,Mixtral,mistralai/Mixtral-8x7B-v0.1,Mixtral,logical_deduction,7,PC3_count,0.4045714285714286,0.27708461499988485
model_family,Mixtral,mistralai/Mixtral-8x7B-v0.1,Mixtral,tracking_shuffled_objects,3,PC3_count,0.796,0.6708056424320605
model_family,Mixtral,mistralai/Mixtral-8x7B-v0.1,Mixtral,tracking_shuffled_objects,5,PC3_count,0.712,0.42666422274532617
model_family,Mixtral,mistralai/Mixtral-8x7B-v0.1,Mixtral,tracking_shuffled_objects,7,PC3_count,0.64,0.27708461499988485
model_family,Mixtral,mistralai/Mixtral-8x7B-v0.1,Mixtral,logical_deduction,3,count_only,0.864,0.35385630468374807
model_family,Mixtral,mistralai/Mixtral-8x7B-v0.1,Mixtral,logical_deduction,5,count_only,0.512,0.19182166168263767
model_family,Mixtral,mistralai/Mixtral-8x7B-v0.1,Mixtral,logical_deduction,7,count_only,0.4045714285714286,0.1203698770655962
model_family,Mixtral,mistralai/Mixtral-8x7B-v0.1,Mixtral,tracking_shuffled_objects,3,count_only,0.796,0.35385630468374807
model_family,Mixtral,mistralai/Mixtral-8x7B-v0.1,Mixtral,tracking_shuffled_objects,5,count_only,0.712,0.19182166168263767
model_family,Mixtral,mistralai/Mixtral-8x7B-v0.1,Mixtral,tracking_shuffled_objects,7,count_only,0.64,0.1203698770655962
model_family,Mixtral,mistralai/Mixtral-8x7B-v0.1,Mixtral,logical_deduction,3,PC3_count_additive,0.864,0.6364737107508471
model_family,Mixtral,mistralai/Mixtral-8x7B-v0.1,Mixtral,logical_deduction,5,PC3_count_additive,0.512,0.43143613551380716
model_family,Mixtral,mistralai/Mixtral-8x7B-v0.1,Mixtral,logical_deduction,7,PC3_count_additive,0.4045714285714286,0.30434123808583624
model_family,Mixtral,mistralai/Mixtral-8x7B-v0.1,Mixtral,tracking_shuffled_objects,3,PC3_count_additive,0.796,0.6364737107508471
model_family,Mixtral,mistralai/Mixtral-8x7B-v0.1,Mixtral,tracking_shuffled_objects,5,PC3_count_additive,0.712,0.43143613551380716
model_family,Mixtral,mistralai/Mixtral-8x7B-v0.1,Mixtral,tracking_shuffled_objects,7,PC3_count_additive,0.64,0.30434123808583624
model_family,Mixtral,mistralai/Mixtral-8x7B-v0.1,Mixtral,logical_deduction,3,PC3_chance_floor,0.864,0.49654132505146664
model_family,Mixtral,mistralai/Mixtral-8x7B-v0.1,Mixtral,logical_deduction,5,PC3_chance_floor,0.512,0.39584959006175996
model_family,Mixtral,mistralai/Mixtral-8x7B-v0.1,Mixtral,logical_deduction,7,PC3_chance_floor,0.4045714285714286,0.3526959893518856
model_family,Mixtral,mistralai/Mixtral-8x7B-v0.1,Mixtral,tracking_shuffled_objects,3,PC3_chance_floor,0.796,0.49654132505146664
model_family,Mixtral,mistralai/Mixtral-8x7B-v0.1,Mixtral,tracking_shuffled_objects,5,PC3_chance_floor,0.712,0.39584959006175996
model_family,Mixtral,mistralai/Mixtral-8x7B-v0.1,Mixtral,tracking_shuffled_objects,7,PC3_chance_floor,0.64,0.3526959893518856
model_family,OPT,facebook/opt-6.7b,OPT,logical_deduction,3,pooled_mean,0.3146666666666666,0.28956776556776553
model_family,OPT,facebook/opt-1.3b,OPT,logical_deduction,3,pooled_mean,0.2333333333333333,0.28956776556776553
model_family,OPT,facebook/opt-350m,OPT,logical_deduction,3,pooled_mean,0.0373333333333333,0.28956776556776553
model_family,OPT,facebook/opt-13b,OPT,logical_deduction,3,pooled_mean,0.344,0.28956776556776553
model_family,OPT,facebook/opt-2.7b,OPT,logical_deduction,3,pooled_mean,0.3253333333333333,0.28956776556776553
model_family,OPT,facebook/opt-30b,OPT,logical_deduction,3,pooled_mean,0.36,0.28956776556776553
model_family,OPT,facebook/opt-125m,OPT,logical_deduction,3,pooled_mean,0.0373333333333333,0.28956776556776553
model_family,OPT,facebook/opt-66b,OPT,logical_deduction,3,pooled_mean,0.352,0.28956776556776553
model_family,OPT,facebook/opt-6.7b,OPT,logical_deduction,5,pooled_mean,0.2135999999999999,0.28956776556776553
model_family,OPT,facebook/opt-1.3b,OPT,logical_deduction,5,pooled_mean,0.0896,0.28956776556776553
model_family,OPT,facebook/opt-350m,OPT,logical_deduction,5,pooled_mean,0.0112,0.28956776556776553
model_family,OPT,facebook/opt-13b,OPT,logical_deduction,5,pooled_mean,0.244,0.28956776556776553
model_family,OPT,facebook/opt-2.7b,OPT,logical_deduction,5,pooled_mean,0.2128,0.28956776556776553
model_family,OPT,facebook/opt-30b,OPT,logical_deduction,5,pooled_mean,0.256,0.28956776556776553
model_family,OPT,facebook/opt-125m,OPT,logical_deduction,5,pooled_mean,0.0,0.28956776556776553
model_family,OPT,facebook/opt-66b,OPT,logical_deduction,5,pooled_mean,0.264,0.28956776556776553
model_family,OPT,facebook/opt-6.7b,OPT,logical_deduction,7,pooled_mean,0.1314285714285714,0.28956776556776553
model_family,OPT,facebook/opt-1.3b,OPT,logical_deduction,7,pooled_mean,0.0514285714285714,0.28956776556776553
model_family,OPT,facebook/opt-350m,OPT,logical_deduction,7,pooled_mean,0.0377142857142857,0.28956776556776553
model_family,OPT,facebook/opt-13b,OPT,logical_deduction,7,pooled_mean,0.1297142857142857,0.28956776556776553
model_family,OPT,facebook/opt-2.7b,OPT,logical_deduction,7,pooled_mean,0.1188571428571428,0.28956776556776553
model_family,OPT,facebook/opt-30b,OPT,logical_deduction,7,pooled_mean,0.1725714285714285,0.28956776556776553
model_family,OPT,facebook/opt-125m,OPT,logical_deduction,7,pooled_mean,0.016,0.28956776556776553
model_family,OPT,facebook/opt-66b,OPT,logical_deduction,7,pooled_mean,0.1314285714285714,0.28956776556776553
model_family,OPT,facebook/opt-6.7b,OPT,tracking_shuffled_objects,3,pooled_mean,0.36,0.28956776556776553
model_family,OPT,facebook/opt-1.3b,OPT,tracking_shuffled_objects,3,pooled_mean,0.292,0.28956776556776553
model_family,OPT,facebook/opt-350m,OPT,tracking_shuffled_objects,3,pooled_mean,0.312,0.28956776556776553
model_family,OPT,facebook/opt-13b,OPT,tracking_shuffled_objects,3,pooled_mean,0.332,0.28956776556776553
model_family,OPT,facebook/opt-2.7b,OPT,tracking_shuffled_objects,3,pooled_mean,0.328,0.28956776556776553
model_family,OPT,facebook/opt-30b,OPT,tracking_shuffled_objects,3,pooled_mean,0.296,0.28956776556776553
model_family,OPT,facebook/opt-125m,OPT,tracking_shuffled_objects,3,pooled_mean,0.204,0.28956776556776553
model_family,OPT,facebook/opt-66b,OPT,tracking_shuffled_objects,3,pooled_mean,0.332,0.28956776556776553
model_family,OPT,facebook/opt-6.7b,OPT,tracking_shuffled_objects,5,pooled_mean,0.188,0.28956776556776553
model_family,OPT,facebook/opt-1.3b,OPT,tracking_shuffled_objects,5,pooled_mean,0.0,0.28956776556776553
model_family,OPT,facebook/opt-350m,OPT,tracking_shuffled_objects,5,pooled_mean,0.104,0.28956776556776553
model_family,OPT,facebook/opt-13b,OPT,tracking_shuffled_objects,5,pooled_mean,0.18,0.28956776556776553
model_family,OPT,facebook/opt-2.7b,OPT,tracking_shuffled_objects,5,pooled_mean,0.184,0.28956776556776553
model_family,OPT,facebook/opt-30b,OPT,tracking_shuffled_objects,5,pooled_mean,0.188,0.28956776556776553
model_family,OPT,facebook/opt-125m,OPT,tracking_shuffled_objects,5,pooled_mean,0.04,0.28956776556776553
model_family,OPT,facebook/opt-66b,OPT,tracking_shuffled_objects,5,pooled_mean,0.184,0.28956776556776553
model_family,OPT,facebook/opt-6.7b,OPT,tracking_shuffled_objects,7,pooled_mean,0.128,0.28956776556776553
model_family,OPT,facebook/opt-1.3b,OPT,tracking_shuffled_objects,7,pooled_mean,0.0,0.28956776556776553
model_family,OPT,facebook/opt-350m,OPT,tracking_shuffled_objects,7,pooled_mean,0.02,0.28956776556776553
model_family,OPT,facebook/opt-13b,OPT,tracking_shuffled_objects,7,pooled_mean,0.112,0.28956776556776553
model_family,OPT,facebook/opt-2.7b,OPT,tracking_shuffled_objects,7,pooled_mean,0.14,0.28956776556776553
model_family,OPT,facebook/opt-30b,OPT,tracking_shuffled_objects,7,pooled_mean,0.18,0.28956776556776553
model_family,OPT,facebook/opt-125m,OPT,tracking_shuffled_objects,7,pooled_mean,0.012,0.28956776556776553
model_family,OPT,facebook/opt-66b,OPT,tracking_shuffled_objects,7,pooled_mean,0.128,0.28956776556776553
model_family,OPT,facebook/opt-6.7b,OPT,logical_deduction,3,task_family_mean,0.3146666666666666,0.3187008547008547
model_family,OPT,facebook/opt-1.3b,OPT,logical_deduction,3,task_family_mean,0.2333333333333333,0.3187008547008547
model_family,OPT,facebook/opt-350m,OPT,logical_deduction,3,task_family_mean,0.0373333333333333,0.3187008547008547
model_family,OPT,facebook/opt-13b,OPT,logical_deduction,3,task_family_mean,0.344,0.3187008547008547
model_family,OPT,facebook/opt-2.7b,OPT,logical_deduction,3,task_family_mean,0.3253333333333333,0.3187008547008547
model_family,OPT,facebook/opt-30b,OPT,logical_deduction,3,task_family_mean,0.36,0.3187008547008547
model_family,OPT,facebook/opt-125m,OPT,logical_deduction,3,task_family_mean,0.0373333333333333,0.3187008547008547
model_family,OPT,facebook/opt-66b,OPT,logical_deduction,3,task_family_mean,0.352,0.3187008547008547
model_family,OPT,facebook/opt-6.7b,OPT,logical_deduction,5,task_family_mean,0.2135999999999999,0.3187008547008547
model_family,OPT,facebook/opt-1.3b,OPT,logical_deduction,5,task_family_mean,0.0896,0.3187008547008547
model_family,OPT,facebook/opt-350m,OPT,logical_deduction,5,task_family_mean,0.0112,0.3187008547008547
model_family,OPT,facebook/opt-13b,OPT,logical_deduction,5,task_family_mean,0.244,0.3187008547008547
model_family,OPT,facebook/opt-2.7b,OPT,logical_deduction,5,task_family_mean,0.2128,0.3187008547008547
model_family,OPT,facebook/opt-30b,OPT,logical_deduction,5,task_family_mean,0.256,0.3187008547008547
model_family,OPT,facebook/opt-125m,OPT,logical_deduction,5,task_family_mean,0.0,0.3187008547008547
model_family,OPT,facebook/opt-66b,OPT,logical_deduction,5,task_family_mean,0.264,0.3187008547008547
model_family,OPT,facebook/opt-6.7b,OPT,logical_deduction,7,task_family_mean,0.1314285714285714,0.3187008547008547
model_family,OPT,facebook/opt-1.3b,OPT,logical_deduction,7,task_family_mean,0.0514285714285714,0.3187008547008547
model_family,OPT,facebook/opt-350m,OPT,logical_deduction,7,task_family_mean,0.0377142857142857,0.3187008547008547
model_family,OPT,facebook/opt-13b,OPT,logical_deduction,7,task_family_mean,0.1297142857142857,0.3187008547008547
model_family,OPT,facebook/opt-2.7b,OPT,logical_deduction,7,task_family_mean,0.1188571428571428,0.3187008547008547
model_family,OPT,facebook/opt-30b,OPT,logical_deduction,7,task_family_mean,0.1725714285714285,0.3187008547008547
model_family,OPT,facebook/opt-125m,OPT,logical_deduction,7,task_family_mean,0.016,0.3187008547008547
model_family,OPT,facebook/opt-66b,OPT,logical_deduction,7,task_family_mean,0.1314285714285714,0.3187008547008547
model_family,OPT,facebook/opt-6.7b,OPT,tracking_shuffled_objects,3,task_family_mean,0.36,0.26043467643467644
model_family,OPT,facebook/opt-1.3b,OPT,tracking_shuffled_objects,3,task_family_mean,0.292,0.26043467643467644
model_family,OPT,facebook/opt-350m,OPT,tracking_shuffled_objects,3,task_family_mean,0.312,0.26043467643467644
model_family,OPT,facebook/opt-13b,OPT,tracking_shuffled_objects,3,task_family_mean,0.332,0.26043467643467644
model_family,OPT,facebook/opt-2.7b,OPT,tracking_shuffled_objects,3,task_family_mean,0.328,0.26043467643467644
model_family,OPT,facebook/opt-30b,OPT,tracking_shuffled_objects,3,task_family_mean,0.296,0.26043467643467644
model_family,OPT,facebook/opt-125m,OPT,tracking_shuffled_objects,3,task_family_mean,0.204,0.26043467643467644
model_family,OPT,facebook/opt-66b,OPT,tracking_shuffled_objects,3,task_family_mean,0.332,0.26043467643467644
model_family,OPT,facebook/opt-6.7b,OPT,tracking_shuffled_objects,5,task_family_mean,0.188,0.26043467643467644
model_family,OPT,facebook/opt-1.3b,OPT,tracking_shuffled_objects,5,task_family_mean,0.0,0.26043467643467644
model_family,OPT,facebook/opt-350m,OPT,tracking_shuffled_objects,5,task_family_mean,0.104,0.26043467643467644
model_family,OPT,facebook/opt-13b,OPT,tracking_shuffled_objects,5,task_family_mean,0.18,0.26043467643467644
model_family,OPT,facebook/opt-2.7b,OPT,tracking_shuffled_objects,5,task_family_mean,0.184,0.26043467643467644
model_family,OPT,facebook/opt-30b,OPT,tracking_shuffled_objects,5,task_family_mean,0.188,0.26043467643467644
model_family,OPT,facebook/opt-125m,OPT,tracking_shuffled_objects,5,task_family_mean,0.04,0.26043467643467644
model_family,OPT,facebook/opt-66b,OPT,tracking_shuffled_objects,5,task_family_mean,0.184,0.26043467643467644
model_family,OPT,facebook/opt-6.7b,OPT,tracking_shuffled_objects,7,task_family_mean,0.128,0.26043467643467644
model_family,OPT,facebook/opt-1.3b,OPT,tracking_shuffled_objects,7,task_family_mean,0.0,0.26043467643467644
model_family,OPT,facebook/opt-350m,OPT,tracking_shuffled_objects,7,task_family_mean,0.02,0.26043467643467644
model_family,OPT,facebook/opt-13b,OPT,tracking_shuffled_objects,7,task_family_mean,0.112,0.26043467643467644
model_family,OPT,facebook/opt-2.7b,OPT,tracking_shuffled_objects,7,task_family_mean,0.14,0.26043467643467644
model_family,OPT,facebook/opt-30b,OPT,tracking_shuffled_objects,7,task_family_mean,0.18,0.26043467643467644
model_family,OPT,facebook/opt-125m,OPT,tracking_shuffled_objects,7,task_family_mean,0.012,0.26043467643467644
model_family,OPT,facebook/opt-66b,OPT,tracking_shuffled_objects,7,task_family_mean,0.128,0.26043467643467644
model_family,OPT,facebook/opt-6.7b,OPT,logical_deduction,3,PC1,0.3146666666666666,0.16617771696349531
model_family,OPT,facebook/opt-1.3b,OPT,logical_deduction,3,PC1,0.2333333333333333,0.13323414352213814
model_family,OPT,facebook/opt-350m,OPT,logical_deduction,3,PC1,0.0373333333333333,0.10781026894536135
model_family,OPT,facebook/opt-13b,OPT,logical_deduction,3,PC1,0.344,0.17488363014860486
model_family,OPT,facebook/opt-2.7b,OPT,logical_deduction,3,PC1,0.3253333333333333,0.1480879641644092
model_family,OPT,facebook/opt-30b,OPT,logical_deduction,3,PC1,0.36,0.19200019910885202
model_family,OPT,facebook/opt-125m,OPT,logical_deduction,3,PC1,0.0373333333333333,0.10290556436376205
model_family,OPT,facebook/opt-66b,OPT,logical_deduction,3,PC1,0.352,0.2004541827017028
model_family,OPT,facebook/opt-6.7b,OPT,logical_deduction,5,PC1,0.2135999999999999,0.16617771696349531
model_family,OPT,facebook/opt-1.3b,OPT,logical_deduction,5,PC1,0.0896,0.13323414352213814
model_family,OPT,facebook/opt-350m,OPT,logical_deduction,5,PC1,0.0112,0.10781026894536135
model_family,OPT,facebook/opt-13b,OPT,logical_deduction,5,PC1,0.244,0.17488363014860486
model_family,OPT,facebook/opt-2.7b,OPT,logical_deduction,5,PC1,0.2128,0.1480879641644092
model_family,OPT,facebook/opt-30b,OPT,logical_deduction,5,PC1,0.256,0.19200019910885202
model_family,OPT,facebook/opt-125m,OPT,logical_deduction,5,PC1,0.0,0.10290556436376205
model_family,OPT,facebook/opt-66b,OPT,logical_deduction,5,PC1,0.264,0.2004541827017028
model_family,OPT,facebook/opt-6.7b,OPT,logical_deduction,7,PC1,0.1314285714285714,0.16617771696349531
model_family,OPT,facebook/opt-1.3b,OPT,logical_deduction,7,PC1,0.0514285714285714,0.13323414352213814
model_family,OPT,facebook/opt-350m,OPT,logical_deduction,7,PC1,0.0377142857142857,0.10781026894536135
model_family,OPT,facebook/opt-13b,OPT,logical_deduction,7,PC1,0.1297142857142857,0.17488363014860486
model_family,OPT,facebook/opt-2.7b,OPT,logical_deduction,7,PC1,0.1188571428571428,0.1480879641644092
model_family,OPT,facebook/opt-30b,OPT,logical_deduction,7,PC1,0.1725714285714285,0.19200019910885202
model_family,OPT,facebook/opt-125m,OPT,logical_deduction,7,PC1,0.016,0.10290556436376205
model_family,OPT,facebook/opt-66b,OPT,logical_deduction,7,PC1,0.1314285714285714,0.2004541827017028
model_family,OPT,facebook/opt-6.7b,OPT,tracking_shuffled_objects,3,PC1,0.36,0.16617771696349531
model_family,OPT,facebook/opt-1.3b,OPT,tracking_shuffled_objects,3,PC1,0.292,0.13323414352213814
model_family,OPT,facebook/opt-350m,OPT,tracking_shuffled_objects,3,PC1,0.312,0.10781026894536135
model_family,OPT,facebook/opt-13b,OPT,tracking_shuffled_objects,3,PC1,0.332,0.17488363014860486
model_family,OPT,facebook/opt-2.7b,OPT,tracking_shuffled_objects,3,PC1,0.328,0.1480879641644092
model_family,OPT,facebook/opt-30b,OPT,tracking_shuffled_objects,3,PC1,0.296,0.19200019910885202
model_family,OPT,facebook/opt-125m,OPT,tracking_shuffled_objects,3,PC1,0.204,0.10290556436376205
model_family,OPT,facebook/opt-66b,OPT,tracking_shuffled_objects,3,PC1,0.332,0.2004541827017028
model_family,OPT,facebook/opt-6.7b,OPT,tracking_shuffled_objects,5,PC1,0.188,0.16617771696349531
model_family,OPT,facebook/opt-1.3b,OPT,tracking_shuffled_objects,5,PC1,0.0,0.13323414352213814
model_family,OPT,facebook/opt-350m,OPT,tracking_shuffled_objects,5,PC1,0.104,0.10781026894536135
model_family,OPT,facebook/opt-13b,OPT,tracking_shuffled_objects,5,PC1,0.18,0.17488363014860486
model_family,OPT,facebook/opt-2.7b,OPT,tracking_shuffled_objects,5,PC1,0.184,0.1480879641644092
model_family,OPT,facebook/opt-30b,OPT,tracking_shuffled_objects,5,PC1,0.188,0.19200019910885202
model_family,OPT,facebook/opt-125m,OPT,tracking_shuffled_objects,5,PC1,0.04,0.10290556436376205
model_family,OPT,facebook/opt-66b,OPT,tracking_shuffled_objects,5,PC1,0.184,0.2004541827017028
model_family,OPT,facebook/opt-6.7b,OPT,tracking_shuffled_objects,7,PC1,0.128,0.16617771696349531
model_family,OPT,facebook/opt-1.3b,OPT,tracking_shuffled_objects,7,PC1,0.0,0.13323414352213814
model_family,OPT,facebook/opt-350m,OPT,tracking_shuffled_objects,7,PC1,0.02,0.10781026894536135
model_family,OPT,facebook/opt-13b,OPT,tracking_shuffled_objects,7,PC1,0.112,0.17488363014860486
model_family,OPT,facebook/opt-2.7b,OPT,tracking_shuffled_objects,7,PC1,0.14,0.1480879641644092
model_family,OPT,facebook/opt-30b,OPT,tracking_shuffled_objects,7,PC1,0.18,0.19200019910885202
model_family,OPT,facebook/opt-125m,OPT,tracking_shuffled_objects,7,PC1,0.012,0.10290556436376205
model_family,OPT,facebook/opt-66b,OPT,tracking_shuffled_objects,7,PC1,0.128,0.2004541827017028
model_family,OPT,facebook/opt-6.7b,OPT,logical_deduction,3,PC3,0.3146666666666666,0.20210392475347136
model_family,OPT,facebook/opt-1.3b,OPT,logical_deduction,3,PC3,0.2333333333333333,0.15380670833629237
model_family,OPT,facebook/opt-350m,OPT,logical_deduction,3,PC3,0.0373333333333333,0.11410886967448212
model_family,OPT,facebook/opt-13b,OPT,logical_deduction,3,PC3,0.344,0.21370564726841587
model_family,OPT,facebook/opt-2.7b,OPT,logical_deduction,3,PC3,0.3253333333333333,0.1736288273356028
model_family,OPT,facebook/opt-30b,OPT,logical_deduction,3,PC3,0.36,0.2311620583675824
model_family,OPT,facebook/opt-125m,OPT,logical_deduction,3,PC3,0.0373333333333333,0.1081652469970219
model_family,OPT,facebook/opt-66b,OPT,logical_deduction,3,PC3,0.352,0.23651410045843071
model_family,OPT,facebook/opt-6.7b,OPT,logical_deduction,5,PC3,0.2135999999999999,0.20210392475347136
model_family,OPT,facebook/opt-1.3b,OPT,logical_deduction,5,PC3,0.0896,0.15380670833629237
model_family,OPT,facebook/opt-350m,OPT,logical_deduction,5,PC3,0.0112,0.11410886967448212
model_family,OPT,facebook/opt-13b,OPT,logical_deduction,5,PC3,0.244,0.21370564726841587
model_family,OPT,facebook/opt-2.7b,OPT,logical_deduction,5,PC3,0.2128,0.1736288273356028
model_family,OPT,facebook/opt-30b,OPT,logical_deduction,5,PC3,0.256,0.2311620583675824
model_family,OPT,facebook/opt-125m,OPT,logical_deduction,5,PC3,0.0,0.1081652469970219
model_family,OPT,facebook/opt-66b,OPT,logical_deduction,5,PC3,0.264,0.23651410045843071
model_family,OPT,facebook/opt-6.7b,OPT,logical_deduction,7,PC3,0.1314285714285714,0.20210392475347136
model_family,OPT,facebook/opt-1.3b,OPT,logical_deduction,7,PC3,0.0514285714285714,0.15380670833629237
model_family,OPT,facebook/opt-350m,OPT,logical_deduction,7,PC3,0.0377142857142857,0.11410886967448212
model_family,OPT,facebook/opt-13b,OPT,logical_deduction,7,PC3,0.1297142857142857,0.21370564726841587
model_family,OPT,facebook/opt-2.7b,OPT,logical_deduction,7,PC3,0.1188571428571428,0.1736288273356028
model_family,OPT,facebook/opt-30b,OPT,logical_deduction,7,PC3,0.1725714285714285,0.2311620583675824
model_family,OPT,facebook/opt-125m,OPT,logical_deduction,7,PC3,0.016,0.1081652469970219
model_family,OPT,facebook/opt-66b,OPT,logical_deduction,7,PC3,0.1314285714285714,0.23651410045843071
model_family,OPT,facebook/opt-6.7b,OPT,tracking_shuffled_objects,3,PC3,0.36,0.20210392475347136
model_family,OPT,facebook/opt-1.3b,OPT,tracking_shuffled_objects,3,PC3,0.292,0.15380670833629237
model_family,OPT,facebook/opt-350m,OPT,tracking_shuffled_objects,3,PC3,0.312,0.11410886967448212
model_family,OPT,facebook/opt-13b,OPT,tracking_shuffled_objects,3,PC3,0.332,0.21370564726841587
model_family,OPT,facebook/opt-2.7b,OPT,tracking_shuffled_objects,3,PC3,0.328,0.1736288273356028
model_family,OPT,facebook/opt-30b,OPT,tracking_shuffled_objects,3,PC3,0.296,0.2311620583675824
model_family,OPT,facebook/opt-125m,OPT,tracking_shuffled_objects,3,PC3,0.204,0.1081652469970219
model_family,OPT,facebook/opt-66b,OPT,tracking_shuffled_objects,3,PC3,0.332,0.23651410045843071
model_family,OPT,facebook/opt-6.7b,OPT,tracking_shuffled_objects,5,PC3,0.188,0.20210392475347136
model_family,OPT,facebook/opt-1.3b,OPT,tracking_shuffled_objects,5,PC3,0.0,0.15380670833629237
model_family,OPT,facebook/opt-350m,OPT,tracking_shuffled_objects,5,PC3,0.104,0.11410886967448212
model_family,OPT,facebook/opt-13b,OPT,tracking_shuffled_objects,5,PC3,0.18,0.21370564726841587
model_family,OPT,facebook/opt-2.7b,OPT,tracking_shuffled_objects,5,PC3,0.184,0.1736288273356028
model_family,OPT,facebook/opt-30b,OPT,tracking_shuffled_objects,5,PC3,0.188,0.2311620583675824
model_family,OPT,facebook/opt-125m,OPT,tracking_shuffled_objects,5,PC3,0.04,0.1081652469970219
model_family,OPT,facebook/opt-66b,OPT,tracking_shuffled_objects,5,PC3,0.184,0.23651410045843071
model_family,OPT,facebook/opt-6.7b,OPT,tracking_shuffled_objects,7,PC3,0.128,0.20210392475347136
model_family,OPT,facebook/opt-1.3b,OPT,tracking_shuffled_objects,7,PC3,0.0,0.15380670833629237
model_family,OPT,facebook/opt-350m,OPT,tracking_shuffled_objects,7,PC3,0.02,0.11410886967448212
model_family,OPT,facebook/opt-13b,OPT,tracking_shuffled_objects,7,PC3,0.112,0.21370564726841587
model_family,OPT,facebook/opt-2.7b,OPT,tracking_shuffled_objects,7,PC3,0.14,0.1736288273356028
model_family,OPT,facebook/opt-30b,OPT,tracking_shuffled_objects,7,PC3,0.18,0.2311620583675824
model_family,OPT,facebook/opt-125m,OPT,tracking_shuffled_objects,7,PC3,0.012,0.1081652469970219
model_family,OPT,facebook/opt-66b,OPT,tracking_shuffled_objects,7,PC3,0.128,0.23651410045843071
model_family,OPT,facebook/opt-6.7b,OPT,logical_deduction,3,PC3_count,0.3146666666666666,0.33409279093875954
model_family,OPT,facebook/opt-1.3b,OPT,logical_deduction,3,PC3_count,0.2333333333333333,0.2578102841948295
model_family,OPT,facebook/opt-350m,OPT,logical_deduction,3,PC3_count,0.0373333333333333,0.19140404971633404
model_family,OPT,facebook/opt-13b,OPT,logical_deduction,3,PC3_count,0.344,0.35164031549869196
model_family,OPT,facebook/opt-2.7b,OPT,logical_deduction,3,PC3_count,0.3253333333333333,0.2898418036061343
model_family,OPT,facebook/opt-30b,OPT,logical_deduction,3,PC3_count,0.36,0.378807833755659
model_family,OPT,facebook/opt-125m,OPT,logical_deduction,3,PC3_count,0.0373333333333333,0.1817458221944318
model_family,OPT,facebook/opt-66b,OPT,logical_deduction,3,PC3_count,0.352,0.3869242197730372
model_family,OPT,facebook/opt-6.7b,OPT,logical_deduction,5,PC3_count,0.2135999999999999,0.18832386320326103
model_family,OPT,facebook/opt-1.3b,OPT,logical_deduction,5,PC3_count,0.0896,0.14329381497115726
model_family,OPT,facebook/opt-350m,OPT,logical_deduction,5,PC3_count,0.0112,0.10644658313868137
model_family,OPT,facebook/opt-13b,OPT,logical_deduction,5,PC3_count,0.244,0.19917997297959222
model_family,OPT,facebook/opt-2.7b,OPT,logical_deduction,5,PC3_count,0.2128,0.1617365502621025
model_family,OPT,facebook/opt-30b,OPT,logical_deduction,5,PC3_count,0.256,0.21542256208533447
model_family,OPT,facebook/opt-125m,OPT,logical_deduction,5,PC3_count,0.0,0.10089705305539212
model_family,OPT,facebook/opt-66b,OPT,logical_deduction,5,PC3_count,0.264,0.22041592549155042
model_family,OPT,facebook/opt-6.7b,OPT,logical_deduction,7,PC3_count,0.1314285714285714,0.12250503141227725
model_family,OPT,facebook/opt-1.3b,OPT,logical_deduction,7,PC3_count,0.0514285714285714,0.09367431751247997
model_family,OPT,facebook/opt-350m,OPT,logical_deduction,7,PC3_count,0.0377142857142857,0.07044670405771045
model_family,OPT,facebook/opt-13b,OPT,logical_deduction,7,PC3_count,0.1297142857142857,0.12955143760725868
model_family,OPT,facebook/opt-2.7b,OPT,logical_deduction,7,PC3_count,0.1188571428571428,0.10537714847784971
model_family,OPT,facebook/opt-30b,OPT,logical_deduction,7,PC3_count,0.1725714285714285,0.13965860591667117
model_family,OPT,facebook/opt-125m,OPT,logical_deduction,7,PC3_count,0.016,0.06679469863738183
model_family,OPT,facebook/opt-66b,OPT,logical_deduction,7,PC3_count,0.1314285714285714,0.14280852300959299
model_family,OPT,facebook/opt-6.7b,OPT,tracking_shuffled_objects,3,PC3_count,0.36,0.33409279093875954
model_family,OPT,facebook/opt-1.3b,OPT,tracking_shuffled_objects,3,PC3_count,0.292,0.2578102841948295
model_family,OPT,facebook/opt-350m,OPT,tracking_shuffled_objects,3,PC3_count,0.312,0.19140404971633404
model_family,OPT,facebook/opt-13b,OPT,tracking_shuffled_objects,3,PC3_count,0.332,0.35164031549869196
model_family,OPT,facebook/opt-2.7b,OPT,tracking_shuffled_objects,3,PC3_count,0.328,0.2898418036061343
model_family,OPT,facebook/opt-30b,OPT,tracking_shuffled_objects,3,PC3_count,0.296,0.378807833755659
model_family,OPT,facebook/opt-125m,OPT,tracking_shuffled_objects,3,PC3_count,0.204,0.1817458221944318
model_family,OPT,facebook/opt-66b,OPT,tracking_shuffled_objects,3,PC3_count,0.332,0.3869242197730372
model_family,OPT,facebook/opt-6.7b,OPT,tracking_shuffled_objects,5,PC3_count,0.188,0.18832386320326103
model_family,OPT,facebook/opt-1.3b,OPT,tracking_shuffled_objects,5,PC3_count,0.0,0.14329381497115726
model_family,OPT,facebook/opt-350m,OPT,tracking_shuffled_objects,5,PC3_count,0.104,0.10644658313868137
model_family,OPT,facebook/opt-13b,OPT,tracking_shuffled_objects,5,PC3_count,0.18,0.19917997297959222
model_family,OPT,facebook/opt-2.7b,OPT,tracking_shuffled_objects,5,PC3_count,0.184,0.1617365502621025
model_family,OPT,facebook/opt-30b,OPT,tracking_shuffled_objects,5,PC3_count,0.188,0.21542256208533447
model_family,OPT,facebook/opt-125m,OPT,tracking_shuffled_objects,5,PC3_count,0.04,0.10089705305539212
model_family,OPT,facebook/opt-66b,OPT,tracking_shuffled_objects,5,PC3_count,0.184,0.22041592549155042
model_family,OPT,facebook/opt-6.7b,OPT,tracking_shuffled_objects,7,PC3_count,0.128,0.12250503141227725
model_family,OPT,facebook/opt-1.3b,OPT,tracking_shuffled_objects,7,PC3_count,0.0,0.09367431751247997
model_family,OPT,facebook/opt-350m,OPT,tracking_shuffled_objects,7,PC3_count,0.02,0.07044670405771045
model_family,OPT,facebook/opt-13b,OPT,tracking_shuffled_objects,7,PC3_count,0.112,0.12955143760725868
model_family,OPT,facebook/opt-2.7b,OPT,tracking_shuffled_objects,7,PC3_count,0.14,0.10537714847784971
model_family,OPT,facebook/opt-30b,OPT,tracking_shuffled_objects,7,PC3_count,0.18,0.13965860591667117
model_family,OPT,facebook/opt-125m,OPT,tracking_shuffled_objects,7,PC3_count,0.012,0.06679469863738183
model_family,OPT,facebook/opt-66b,OPT,tracking_shuffled_objects,7,PC3_count,0.128,0.14280852300959299
model_family,OPT,facebook/opt-6.7b,OPT,logical_deduction,3,count_only,0.3146666666666666,0.37738535355920416
model_family,OPT,facebook/opt-1.3b,OPT,logical_deduction,3,count_only,0.2333333333333333,0.37738535355920416
model_family,OPT,facebook/opt-350m,OPT,logical_deduction,3,count_only,0.0373333333333333,0.37738535355920416
model_family,OPT,facebook/opt-13b,OPT,logical_deduction,3,count_only,0.344,0.37738535355920416
model_family,OPT,facebook/opt-2.7b,OPT,logical_deduction,3,count_only,0.3253333333333333,0.37738535355920416
model_family,OPT,facebook/opt-30b,OPT,logical_deduction,3,count_only,0.36,0.37738535355920416
model_family,OPT,facebook/opt-125m,OPT,logical_deduction,3,count_only,0.0373333333333333,0.37738535355920416
model_family,OPT,facebook/opt-66b,OPT,logical_deduction,3,count_only,0.352,0.37738535355920416
model_family,OPT,facebook/opt-6.7b,OPT,logical_deduction,5,count_only,0.2135999999999999,0.21011512194741347
model_family,OPT,facebook/opt-1.3b,OPT,logical_deduction,5,count_only,0.0896,0.21011512194741347
model_family,OPT,facebook/opt-350m,OPT,logical_deduction,5,count_only,0.0112,0.21011512194741347
model_family,OPT,facebook/opt-13b,OPT,logical_deduction,5,count_only,0.244,0.21011512194741347
model_family,OPT,facebook/opt-2.7b,OPT,logical_deduction,5,count_only,0.2128,0.21011512194741347
model_family,OPT,facebook/opt-30b,OPT,logical_deduction,5,count_only,0.256,0.21011512194741347
model_family,OPT,facebook/opt-125m,OPT,logical_deduction,5,count_only,0.0,0.21011512194741347
model_family,OPT,facebook/opt-66b,OPT,logical_deduction,5,count_only,0.264,0.21011512194741347
model_family,OPT,facebook/opt-6.7b,OPT,logical_deduction,7,count_only,0.1314285714285714,0.1339235854245144
model_family,OPT,facebook/opt-1.3b,OPT,logical_deduction,7,count_only,0.0514285714285714,0.1339235854245144
model_family,OPT,facebook/opt-350m,OPT,logical_deduction,7,count_only,0.0377142857142857,0.1339235854245144
model_family,OPT,facebook/opt-13b,OPT,logical_deduction,7,count_only,0.1297142857142857,0.1339235854245144
model_family,OPT,facebook/opt-2.7b,OPT,logical_deduction,7,count_only,0.1188571428571428,0.1339235854245144
model_family,OPT,facebook/opt-30b,OPT,logical_deduction,7,count_only,0.1725714285714285,0.1339235854245144
model_family,OPT,facebook/opt-125m,OPT,logical_deduction,7,count_only,0.016,0.1339235854245144
model_family,OPT,facebook/opt-66b,OPT,logical_deduction,7,count_only,0.1314285714285714,0.1339235854245144
model_family,OPT,facebook/opt-6.7b,OPT,tracking_shuffled_objects,3,count_only,0.36,0.37738535355920416
model_family,OPT,facebook/opt-1.3b,OPT,tracking_shuffled_objects,3,count_only,0.292,0.37738535355920416
model_family,OPT,facebook/opt-350m,OPT,tracking_shuffled_objects,3,count_only,0.312,0.37738535355920416
model_family,OPT,facebook/opt-13b,OPT,tracking_shuffled_objects,3,count_only,0.332,0.37738535355920416
model_family,OPT,facebook/opt-2.7b,OPT,tracking_shuffled_objects,3,count_only,0.328,0.37738535355920416
model_family,OPT,facebook/opt-30b,OPT,tracking_shuffled_objects,3,count_only,0.296,0.37738535355920416
model_family,OPT,facebook/opt-125m,OPT,tracking_shuffled_objects,3,count_only,0.204,0.37738535355920416
model_family,OPT,facebook/opt-66b,OPT,tracking_shuffled_objects,3,count_only,0.332,0.37738535355920416
model_family,OPT,facebook/opt-6.7b,OPT,tracking_shuffled_objects,5,count_only,0.188,0.21011512194741347
model_family,OPT,facebook/opt-1.3b,OPT,tracking_shuffled_objects,5,count_only,0.0,0.21011512194741347
model_family,OPT,facebook/opt-350m,OPT,tracking_shuffled_objects,5,count_only,0.104,0.21011512194741347
model_family,OPT,facebook/opt-13b,OPT,tracking_shuffled_objects,5,count_only,0.18,0.21011512194741347
model_family,OPT,facebook/opt-2.7b,OPT,tracking_shuffled_objects,5,count_only,0.184,0.21011512194741347
model_family,OPT,facebook/opt-30b,OPT,tracking_shuffled_objects,5,count_only,0.188,0.21011512194741347
model_family,OPT,facebook/opt-125m,OPT,tracking_shuffled_objects,5,count_only,0.04,0.21011512194741347
model_family,OPT,facebook/opt-66b,OPT,tracking_shuffled_objects,5,count_only,0.184,0.21011512194741347
model_family,OPT,facebook/opt-6.7b,OPT,tracking_shuffled_objects,7,count_only,0.128,0.1339235854245144
model_family,OPT,facebook/opt-1.3b,OPT,tracking_shuffled_objects,7,count_only,0.0,0.1339235854245144
model_family,OPT,facebook/opt-350m,OPT,tracking_shuffled_objects,7,count_only,0.02,0.1339235854245144
model_family,OPT,facebook/opt-13b,OPT,tracking_shuffled_objects,7,count_only,0.112,0.1339235854245144
model_family,OPT,facebook/opt-2.7b,OPT,tracking_shuffled_objects,7,count_only,0.14,0.1339235854245144
model_family,OPT,facebook/opt-30b,OPT,tracking_shuffled_objects,7,count_only,0.18,0.1339235854245144
model_family,OPT,facebook/opt-125m,OPT,tracking_shuffled_objects,7,count_only,0.012,0.1339235854245144
model_family,OPT,facebook/opt-66b,OPT,tracking_shuffled_objects,7,count_only,0.128,0.1339235854245144
model_family,OPT,facebook/opt-6.7b,OPT,logical_deduction,3,PC3_count_additive,0.3146666666666666,0.3444952709515714
model_family,OPT,facebook/opt-1.3b,OPT,logical_deduction,3,PC3_count_additive,0.2333333333333333,0.2738492275273766
model_family,OPT,facebook/opt-350m,OPT,logical_deduction,3,PC3_count_additive,0.0373333333333333,0.21088985703983448
model_family,OPT,facebook/opt-13b,OPT,logical_deduction,3,PC3_count_additive,0.344,0.36057704868064827
model_family,OPT,facebook/opt-2.7b,OPT,logical_deduction,3,PC3_count_additive,0.3253333333333333,0.30359157080418264
model_family,OPT,facebook/opt-30b,OPT,logical_deduction,3,PC3_count_additive,0.36,0.38416899571500285
model_family,OPT,facebook/opt-125m,OPT,logical_deduction,3,PC3_count_additive,0.0373333333333333,0.20104922138701162
model_family,OPT,facebook/opt-66b,OPT,logical_deduction,3,PC3_count_additive,0.352,0.3912607804107678
model_family,OPT,facebook/opt-6.7b,OPT,logical_deduction,5,PC3_count_additive,0.2135999999999999,0.1874148916761982
model_family,OPT,facebook/opt-1.3b,OPT,logical_deduction,5,PC3_count_additive,0.0896,0.14200321551030914
model_family,OPT,facebook/opt-350m,OPT,logical_deduction,5,PC3_count_additive,0.0112,0.10497395109026283
model_family,OPT,facebook/opt-13b,OPT,logical_deduction,5,PC3_count_additive,0.244,0.19838304619326308
model_family,OPT,facebook/opt-2.7b,OPT,logical_deduction,5,PC3_count_additive,0.2128,0.16059283469688448
model_family,OPT,facebook/opt-30b,OPT,logical_deduction,5,PC3_count_additive,0.256,0.21492996406527778
model_family,OPT,facebook/opt-125m,OPT,logical_deduction,5,PC3_count_additive,0.0,0.0994527254553845
model_family,OPT,facebook/opt-66b,OPT,logical_deduction,5,PC3_count_additive,0.264,0.2200137337673705
model_family,OPT,facebook/opt-6.7b,OPT,logical_deduction,7,PC3_count_additive,0.1314285714285714,0.11822284974066684
model_family,OPT,facebook/opt-1.3b,OPT,logical_deduction,7,PC3_count_additive,0.0514285714285714,0.08776596564026208
model_family,OPT,facebook/opt-350m,OPT,logical_deduction,7,PC3_count_additive,0.0377142857142857,0.0638276733336132
model_family,OPT,facebook/opt-13b,OPT,logical_deduction,7,PC3_count_additive,0.1297142857142857,0.1257683927323207
model_family,OPT,facebook/opt-2.7b,OPT,logical_deduction,7,PC3_count_additive,0.1188571428571428,0.10008361780078574
model_family,OPT,facebook/opt-30b,OPT,logical_deduction,7,PC3_count_additive,0.1725714285714285,0.13729595561122898
model_family,OPT,facebook/opt-125m,OPT,logical_deduction,7,PC3_count_additive,0.016,0.0603247208115792
model_family,OPT,facebook/opt-66b,OPT,logical_deduction,7,PC3_count_additive,0.1314285714285714,0.14087294036379538
model_family,OPT,facebook/opt-6.7b,OPT,tracking_shuffled_objects,3,PC3_count_additive,0.36,0.3444952709515714
model_family,OPT,facebook/opt-1.3b,OPT,tracking_shuffled_objects,3,PC3_count_additive,0.292,0.2738492275273766
model_family,OPT,facebook/opt-350m,OPT,tracking_shuffled_objects,3,PC3_count_additive,0.312,0.21088985703983448
model_family,OPT,facebook/opt-13b,OPT,tracking_shuffled_objects,3,PC3_count_additive,0.332,0.36057704868064827
model_family,OPT,facebook/opt-2.7b,OPT,tracking_shuffled_objects,3,PC3_count_additive,0.328,0.30359157080418264
model_family,OPT,facebook/opt-30b,OPT,tracking_shuffled_objects,3,PC3_count_additive,0.296,0.38416899571500285
model_family,OPT,facebook/opt-125m,OPT,tracking_shuffled_objects,3,PC3_count_additive,0.204,0.20104922138701162
model_family,OPT,facebook/opt-66b,OPT,tracking_shuffled_objects,3,PC3_count_additive,0.332,0.3912607804107678
model_family,OPT,facebook/opt-6.7b,OPT,tracking_shuffled_objects,5,PC3_count_additive,0.188,0.1874148916761982
model_family,OPT,facebook/opt-1.3b,OPT,tracking_shuffled_objects,5,PC3_count_additive,0.0,0.14200321551030914
model_family,OPT,facebook/opt-350m,OPT,tracking_shuffled_objects,5,PC3_count_additive,0.104,0.10497395109026283
model_family,OPT,facebook/opt-13b,OPT,tracking_shuffled_objects,5,PC3_count_additive,0.18,0.19838304619326308
model_family,OPT,facebook/opt-2.7b,OPT,tracking_shuffled_objects,5,PC3_count_additive,0.184,0.16059283469688448
model_family,OPT,facebook/opt-30b,OPT,tracking_shuffled_objects,5,PC3_count_additive,0.188,0.21492996406527778
model_family,OPT,facebook/opt-125m,OPT,tracking_shuffled_objects,5,PC3_count_additive,0.04,0.0994527254553845
model_family,OPT,facebook/opt-66b,OPT,tracking_shuffled_objects,5,PC3_count_additive,0.184,0.2200137337673705
model_family,OPT,facebook/opt-6.7b,OPT,tracking_shuffled_objects,7,PC3_count_additive,0.128,0.11822284974066684
model_family,OPT,facebook/opt-1.3b,OPT,tracking_shuffled_objects,7,PC3_count_additive,0.0,0.08776596564026208
model_family,OPT,facebook/opt-350m,OPT,tracking_shuffled_objects,7,PC3_count_additive,0.02,0.0638276733336132
model_family,OPT,facebook/opt-13b,OPT,tracking_shuffled_objects,7,PC3_count_additive,0.112,0.1257683927323207
model_family,OPT,facebook/opt-2.7b,OPT,tracking_shuffled_objects,7,PC3_count_additive,0.14,0.10008361780078574
model_family,OPT,facebook/opt-30b,OPT,tracking_shuffled_objects,7,PC3_count_additive,0.18,0.13729595561122898
model_family,OPT,facebook/opt-125m,OPT,tracking_shuffled_objects,7,PC3_count_additive,0.012,0.0603247208115792
model_family,OPT,facebook/opt-66b,OPT,tracking_shuffled_objects,7,PC3_count_additive,0.128,0.14087294036379538
model_family,OPT,facebook/opt-6.7b,OPT,logical_deduction,3,PC3_chance_floor,0.3146666666666666,0.343935467065992
model_family,OPT,facebook/opt-1.3b,OPT,logical_deduction,3,PC3_chance_floor,0.2333333333333333,0.34036566189453826
model_family,OPT,facebook/opt-350m,OPT,logical_deduction,3,PC3_chance_floor,0.0373333333333333,0.3378687893516394
model_family,OPT,facebook/opt-13b,OPT,logical_deduction,3,PC3_chance_floor,0.344,0.3449141262895401
model_family,OPT,facebook/opt-2.7b,OPT,logical_deduction,3,PC3_chance_floor,0.3253333333333333,0.3418757414753839
model_family,OPT,facebook/opt-30b,OPT,logical_deduction,3,PC3_chance_floor,0.36,0.3477471689066846
model_family,OPT,facebook/opt-125m,OPT,logical_deduction,3,PC3_chance_floor,0.0373333333333333,0.3377095981886552
model_family,OPT,facebook/opt-66b,OPT,logical_deduction,3,PC3_chance_floor,0.352,0.3488172004063568
model_family,OPT,facebook/opt-6.7b,OPT,logical_deduction,5,PC3_chance_floor,0.2135999999999999,0.21272256047919041
model_family,OPT,facebook/opt-1.3b,OPT,logical_deduction,5,PC3_chance_floor,0.0896,0.20843879427344594
model_family,OPT,facebook/opt-350m,OPT,logical_deduction,5,PC3_chance_floor,0.0112,0.2054425472219673
model_family,OPT,facebook/opt-13b,OPT,logical_deduction,5,PC3_chance_floor,0.244,0.21389695154744814
model_family,OPT,facebook/opt-2.7b,OPT,logical_deduction,5,PC3_chance_floor,0.2128,0.21025088977046075
model_family,OPT,facebook/opt-30b,OPT,logical_deduction,5,PC3_chance_floor,0.256,0.2172966026880216
model_family,OPT,facebook/opt-125m,OPT,logical_deduction,5,PC3_chance_floor,0.0,0.2052515178263863
model_family,OPT,facebook/opt-66b,OPT,logical_deduction,5,PC3_chance_floor,0.264,0.21858064048762818
model_family,OPT,facebook/opt-6.7b,OPT,logical_deduction,7,PC3_chance_floor,0.1314285714285714,0.15648845765627542
model_family,OPT,facebook/opt-1.3b,OPT,logical_deduction,7,PC3_chance_floor,0.0514285714285714,0.15189870815012063
model_family,OPT,facebook/opt-350m,OPT,logical_deduction,7,PC3_chance_floor,0.0377142857142857,0.14868844345210783
model_family,OPT,facebook/opt-13b,OPT,logical_deduction,7,PC3_chance_floor,0.1297142857142857,0.15774673380083726
model_family,OPT,facebook/opt-2.7b,OPT,logical_deduction,7,PC3_chance_floor,0.1188571428571428,0.15384023903977936
model_family,OPT,facebook/opt-30b,OPT,logical_deduction,7,PC3_chance_floor,0.1725714285714285,0.1613892171657374
model_family,OPT,facebook/opt-125m,OPT,logical_deduction,7,PC3_chance_floor,0.016,0.1484837690996996
model_family,OPT,facebook/opt-66b,OPT,logical_deduction,7,PC3_chance_floor,0.1314285714285714,0.16276497195103015
model_family,OPT,facebook/opt-6.7b,OPT,tracking_shuffled_objects,3,PC3_chance_floor,0.36,0.343935467065992
model_family,OPT,facebook/opt-1.3b,OPT,tracking_shuffled_objects,3,PC3_chance_floor,0.292,0.34036566189453826
model_family,OPT,facebook/opt-350m,OPT,tracking_shuffled_objects,3,PC3_chance_floor,0.312,0.3378687893516394
model_family,OPT,facebook/opt-13b,OPT,tracking_shuffled_objects,3,PC3_chance_floor,0.332,0.3449141262895401
model_family,OPT,facebook/opt-2.7b,OPT,tracking_shuffled_objects,3,PC3_chance_floor,0.328,0.3418757414753839
model_family,OPT,facebook/opt-30b,OPT,tracking_shuffled_objects,3,PC3_chance_floor,0.296,0.3477471689066846
model_family,OPT,facebook/opt-125m,OPT,tracking_shuffled_objects,3,PC3_chance_floor,0.204,0.3377095981886552
model_family,OPT,facebook/opt-66b,OPT,tracking_shuffled_objects,3,PC3_chance_floor,0.332,0.3488172004063568
model_family,OPT,facebook/opt-6.7b,OPT,tracking_shuffled_objects,5,PC3_chance_floor,0.188,0.21272256047919041
model_family,OPT,facebook/opt-1.3b,OPT,tracking_shuffled_objects,5,PC3_chance_floor,0.0,0.20843879427344594
model_family,OPT,facebook/opt-350m,OPT,tracking_shuffled_objects,5,PC3_chance_floor,0.104,0.2054425472219673
model_family,OPT,facebook/opt-13b,OPT,tracking_shuffled_objects,5,PC3_chance_floor,0.18,0.21389695154744814
model_family,OPT,facebook/opt-2.7b,OPT,tracking_shuffled_objects,5,PC3_chance_floor,0.184,0.21025088977046075
model_family,OPT,facebook/opt-30b,OPT,tracking_shuffled_objects,5,PC3_chance_floor,0.188,0.2172966026880216
model_family,OPT,facebook/opt-125m,OPT,tracking_shuffled_objects,5,PC3_chance_floor,0.04,0.2052515178263863
model_family,OPT,facebook/opt-66b,OPT,tracking_shuffled_objects,5,PC3_chance_floor,0.184,0.21858064048762818
model_family,OPT,facebook/opt-6.7b,OPT,tracking_shuffled_objects,7,PC3_chance_floor,0.128,0.15648845765627542
model_family,OPT,facebook/opt-1.3b,OPT,tracking_shuffled_objects,7,PC3_chance_floor,0.0,0.15189870815012063
model_family,OPT,facebook/opt-350m,OPT,tracking_shuffled_objects,7,PC3_chance_floor,0.02,0.14868844345210783
model_family,OPT,facebook/opt-13b,OPT,tracking_shuffled_objects,7,PC3_chance_floor,0.112,0.15774673380083726
model_family,OPT,facebook/opt-2.7b,OPT,tracking_shuffled_objects,7,PC3_chance_floor,0.14,0.15384023903977936
model_family,OPT,facebook/opt-30b,OPT,tracking_shuffled_objects,7,PC3_chance_floor,0.18,0.1613892171657374
model_family,OPT,facebook/opt-125m,OPT,tracking_shuffled_objects,7,PC3_chance_floor,0.012,0.1484837690996996
model_family,OPT,facebook/opt-66b,OPT,tracking_shuffled_objects,7,PC3_chance_floor,0.128,0.16276497195103015
model_family,Phi,microsoft/phi-2,Phi,logical_deduction,3,pooled_mean,0.816,0.27076405097250167
model_family,Phi,microsoft/phi-1_5,Phi,logical_deduction,3,pooled_mean,0.408,0.27076405097250167
model_family,Phi,microsoft/phi-2,Phi,logical_deduction,5,pooled_mean,0.592,0.27076405097250167
model_family,Phi,microsoft/phi-1_5,Phi,logical_deduction,5,pooled_mean,0.252,0.27076405097250167
model_family,Phi,microsoft/phi-2,Phi,logical_deduction,7,pooled_mean,0.424,0.27076405097250167
model_family,Phi,microsoft/phi-1_5,Phi,logical_deduction,7,pooled_mean,0.1782857142857142,0.27076405097250167
model_family,Phi,microsoft/phi-2,Phi,tracking_shuffled_objects,3,pooled_mean,0.892,0.27076405097250167
model_family,Phi,microsoft/phi-1_5,Phi,tracking_shuffled_objects,3,pooled_mean,0.348,0.27076405097250167
model_family,Phi,microsoft/phi-2,Phi,tracking_shuffled_objects,5,pooled_mean,0.904,0.27076405097250167
model_family,Phi,microsoft/phi-1_5,Phi,tracking_shuffled_objects,5,pooled_mean,0.168,0.27076405097250167
model_family,Phi,microsoft/phi-2,Phi,tracking_shuffled_objects,7,pooled_mean,0.86,0.27076405097250167
model_family,Phi,microsoft/phi-1_5,Phi,tracking_shuffled_objects,7,pooled_mean,0.072,0.27076405097250167
model_family,Phi,microsoft/phi-2,Phi,logical_deduction,3,task_family_mean,0.816,0.29840715403532303
model_family,Phi,microsoft/phi-1_5,Phi,logical_deduction,3,task_family_mean,0.408,0.29840715403532303
model_family,Phi,microsoft/phi-2,Phi,logical_deduction,5,task_family_mean,0.592,0.29840715403532303
model_family,Phi,microsoft/phi-1_5,Phi,logical_deduction,5,task_family_mean,0.252,0.29840715403532303
model_family,Phi,microsoft/phi-2,Phi,logical_deduction,7,task_family_mean,0.424,0.29840715403532303
model_family,Phi,microsoft/phi-1_5,Phi,logical_deduction,7,task_family_mean,0.1782857142857142,0.29840715403532303
model_family,Phi,microsoft/phi-2,Phi,tracking_shuffled_objects,3,task_family_mean,0.892,0.2431209479096803
model_family,Phi,microsoft/phi-1_5,Phi,tracking_shuffled_objects,3,task_family_mean,0.348,0.2431209479096803
model_family,Phi,microsoft/phi-2,Phi,tracking_shuffled_objects,5,task_family_mean,0.904,0.2431209479096803
model_family,Phi,microsoft/phi-1_5,Phi,tracking_shuffled_objects,5,task_family_mean,0.168,0.2431209479096803
model_family,Phi,microsoft/phi-2,Phi,tracking_shuffled_objects,7,task_family_mean,0.86,0.2431209479096803
model_family,Phi,microsoft/phi-1_5,Phi,tracking_shuffled_objects,7,task_family_mean,0.072,0.2431209479096803
model_family,Phi,microsoft/phi-2,Phi,logical_deduction,3,PC1,0.816,0.29613805667916626
model_family,Phi,microsoft/phi-1_5,Phi,logical_deduction,3,PC1,0.408,0.20034923438055133
model_family,Phi,microsoft/phi-2,Phi,logical_deduction,5,PC1,0.592,0.29613805667916626
model_family,Phi,microsoft/phi-1_5,Phi,logical_deduction,5,PC1,0.252,0.20034923438055133
model_family,Phi,microsoft/phi-2,Phi,logical_deduction,7,PC1,0.424,0.29613805667916626
model_family,Phi,microsoft/phi-1_5,Phi,logical_deduction,7,PC1,0.1782857142857142,0.20034923438055133
model_family,Phi,microsoft/phi-2,Phi,tracking_shuffled_objects,3,PC1,0.892,0.29613805667916626
model_family,Phi,microsoft/phi-1_5,Phi,tracking_shuffled_objects,3,PC1,0.348,0.20034923438055133
model_family,Phi,microsoft/phi-2,Phi,tracking_shuffled_objects,5,PC1,0.904,0.29613805667916626
model_family,Phi,microsoft/phi-1_5,Phi,tracking_shuffled_objects,5,PC1,0.168,0.20034923438055133
model_family,Phi,microsoft/phi-2,Phi,tracking_shuffled_objects,7,PC1,0.86,0.29613805667916626
model_family,Phi,microsoft/phi-1_5,Phi,tracking_shuffled_objects,7,PC1,0.072,0.20034923438055133
model_family,Phi,microsoft/phi-2,Phi,logical_deduction,3,PC3,0.816,0.27546480655974687
model_family,Phi,microsoft/phi-1_5,Phi,logical_deduction,3,PC3,0.408,0.14619334495759076
model_family,Phi,microsoft/phi-2,Phi,logical_deduction,5,PC3,0.592,0.27546480655974687
model_family,Phi,microsoft/phi-1_5,Phi,logical_deduction,5,PC3,0.252,0.14619334495759076
model_family,Phi,microsoft/phi-2,Phi,logical_deduction,7,PC3,0.424,0.27546480655974687
model_family,Phi,microsoft/phi-1_5,Phi,logical_deduction,7,PC3,0.1782857142857142,0.14619334495759076
model_family,Phi,microsoft/phi-2,Phi,tracking_shuffled_objects,3,PC3,0.892,0.27546480655974687
model_family,Phi,microsoft/phi-1_5,Phi,tracking_shuffled_objects,3,PC3,0.348,0.14619334495759076
model_family,Phi,microsoft/phi-2,Phi,tracking_shuffled_objects,5,PC3,0.904,0.27546480655974687
model_family,Phi,microsoft/phi-1_5,Phi,tracking_shuffled_objects,5,PC3,0.168,0.14619334495759076
model_family,Phi,microsoft/phi-2,Phi,tracking_shuffled_objects,7,PC3,0.86,0.27546480655974687
model_family,Phi,microsoft/phi-1_5,Phi,tracking_shuffled_objects,7,PC3,0.072,0.14619334495759076
model_family,Phi,microsoft/phi-2,Phi,logical_deduction,3,PC3_count,0.816,0.4658729632045219
model_family,Phi,microsoft/phi-1_5,Phi,logical_deduction,3,PC3_count,0.408,0.32240225819273244
model_family,Phi,microsoft/phi-2,Phi,logical_deduction,5,PC3_count,0.592,0.2547059249991124
model_family,Phi,microsoft/phi-1_5,Phi,logical_deduction,5,PC3_count,0.252,0.13056414658157695
model_family,Phi,microsoft/phi-2,Phi,logical_deduction,7,PC3_count,0.424,0.15566784443502518
model_family,Phi,microsoft/phi-1_5,Phi,logical_deduction,7,PC3_count,0.1782857142857142,0.0656452753414148
model_family,Phi,microsoft/phi-2,Phi,tracking_shuffled_objects,3,PC3_count,0.892,0.4658729632045219
model_family,Phi,microsoft/phi-1_5,Phi,tracking_shuffled_objects,3,PC3_count,0.348,0.32240225819273244
model_family,Phi,microsoft/phi-2,Phi,tracking_shuffled_objects,5,PC3_count,0.904,0.2547059249991124
model_family,Phi,microsoft/phi-1_5,Phi,tracking_shuffled_objects,5,PC3_count,0.168,0.13056414658157695
model_family,Phi,microsoft/phi-2,Phi,tracking_shuffled_objects,7,PC3_count,0.86,0.15566784443502518
model_family,Phi,microsoft/phi-1_5,Phi,tracking_shuffled_objects,7,PC3_count,0.072,0.0656452753414148
model_family,Phi,microsoft/phi-2,Phi,logical_deduction,3,count_only,0.816,0.3525276223639093
model_family,Phi,microsoft/phi-1_5,Phi,logical_deduction,3,count_only,0.408,0.3525276223639093
model_family,Phi,microsoft/phi-2,Phi,logical_deduction,5,count_only,0.592,0.19043903741330767
model_family,Phi,microsoft/phi-1_5,Phi,logical_deduction,5,count_only,0.252,0.19043903741330767
model_family,Phi,microsoft/phi-2,Phi,logical_deduction,7,count_only,0.424,0.11920971657711464
model_family,Phi,microsoft/phi-1_5,Phi,logical_deduction,7,count_only,0.1782857142857142,0.11920971657711464
model_family,Phi,microsoft/phi-2,Phi,tracking_shuffled_objects,3,count_only,0.892,0.3525276223639093
model_family,Phi,microsoft/phi-1_5,Phi,tracking_shuffled_objects,3,count_only,0.348,0.3525276223639093
model_family,Phi,microsoft/phi-2,Phi,tracking_shuffled_objects,5,count_only,0.904,0.19043903741330767
model_family,Phi,microsoft/phi-1_5,Phi,tracking_shuffled_objects,5,count_only,0.168,0.19043903741330767
model_family,Phi,microsoft/phi-2,Phi,tracking_shuffled_objects,7,count_only,0.86,0.11920971657711464
model_family,Phi,microsoft/phi-1_5,Phi,tracking_shuffled_objects,7,count_only,0.072,0.11920971657711464
model_family,Phi,microsoft/phi-2,Phi,logical_deduction,3,PC3_count_additive,0.816,0.44439672529176105
model_family,Phi,microsoft/phi-1_5,Phi,logical_deduction,3,PC3_count_additive,0.408,0.26482465678116657
model_family,Phi,microsoft/phi-2,Phi,logical_deduction,5,PC3_count_additive,0.592,0.25682252185200527
model_family,Phi,microsoft/phi-1_5,Phi,logical_deduction,5,PC3_count_additive,0.252,0.13467346107356232
model_family,Phi,microsoft/phi-2,Phi,logical_deduction,7,PC3_count_additive,0.424,0.16585062607581347
model_family,Phi,microsoft/phi-1_5,Phi,logical_deduction,7,PC3_count_additive,0.1782857142857142,0.0821845329080354
model_family,Phi,microsoft/phi-2,Phi,tracking_shuffled_objects,3,PC3_count_additive,0.892,0.44439672529176105
model_family,Phi,microsoft/phi-1_5,Phi,tracking_shuffled_objects,3,PC3_count_additive,0.348,0.26482465678116657
model_family,Phi,microsoft/phi-2,Phi,tracking_shuffled_objects,5,PC3_count_additive,0.904,0.25682252185200527
model_family,Phi,microsoft/phi-1_5,Phi,tracking_shuffled_objects,5,PC3_count_additive,0.168,0.13467346107356232
model_family,Phi,microsoft/phi-2,Phi,tracking_shuffled_objects,7,PC3_count_additive,0.86,0.16585062607581347
model_family,Phi,microsoft/phi-1_5,Phi,tracking_shuffled_objects,7,PC3_count_additive,0.072,0.0821845329080354
model_family,Phi,microsoft/phi-2,Phi,logical_deduction,3,PC3_chance_floor,0.816,0.38294700711896107
model_family,Phi,microsoft/phi-1_5,Phi,logical_deduction,3,PC3_chance_floor,0.408,0.3398223797622592
model_family,Phi,microsoft/phi-2,Phi,logical_deduction,5,PC3_chance_floor,0.592,0.2595364085427533
model_family,Phi,microsoft/phi-1_5,Phi,logical_deduction,5,PC3_chance_floor,0.252,0.20778685571471112
model_family,Phi,microsoft/phi-2,Phi,logical_deduction,7,PC3_chance_floor,0.424,0.2066461520100928
model_family,Phi,microsoft/phi-1_5,Phi,logical_deduction,7,PC3_chance_floor,0.1782857142857142,0.15120020255147618
model_family,Phi,microsoft/phi-2,Phi,tracking_shuffled_objects,3,PC3_chance_floor,0.892,0.38294700711896107
model_family,Phi,microsoft/phi-1_5,Phi,tracking_shuffled_objects,3,PC3_chance_floor,0.348,0.3398223797622592
model_family,Phi,microsoft/phi-2,Phi,tracking_shuffled_objects,5,PC3_chance_floor,0.904,0.2595364085427533
model_family,Phi,microsoft/phi-1_5,Phi,tracking_shuffled_objects,5,PC3_chance_floor,0.168,0.20778685571471112
model_family,Phi,microsoft/phi-2,Phi,tracking_shuffled_objects,7,PC3_chance_floor,0.86,0.2066461520100928
model_family,Phi,microsoft/phi-1_5,Phi,tracking_shuffled_objects,7,PC3_chance_floor,0.072,0.15120020255147618
model_family,Pythia,EleutherAI/pythia-1b-deduped,Pythia,logical_deduction,3,pooled_mean,0.324,0.29083340659340656
model_family,Pythia,EleutherAI/pythia-410m-deduped,Pythia,logical_deduction,3,pooled_mean,0.2413333333333333,0.29083340659340656
model_family,Pythia,EleutherAI/pythia-6.9b-deduped,Pythia,logical_deduction,3,pooled_mean,0.364,0.29083340659340656
model_family,Pythia,EleutherAI/pythia-2.8b-deduped,Pythia,logical_deduction,3,pooled_mean,0.348,0.29083340659340656
model_family,Pythia,EleutherAI/pythia-12b-deduped,Pythia,logical_deduction,3,pooled_mean,0.36,0.29083340659340656
model_family,Pythia,EleutherAI/pythia-70m-deduped,Pythia,logical_deduction,3,pooled_mean,0.1466666666666666,0.29083340659340656
model_family,Pythia,EleutherAI/pythia-1.4b-deduped,Pythia,logical_deduction,3,pooled_mean,0.328,0.29083340659340656
model_family,Pythia,EleutherAI/pythia-160m-deduped,Pythia,logical_deduction,3,pooled_mean,0.092,0.29083340659340656
model_family,Pythia,EleutherAI/pythia-1b-deduped,Pythia,logical_deduction,5,pooled_mean,0.172,0.29083340659340656
model_family,Pythia,EleutherAI/pythia-410m-deduped,Pythia,logical_deduction,5,pooled_mean,0.1088,0.29083340659340656
model_family,Pythia,EleutherAI/pythia-6.9b-deduped,Pythia,logical_deduction,5,pooled_mean,0.212,0.29083340659340656
model_family,Pythia,EleutherAI/pythia-2.8b-deduped,Pythia,logical_deduction,5,pooled_mean,0.2024,0.29083340659340656
model_family,Pythia,EleutherAI/pythia-12b-deduped,Pythia,logical_deduction,5,pooled_mean,0.2264,0.29083340659340656
model_family,Pythia,EleutherAI/pythia-70m-deduped,Pythia,logical_deduction,5,pooled_mean,0.0752,0.29083340659340656
model_family,Pythia,EleutherAI/pythia-1.4b-deduped,Pythia,logical_deduction,5,pooled_mean,0.216,0.29083340659340656
model_family,Pythia,EleutherAI/pythia-160m-deduped,Pythia,logical_deduction,5,pooled_mean,0.0688,0.29083340659340656
model_family,Pythia,EleutherAI/pythia-1b-deduped,Pythia,logical_deduction,7,pooled_mean,0.096,0.29083340659340656
model_family,Pythia,EleutherAI/pythia-410m-deduped,Pythia,logical_deduction,7,pooled_mean,0.0531428571428571,0.29083340659340656
model_family,Pythia,EleutherAI/pythia-6.9b-deduped,Pythia,logical_deduction,7,pooled_mean,0.1297142857142857,0.29083340659340656
model_family,Pythia,EleutherAI/pythia-2.8b-deduped,Pythia,logical_deduction,7,pooled_mean,0.1154285714285714,0.29083340659340656
model_family,Pythia,EleutherAI/pythia-12b-deduped,Pythia,logical_deduction,7,pooled_mean,0.1462857142857143,0.29083340659340656
model_family,Pythia,EleutherAI/pythia-70m-deduped,Pythia,logical_deduction,7,pooled_mean,0.0645714285714285,0.29083340659340656
model_family,Pythia,EleutherAI/pythia-1.4b-deduped,Pythia,logical_deduction,7,pooled_mean,0.132,0.29083340659340656
model_family,Pythia,EleutherAI/pythia-160m-deduped,Pythia,logical_deduction,7,pooled_mean,0.028,0.29083340659340656
model_family,Pythia,EleutherAI/pythia-1b-deduped,Pythia,tracking_shuffled_objects,3,pooled_mean,0.336,0.29083340659340656
model_family,Pythia,EleutherAI/pythia-410m-deduped,Pythia,tracking_shuffled_objects,3,pooled_mean,0.32,0.29083340659340656
model_family,Pythia,EleutherAI/pythia-6.9b-deduped,Pythia,tracking_shuffled_objects,3,pooled_mean,0.336,0.29083340659340656
model_family,Pythia,EleutherAI/pythia-2.8b-deduped,Pythia,tracking_shuffled_objects,3,pooled_mean,0.332,0.29083340659340656
model_family,Pythia,EleutherAI/pythia-12b-deduped,Pythia,tracking_shuffled_objects,3,pooled_mean,0.296,0.29083340659340656
model_family,Pythia,EleutherAI/pythia-70m-deduped,Pythia,tracking_shuffled_objects,3,pooled_mean,0.0,0.29083340659340656
model_family,Pythia,EleutherAI/pythia-1.4b-deduped,Pythia,tracking_shuffled_objects,3,pooled_mean,0.364,0.29083340659340656
model_family,Pythia,EleutherAI/pythia-160m-deduped,Pythia,tracking_shuffled_objects,3,pooled_mean,0.0,0.29083340659340656
model_family,Pythia,EleutherAI/pythia-1b-deduped,Pythia,tracking_shuffled_objects,5,pooled_mean,0.172,0.29083340659340656
model_family,Pythia,EleutherAI/pythia-410m-deduped,Pythia,tracking_shuffled_objects,5,pooled_mean,0.168,0.29083340659340656
model_family,Pythia,EleutherAI/pythia-6.9b-deduped,Pythia,tracking_shuffled_objects,5,pooled_mean,0.196,0.29083340659340656
model_family,Pythia,EleutherAI/pythia-2.8b-deduped,Pythia,tracking_shuffled_objects,5,pooled_mean,0.144,0.29083340659340656
model_family,Pythia,EleutherAI/pythia-12b-deduped,Pythia,tracking_shuffled_objects,5,pooled_mean,0.148,0.29083340659340656
model_family,Pythia,EleutherAI/pythia-70m-deduped,Pythia,tracking_shuffled_objects,5,pooled_mean,0.0,0.29083340659340656
model_family,Pythia,EleutherAI/pythia-1.4b-deduped,Pythia,tracking_shuffled_objects,5,pooled_mean,0.236,0.29083340659340656
model_family,Pythia,EleutherAI/pythia-160m-deduped,Pythia,tracking_shuffled_objects,5,pooled_mean,0.004,0.29083340659340656
model_family,Pythia,EleutherAI/pythia-1b-deduped,Pythia,tracking_shuffled_objects,7,pooled_mean,0.104,0.29083340659340656
model_family,Pythia,EleutherAI/pythia-410m-deduped,Pythia,tracking_shuffled_objects,7,pooled_mean,0.056,0.29083340659340656
model_family,Pythia,EleutherAI/pythia-6.9b-deduped,Pythia,tracking_shuffled_objects,7,pooled_mean,0.048,0.29083340659340656
model_family,Pythia,EleutherAI/pythia-2.8b-deduped,Pythia,tracking_shuffled_objects,7,pooled_mean,0.104,0.29083340659340656
model_family,Pythia,EleutherAI/pythia-12b-deduped,Pythia,tracking_shuffled_objects,7,pooled_mean,0.056,0.29083340659340656
model_family,Pythia,EleutherAI/pythia-70m-deduped,Pythia,tracking_shuffled_objects,7,pooled_mean,0.0,0.29083340659340656
model_family,Pythia,EleutherAI/pythia-1.4b-deduped,Pythia,tracking_shuffled_objects,7,pooled_mean,0.156,0.29083340659340656
model_family,Pythia,EleutherAI/pythia-160m-deduped,Pythia,tracking_shuffled_objects,7,pooled_mean,0.008,0.29083340659340656
model_family,Pythia,EleutherAI/pythia-1b-deduped,Pythia,logical_deduction,3,task_family_mean,0.324,0.31784752136752137
model_family,Pythia,EleutherAI/pythia-410m-deduped,Pythia,logical_deduction,3,task_family_mean,0.2413333333333333,0.31784752136752137
model_family,Pythia,EleutherAI/pythia-6.9b-deduped,Pythia,logical_deduction,3,task_family_mean,0.364,0.31784752136752137
model_family,Pythia,EleutherAI/pythia-2.8b-deduped,Pythia,logical_deduction,3,task_family_mean,0.348,0.31784752136752137
model_family,Pythia,EleutherAI/pythia-12b-deduped,Pythia,logical_deduction,3,task_family_mean,0.36,0.31784752136752137
model_family,Pythia,EleutherAI/pythia-70m-deduped,Pythia,logical_deduction,3,task_family_mean,0.1466666666666666,0.31784752136752137
model_family,Pythia,EleutherAI/pythia-1.4b-deduped,Pythia,logical_deduction,3,task_family_mean,0.328,0.31784752136752137
model_family,Pythia,EleutherAI/pythia-160m-deduped,Pythia,logical_deduction,3,task_family_mean,0.092,0.31784752136752137
model_family,Pythia,EleutherAI/pythia-1b-deduped,Pythia,logical_deduction,5,task_family_mean,0.172,0.31784752136752137
model_family,Pythia,EleutherAI/pythia-410m-deduped,Pythia,logical_deduction,5,task_family_mean,0.1088,0.31784752136752137
model_family,Pythia,EleutherAI/pythia-6.9b-deduped,Pythia,logical_deduction,5,task_family_mean,0.212,0.31784752136752137
model_family,Pythia,EleutherAI/pythia-2.8b-deduped,Pythia,logical_deduction,5,task_family_mean,0.2024,0.31784752136752137
model_family,Pythia,EleutherAI/pythia-12b-deduped,Pythia,logical_deduction,5,task_family_mean,0.2264,0.31784752136752137
model_family,Pythia,EleutherAI/pythia-70m-deduped,Pythia,logical_deduction,5,task_family_mean,0.0752,0.31784752136752137
model_family,Pythia,EleutherAI/pythia-1.4b-deduped,Pythia,logical_deduction,5,task_family_mean,0.216,0.31784752136752137
model_family,Pythia,EleutherAI/pythia-160m-deduped,Pythia,logical_deduction,5,task_family_mean,0.0688,0.31784752136752137
model_family,Pythia,EleutherAI/pythia-1b-deduped,Pythia,logical_deduction,7,task_family_mean,0.096,0.31784752136752137
model_family,Pythia,EleutherAI/pythia-410m-deduped,Pythia,logical_deduction,7,task_family_mean,0.0531428571428571,0.31784752136752137
model_family,Pythia,EleutherAI/pythia-6.9b-deduped,Pythia,logical_deduction,7,task_family_mean,0.1297142857142857,0.31784752136752137
model_family,Pythia,EleutherAI/pythia-2.8b-deduped,Pythia,logical_deduction,7,task_family_mean,0.1154285714285714,0.31784752136752137
model_family,Pythia,EleutherAI/pythia-12b-deduped,Pythia,logical_deduction,7,task_family_mean,0.1462857142857143,0.31784752136752137
model_family,Pythia,EleutherAI/pythia-70m-deduped,Pythia,logical_deduction,7,task_family_mean,0.0645714285714285,0.31784752136752137
model_family,Pythia,EleutherAI/pythia-1.4b-deduped,Pythia,logical_deduction,7,task_family_mean,0.132,0.31784752136752137
model_family,Pythia,EleutherAI/pythia-160m-deduped,Pythia,logical_deduction,7,task_family_mean,0.028,0.31784752136752137
model_family,Pythia,EleutherAI/pythia-1b-deduped,Pythia,tracking_shuffled_objects,3,task_family_mean,0.336,0.2638192918192918
model_family,Pythia,EleutherAI/pythia-410m-deduped,Pythia,tracking_shuffled_objects,3,task_family_mean,0.32,0.2638192918192918
model_family,Pythia,EleutherAI/pythia-6.9b-deduped,Pythia,tracking_shuffled_objects,3,task_family_mean,0.336,0.2638192918192918
model_family,Pythia,EleutherAI/pythia-2.8b-deduped,Pythia,tracking_shuffled_objects,3,task_family_mean,0.332,0.2638192918192918
model_family,Pythia,EleutherAI/pythia-12b-deduped,Pythia,tracking_shuffled_objects,3,task_family_mean,0.296,0.2638192918192918
model_family,Pythia,EleutherAI/pythia-70m-deduped,Pythia,tracking_shuffled_objects,3,task_family_mean,0.0,0.2638192918192918
model_family,Pythia,EleutherAI/pythia-1.4b-deduped,Pythia,tracking_shuffled_objects,3,task_family_mean,0.364,0.2638192918192918
model_family,Pythia,EleutherAI/pythia-160m-deduped,Pythia,tracking_shuffled_objects,3,task_family_mean,0.0,0.2638192918192918
model_family,Pythia,EleutherAI/pythia-1b-deduped,Pythia,tracking_shuffled_objects,5,task_family_mean,0.172,0.2638192918192918
model_family,Pythia,EleutherAI/pythia-410m-deduped,Pythia,tracking_shuffled_objects,5,task_family_mean,0.168,0.2638192918192918
model_family,Pythia,EleutherAI/pythia-6.9b-deduped,Pythia,tracking_shuffled_objects,5,task_family_mean,0.196,0.2638192918192918
model_family,Pythia,EleutherAI/pythia-2.8b-deduped,Pythia,tracking_shuffled_objects,5,task_family_mean,0.144,0.2638192918192918
model_family,Pythia,EleutherAI/pythia-12b-deduped,Pythia,tracking_shuffled_objects,5,task_family_mean,0.148,0.2638192918192918
model_family,Pythia,EleutherAI/pythia-70m-deduped,Pythia,tracking_shuffled_objects,5,task_family_mean,0.0,0.2638192918192918
model_family,Pythia,EleutherAI/pythia-1.4b-deduped,Pythia,tracking_shuffled_objects,5,task_family_mean,0.236,0.2638192918192918
model_family,Pythia,EleutherAI/pythia-160m-deduped,Pythia,tracking_shuffled_objects,5,task_family_mean,0.004,0.2638192918192918
model_family,Pythia,EleutherAI/pythia-1b-deduped,Pythia,tracking_shuffled_objects,7,task_family_mean,0.104,0.2638192918192918
model_family,Pythia,EleutherAI/pythia-410m-deduped,Pythia,tracking_shuffled_objects,7,task_family_mean,0.056,0.2638192918192918
model_family,Pythia,EleutherAI/pythia-6.9b-deduped,Pythia,tracking_shuffled_objects,7,task_family_mean,0.048,0.2638192918192918
model_family,Pythia,EleutherAI/pythia-2.8b-deduped,Pythia,tracking_shuffled_objects,7,task_family_mean,0.104,0.2638192918192918
model_family,Pythia,EleutherAI/pythia-12b-deduped,Pythia,tracking_shuffled_objects,7,task_family_mean,0.056,0.2638192918192918
model_family,Pythia,EleutherAI/pythia-70m-deduped,Pythia,tracking_shuffled_objects,7,task_family_mean,0.0,0.2638192918192918
model_family,Pythia,EleutherAI/pythia-1.4b-deduped,Pythia,tracking_shuffled_objects,7,task_family_mean,0.156,0.2638192918192918
model_family,Pythia,EleutherAI/pythia-160m-deduped,Pythia,tracking_shuffled_objects,7,task_family_mean,0.008,0.2638192918192918
model_family,Pythia,EleutherAI/pythia-1b-deduped,Pythia,logical_deduction,3,PC1,0.324,0.12400647645987839
model_family,Pythia,EleutherAI/pythia-410m-deduped,Pythia,logical_deduction,3,PC1,0.2413333333333333,0.11573602686984336
model_family,Pythia,EleutherAI/pythia-6.9b-deduped,Pythia,logical_deduction,3,PC1,0.364,0.1752502577629451
model_family,Pythia,EleutherAI/pythia-2.8b-deduped,Pythia,logical_deduction,3,PC1,0.348,0.15620248379856413
model_family,Pythia,EleutherAI/pythia-12b-deduped,Pythia,logical_deduction,3,PC1,0.36,0.18244897103942326
model_family,Pythia,EleutherAI/pythia-70m-deduped,Pythia,logical_deduction,3,PC1,0.1466666666666666,0.10260742304835684
model_family,Pythia,EleutherAI/pythia-1.4b-deduped,Pythia,logical_deduction,3,PC1,0.328,0.14069897863335717
model_family,Pythia,EleutherAI/pythia-160m-deduped,Pythia,logical_deduction,3,PC1,0.092,0.10721208116373042
model_family,Pythia,EleutherAI/pythia-1b-deduped,Pythia,logical_deduction,5,PC1,0.172,0.12400647645987839
model_family,Pythia,EleutherAI/pythia-410m-deduped,Pythia,logical_deduction,5,PC1,0.1088,0.11573602686984336
model_family,Pythia,EleutherAI/pythia-6.9b-deduped,Pythia,logical_deduction,5,PC1,0.212,0.1752502577629451
model_family,Pythia,EleutherAI/pythia-2.8b-deduped,Pythia,logical_deduction,5,PC1,0.2024,0.15620248379856413
model_family,Pythia,EleutherAI/pythia-12b-deduped,Pythia,logical_deduction,5,PC1,0.2264,0.18244897103942326
model_family,Pythia,EleutherAI/pythia-70m-deduped,Pythia,logical_deduction,5,PC1,0.0752,0.10260742304835684
model_family,Pythia,EleutherAI/pythia-1.4b-deduped,Pythia,logical_deduction,5,PC1,0.216,0.14069897863335717
model_family,Pythia,EleutherAI/pythia-160m-deduped,Pythia,logical_deduction,5,PC1,0.0688,0.10721208116373042
model_family,Pythia,EleutherAI/pythia-1b-deduped,Pythia,logical_deduction,7,PC1,0.096,0.12400647645987839
model_family,Pythia,EleutherAI/pythia-410m-deduped,Pythia,logical_deduction,7,PC1,0.0531428571428571,0.11573602686984336
model_family,Pythia,EleutherAI/pythia-6.9b-deduped,Pythia,logical_deduction,7,PC1,0.1297142857142857,0.1752502577629451
model_family,Pythia,EleutherAI/pythia-2.8b-deduped,Pythia,logical_deduction,7,PC1,0.1154285714285714,0.15620248379856413
model_family,Pythia,EleutherAI/pythia-12b-deduped,Pythia,logical_deduction,7,PC1,0.1462857142857143,0.18244897103942326
model_family,Pythia,EleutherAI/pythia-70m-deduped,Pythia,logical_deduction,7,PC1,0.0645714285714285,0.10260742304835684
model_family,Pythia,EleutherAI/pythia-1.4b-deduped,Pythia,logical_deduction,7,PC1,0.132,0.14069897863335717
model_family,Pythia,EleutherAI/pythia-160m-deduped,Pythia,logical_deduction,7,PC1,0.028,0.10721208116373042
model_family,Pythia,EleutherAI/pythia-1b-deduped,Pythia,tracking_shuffled_objects,3,PC1,0.336,0.12400647645987839
model_family,Pythia,EleutherAI/pythia-410m-deduped,Pythia,tracking_shuffled_objects,3,PC1,0.32,0.11573602686984336
model_family,Pythia,EleutherAI/pythia-6.9b-deduped,Pythia,tracking_shuffled_objects,3,PC1,0.336,0.1752502577629451
model_family,Pythia,EleutherAI/pythia-2.8b-deduped,Pythia,tracking_shuffled_objects,3,PC1,0.332,0.15620248379856413
model_family,Pythia,EleutherAI/pythia-12b-deduped,Pythia,tracking_shuffled_objects,3,PC1,0.296,0.18244897103942326
model_family,Pythia,EleutherAI/pythia-70m-deduped,Pythia,tracking_shuffled_objects,3,PC1,0.0,0.10260742304835684
model_family,Pythia,EleutherAI/pythia-1.4b-deduped,Pythia,tracking_shuffled_objects,3,PC1,0.364,0.14069897863335717
model_family,Pythia,EleutherAI/pythia-160m-deduped,Pythia,tracking_shuffled_objects,3,PC1,0.0,0.10721208116373042
model_family,Pythia,EleutherAI/pythia-1b-deduped,Pythia,tracking_shuffled_objects,5,PC1,0.172,0.12400647645987839
model_family,Pythia,EleutherAI/pythia-410m-deduped,Pythia,tracking_shuffled_objects,5,PC1,0.168,0.11573602686984336
model_family,Pythia,EleutherAI/pythia-6.9b-deduped,Pythia,tracking_shuffled_objects,5,PC1,0.196,0.1752502577629451
model_family,Pythia,EleutherAI/pythia-2.8b-deduped,Pythia,tracking_shuffled_objects,5,PC1,0.144,0.15620248379856413
model_family,Pythia,EleutherAI/pythia-12b-deduped,Pythia,tracking_shuffled_objects,5,PC1,0.148,0.18244897103942326
model_family,Pythia,EleutherAI/pythia-70m-deduped,Pythia,tracking_shuffled_objects,5,PC1,0.0,0.10260742304835684
model_family,Pythia,EleutherAI/pythia-1.4b-deduped,Pythia,tracking_shuffled_objects,5,PC1,0.236,0.14069897863335717
model_family,Pythia,EleutherAI/pythia-160m-deduped,Pythia,tracking_shuffled_objects,5,PC1,0.004,0.10721208116373042
model_family,Pythia,EleutherAI/pythia-1b-deduped,Pythia,tracking_shuffled_objects,7,PC1,0.104,0.12400647645987839
model_family,Pythia,EleutherAI/pythia-410m-deduped,Pythia,tracking_shuffled_objects,7,PC1,0.056,0.11573602686984336
model_family,Pythia,EleutherAI/pythia-6.9b-deduped,Pythia,tracking_shuffled_objects,7,PC1,0.048,0.1752502577629451
model_family,Pythia,EleutherAI/pythia-2.8b-deduped,Pythia,tracking_shuffled_objects,7,PC1,0.104,0.15620248379856413
model_family,Pythia,EleutherAI/pythia-12b-deduped,Pythia,tracking_shuffled_objects,7,PC1,0.056,0.18244897103942326
model_family,Pythia,EleutherAI/pythia-70m-deduped,Pythia,tracking_shuffled_objects,7,PC1,0.0,0.10260742304835684
model_family,Pythia,EleutherAI/pythia-1.4b-deduped,Pythia,tracking_shuffled_objects,7,PC1,0.156,0.14069897863335717
model_family,Pythia,EleutherAI/pythia-160m-deduped,Pythia,tracking_shuffled_objects,7,PC1,0.008,0.10721208116373042
model_family,Pythia,EleutherAI/pythia-1b-deduped,Pythia,logical_deduction,3,PC3,0.324,0.1253964575773113
model_family,Pythia,EleutherAI/pythia-410m-deduped,Pythia,logical_deduction,3,PC3,0.2413333333333333,0.117213962652979
model_family,Pythia,EleutherAI/pythia-6.9b-deduped,Pythia,logical_deduction,3,PC3,0.364,0.17845430041176724
model_family,Pythia,EleutherAI/pythia-2.8b-deduped,Pythia,logical_deduction,3,PC3,0.348,0.15586735060117893
model_family,Pythia,EleutherAI/pythia-12b-deduped,Pythia,logical_deduction,3,PC3,0.36,0.18385649281461938
model_family,Pythia,EleutherAI/pythia-70m-deduped,Pythia,logical_deduction,3,PC3,0.1466666666666666,0.10065668625641357
model_family,Pythia,EleutherAI/pythia-1.4b-deduped,Pythia,logical_deduction,3,PC3,0.328,0.14195043242523675
model_family,Pythia,EleutherAI/pythia-160m-deduped,Pythia,logical_deduction,3,PC3,0.092,0.10636470107453111
model_family,Pythia,EleutherAI/pythia-1b-deduped,Pythia,logical_deduction,5,PC3,0.172,0.1253964575773113
model_family,Pythia,EleutherAI/pythia-410m-deduped,Pythia,logical_deduction,5,PC3,0.1088,0.117213962652979
model_family,Pythia,EleutherAI/pythia-6.9b-deduped,Pythia,logical_deduction,5,PC3,0.212,0.17845430041176724
model_family,Pythia,EleutherAI/pythia-2.8b-deduped,Pythia,logical_deduction,5,PC3,0.2024,0.15586735060117893
model_family,Pythia,EleutherAI/pythia-12b-deduped,Pythia,logical_deduction,5,PC3,0.2264,0.18385649281461938
model_family,Pythia,EleutherAI/pythia-70m-deduped,Pythia,logical_deduction,5,PC3,0.0752,0.10065668625641357
model_family,Pythia,EleutherAI/pythia-1.4b-deduped,Pythia,logical_deduction,5,PC3,0.216,0.14195043242523675
model_family,Pythia,EleutherAI/pythia-160m-deduped,Pythia,logical_deduction,5,PC3,0.0688,0.10636470107453111
model_family,Pythia,EleutherAI/pythia-1b-deduped,Pythia,logical_deduction,7,PC3,0.096,0.1253964575773113
model_family,Pythia,EleutherAI/pythia-410m-deduped,Pythia,logical_deduction,7,PC3,0.0531428571428571,0.117213962652979
model_family,Pythia,EleutherAI/pythia-6.9b-deduped,Pythia,logical_deduction,7,PC3,0.1297142857142857,0.17845430041176724
model_family,Pythia,EleutherAI/pythia-2.8b-deduped,Pythia,logical_deduction,7,PC3,0.1154285714285714,0.15586735060117893
model_family,Pythia,EleutherAI/pythia-12b-deduped,Pythia,logical_deduction,7,PC3,0.1462857142857143,0.18385649281461938
model_family,Pythia,EleutherAI/pythia-70m-deduped,Pythia,logical_deduction,7,PC3,0.0645714285714285,0.10065668625641357
model_family,Pythia,EleutherAI/pythia-1.4b-deduped,Pythia,logical_deduction,7,PC3,0.132,0.14195043242523675
model_family,Pythia,EleutherAI/pythia-160m-deduped,Pythia,logical_deduction,7,PC3,0.028,0.10636470107453111
model_family,Pythia,EleutherAI/pythia-1b-deduped,Pythia,tracking_shuffled_objects,3,PC3,0.336,0.1253964575773113
model_family,Pythia,EleutherAI/pythia-410m-deduped,Pythia,tracking_shuffled_objects,3,PC3,0.32,0.117213962652979
model_family,Pythia,EleutherAI/pythia-6.9b-deduped,Pythia,tracking_shuffled_objects,3,PC3,0.336,0.17845430041176724
model_family,Pythia,EleutherAI/pythia-2.8b-deduped,Pythia,tracking_shuffled_objects,3,PC3,0.332,0.15586735060117893
model_family,Pythia,EleutherAI/pythia-12b-deduped,Pythia,tracking_shuffled_objects,3,PC3,0.296,0.18385649281461938
model_family,Pythia,EleutherAI/pythia-70m-deduped,Pythia,tracking_shuffled_objects,3,PC3,0.0,0.10065668625641357
model_family,Pythia,EleutherAI/pythia-1.4b-deduped,Pythia,tracking_shuffled_objects,3,PC3,0.364,0.14195043242523675
model_family,Pythia,EleutherAI/pythia-160m-deduped,Pythia,tracking_shuffled_objects,3,PC3,0.0,0.10636470107453111
model_family,Pythia,EleutherAI/pythia-1b-deduped,Pythia,tracking_shuffled_objects,5,PC3,0.172,0.1253964575773113
model_family,Pythia,EleutherAI/pythia-410m-deduped,Pythia,tracking_shuffled_objects,5,PC3,0.168,0.117213962652979
model_family,Pythia,EleutherAI/pythia-6.9b-deduped,Pythia,tracking_shuffled_objects,5,PC3,0.196,0.17845430041176724
model_family,Pythia,EleutherAI/pythia-2.8b-deduped,Pythia,tracking_shuffled_objects,5,PC3,0.144,0.15586735060117893
model_family,Pythia,EleutherAI/pythia-12b-deduped,Pythia,tracking_shuffled_objects,5,PC3,0.148,0.18385649281461938
model_family,Pythia,EleutherAI/pythia-70m-deduped,Pythia,tracking_shuffled_objects,5,PC3,0.0,0.10065668625641357
model_family,Pythia,EleutherAI/pythia-1.4b-deduped,Pythia,tracking_shuffled_objects,5,PC3,0.236,0.14195043242523675
model_family,Pythia,EleutherAI/pythia-160m-deduped,Pythia,tracking_shuffled_objects,5,PC3,0.004,0.10636470107453111
model_family,Pythia,EleutherAI/pythia-1b-deduped,Pythia,tracking_shuffled_objects,7,PC3,0.104,0.1253964575773113
model_family,Pythia,EleutherAI/pythia-410m-deduped,Pythia,tracking_shuffled_objects,7,PC3,0.056,0.117213962652979
model_family,Pythia,EleutherAI/pythia-6.9b-deduped,Pythia,tracking_shuffled_objects,7,PC3,0.048,0.17845430041176724
model_family,Pythia,EleutherAI/pythia-2.8b-deduped,Pythia,tracking_shuffled_objects,7,PC3,0.104,0.15586735060117893
model_family,Pythia,EleutherAI/pythia-12b-deduped,Pythia,tracking_shuffled_objects,7,PC3,0.056,0.18385649281461938
model_family,Pythia,EleutherAI/pythia-70m-deduped,Pythia,tracking_shuffled_objects,7,PC3,0.0,0.10065668625641357
model_family,Pythia,EleutherAI/pythia-1.4b-deduped,Pythia,tracking_shuffled_objects,7,PC3,0.156,0.14195043242523675
model_family,Pythia,EleutherAI/pythia-160m-deduped,Pythia,tracking_shuffled_objects,7,PC3,0.008,0.10636470107453111
model_family,Pythia,EleutherAI/pythia-1b-deduped,Pythia,logical_deduction,3,PC3_count,0.324,0.22557754201783856
model_family,Pythia,EleutherAI/pythia-410m-deduped,Pythia,logical_deduction,3,PC3_count,0.2413333333333333,0.21740152849695768
model_family,Pythia,EleutherAI/pythia-6.9b-deduped,Pythia,logical_deduction,3,PC3_count,0.364,0.2972618751992344
model_family,Pythia,EleutherAI/pythia-2.8b-deduped,Pythia,logical_deduction,3,PC3_count,0.348,0.2606097369854892
model_family,Pythia,EleutherAI/pythia-12b-deduped,Pythia,logical_deduction,3,PC3_count,0.36,0.29595765845888183
model_family,Pythia,EleutherAI/pythia-70m-deduped,Pythia,logical_deduction,3,PC3_count,0.1466666666666666,0.19439355346955084
model_family,Pythia,EleutherAI/pythia-1.4b-deduped,Pythia,logical_deduction,3,PC3_count,0.328,0.24935721550862794
model_family,Pythia,EleutherAI/pythia-160m-deduped,Pythia,logical_deduction,3,PC3_count,0.092,0.20112129242009769
model_family,Pythia,EleutherAI/pythia-1b-deduped,Pythia,logical_deduction,5,PC3_count,0.172,0.11575180873351217
model_family,Pythia,EleutherAI/pythia-410m-deduped,Pythia,logical_deduction,5,PC3_count,0.1088,0.10775778630439353
model_family,Pythia,EleutherAI/pythia-6.9b-deduped,Pythia,logical_deduction,5,PC3_count,0.212,0.16625331143403205
model_family,Pythia,EleutherAI/pythia-2.8b-deduped,Pythia,logical_deduction,5,PC3_count,0.2024,0.1452563961341466
model_family,Pythia,EleutherAI/pythia-12b-deduped,Pythia,logical_deduction,5,PC3_count,0.2264,0.17214247495902876
model_family,Pythia,EleutherAI/pythia-70m-deduped,Pythia,logical_deduction,5,PC3_count,0.0752,0.09207366145681908
model_family,Pythia,EleutherAI/pythia-1.4b-deduped,Pythia,logical_deduction,5,PC3_count,0.216,0.1313948709336397
model_family,Pythia,EleutherAI/pythia-160m-deduped,Pythia,logical_deduction,5,PC3_count,0.0688,0.09756348800656559
model_family,Pythia,EleutherAI/pythia-1b-deduped,Pythia,logical_deduction,7,PC3_count,0.096,0.07174902359764115
model_family,Pythia,EleutherAI/pythia-410m-deduped,Pythia,logical_deduction,7,PC3_count,0.0531428571428571,0.06522151668539997
model_family,Pythia,EleutherAI/pythia-6.9b-deduped,Pythia,logical_deduction,7,PC3_count,0.1297142857142857,0.10834321370485286
model_family,Pythia,EleutherAI/pythia-2.8b-deduped,Pythia,logical_deduction,7,PC3_count,0.1154285714285714,0.09510735574700156
model_family,Pythia,EleutherAI/pythia-12b-deduped,Pythia,logical_deduction,7,PC3_count,0.1462857142857143,0.11566239278821963
model_family,Pythia,EleutherAI/pythia-70m-deduped,Pythia,logical_deduction,7,PC3_count,0.0645714285714285,0.0541891009001202
model_family,Pythia,EleutherAI/pythia-1.4b-deduped,Pythia,logical_deduction,7,PC3_count,0.132,0.08265359434499904
model_family,Pythia,EleutherAI/pythia-160m-deduped,Pythia,logical_deduction,7,PC3_count,0.028,0.05833891957569292
model_family,Pythia,EleutherAI/pythia-1b-deduped,Pythia,tracking_shuffled_objects,3,PC3_count,0.336,0.22557754201783856
model_family,Pythia,EleutherAI/pythia-410m-deduped,Pythia,tracking_shuffled_objects,3,PC3_count,0.32,0.21740152849695768
model_family,Pythia,EleutherAI/pythia-6.9b-deduped,Pythia,tracking_shuffled_objects,3,PC3_count,0.336,0.2972618751992344
model_family,Pythia,EleutherAI/pythia-2.8b-deduped,Pythia,tracking_shuffled_objects,3,PC3_count,0.332,0.2606097369854892
model_family,Pythia,EleutherAI/pythia-12b-deduped,Pythia,tracking_shuffled_objects,3,PC3_count,0.296,0.29595765845888183
model_family,Pythia,EleutherAI/pythia-70m-deduped,Pythia,tracking_shuffled_objects,3,PC3_count,0.0,0.19439355346955084
model_family,Pythia,EleutherAI/pythia-1.4b-deduped,Pythia,tracking_shuffled_objects,3,PC3_count,0.364,0.24935721550862794
model_family,Pythia,EleutherAI/pythia-160m-deduped,Pythia,tracking_shuffled_objects,3,PC3_count,0.0,0.20112129242009769
model_family,Pythia,EleutherAI/pythia-1b-deduped,Pythia,tracking_shuffled_objects,5,PC3_count,0.172,0.11575180873351217
model_family,Pythia,EleutherAI/pythia-410m-deduped,Pythia,tracking_shuffled_objects,5,PC3_count,0.168,0.10775778630439353
model_family,Pythia,EleutherAI/pythia-6.9b-deduped,Pythia,tracking_shuffled_objects,5,PC3_count,0.196,0.16625331143403205
model_family,Pythia,EleutherAI/pythia-2.8b-deduped,Pythia,tracking_shuffled_objects,5,PC3_count,0.144,0.1452563961341466
model_family,Pythia,EleutherAI/pythia-12b-deduped,Pythia,tracking_shuffled_objects,5,PC3_count,0.148,0.17214247495902876
model_family,Pythia,EleutherAI/pythia-70m-deduped,Pythia,tracking_shuffled_objects,5,PC3_count,0.0,0.09207366145681908
model_family,Pythia,EleutherAI/pythia-1.4b-deduped,Pythia,tracking_shuffled_objects,5,PC3_count,0.236,0.1313948709336397
model_family,Pythia,EleutherAI/pythia-160m-deduped,Pythia,tracking_shuffled_objects,5,PC3_count,0.004,0.09756348800656559
model_family,Pythia,EleutherAI/pythia-1b-deduped,Pythia,tracking_shuffled_objects,7,PC3_count,0.104,0.07174902359764115
model_family,Pythia,EleutherAI/pythia-410m-deduped,Pythia,tracking_shuffled_objects,7,PC3_count,0.056,0.06522151668539997
model_family,Pythia,EleutherAI/pythia-6.9b-deduped,Pythia,tracking_shuffled_objects,7,PC3_count,0.048,0.10834321370485286
model_family,Pythia,EleutherAI/pythia-2.8b-deduped,Pythia,tracking_shuffled_objects,7,PC3_count,0.104,0.09510735574700156
model_family,Pythia,EleutherAI/pythia-12b-deduped,Pythia,tracking_shuffled_objects,7,PC3_count,0.056,0.11566239278821963
model_family,Pythia,EleutherAI/pythia-70m-deduped,Pythia,tracking_shuffled_objects,7,PC3_count,0.0,0.0541891009001202
model_family,Pythia,EleutherAI/pythia-1.4b-deduped,Pythia,tracking_shuffled_objects,7,PC3_count,0.156,0.08265359434499904
model_family,Pythia,EleutherAI/pythia-160m-deduped,Pythia,tracking_shuffled_objects,7,PC3_count,0.008,0.05833891957569292
model_family,Pythia,EleutherAI/pythia-1b-deduped,Pythia,logical_deduction,3,count_only,0.324,0.38512871847255925
model_family,Pythia,EleutherAI/pythia-410m-deduped,Pythia,logical_deduction,3,count_only,0.2413333333333333,0.38512871847255925
model_family,Pythia,EleutherAI/pythia-6.9b-deduped,Pythia,logical_deduction,3,count_only,0.364,0.38512871847255925
model_family,Pythia,EleutherAI/pythia-2.8b-deduped,Pythia,logical_deduction,3,count_only,0.348,0.38512871847255925
model_family,Pythia,EleutherAI/pythia-12b-deduped,Pythia,logical_deduction,3,count_only,0.36,0.38512871847255925
model_family,Pythia,EleutherAI/pythia-70m-deduped,Pythia,logical_deduction,3,count_only,0.1466666666666666,0.38512871847255925
model_family,Pythia,EleutherAI/pythia-1.4b-deduped,Pythia,logical_deduction,3,count_only,0.328,0.38512871847255925
model_family,Pythia,EleutherAI/pythia-160m-deduped,Pythia,logical_deduction,3,count_only,0.092,0.38512871847255925
model_family,Pythia,EleutherAI/pythia-1b-deduped,Pythia,logical_deduction,5,count_only,0.172,0.2117369762776755
model_family,Pythia,EleutherAI/pythia-410m-deduped,Pythia,logical_deduction,5,count_only,0.1088,0.2117369762776755
model_family,Pythia,EleutherAI/pythia-6.9b-deduped,Pythia,logical_deduction,5,count_only,0.212,0.2117369762776755
model_family,Pythia,EleutherAI/pythia-2.8b-deduped,Pythia,logical_deduction,5,count_only,0.2024,0.2117369762776755
model_family,Pythia,EleutherAI/pythia-12b-deduped,Pythia,logical_deduction,5,count_only,0.2264,0.2117369762776755
model_family,Pythia,EleutherAI/pythia-70m-deduped,Pythia,logical_deduction,5,count_only,0.0752,0.2117369762776755
model_family,Pythia,EleutherAI/pythia-1.4b-deduped,Pythia,logical_deduction,5,count_only,0.216,0.2117369762776755
model_family,Pythia,EleutherAI/pythia-160m-deduped,Pythia,logical_deduction,5,count_only,0.0688,0.2117369762776755
model_family,Pythia,EleutherAI/pythia-1b-deduped,Pythia,logical_deduction,7,count_only,0.096,0.13329173788509577
model_family,Pythia,EleutherAI/pythia-410m-deduped,Pythia,logical_deduction,7,count_only,0.0531428571428571,0.13329173788509577
model_family,Pythia,EleutherAI/pythia-6.9b-deduped,Pythia,logical_deduction,7,count_only,0.1297142857142857,0.13329173788509577
model_family,Pythia,EleutherAI/pythia-2.8b-deduped,Pythia,logical_deduction,7,count_only,0.1154285714285714,0.13329173788509577
model_family,Pythia,EleutherAI/pythia-12b-deduped,Pythia,logical_deduction,7,count_only,0.1462857142857143,0.13329173788509577
model_family,Pythia,EleutherAI/pythia-70m-deduped,Pythia,logical_deduction,7,count_only,0.0645714285714285,0.13329173788509577
model_family,Pythia,EleutherAI/pythia-1.4b-deduped,Pythia,logical_deduction,7,count_only,0.132,0.13329173788509577
model_family,Pythia,EleutherAI/pythia-160m-deduped,Pythia,logical_deduction,7,count_only,0.028,0.13329173788509577
model_family,Pythia,EleutherAI/pythia-1b-deduped,Pythia,tracking_shuffled_objects,3,count_only,0.336,0.38512871847255925
model_family,Pythia,EleutherAI/pythia-410m-deduped,Pythia,tracking_shuffled_objects,3,count_only,0.32,0.38512871847255925
model_family,Pythia,EleutherAI/pythia-6.9b-deduped,Pythia,tracking_shuffled_objects,3,count_only,0.336,0.38512871847255925
model_family,Pythia,EleutherAI/pythia-2.8b-deduped,Pythia,tracking_shuffled_objects,3,count_only,0.332,0.38512871847255925
model_family,Pythia,EleutherAI/pythia-12b-deduped,Pythia,tracking_shuffled_objects,3,count_only,0.296,0.38512871847255925
model_family,Pythia,EleutherAI/pythia-70m-deduped,Pythia,tracking_shuffled_objects,3,count_only,0.0,0.38512871847255925
model_family,Pythia,EleutherAI/pythia-1.4b-deduped,Pythia,tracking_shuffled_objects,3,count_only,0.364,0.38512871847255925
model_family,Pythia,EleutherAI/pythia-160m-deduped,Pythia,tracking_shuffled_objects,3,count_only,0.0,0.38512871847255925
model_family,Pythia,EleutherAI/pythia-1b-deduped,Pythia,tracking_shuffled_objects,5,count_only,0.172,0.2117369762776755
model_family,Pythia,EleutherAI/pythia-410m-deduped,Pythia,tracking_shuffled_objects,5,count_only,0.168,0.2117369762776755
model_family,Pythia,EleutherAI/pythia-6.9b-deduped,Pythia,tracking_shuffled_objects,5,count_only,0.196,0.2117369762776755
model_family,Pythia,EleutherAI/pythia-2.8b-deduped,Pythia,tracking_shuffled_objects,5,count_only,0.144,0.2117369762776755
model_family,Pythia,EleutherAI/pythia-12b-deduped,Pythia,tracking_shuffled_objects,5,count_only,0.148,0.2117369762776755
model_family,Pythia,EleutherAI/pythia-70m-deduped,Pythia,tracking_shuffled_objects,5,count_only,0.0,0.2117369762776755
model_family,Pythia,EleutherAI/pythia-1.4b-deduped,Pythia,tracking_shuffled_objects,5,count_only,0.236,0.2117369762776755
model_family,Pythia,EleutherAI/pythia-160m-deduped,Pythia,tracking_shuffled_objects,5,count_only,0.004,0.2117369762776755
model_family,Pythia,EleutherAI/pythia-1b-deduped,Pythia,tracking_shuffled_objects,7,count_only,0.104,0.13329173788509577
model_family,Pythia,EleutherAI/pythia-410m-deduped,Pythia,tracking_shuffled_objects,7,count_only,0.056,0.13329173788509577
model_family,Pythia,EleutherAI/pythia-6.9b-deduped,Pythia,tracking_shuffled_objects,7,count_only,0.048,0.13329173788509577
model_family,Pythia,EleutherAI/pythia-2.8b-deduped,Pythia,tracking_shuffled_objects,7,count_only,0.104,0.13329173788509577
model_family,Pythia,EleutherAI/pythia-12b-deduped,Pythia,tracking_shuffled_objects,7,count_only,0.056,0.13329173788509577
model_family,Pythia,EleutherAI/pythia-70m-deduped,Pythia,tracking_shuffled_objects,7,count_only,0.0,0.13329173788509577
model_family,Pythia,EleutherAI/pythia-1.4b-deduped,Pythia,tracking_shuffled_objects,7,count_only,0.156,0.13329173788509577
model_family,Pythia,EleutherAI/pythia-160m-deduped,Pythia,tracking_shuffled_objects,7,count_only,0.008,0.13329173788509577
model_family,Pythia,EleutherAI/pythia-1b-deduped,Pythia,logical_deduction,3,PC3_count_additive,0.324,0.2329078347636006
model_family,Pythia,EleutherAI/pythia-410m-deduped,Pythia,logical_deduction,3,PC3_count_additive,0.2413333333333333,0.21947033301303434
model_family,Pythia,EleutherAI/pythia-6.9b-deduped,Pythia,logical_deduction,3,PC3_count_additive,0.364,0.3150684806088083
model_family,Pythia,EleutherAI/pythia-2.8b-deduped,Pythia,logical_deduction,3,PC3_count_additive,0.348,0.28110679742422046
model_family,Pythia,EleutherAI/pythia-12b-deduped,Pythia,logical_deduction,3,PC3_count_additive,0.36,0.3229804152408173
model_family,Pythia,EleutherAI/pythia-70m-deduped,Pythia,logical_deduction,3,PC3_count_additive,0.1466666666666666,0.19160372116138893
model_family,Pythia,EleutherAI/pythia-1.4b-deduped,Pythia,logical_deduction,3,PC3_count_additive,0.328,0.2594445006006633
model_family,Pythia,EleutherAI/pythia-160m-deduped,Pythia,logical_deduction,3,PC3_count_additive,0.092,0.20131467284136614
model_family,Pythia,EleutherAI/pythia-1b-deduped,Pythia,logical_deduction,5,PC3_count_additive,0.172,0.1152077552621258
model_family,Pythia,EleutherAI/pythia-410m-deduped,Pythia,logical_deduction,5,PC3_count_additive,0.1088,0.10760830360713752
model_family,Pythia,EleutherAI/pythia-6.9b-deduped,Pythia,logical_deduction,5,PC3_count_additive,0.212,0.16476670643586452
model_family,Pythia,EleutherAI/pythia-2.8b-deduped,Pythia,logical_deduction,5,PC3_count_additive,0.2024,0.14360935771858643
model_family,Pythia,EleutherAI/pythia-12b-deduped,Pythia,logical_deduction,5,PC3_count_additive,0.2264,0.16984020633559133
model_family,Pythia,EleutherAI/pythia-70m-deduped,Pythia,logical_deduction,5,PC3_count_additive,0.0752,0.09226607707743253
model_family,Pythia,EleutherAI/pythia-1.4b-deduped,Pythia,logical_deduction,5,PC3_count_additive,0.216,0.13061756311516332
model_family,Pythia,EleutherAI/pythia-160m-deduped,Pythia,logical_deduction,5,PC3_count_additive,0.0688,0.09754988967674823
model_family,Pythia,EleutherAI/pythia-1b-deduped,Pythia,logical_deduction,7,PC3_count_additive,0.096,0.06937750768166857
model_family,Pythia,EleutherAI/pythia-410m-deduped,Pythia,logical_deduction,7,PC3_count_additive,0.0531428571428571,0.06458050310317422
model_family,Pythia,EleutherAI/pythia-6.9b-deduped,Pythia,logical_deduction,7,PC3_count_additive,0.1297142857142857,0.10148287530708842
model_family,Pythia,EleutherAI/pythia-2.8b-deduped,Pythia,logical_deduction,7,PC3_count_additive,0.1154285714285714,0.08759939986818358
model_family,Pythia,EleutherAI/pythia-12b-deduped,Pythia,logical_deduction,7,PC3_count_additive,0.1462857142857143,0.10485236345178905
model_family,Pythia,EleutherAI/pythia-70m-deduped,Pythia,logical_deduction,7,PC3_count_additive,0.0645714285714285,0.054994896130141635
model_family,Pythia,EleutherAI/pythia-1.4b-deduped,Pythia,logical_deduction,7,PC3_count_additive,0.132,0.07920597578565368
model_family,Pythia,EleutherAI/pythia-160m-deduped,Pythia,logical_deduction,7,PC3_count_additive,0.028,0.058281336159573274
model_family,Pythia,EleutherAI/pythia-1b-deduped,Pythia,tracking_shuffled_objects,3,PC3_count_additive,0.336,0.2329078347636006
model_family,Pythia,EleutherAI/pythia-410m-deduped,Pythia,tracking_shuffled_objects,3,PC3_count_additive,0.32,0.21947033301303434
model_family,Pythia,EleutherAI/pythia-6.9b-deduped,Pythia,tracking_shuffled_objects,3,PC3_count_additive,0.336,0.3150684806088083
model_family,Pythia,EleutherAI/pythia-2.8b-deduped,Pythia,tracking_shuffled_objects,3,PC3_count_additive,0.332,0.28110679742422046
model_family,Pythia,EleutherAI/pythia-12b-deduped,Pythia,tracking_shuffled_objects,3,PC3_count_additive,0.296,0.3229804152408173
model_family,Pythia,EleutherAI/pythia-70m-deduped,Pythia,tracking_shuffled_objects,3,PC3_count_additive,0.0,0.19160372116138893
model_family,Pythia,EleutherAI/pythia-1.4b-deduped,Pythia,tracking_shuffled_objects,3,PC3_count_additive,0.364,0.2594445006006633
model_family,Pythia,EleutherAI/pythia-160m-deduped,Pythia,tracking_shuffled_objects,3,PC3_count_additive,0.0,0.20131467284136614
model_family,Pythia,EleutherAI/pythia-1b-deduped,Pythia,tracking_shuffled_objects,5,PC3_count_additive,0.172,0.1152077552621258
model_family,Pythia,EleutherAI/pythia-410m-deduped,Pythia,tracking_shuffled_objects,5,PC3_count_additive,0.168,0.10760830360713752
model_family,Pythia,EleutherAI/pythia-6.9b-deduped,Pythia,tracking_shuffled_objects,5,PC3_count_additive,0.196,0.16476670643586452
model_family,Pythia,EleutherAI/pythia-2.8b-deduped,Pythia,tracking_shuffled_objects,5,PC3_count_additive,0.144,0.14360935771858643
model_family,Pythia,EleutherAI/pythia-12b-deduped,Pythia,tracking_shuffled_objects,5,PC3_count_additive,0.148,0.16984020633559133
model_family,Pythia,EleutherAI/pythia-70m-deduped,Pythia,tracking_shuffled_objects,5,PC3_count_additive,0.0,0.09226607707743253
model_family,Pythia,EleutherAI/pythia-1.4b-deduped,Pythia,tracking_shuffled_objects,5,PC3_count_additive,0.236,0.13061756311516332
model_family,Pythia,EleutherAI/pythia-160m-deduped,Pythia,tracking_shuffled_objects,5,PC3_count_additive,0.004,0.09754988967674823
model_family,Pythia,EleutherAI/pythia-1b-deduped,Pythia,tracking_shuffled_objects,7,PC3_count_additive,0.104,0.06937750768166857
model_family,Pythia,EleutherAI/pythia-410m-deduped,Pythia,tracking_shuffled_objects,7,PC3_count_additive,0.056,0.06458050310317422
model_family,Pythia,EleutherAI/pythia-6.9b-deduped,Pythia,tracking_shuffled_objects,7,PC3_count_additive,0.048,0.10148287530708842
model_family,Pythia,EleutherAI/pythia-2.8b-deduped,Pythia,tracking_shuffled_objects,7,PC3_count_additive,0.104,0.08759939986818358
model_family,Pythia,EleutherAI/pythia-12b-deduped,Pythia,tracking_shuffled_objects,7,PC3_count_additive,0.056,0.10485236345178905
model_family,Pythia,EleutherAI/pythia-70m-deduped,Pythia,tracking_shuffled_objects,7,PC3_count_additive,0.0,0.054994896130141635
model_family,Pythia,EleutherAI/pythia-1.4b-deduped,Pythia,tracking_shuffled_objects,7,PC3_count_additive,0.156,0.07920597578565368
model_family,Pythia,EleutherAI/pythia-160m-deduped,Pythia,tracking_shuffled_objects,7,PC3_count_additive,0.008,0.058281336159573274
model_family,Pythia,EleutherAI/pythia-1b-deduped,Pythia,logical_deduction,3,PC3_chance_floor,0.324,0.33845930668670143
model_family,Pythia,EleutherAI/pythia-410m-deduped,Pythia,logical_deduction,3,PC3_chance_floor,0.2413333333333333,0.33803140281628735
model_family,Pythia,EleutherAI/pythia-6.9b-deduped,Pythia,logical_deduction,3,PC3_chance_floor,0.364,0.3430048137473243
model_family,Pythia,EleutherAI/pythia-2.8b-deduped,Pythia,logical_deduction,3,PC3_chance_floor,0.348,0.3410889166938556
model_family,Pythia,EleutherAI/pythia-12b-deduped,Pythia,logical_deduction,3,PC3_chance_floor,0.36,0.34338329715245003
model_family,Pythia,EleutherAI/pythia-70m-deduped,Pythia,logical_deduction,3,PC3_chance_floor,0.1466666666666666,0.3377185402962869
model_family,Pythia,EleutherAI/pythia-1.4b-deduped,Pythia,logical_deduction,3,PC3_chance_floor,0.328,0.33994537586965035
model_family,Pythia,EleutherAI/pythia-160m-deduped,Pythia,logical_deduction,3,PC3_chance_floor,0.092,0.33775525002099294
model_family,Pythia,EleutherAI/pythia-1b-deduped,Pythia,logical_deduction,5,PC3_chance_floor,0.172,0.20615116802404176
model_family,Pythia,EleutherAI/pythia-410m-deduped,Pythia,logical_deduction,5,PC3_chance_floor,0.1088,0.20563768337954488
model_family,Pythia,EleutherAI/pythia-6.9b-deduped,Pythia,logical_deduction,5,PC3_chance_floor,0.212,0.21160577649678916
model_family,Pythia,EleutherAI/pythia-2.8b-deduped,Pythia,logical_deduction,5,PC3_chance_floor,0.2024,0.20930670003262677
model_family,Pythia,EleutherAI/pythia-12b-deduped,Pythia,logical_deduction,5,PC3_chance_floor,0.2264,0.21205995658294005
model_family,Pythia,EleutherAI/pythia-70m-deduped,Pythia,logical_deduction,5,PC3_chance_floor,0.0752,0.2052622483555443
model_family,Pythia,EleutherAI/pythia-1.4b-deduped,Pythia,logical_deduction,5,PC3_chance_floor,0.216,0.20793445104358046
model_family,Pythia,EleutherAI/pythia-160m-deduped,Pythia,logical_deduction,5,PC3_chance_floor,0.0688,0.20530630002519157
model_family,Pythia,EleutherAI/pythia-1b-deduped,Pythia,logical_deduction,7,PC3_chance_floor,0.096,0.149447680025759
model_family,Pythia,EleutherAI/pythia-410m-deduped,Pythia,logical_deduction,7,PC3_chance_floor,0.0531428571428571,0.1488975179066552
model_family,Pythia,EleutherAI/pythia-6.9b-deduped,Pythia,logical_deduction,7,PC3_chance_floor,0.1297142857142857,0.15529190338941695
model_family,Pythia,EleutherAI/pythia-2.8b-deduped,Pythia,logical_deduction,7,PC3_chance_floor,0.1154285714285714,0.15282860717781438
model_family,Pythia,EleutherAI/pythia-12b-deduped,Pythia,logical_deduction,7,PC3_chance_floor,0.1462857142857143,0.1557785249102929
model_family,Pythia,EleutherAI/pythia-70m-deduped,Pythia,logical_deduction,7,PC3_chance_floor,0.0645714285714285,0.148495266095226
model_family,Pythia,EleutherAI/pythia-1.4b-deduped,Pythia,logical_deduction,7,PC3_chance_floor,0.132,0.1513583404038362
model_family,Pythia,EleutherAI/pythia-160m-deduped,Pythia,logical_deduction,7,PC3_chance_floor,0.028,0.14854246431270524
model_family,Pythia,EleutherAI/pythia-1b-deduped,Pythia,tracking_shuffled_objects,3,PC3_chance_floor,0.336,0.33845930668670143
model_family,Pythia,EleutherAI/pythia-410m-deduped,Pythia,tracking_shuffled_objects,3,PC3_chance_floor,0.32,0.33803140281628735
model_family,Pythia,EleutherAI/pythia-6.9b-deduped,Pythia,tracking_shuffled_objects,3,PC3_chance_floor,0.336,0.3430048137473243
model_family,Pythia,EleutherAI/pythia-2.8b-deduped,Pythia,tracking_shuffled_objects,3,PC3_chance_floor,0.332,0.3410889166938556
model_family,Pythia,EleutherAI/pythia-12b-deduped,Pythia,tracking_shuffled_objects,3,PC3_chance_floor,0.296,0.34338329715245003
model_family,Pythia,EleutherAI/pythia-70m-deduped,Pythia,tracking_shuffled_objects,3,PC3_chance_floor,0.0,0.3377185402962869
model_family,Pythia,EleutherAI/pythia-1.4b-deduped,Pythia,tracking_shuffled_objects,3,PC3_chance_floor,0.364,0.33994537586965035
model_family,Pythia,EleutherAI/pythia-160m-deduped,Pythia,tracking_shuffled_objects,3,PC3_chance_floor,0.0,0.33775525002099294
model_family,Pythia,EleutherAI/pythia-1b-deduped,Pythia,tracking_shuffled_objects,5,PC3_chance_floor,0.172,0.20615116802404176
model_family,Pythia,EleutherAI/pythia-410m-deduped,Pythia,tracking_shuffled_objects,5,PC3_chance_floor,0.168,0.20563768337954488
model_family,Pythia,EleutherAI/pythia-6.9b-deduped,Pythia,tracking_shuffled_objects,5,PC3_chance_floor,0.196,0.21160577649678916
model_family,Pythia,EleutherAI/pythia-2.8b-deduped,Pythia,tracking_shuffled_objects,5,PC3_chance_floor,0.144,0.20930670003262677
model_family,Pythia,EleutherAI/pythia-12b-deduped,Pythia,tracking_shuffled_objects,5,PC3_chance_floor,0.148,0.21205995658294005
model_family,Pythia,EleutherAI/pythia-70m-deduped,Pythia,tracking_shuffled_objects,5,PC3_chance_floor,0.0,0.2052622483555443
model_family,Pythia,EleutherAI/pythia-1.4b-deduped,Pythia,tracking_shuffled_objects,5,PC3_chance_floor,0.236,0.20793445104358046
model_family,Pythia,EleutherAI/pythia-160m-deduped,Pythia,tracking_shuffled_objects,5,PC3_chance_floor,0.004,0.20530630002519157
model_family,Pythia,EleutherAI/pythia-1b-deduped,Pythia,tracking_shuffled_objects,7,PC3_chance_floor,0.104,0.149447680025759
model_family,Pythia,EleutherAI/pythia-410m-deduped,Pythia,tracking_shuffled_objects,7,PC3_chance_floor,0.056,0.1488975179066552
model_family,Pythia,EleutherAI/pythia-6.9b-deduped,Pythia,tracking_shuffled_objects,7,PC3_chance_floor,0.048,0.15529190338941695
model_family,Pythia,EleutherAI/pythia-2.8b-deduped,Pythia,tracking_shuffled_objects,7,PC3_chance_floor,0.104,0.15282860717781438
model_family,Pythia,EleutherAI/pythia-12b-deduped,Pythia,tracking_shuffled_objects,7,PC3_chance_floor,0.056,0.1557785249102929
model_family,Pythia,EleutherAI/pythia-70m-deduped,Pythia,tracking_shuffled_objects,7,PC3_chance_floor,0.0,0.148495266095226
model_family,Pythia,EleutherAI/pythia-1.4b-deduped,Pythia,tracking_shuffled_objects,7,PC3_chance_floor,0.156,0.1513583404038362
model_family,Pythia,EleutherAI/pythia-160m-deduped,Pythia,tracking_shuffled_objects,7,PC3_chance_floor,0.008,0.14854246431270524
model_family,Qwen,Qwen/Qwen-72B,Qwen,logical_deduction,3,pooled_mean,0.872,0.27466848072562355
model_family,Qwen,Qwen/Qwen-14B,Qwen,logical_deduction,3,pooled_mean,0.244,0.27466848072562355
model_family,Qwen,Qwen/Qwen-7B,Qwen,logical_deduction,3,pooled_mean,0.5106666666666666,0.27466848072562355
model_family,Qwen,Qwen/Qwen-72B,Qwen,logical_deduction,5,pooled_mean,0.296,0.27466848072562355
model_family,Qwen,Qwen/Qwen-14B,Qwen,logical_deduction,5,pooled_mean,0.2384,0.27466848072562355
model_family,Qwen,Qwen/Qwen-7B,Qwen,logical_deduction,5,pooled_mean,0.3344,0.27466848072562355
model_family,Qwen,Qwen/Qwen-72B,Qwen,logical_deduction,7,pooled_mean,0.1885714285714285,0.27466848072562355
model_family,Qwen,Qwen/Qwen-14B,Qwen,logical_deduction,7,pooled_mean,0.324,0.27466848072562355
model_family,Qwen,Qwen/Qwen-7B,Qwen,logical_deduction,7,pooled_mean,0.2577142857142857,0.27466848072562355
model_family,Qwen,Qwen/Qwen-72B,Qwen,tracking_shuffled_objects,3,pooled_mean,0.824,0.27466848072562355
model_family,Qwen,Qwen/Qwen-14B,Qwen,tracking_shuffled_objects,3,pooled_mean,0.0,0.27466848072562355
model_family,Qwen,Qwen/Qwen-7B,Qwen,tracking_shuffled_objects,3,pooled_mean,0.304,0.27466848072562355
model_family,Qwen,Qwen/Qwen-72B,Qwen,tracking_shuffled_objects,5,pooled_mean,0.64,0.27466848072562355
model_family,Qwen,Qwen/Qwen-14B,Qwen,tracking_shuffled_objects,5,pooled_mean,0.0,0.27466848072562355
model_family,Qwen,Qwen/Qwen-7B,Qwen,tracking_shuffled_objects,5,pooled_mean,0.1864,0.27466848072562355
model_family,Qwen,Qwen/Qwen-72B,Qwen,tracking_shuffled_objects,7,pooled_mean,0.544,0.27466848072562355
model_family,Qwen,Qwen/Qwen-14B,Qwen,tracking_shuffled_objects,7,pooled_mean,0.0,0.27466848072562355
model_family,Qwen,Qwen/Qwen-7B,Qwen,tracking_shuffled_objects,7,pooled_mean,0.1348571428571428,0.27466848072562355
model_family,Qwen,Qwen/Qwen-72B,Qwen,logical_deduction,3,task_family_mean,0.872,0.29983455782312923
model_family,Qwen,Qwen/Qwen-14B,Qwen,logical_deduction,3,task_family_mean,0.244,0.29983455782312923
model_family,Qwen,Qwen/Qwen-7B,Qwen,logical_deduction,3,task_family_mean,0.5106666666666666,0.29983455782312923
model_family,Qwen,Qwen/Qwen-72B,Qwen,logical_deduction,5,task_family_mean,0.296,0.29983455782312923
model_family,Qwen,Qwen/Qwen-14B,Qwen,logical_deduction,5,task_family_mean,0.2384,0.29983455782312923
model_family,Qwen,Qwen/Qwen-7B,Qwen,logical_deduction,5,task_family_mean,0.3344,0.29983455782312923
model_family,Qwen,Qwen/Qwen-72B,Qwen,logical_deduction,7,task_family_mean,0.1885714285714285,0.29983455782312923
model_family,Qwen,Qwen/Qwen-14B,Qwen,logical_deduction,7,task_family_mean,0.324,0.29983455782312923
model_family,Qwen,Qwen/Qwen-7B,Qwen,logical_deduction,7,task_family_mean,0.2577142857142857,0.29983455782312923
model_family,Qwen,Qwen/Qwen-72B,Qwen,tracking_shuffled_objects,3,task_family_mean,0.824,0.24950240362811793
model_family,Qwen,Qwen/Qwen-14B,Qwen,tracking_shuffled_objects,3,task_family_mean,0.0,0.24950240362811793
model_family,Qwen,Qwen/Qwen-7B,Qwen,tracking_shuffled_objects,3,task_family_mean,0.304,0.24950240362811793
model_family,Qwen,Qwen/Qwen-72B,Qwen,tracking_shuffled_objects,5,task_family_mean,0.64,0.24950240362811793
model_family,Qwen,Qwen/Qwen-14B,Qwen,tracking_shuffled_objects,5,task_family_mean,0.0,0.24950240362811793
model_family,Qwen,Qwen/Qwen-7B,Qwen,tracking_shuffled_objects,5,task_family_mean,0.1864,0.24950240362811793
model_family,Qwen,Qwen/Qwen-72B,Qwen,tracking_shuffled_objects,7,task_family_mean,0.544,0.24950240362811793
model_family,Qwen,Qwen/Qwen-14B,Qwen,tracking_shuffled_objects,7,task_family_mean,0.0,0.24950240362811793
model_family,Qwen,Qwen/Qwen-7B,Qwen,tracking_shuffled_objects,7,task_family_mean,0.1348571428571428,0.24950240362811793
model_family,Qwen,Qwen/Qwen-72B,Qwen,logical_deduction,3,PC1,0.872,0.592315078473197
model_family,Qwen,Qwen/Qwen-14B,Qwen,logical_deduction,3,PC1,0.244,0.47490637277594644
model_family,Qwen,Qwen/Qwen-7B,Qwen,logical_deduction,3,PC1,0.5106666666666666,0.37671068507628136
model_family,Qwen,Qwen/Qwen-72B,Qwen,logical_deduction,5,PC1,0.296,0.592315078473197
model_family,Qwen,Qwen/Qwen-14B,Qwen,logical_deduction,5,PC1,0.2384,0.47490637277594644
model_family,Qwen,Qwen/Qwen-7B,Qwen,logical_deduction,5,PC1,0.3344,0.37671068507628136
model_family,Qwen,Qwen/Qwen-72B,Qwen,logical_deduction,7,PC1,0.1885714285714285,0.592315078473197
model_family,Qwen,Qwen/Qwen-14B,Qwen,logical_deduction,7,PC1,0.324,0.47490637277594644
model_family,Qwen,Qwen/Qwen-7B,Qwen,logical_deduction,7,PC1,0.2577142857142857,0.37671068507628136
model_family,Qwen,Qwen/Qwen-72B,Qwen,tracking_shuffled_objects,3,PC1,0.824,0.592315078473197
model_family,Qwen,Qwen/Qwen-14B,Qwen,tracking_shuffled_objects,3,PC1,0.0,0.47490637277594644
model_family,Qwen,Qwen/Qwen-7B,Qwen,tracking_shuffled_objects,3,PC1,0.304,0.37671068507628136
model_family,Qwen,Qwen/Qwen-72B,Qwen,tracking_shuffled_objects,5,PC1,0.64,0.592315078473197
model_family,Qwen,Qwen/Qwen-14B,Qwen,tracking_shuffled_objects,5,PC1,0.0,0.47490637277594644
model_family,Qwen,Qwen/Qwen-7B,Qwen,tracking_shuffled_objects,5,PC1,0.1864,0.37671068507628136
model_family,Qwen,Qwen/Qwen-72B,Qwen,tracking_shuffled_objects,7,PC1,0.544,0.592315078473197
model_family,Qwen,Qwen/Qwen-14B,Qwen,tracking_shuffled_objects,7,PC1,0.0,0.47490637277594644
model_family,Qwen,Qwen/Qwen-7B,Qwen,tracking_shuffled_objects,7,PC1,0.1348571428571428,0.37671068507628136
model_family,Qwen,Qwen/Qwen-72B,Qwen,logical_deduction,3,PC3,0.872,0.5561586429907746
model_family,Qwen,Qwen/Qwen-14B,Qwen,logical_deduction,3,PC3,0.244,0.45704716866025663
model_family,Qwen,Qwen/Qwen-7B,Qwen,logical_deduction,3,PC3,0.5106666666666666,0.3640132388715965
model_family,Qwen,Qwen/Qwen-72B,Qwen,logical_deduction,5,PC3,0.296,0.5561586429907746
model_family,Qwen,Qwen/Qwen-14B,Qwen,logical_deduction,5,PC3,0.2384,0.45704716866025663
model_family,Qwen,Qwen/Qwen-7B,Qwen,logical_deduction,5,PC3,0.3344,0.3640132388715965
model_family,Qwen,Qwen/Qwen-72B,Qwen,logical_deduction,7,PC3,0.1885714285714285,0.5561586429907746
model_family,Qwen,Qwen/Qwen-14B,Qwen,logical_deduction,7,PC3,0.324,0.45704716866025663
model_family,Qwen,Qwen/Qwen-7B,Qwen,logical_deduction,7,PC3,0.2577142857142857,0.3640132388715965
model_family,Qwen,Qwen/Qwen-72B,Qwen,tracking_shuffled_objects,3,PC3,0.824,0.5561586429907746
model_family,Qwen,Qwen/Qwen-14B,Qwen,tracking_shuffled_objects,3,PC3,0.0,0.45704716866025663
model_family,Qwen,Qwen/Qwen-7B,Qwen,tracking_shuffled_objects,3,PC3,0.304,0.3640132388715965
model_family,Qwen,Qwen/Qwen-72B,Qwen,tracking_shuffled_objects,5,PC3,0.64,0.5561586429907746
model_family,Qwen,Qwen/Qwen-14B,Qwen,tracking_shuffled_objects,5,PC3,0.0,0.45704716866025663
model_family,Qwen,Qwen/Qwen-7B,Qwen,tracking_shuffled_objects,5,PC3,0.1864,0.3640132388715965
model_family,Qwen,Qwen/Qwen-72B,Qwen,tracking_shuffled_objects,7,PC3,0.544,0.5561586429907746
model_family,Qwen,Qwen/Qwen-14B,Qwen,tracking_shuffled_objects,7,PC3,0.0,0.45704716866025663
model_family,Qwen,Qwen/Qwen-7B,Qwen,tracking_shuffled_objects,7,PC3,0.1348571428571428,0.3640132388715965
model_family,Qwen,Qwen/Qwen-72B,Qwen,logical_deduction,3,PC3_count,0.872,0.7712483796147085
model_family,Qwen,Qwen/Qwen-14B,Qwen,logical_deduction,3,PC3_count,0.244,0.6720947004877571
model_family,Qwen,Qwen/Qwen-7B,Qwen,logical_deduction,3,PC3_count,0.5106666666666666,0.5761308279464231
model_family,Qwen,Qwen/Qwen-72B,Qwen,logical_deduction,5,PC3_count,0.296,0.5246099280054114
model_family,Qwen,Qwen/Qwen-14B,Qwen,logical_deduction,5,PC3_count,0.2384,0.4288656215963006
model_family,Qwen,Qwen/Qwen-7B,Qwen,logical_deduction,5,PC3_count,0.3344,0.3387159901338405
model_family,Qwen,Qwen/Qwen-72B,Qwen,logical_deduction,7,PC3_count,0.1885714285714285,0.34589472515427366
model_family,Qwen,Qwen/Qwen-14B,Qwen,logical_deduction,7,PC3_count,0.324,0.2793071293136966
model_family,Qwen,Qwen/Qwen-7B,Qwen,logical_deduction,7,PC3_count,0.2577142857142857,0.21217726977410883
model_family,Qwen,Qwen/Qwen-72B,Qwen,tracking_shuffled_objects,3,PC3_count,0.824,0.7712483796147085
model_family,Qwen,Qwen/Qwen-14B,Qwen,tracking_shuffled_objects,3,PC3_count,0.0,0.6720947004877571
model_family,Qwen,Qwen/Qwen-7B,Qwen,tracking_shuffled_objects,3,PC3_count,0.304,0.5761308279464231
model_family,Qwen,Qwen/Qwen-72B,Qwen,tracking_shuffled_objects,5,PC3_count,0.64,0.5246099280054114
model_family,Qwen,Qwen/Qwen-14B,Qwen,tracking_shuffled_objects,5,PC3_count,0.0,0.4288656215963006
model_family,Qwen,Qwen/Qwen-7B,Qwen,tracking_shuffled_objects,5,PC3_count,0.1864,0.3387159901338405
model_family,Qwen,Qwen/Qwen-72B,Qwen,tracking_shuffled_objects,7,PC3_count,0.544,0.34589472515427366
model_family,Qwen,Qwen/Qwen-14B,Qwen,tracking_shuffled_objects,7,PC3_count,0.0,0.2793071293136966
model_family,Qwen,Qwen/Qwen-7B,Qwen,tracking_shuffled_objects,7,PC3_count,0.1348571428571428,0.21217726977410883
model_family,Qwen,Qwen/Qwen-72B,Qwen,logical_deduction,3,count_only,0.872,0.3616684705862486
model_family,Qwen,Qwen/Qwen-14B,Qwen,logical_deduction,3,count_only,0.244,0.3616684705862486
model_family,Qwen,Qwen/Qwen-7B,Qwen,logical_deduction,3,count_only,0.5106666666666666,0.3616684705862486
model_family,Qwen,Qwen/Qwen-72B,Qwen,logical_deduction,5,count_only,0.296,0.19580694069426632
model_family,Qwen,Qwen/Qwen-14B,Qwen,logical_deduction,5,count_only,0.2384,0.19580694069426632
model_family,Qwen,Qwen/Qwen-7B,Qwen,logical_deduction,5,count_only,0.3344,0.19580694069426632
model_family,Qwen,Qwen/Qwen-72B,Qwen,logical_deduction,7,count_only,0.1885714285714285,0.1224940744720175
model_family,Qwen,Qwen/Qwen-14B,Qwen,logical_deduction,7,count_only,0.324,0.1224940744720175
model_family,Qwen,Qwen/Qwen-7B,Qwen,logical_deduction,7,count_only,0.2577142857142857,0.1224940744720175
model_family,Qwen,Qwen/Qwen-72B,Qwen,tracking_shuffled_objects,3,count_only,0.824,0.3616684705862486
model_family,Qwen,Qwen/Qwen-14B,Qwen,tracking_shuffled_objects,3,count_only,0.0,0.3616684705862486
model_family,Qwen,Qwen/Qwen-7B,Qwen,tracking_shuffled_objects,3,count_only,0.304,0.3616684705862486
model_family,Qwen,Qwen/Qwen-72B,Qwen,tracking_shuffled_objects,5,count_only,0.64,0.19580694069426632
model_family,Qwen,Qwen/Qwen-14B,Qwen,tracking_shuffled_objects,5,count_only,0.0,0.19580694069426632
model_family,Qwen,Qwen/Qwen-7B,Qwen,tracking_shuffled_objects,5,count_only,0.1864,0.19580694069426632
model_family,Qwen,Qwen/Qwen-72B,Qwen,tracking_shuffled_objects,7,count_only,0.544,0.1224940744720175
model_family,Qwen,Qwen/Qwen-14B,Qwen,tracking_shuffled_objects,7,count_only,0.0,0.1224940744720175
model_family,Qwen,Qwen/Qwen-7B,Qwen,tracking_shuffled_objects,7,count_only,0.1348571428571428,0.1224940744720175
model_family,Qwen,Qwen/Qwen-72B,Qwen,logical_deduction,3,PC3_count_additive,0.872,0.7259313680403928
model_family,Qwen,Qwen/Qwen-14B,Qwen,logical_deduction,3,PC3_count_additive,0.244,0.6402051539511382
model_family,Qwen,Qwen/Qwen-7B,Qwen,logical_deduction,3,PC3_count_additive,0.5106666666666666,0.5474822423838543
model_family,Qwen,Qwen/Qwen-72B,Qwen,logical_deduction,5,PC3_count_additive,0.296,0.5323289732856724
model_family,Qwen,Qwen/Qwen-14B,Qwen,logical_deduction,5,PC3_count_additive,0.2384,0.433318183367136
model_family,Qwen,Qwen/Qwen-7B,Qwen,logical_deduction,5,PC3_count_additive,0.3344,0.3420713064620561
model_family,Qwen,Qwen/Qwen-72B,Qwen,logical_deduction,7,PC3_count_additive,0.1885714285714285,0.3948873010178969
model_family,Qwen,Qwen/Qwen-14B,Qwen,logical_deduction,7,PC3_count_additive,0.324,0.30478033678895405
model_family,Qwen,Qwen/Qwen-7B,Qwen,logical_deduction,7,PC3_count_additive,0.2577142857142857,0.2296323693015294
model_family,Qwen,Qwen/Qwen-72B,Qwen,tracking_shuffled_objects,3,PC3_count_additive,0.824,0.7259313680403928
model_family,Qwen,Qwen/Qwen-14B,Qwen,tracking_shuffled_objects,3,PC3_count_additive,0.0,0.6402051539511382
model_family,Qwen,Qwen/Qwen-7B,Qwen,tracking_shuffled_objects,3,PC3_count_additive,0.304,0.5474822423838543
model_family,Qwen,Qwen/Qwen-72B,Qwen,tracking_shuffled_objects,5,PC3_count_additive,0.64,0.5323289732856724
model_family,Qwen,Qwen/Qwen-14B,Qwen,tracking_shuffled_objects,5,PC3_count_additive,0.0,0.433318183367136
model_family,Qwen,Qwen/Qwen-7B,Qwen,tracking_shuffled_objects,5,PC3_count_additive,0.1864,0.3420713064620561
model_family,Qwen,Qwen/Qwen-72B,Qwen,tracking_shuffled_objects,7,PC3_count_additive,0.544,0.3948873010178969
model_family,Qwen,Qwen/Qwen-14B,Qwen,tracking_shuffled_objects,7,PC3_count_additive,0.0,0.30478033678895405
model_family,Qwen,Qwen/Qwen-7B,Qwen,tracking_shuffled_objects,7,PC3_count_additive,0.1348571428571428,0.2296323693015294
model_family,Qwen,Qwen/Qwen-72B,Qwen,logical_deduction,3,PC3_chance_floor,0.872,0.7183940640715807
model_family,Qwen,Qwen/Qwen-14B,Qwen,logical_deduction,3,PC3_chance_floor,0.244,0.5244078675970545
model_family,Qwen,Qwen/Qwen-7B,Qwen,logical_deduction,3,PC3_chance_floor,0.5106666666666666,0.4314578554217154
model_family,Qwen,Qwen/Qwen-72B,Qwen,logical_deduction,5,PC3_chance_floor,0.296,0.6620728768858968
model_family,Qwen,Qwen/Qwen-14B,Qwen,logical_deduction,5,PC3_chance_floor,0.2384,0.42928944111646544
model_family,Qwen,Qwen/Qwen-7B,Qwen,logical_deduction,5,PC3_chance_floor,0.3344,0.31774942650605853
model_family,Qwen,Qwen/Qwen-72B,Qwen,logical_deduction,7,PC3_chance_floor,0.1885714285714285,0.6379352252348893
model_family,Qwen,Qwen/Qwen-14B,Qwen,logical_deduction,7,PC3_chance_floor,0.324,0.388524401196213
model_family,Qwen,Qwen/Qwen-7B,Qwen,logical_deduction,7,PC3_chance_floor,0.2577142857142857,0.26901724268506266
model_family,Qwen,Qwen/Qwen-72B,Qwen,tracking_shuffled_objects,3,PC3_chance_floor,0.824,0.7183940640715807
model_family,Qwen,Qwen/Qwen-14B,Qwen,tracking_shuffled_objects,3,PC3_chance_floor,0.0,0.5244078675970545
model_family,Qwen,Qwen/Qwen-7B,Qwen,tracking_shuffled_objects,3,PC3_chance_floor,0.304,0.4314578554217154
model_family,Qwen,Qwen/Qwen-72B,Qwen,tracking_shuffled_objects,5,PC3_chance_floor,0.64,0.6620728768858968
model_family,Qwen,Qwen/Qwen-14B,Qwen,tracking_shuffled_objects,5,PC3_chance_floor,0.0,0.42928944111646544
model_family,Qwen,Qwen/Qwen-7B,Qwen,tracking_shuffled_objects,5,PC3_chance_floor,0.1864,0.31774942650605853
model_family,Qwen,Qwen/Qwen-72B,Qwen,tracking_shuffled_objects,7,PC3_chance_floor,0.544,0.6379352252348893
model_family,Qwen,Qwen/Qwen-14B,Qwen,tracking_shuffled_objects,7,PC3_chance_floor,0.0,0.388524401196213
model_family,Qwen,Qwen/Qwen-7B,Qwen,tracking_shuffled_objects,7,PC3_chance_floor,0.1348571428571428,0.26901724268506266
model_family,Qwen1.5,Qwen/Qwen1.5-72B,Qwen1.5,logical_deduction,3,pooled_mean,0.856,0.2745868205868206
model_family,Qwen1.5,Qwen/Qwen1.5-32B,Qwen1.5,logical_deduction,3,pooled_mean,0.836,0.2745868205868206
model_family,Qwen1.5,Qwen/Qwen1.5-14B,Qwen1.5,logical_deduction,3,pooled_mean,0.768,0.2745868205868206
model_family,Qwen1.5,Qwen/Qwen1.5-7B,Qwen1.5,logical_deduction,3,pooled_mean,0.3733333333333333,0.2745868205868206
model_family,Qwen1.5,Qwen/Qwen1.5-4B,Qwen1.5,logical_deduction,3,pooled_mean,0.432,0.2745868205868206
model_family,Qwen1.5,Qwen/Qwen1.5-1.8B,Qwen1.5,logical_deduction,3,pooled_mean,0.036,0.2745868205868206
model_family,Qwen1.5,Qwen/Qwen1.5-0.5B,Qwen1.5,logical_deduction,3,pooled_mean,0.16,0.2745868205868206
model_family,Qwen1.5,Qwen/Qwen1.5-72B,Qwen1.5,logical_deduction,5,pooled_mean,0.2632,0.2745868205868206
model_family,Qwen1.5,Qwen/Qwen1.5-32B,Qwen1.5,logical_deduction,5,pooled_mean,0.4408,0.2745868205868206
model_family,Qwen1.5,Qwen/Qwen1.5-14B,Qwen1.5,logical_deduction,5,pooled_mean,0.4928,0.2745868205868206
model_family,Qwen1.5,Qwen/Qwen1.5-7B,Qwen1.5,logical_deduction,5,pooled_mean,0.072,0.2745868205868206
model_family,Qwen1.5,Qwen/Qwen1.5-4B,Qwen1.5,logical_deduction,5,pooled_mean,0.2935999999999999,0.2745868205868206
model_family,Qwen1.5,Qwen/Qwen1.5-1.8B,Qwen1.5,logical_deduction,5,pooled_mean,0.0104,0.2745868205868206
model_family,Qwen1.5,Qwen/Qwen1.5-0.5B,Qwen1.5,logical_deduction,5,pooled_mean,0.06,0.2745868205868206
model_family,Qwen1.5,Qwen/Qwen1.5-72B,Qwen1.5,logical_deduction,7,pooled_mean,0.1725714285714285,0.2745868205868206
model_family,Qwen1.5,Qwen/Qwen1.5-32B,Qwen1.5,logical_deduction,7,pooled_mean,0.0731428571428571,0.2745868205868206
model_family,Qwen1.5,Qwen/Qwen1.5-14B,Qwen1.5,logical_deduction,7,pooled_mean,0.228,0.2745868205868206
model_family,Qwen1.5,Qwen/Qwen1.5-7B,Qwen1.5,logical_deduction,7,pooled_mean,0.0154285714285714,0.2745868205868206
model_family,Qwen1.5,Qwen/Qwen1.5-4B,Qwen1.5,logical_deduction,7,pooled_mean,0.2371428571428571,0.2745868205868206
model_family,Qwen1.5,Qwen/Qwen1.5-1.8B,Qwen1.5,logical_deduction,7,pooled_mean,0.0108571428571428,0.2745868205868206
model_family,Qwen1.5,Qwen/Qwen1.5-0.5B,Qwen1.5,logical_deduction,7,pooled_mean,0.0137142857142857,0.2745868205868206
model_family,Qwen1.5,Qwen/Qwen1.5-72B,Qwen1.5,tracking_shuffled_objects,3,pooled_mean,0.772,0.2745868205868206
model_family,Qwen1.5,Qwen/Qwen1.5-32B,Qwen1.5,tracking_shuffled_objects,3,pooled_mean,0.704,0.2745868205868206
model_family,Qwen1.5,Qwen/Qwen1.5-14B,Qwen1.5,tracking_shuffled_objects,3,pooled_mean,0.632,0.2745868205868206
model_family,Qwen1.5,Qwen/Qwen1.5-7B,Qwen1.5,tracking_shuffled_objects,3,pooled_mean,0.444,0.2745868205868206
model_family,Qwen1.5,Qwen/Qwen1.5-4B,Qwen1.5,tracking_shuffled_objects,3,pooled_mean,0.22,0.2745868205868206
model_family,Qwen1.5,Qwen/Qwen1.5-1.8B,Qwen1.5,tracking_shuffled_objects,3,pooled_mean,0.148,0.2745868205868206
model_family,Qwen1.5,Qwen/Qwen1.5-0.5B,Qwen1.5,tracking_shuffled_objects,3,pooled_mean,0.18,0.2745868205868206
model_family,Qwen1.5,Qwen/Qwen1.5-72B,Qwen1.5,tracking_shuffled_objects,5,pooled_mean,0.5863999999999999,0.2745868205868206
model_family,Qwen1.5,Qwen/Qwen1.5-32B,Qwen1.5,tracking_shuffled_objects,5,pooled_mean,0.596,0.2745868205868206
model_family,Qwen1.5,Qwen/Qwen1.5-14B,Qwen1.5,tracking_shuffled_objects,5,pooled_mean,0.512,0.2745868205868206
model_family,Qwen1.5,Qwen/Qwen1.5-7B,Qwen1.5,tracking_shuffled_objects,5,pooled_mean,0.124,0.2745868205868206
model_family,Qwen1.5,Qwen/Qwen1.5-4B,Qwen1.5,tracking_shuffled_objects,5,pooled_mean,0.168,0.2745868205868206
model_family,Qwen1.5,Qwen/Qwen1.5-1.8B,Qwen1.5,tracking_shuffled_objects,5,pooled_mean,0.08,0.2745868205868206
model_family,Qwen1.5,Qwen/Qwen1.5-0.5B,Qwen1.5,tracking_shuffled_objects,5,pooled_mean,0.064,0.2745868205868206
model_family,Qwen1.5,Qwen/Qwen1.5-72B,Qwen1.5,tracking_shuffled_objects,7,pooled_mean,0.388,0.2745868205868206
model_family,Qwen1.5,Qwen/Qwen1.5-32B,Qwen1.5,tracking_shuffled_objects,7,pooled_mean,0.364,0.2745868205868206
model_family,Qwen1.5,Qwen/Qwen1.5-14B,Qwen1.5,tracking_shuffled_objects,7,pooled_mean,0.408,0.2745868205868206
model_family,Qwen1.5,Qwen/Qwen1.5-7B,Qwen1.5,tracking_shuffled_objects,7,pooled_mean,0.076,0.2745868205868206
model_family,Qwen1.5,Qwen/Qwen1.5-4B,Qwen1.5,tracking_shuffled_objects,7,pooled_mean,0.1411428571428571,0.2745868205868206
model_family,Qwen1.5,Qwen/Qwen1.5-1.8B,Qwen1.5,tracking_shuffled_objects,7,pooled_mean,0.0428571428571428,0.2745868205868206
model_family,Qwen1.5,Qwen/Qwen1.5-0.5B,Qwen1.5,tracking_shuffled_objects,7,pooled_mean,0.028,0.2745868205868206
model_family,Qwen1.5,Qwen/Qwen1.5-72B,Qwen1.5,logical_deduction,3,task_family_mean,0.856,0.3049798941798942
model_family,Qwen1.5,Qwen/Qwen1.5-32B,Qwen1.5,logical_deduction,3,task_family_mean,0.836,0.3049798941798942
model_family,Qwen1.5,Qwen/Qwen1.5-14B,Qwen1.5,logical_deduction,3,task_family_mean,0.768,0.3049798941798942
model_family,Qwen1.5,Qwen/Qwen1.5-7B,Qwen1.5,logical_deduction,3,task_family_mean,0.3733333333333333,0.3049798941798942
model_family,Qwen1.5,Qwen/Qwen1.5-4B,Qwen1.5,logical_deduction,3,task_family_mean,0.432,0.3049798941798942
model_family,Qwen1.5,Qwen/Qwen1.5-1.8B,Qwen1.5,logical_deduction,3,task_family_mean,0.036,0.3049798941798942
model_family,Qwen1.5,Qwen/Qwen1.5-0.5B,Qwen1.5,logical_deduction,3,task_family_mean,0.16,0.3049798941798942
model_family,Qwen1.5,Qwen/Qwen1.5-72B,Qwen1.5,logical_deduction,5,task_family_mean,0.2632,0.3049798941798942
model_family,Qwen1.5,Qwen/Qwen1.5-32B,Qwen1.5,logical_deduction,5,task_family_mean,0.4408,0.3049798941798942
model_family,Qwen1.5,Qwen/Qwen1.5-14B,Qwen1.5,logical_deduction,5,task_family_mean,0.4928,0.3049798941798942
model_family,Qwen1.5,Qwen/Qwen1.5-7B,Qwen1.5,logical_deduction,5,task_family_mean,0.072,0.3049798941798942
model_family,Qwen1.5,Qwen/Qwen1.5-4B,Qwen1.5,logical_deduction,5,task_family_mean,0.2935999999999999,0.3049798941798942
model_family,Qwen1.5,Qwen/Qwen1.5-1.8B,Qwen1.5,logical_deduction,5,task_family_mean,0.0104,0.3049798941798942
model_family,Qwen1.5,Qwen/Qwen1.5-0.5B,Qwen1.5,logical_deduction,5,task_family_mean,0.06,0.3049798941798942
model_family,Qwen1.5,Qwen/Qwen1.5-72B,Qwen1.5,logical_deduction,7,task_family_mean,0.1725714285714285,0.3049798941798942
model_family,Qwen1.5,Qwen/Qwen1.5-32B,Qwen1.5,logical_deduction,7,task_family_mean,0.0731428571428571,0.3049798941798942
model_family,Qwen1.5,Qwen/Qwen1.5-14B,Qwen1.5,logical_deduction,7,task_family_mean,0.228,0.3049798941798942
model_family,Qwen1.5,Qwen/Qwen1.5-7B,Qwen1.5,logical_deduction,7,task_family_mean,0.0154285714285714,0.3049798941798942
model_family,Qwen1.5,Qwen/Qwen1.5-4B,Qwen1.5,logical_deduction,7,task_family_mean,0.2371428571428571,0.3049798941798942
model_family,Qwen1.5,Qwen/Qwen1.5-1.8B,Qwen1.5,logical_deduction,7,task_family_mean,0.0108571428571428,0.3049798941798942
model_family,Qwen1.5,Qwen/Qwen1.5-0.5B,Qwen1.5,logical_deduction,7,task_family_mean,0.0137142857142857,0.3049798941798942
model_family,Qwen1.5,Qwen/Qwen1.5-72B,Qwen1.5,tracking_shuffled_objects,3,task_family_mean,0.772,0.244193746993747
model_family,Qwen1.5,Qwen/Qwen1.5-32B,Qwen1.5,tracking_shuffled_objects,3,task_family_mean,0.704,0.244193746993747
model_family,Qwen1.5,Qwen/Qwen1.5-14B,Qwen1.5,tracking_shuffled_objects,3,task_family_mean,0.632,0.244193746993747
model_family,Qwen1.5,Qwen/Qwen1.5-7B,Qwen1.5,tracking_shuffled_objects,3,task_family_mean,0.444,0.244193746993747
model_family,Qwen1.5,Qwen/Qwen1.5-4B,Qwen1.5,tracking_shuffled_objects,3,task_family_mean,0.22,0.244193746993747
model_family,Qwen1.5,Qwen/Qwen1.5-1.8B,Qwen1.5,tracking_shuffled_objects,3,task_family_mean,0.148,0.244193746993747
model_family,Qwen1.5,Qwen/Qwen1.5-0.5B,Qwen1.5,tracking_shuffled_objects,3,task_family_mean,0.18,0.244193746993747
model_family,Qwen1.5,Qwen/Qwen1.5-72B,Qwen1.5,tracking_shuffled_objects,5,task_family_mean,0.5863999999999999,0.244193746993747
model_family,Qwen1.5,Qwen/Qwen1.5-32B,Qwen1.5,tracking_shuffled_objects,5,task_family_mean,0.596,0.244193746993747
model_family,Qwen1.5,Qwen/Qwen1.5-14B,Qwen1.5,tracking_shuffled_objects,5,task_family_mean,0.512,0.244193746993747
model_family,Qwen1.5,Qwen/Qwen1.5-7B,Qwen1.5,tracking_shuffled_objects,5,task_family_mean,0.124,0.244193746993747
model_family,Qwen1.5,Qwen/Qwen1.5-4B,Qwen1.5,tracking_shuffled_objects,5,task_family_mean,0.168,0.244193746993747
model_family,Qwen1.5,Qwen/Qwen1.5-1.8B,Qwen1.5,tracking_shuffled_objects,5,task_family_mean,0.08,0.244193746993747
model_family,Qwen1.5,Qwen/Qwen1.5-0.5B,Qwen1.5,tracking_shuffled_objects,5,task_family_mean,0.064,0.244193746993747
model_family,Qwen1.5,Qwen/Qwen1.5-72B,Qwen1.5,tracking_shuffled_objects,7,task_family_mean,0.388,0.244193746993747
model_family,Qwen1.5,Qwen/Qwen1.5-32B,Qwen1.5,tracking_shuffled_objects,7,task_family_mean,0.364,0.244193746993747
model_family,Qwen1.5,Qwen/Qwen1.5-14B,Qwen1.5,tracking_shuffled_objects,7,task_family_mean,0.408,0.244193746993747
model_family,Qwen1.5,Qwen/Qwen1.5-7B,Qwen1.5,tracking_shuffled_objects,7,task_family_mean,0.076,0.244193746993747
model_family,Qwen1.5,Qwen/Qwen1.5-4B,Qwen1.5,tracking_shuffled_objects,7,task_family_mean,0.1411428571428571,0.244193746993747
model_family,Qwen1.5,Qwen/Qwen1.5-1.8B,Qwen1.5,tracking_shuffled_objects,7,task_family_mean,0.0428571428571428,0.244193746993747
model_family,Qwen1.5,Qwen/Qwen1.5-0.5B,Qwen1.5,tracking_shuffled_objects,7,task_family_mean,0.028,0.244193746993747
model_family,Qwen1.5,Qwen/Qwen1.5-72B,Qwen1.5,logical_deduction,3,PC1,0.856,0.5666856277664111
model_family,Qwen1.5,Qwen/Qwen1.5-32B,Qwen1.5,logical_deduction,3,PC1,0.836,0.5269675979560705
model_family,Qwen1.5,Qwen/Qwen1.5-14B,Qwen1.5,logical_deduction,3,PC1,0.768,0.4626575258516535
model_family,Qwen1.5,Qwen/Qwen1.5-7B,Qwen1.5,logical_deduction,3,PC1,0.3733333333333333,0.40225199684204194
model_family,Qwen1.5,Qwen/Qwen1.5-4B,Qwen1.5,logical_deduction,3,PC1,0.432,0.3268788156182047
model_family,Qwen1.5,Qwen/Qwen1.5-1.8B,Qwen1.5,logical_deduction,3,PC1,0.036,0.21785800137911399
model_family,Qwen1.5,Qwen/Qwen1.5-0.5B,Qwen1.5,logical_deduction,3,PC1,0.16,0.1528197990575636
model_family,Qwen1.5,Qwen/Qwen1.5-72B,Qwen1.5,logical_deduction,5,PC1,0.2632,0.5666856277664111
model_family,Qwen1.5,Qwen/Qwen1.5-32B,Qwen1.5,logical_deduction,5,PC1,0.4408,0.5269675979560705
model_family,Qwen1.5,Qwen/Qwen1.5-14B,Qwen1.5,logical_deduction,5,PC1,0.4928,0.4626575258516535
model_family,Qwen1.5,Qwen/Qwen1.5-7B,Qwen1.5,logical_deduction,5,PC1,0.072,0.40225199684204194
model_family,Qwen1.5,Qwen/Qwen1.5-4B,Qwen1.5,logical_deduction,5,PC1,0.2935999999999999,0.3268788156182047
model_family,Qwen1.5,Qwen/Qwen1.5-1.8B,Qwen1.5,logical_deduction,5,PC1,0.0104,0.21785800137911399
model_family,Qwen1.5,Qwen/Qwen1.5-0.5B,Qwen1.5,logical_deduction,5,PC1,0.06,0.1528197990575636
model_family,Qwen1.5,Qwen/Qwen1.5-72B,Qwen1.5,logical_deduction,7,PC1,0.1725714285714285,0.5666856277664111
model_family,Qwen1.5,Qwen/Qwen1.5-32B,Qwen1.5,logical_deduction,7,PC1,0.0731428571428571,0.5269675979560705
model_family,Qwen1.5,Qwen/Qwen1.5-14B,Qwen1.5,logical_deduction,7,PC1,0.228,0.4626575258516535
model_family,Qwen1.5,Qwen/Qwen1.5-7B,Qwen1.5,logical_deduction,7,PC1,0.0154285714285714,0.40225199684204194
model_family,Qwen1.5,Qwen/Qwen1.5-4B,Qwen1.5,logical_deduction,7,PC1,0.2371428571428571,0.3268788156182047
model_family,Qwen1.5,Qwen/Qwen1.5-1.8B,Qwen1.5,logical_deduction,7,PC1,0.0108571428571428,0.21785800137911399
model_family,Qwen1.5,Qwen/Qwen1.5-0.5B,Qwen1.5,logical_deduction,7,PC1,0.0137142857142857,0.1528197990575636
model_family,Qwen1.5,Qwen/Qwen1.5-72B,Qwen1.5,tracking_shuffled_objects,3,PC1,0.772,0.5666856277664111
model_family,Qwen1.5,Qwen/Qwen1.5-32B,Qwen1.5,tracking_shuffled_objects,3,PC1,0.704,0.5269675979560705
model_family,Qwen1.5,Qwen/Qwen1.5-14B,Qwen1.5,tracking_shuffled_objects,3,PC1,0.632,0.4626575258516535
model_family,Qwen1.5,Qwen/Qwen1.5-7B,Qwen1.5,tracking_shuffled_objects,3,PC1,0.444,0.40225199684204194
model_family,Qwen1.5,Qwen/Qwen1.5-4B,Qwen1.5,tracking_shuffled_objects,3,PC1,0.22,0.3268788156182047
model_family,Qwen1.5,Qwen/Qwen1.5-1.8B,Qwen1.5,tracking_shuffled_objects,3,PC1,0.148,0.21785800137911399
model_family,Qwen1.5,Qwen/Qwen1.5-0.5B,Qwen1.5,tracking_shuffled_objects,3,PC1,0.18,0.1528197990575636
model_family,Qwen1.5,Qwen/Qwen1.5-72B,Qwen1.5,tracking_shuffled_objects,5,PC1,0.5863999999999999,0.5666856277664111
model_family,Qwen1.5,Qwen/Qwen1.5-32B,Qwen1.5,tracking_shuffled_objects,5,PC1,0.596,0.5269675979560705
model_family,Qwen1.5,Qwen/Qwen1.5-14B,Qwen1.5,tracking_shuffled_objects,5,PC1,0.512,0.4626575258516535
model_family,Qwen1.5,Qwen/Qwen1.5-7B,Qwen1.5,tracking_shuffled_objects,5,PC1,0.124,0.40225199684204194
model_family,Qwen1.5,Qwen/Qwen1.5-4B,Qwen1.5,tracking_shuffled_objects,5,PC1,0.168,0.3268788156182047
model_family,Qwen1.5,Qwen/Qwen1.5-1.8B,Qwen1.5,tracking_shuffled_objects,5,PC1,0.08,0.21785800137911399
model_family,Qwen1.5,Qwen/Qwen1.5-0.5B,Qwen1.5,tracking_shuffled_objects,5,PC1,0.064,0.1528197990575636
model_family,Qwen1.5,Qwen/Qwen1.5-72B,Qwen1.5,tracking_shuffled_objects,7,PC1,0.388,0.5666856277664111
model_family,Qwen1.5,Qwen/Qwen1.5-32B,Qwen1.5,tracking_shuffled_objects,7,PC1,0.364,0.5269675979560705
model_family,Qwen1.5,Qwen/Qwen1.5-14B,Qwen1.5,tracking_shuffled_objects,7,PC1,0.408,0.4626575258516535
model_family,Qwen1.5,Qwen/Qwen1.5-7B,Qwen1.5,tracking_shuffled_objects,7,PC1,0.076,0.40225199684204194
model_family,Qwen1.5,Qwen/Qwen1.5-4B,Qwen1.5,tracking_shuffled_objects,7,PC1,0.1411428571428571,0.3268788156182047
model_family,Qwen1.5,Qwen/Qwen1.5-1.8B,Qwen1.5,tracking_shuffled_objects,7,PC1,0.0428571428571428,0.21785800137911399
model_family,Qwen1.5,Qwen/Qwen1.5-0.5B,Qwen1.5,tracking_shuffled_objects,7,PC1,0.028,0.1528197990575636
model_family,Qwen1.5,Qwen/Qwen1.5-72B,Qwen1.5,logical_deduction,3,PC3,0.856,0.527778893044888
model_family,Qwen1.5,Qwen/Qwen1.5-32B,Qwen1.5,logical_deduction,3,PC3,0.836,0.49543453483956346
model_family,Qwen1.5,Qwen/Qwen1.5-14B,Qwen1.5,logical_deduction,3,PC3,0.768,0.4307043841574086
model_family,Qwen1.5,Qwen/Qwen1.5-7B,Qwen1.5,logical_deduction,3,PC3,0.3733333333333333,0.37673628092870903
model_family,Qwen1.5,Qwen/Qwen1.5-4B,Qwen1.5,logical_deduction,3,PC3,0.432,0.3099594993573885
model_family,Qwen1.5,Qwen/Qwen1.5-1.8B,Qwen1.5,logical_deduction,3,PC3,0.036,0.2126190515324762
model_family,Qwen1.5,Qwen/Qwen1.5-0.5B,Qwen1.5,logical_deduction,3,PC3,0.16,0.15181003040337532
model_family,Qwen1.5,Qwen/Qwen1.5-72B,Qwen1.5,logical_deduction,5,PC3,0.2632,0.527778893044888
model_family,Qwen1.5,Qwen/Qwen1.5-32B,Qwen1.5,logical_deduction,5,PC3,0.4408,0.49543453483956346
model_family,Qwen1.5,Qwen/Qwen1.5-14B,Qwen1.5,logical_deduction,5,PC3,0.4928,0.4307043841574086
model_family,Qwen1.5,Qwen/Qwen1.5-7B,Qwen1.5,logical_deduction,5,PC3,0.072,0.37673628092870903
model_family,Qwen1.5,Qwen/Qwen1.5-4B,Qwen1.5,logical_deduction,5,PC3,0.2935999999999999,0.3099594993573885
model_family,Qwen1.5,Qwen/Qwen1.5-1.8B,Qwen1.5,logical_deduction,5,PC3,0.0104,0.2126190515324762
model_family,Qwen1.5,Qwen/Qwen1.5-0.5B,Qwen1.5,logical_deduction,5,PC3,0.06,0.15181003040337532
model_family,Qwen1.5,Qwen/Qwen1.5-72B,Qwen1.5,logical_deduction,7,PC3,0.1725714285714285,0.527778893044888
model_family,Qwen1.5,Qwen/Qwen1.5-32B,Qwen1.5,logical_deduction,7,PC3,0.0731428571428571,0.49543453483956346
model_family,Qwen1.5,Qwen/Qwen1.5-14B,Qwen1.5,logical_deduction,7,PC3,0.228,0.4307043841574086
model_family,Qwen1.5,Qwen/Qwen1.5-7B,Qwen1.5,logical_deduction,7,PC3,0.0154285714285714,0.37673628092870903
model_family,Qwen1.5,Qwen/Qwen1.5-4B,Qwen1.5,logical_deduction,7,PC3,0.2371428571428571,0.3099594993573885
model_family,Qwen1.5,Qwen/Qwen1.5-1.8B,Qwen1.5,logical_deduction,7,PC3,0.0108571428571428,0.2126190515324762
model_family,Qwen1.5,Qwen/Qwen1.5-0.5B,Qwen1.5,logical_deduction,7,PC3,0.0137142857142857,0.15181003040337532
model_family,Qwen1.5,Qwen/Qwen1.5-72B,Qwen1.5,tracking_shuffled_objects,3,PC3,0.772,0.527778893044888
model_family,Qwen1.5,Qwen/Qwen1.5-32B,Qwen1.5,tracking_shuffled_objects,3,PC3,0.704,0.49543453483956346
model_family,Qwen1.5,Qwen/Qwen1.5-14B,Qwen1.5,tracking_shuffled_objects,3,PC3,0.632,0.4307043841574086
model_family,Qwen1.5,Qwen/Qwen1.5-7B,Qwen1.5,tracking_shuffled_objects,3,PC3,0.444,0.37673628092870903
model_family,Qwen1.5,Qwen/Qwen1.5-4B,Qwen1.5,tracking_shuffled_objects,3,PC3,0.22,0.3099594993573885
model_family,Qwen1.5,Qwen/Qwen1.5-1.8B,Qwen1.5,tracking_shuffled_objects,3,PC3,0.148,0.2126190515324762
model_family,Qwen1.5,Qwen/Qwen1.5-0.5B,Qwen1.5,tracking_shuffled_objects,3,PC3,0.18,0.15181003040337532
model_family,Qwen1.5,Qwen/Qwen1.5-72B,Qwen1.5,tracking_shuffled_objects,5,PC3,0.5863999999999999,0.527778893044888
model_family,Qwen1.5,Qwen/Qwen1.5-32B,Qwen1.5,tracking_shuffled_objects,5,PC3,0.596,0.49543453483956346
model_family,Qwen1.5,Qwen/Qwen1.5-14B,Qwen1.5,tracking_shuffled_objects,5,PC3,0.512,0.4307043841574086
model_family,Qwen1.5,Qwen/Qwen1.5-7B,Qwen1.5,tracking_shuffled_objects,5,PC3,0.124,0.37673628092870903
model_family,Qwen1.5,Qwen/Qwen1.5-4B,Qwen1.5,tracking_shuffled_objects,5,PC3,0.168,0.3099594993573885
model_family,Qwen1.5,Qwen/Qwen1.5-1.8B,Qwen1.5,tracking_shuffled_objects,5,PC3,0.08,0.2126190515324762
model_family,Qwen1.5,Qwen/Qwen1.5-0.5B,Qwen1.5,tracking_shuffled_objects,5,PC3,0.064,0.15181003040337532
model_family,Qwen1.5,Qwen/Qwen1.5-72B,Qwen1.5,tracking_shuffled_objects,7,PC3,0.388,0.527778893044888
model_family,Qwen1.5,Qwen/Qwen1.5-32B,Qwen1.5,tracking_shuffled_objects,7,PC3,0.364,0.49543453483956346
model_family,Qwen1.5,Qwen/Qwen1.5-14B,Qwen1.5,tracking_shuffled_objects,7,PC3,0.408,0.4307043841574086
model_family,Qwen1.5,Qwen/Qwen1.5-7B,Qwen1.5,tracking_shuffled_objects,7,PC3,0.076,0.37673628092870903
model_family,Qwen1.5,Qwen/Qwen1.5-4B,Qwen1.5,tracking_shuffled_objects,7,PC3,0.1411428571428571,0.3099594993573885
model_family,Qwen1.5,Qwen/Qwen1.5-1.8B,Qwen1.5,tracking_shuffled_objects,7,PC3,0.0428571428571428,0.2126190515324762
model_family,Qwen1.5,Qwen/Qwen1.5-0.5B,Qwen1.5,tracking_shuffled_objects,7,PC3,0.028,0.15181003040337532
model_family,Qwen1.5,Qwen/Qwen1.5-72B,Qwen1.5,logical_deduction,3,PC3_count,0.856,0.6921169346672467
model_family,Qwen1.5,Qwen/Qwen1.5-32B,Qwen1.5,logical_deduction,3,PC3_count,0.836,0.6706083388871934
model_family,Qwen1.5,Qwen/Qwen1.5-14B,Qwen1.5,logical_deduction,3,PC3_count,0.768,0.597792399037768
model_family,Qwen1.5,Qwen/Qwen1.5-7B,Qwen1.5,logical_deduction,3,PC3_count,0.3733333333333333,0.5446338315518209
model_family,Qwen1.5,Qwen/Qwen1.5-4B,Qwen1.5,logical_deduction,3,PC3_count,0.432,0.47662945716208605
model_family,Qwen1.5,Qwen/Qwen1.5-1.8B,Qwen1.5,logical_deduction,3,PC3_count,0.036,0.34889180644365836
model_family,Qwen1.5,Qwen/Qwen1.5-0.5B,Qwen1.5,logical_deduction,3,PC3_count,0.16,0.26651354866334437
model_family,Qwen1.5,Qwen/Qwen1.5-72B,Qwen1.5,logical_deduction,5,PC3_count,0.2632,0.505379503491404
model_family,Qwen1.5,Qwen/Qwen1.5-32B,Qwen1.5,logical_deduction,5,PC3_count,0.4408,0.47206020151582695
model_family,Qwen1.5,Qwen/Qwen1.5-14B,Qwen1.5,logical_deduction,5,PC3_count,0.4928,0.40958877887123957
model_family,Qwen1.5,Qwen/Qwen1.5-7B,Qwen1.5,logical_deduction,5,PC3_count,0.072,0.35639759470448906
model_family,Qwen1.5,Qwen/Qwen1.5-4B,Qwen1.5,logical_deduction,5,PC3_count,0.2935999999999999,0.29089505265468313
model_family,Qwen1.5,Qwen/Qwen1.5-1.8B,Qwen1.5,logical_deduction,5,PC3_count,0.0104,0.19826284548014747
model_family,Qwen1.5,Qwen/Qwen1.5-0.5B,Qwen1.5,logical_deduction,5,PC3_count,0.06,0.14047165680605794
model_family,Qwen1.5,Qwen/Qwen1.5-72B,Qwen1.5,logical_deduction,7,PC3_count,0.1725714285714285,0.37804291281975744
model_family,Qwen1.5,Qwen/Qwen1.5-32B,Qwen1.5,logical_deduction,7,PC3_count,0.0731428571428571,0.34212266845062267
model_family,Qwen1.5,Qwen/Qwen1.5-14B,Qwen1.5,logical_deduction,7,PC3_count,0.228,0.2957657784904509
model_family,Qwen1.5,Qwen/Qwen1.5-7B,Qwen1.5,logical_deduction,7,PC3_count,0.0154285714285714,0.2500678286571972
model_family,Qwen1.5,Qwen/Qwen1.5-4B,Qwen1.5,logical_deduction,7,PC3_count,0.2371428571428571,0.19523684037843117
model_family,Qwen1.5,Qwen/Qwen1.5-1.8B,Qwen1.5,logical_deduction,7,PC3_count,0.0108571428571428,0.12937128060948427
model_family,Qwen1.5,Qwen/Qwen1.5-0.5B,Qwen1.5,logical_deduction,7,PC3_count,0.0137142857142857,0.08805147427499403
model_family,Qwen1.5,Qwen/Qwen1.5-72B,Qwen1.5,tracking_shuffled_objects,3,PC3_count,0.772,0.6921169346672467
model_family,Qwen1.5,Qwen/Qwen1.5-32B,Qwen1.5,tracking_shuffled_objects,3,PC3_count,0.704,0.6706083388871934
model_family,Qwen1.5,Qwen/Qwen1.5-14B,Qwen1.5,tracking_shuffled_objects,3,PC3_count,0.632,0.597792399037768
model_family,Qwen1.5,Qwen/Qwen1.5-7B,Qwen1.5,tracking_shuffled_objects,3,PC3_count,0.444,0.5446338315518209
model_family,Qwen1.5,Qwen/Qwen1.5-4B,Qwen1.5,tracking_shuffled_objects,3,PC3_count,0.22,0.47662945716208605
model_family,Qwen1.5,Qwen/Qwen1.5-1.8B,Qwen1.5,tracking_shuffled_objects,3,PC3_count,0.148,0.34889180644365836
model_family,Qwen1.5,Qwen/Qwen1.5-0.5B,Qwen1.5,tracking_shuffled_objects,3,PC3_count,0.18,0.26651354866334437
model_family,Qwen1.5,Qwen/Qwen1.5-72B,Qwen1.5,tracking_shuffled_objects,5,PC3_count,0.5863999999999999,0.505379503491404
model_family,Qwen1.5,Qwen/Qwen1.5-32B,Qwen1.5,tracking_shuffled_objects,5,PC3_count,0.596,0.47206020151582695
model_family,Qwen1.5,Qwen/Qwen1.5-14B,Qwen1.5,tracking_shuffled_objects,5,PC3_count,0.512,0.40958877887123957
model_family,Qwen1.5,Qwen/Qwen1.5-7B,Qwen1.5,tracking_shuffled_objects,5,PC3_count,0.124,0.35639759470448906
model_family,Qwen1.5,Qwen/Qwen1.5-4B,Qwen1.5,tracking_shuffled_objects,5,PC3_count,0.168,0.29089505265468313
model_family,Qwen1.5,Qwen/Qwen1.5-1.8B,Qwen1.5,tracking_shuffled_objects,5,PC3_count,0.08,0.19826284548014747
model_family,Qwen1.5,Qwen/Qwen1.5-0.5B,Qwen1.5,tracking_shuffled_objects,5,PC3_count,0.064,0.14047165680605794
model_family,Qwen1.5,Qwen/Qwen1.5-72B,Qwen1.5,tracking_shuffled_objects,7,PC3_count,0.388,0.37804291281975744
model_family,Qwen1.5,Qwen/Qwen1.5-32B,Qwen1.5,tracking_shuffled_objects,7,PC3_count,0.364,0.34212266845062267
model_family,Qwen1.5,Qwen/Qwen1.5-14B,Qwen1.5,tracking_shuffled_objects,7,PC3_count,0.408,0.2957657784904509
model_family,Qwen1.5,Qwen/Qwen1.5-7B,Qwen1.5,tracking_shuffled_objects,7,PC3_count,0.076,0.2500678286571972
model_family,Qwen1.5,Qwen/Qwen1.5-4B,Qwen1.5,tracking_shuffled_objects,7,PC3_count,0.1411428571428571,0.19523684037843117
model_family,Qwen1.5,Qwen/Qwen1.5-1.8B,Qwen1.5,tracking_shuffled_objects,7,PC3_count,0.0428571428571428,0.12937128060948427
model_family,Qwen1.5,Qwen/Qwen1.5-0.5B,Qwen1.5,tracking_shuffled_objects,7,PC3_count,0.028,0.08805147427499403
model_family,Qwen1.5,Qwen/Qwen1.5-72B,Qwen1.5,logical_deduction,3,count_only,0.856,0.35213611884405877
model_family,Qwen1.5,Qwen/Qwen1.5-32B,Qwen1.5,logical_deduction,3,count_only,0.836,0.35213611884405877
model_family,Qwen1.5,Qwen/Qwen1.5-14B,Qwen1.5,logical_deduction,3,count_only,0.768,0.35213611884405877
model_family,Qwen1.5,Qwen/Qwen1.5-7B,Qwen1.5,logical_deduction,3,count_only,0.3733333333333333,0.35213611884405877
model_family,Qwen1.5,Qwen/Qwen1.5-4B,Qwen1.5,logical_deduction,3,count_only,0.432,0.35213611884405877
model_family,Qwen1.5,Qwen/Qwen1.5-1.8B,Qwen1.5,logical_deduction,3,count_only,0.036,0.35213611884405877
model_family,Qwen1.5,Qwen/Qwen1.5-0.5B,Qwen1.5,logical_deduction,3,count_only,0.16,0.35213611884405877
model_family,Qwen1.5,Qwen/Qwen1.5-72B,Qwen1.5,logical_deduction,5,count_only,0.2632,0.19686879823148068
model_family,Qwen1.5,Qwen/Qwen1.5-32B,Qwen1.5,logical_deduction,5,count_only,0.4408,0.19686879823148068
model_family,Qwen1.5,Qwen/Qwen1.5-14B,Qwen1.5,logical_deduction,5,count_only,0.4928,0.19686879823148068
model_family,Qwen1.5,Qwen/Qwen1.5-7B,Qwen1.5,logical_deduction,5,count_only,0.072,0.19686879823148068
model_family,Qwen1.5,Qwen/Qwen1.5-4B,Qwen1.5,logical_deduction,5,count_only,0.2935999999999999,0.19686879823148068
model_family,Qwen1.5,Qwen/Qwen1.5-1.8B,Qwen1.5,logical_deduction,5,count_only,0.0104,0.19686879823148068
model_family,Qwen1.5,Qwen/Qwen1.5-0.5B,Qwen1.5,logical_deduction,5,count_only,0.06,0.19686879823148068
model_family,Qwen1.5,Qwen/Qwen1.5-72B,Qwen1.5,logical_deduction,7,count_only,0.1725714285714285,0.12669506125735583
model_family,Qwen1.5,Qwen/Qwen1.5-32B,Qwen1.5,logical_deduction,7,count_only,0.0731428571428571,0.12669506125735583
model_family,Qwen1.5,Qwen/Qwen1.5-14B,Qwen1.5,logical_deduction,7,count_only,0.228,0.12669506125735583
model_family,Qwen1.5,Qwen/Qwen1.5-7B,Qwen1.5,logical_deduction,7,count_only,0.0154285714285714,0.12669506125735583
model_family,Qwen1.5,Qwen/Qwen1.5-4B,Qwen1.5,logical_deduction,7,count_only,0.2371428571428571,0.12669506125735583
model_family,Qwen1.5,Qwen/Qwen1.5-1.8B,Qwen1.5,logical_deduction,7,count_only,0.0108571428571428,0.12669506125735583
model_family,Qwen1.5,Qwen/Qwen1.5-0.5B,Qwen1.5,logical_deduction,7,count_only,0.0137142857142857,0.12669506125735583
model_family,Qwen1.5,Qwen/Qwen1.5-72B,Qwen1.5,tracking_shuffled_objects,3,count_only,0.772,0.35213611884405877
model_family,Qwen1.5,Qwen/Qwen1.5-32B,Qwen1.5,tracking_shuffled_objects,3,count_only,0.704,0.35213611884405877
model_family,Qwen1.5,Qwen/Qwen1.5-14B,Qwen1.5,tracking_shuffled_objects,3,count_only,0.632,0.35213611884405877
model_family,Qwen1.5,Qwen/Qwen1.5-7B,Qwen1.5,tracking_shuffled_objects,3,count_only,0.444,0.35213611884405877
model_family,Qwen1.5,Qwen/Qwen1.5-4B,Qwen1.5,tracking_shuffled_objects,3,count_only,0.22,0.35213611884405877
model_family,Qwen1.5,Qwen/Qwen1.5-1.8B,Qwen1.5,tracking_shuffled_objects,3,count_only,0.148,0.35213611884405877
model_family,Qwen1.5,Qwen/Qwen1.5-0.5B,Qwen1.5,tracking_shuffled_objects,3,count_only,0.18,0.35213611884405877
model_family,Qwen1.5,Qwen/Qwen1.5-72B,Qwen1.5,tracking_shuffled_objects,5,count_only,0.5863999999999999,0.19686879823148068
model_family,Qwen1.5,Qwen/Qwen1.5-32B,Qwen1.5,tracking_shuffled_objects,5,count_only,0.596,0.19686879823148068
model_family,Qwen1.5,Qwen/Qwen1.5-14B,Qwen1.5,tracking_shuffled_objects,5,count_only,0.512,0.19686879823148068
model_family,Qwen1.5,Qwen/Qwen1.5-7B,Qwen1.5,tracking_shuffled_objects,5,count_only,0.124,0.19686879823148068
model_family,Qwen1.5,Qwen/Qwen1.5-4B,Qwen1.5,tracking_shuffled_objects,5,count_only,0.168,0.19686879823148068
model_family,Qwen1.5,Qwen/Qwen1.5-1.8B,Qwen1.5,tracking_shuffled_objects,5,count_only,0.08,0.19686879823148068
model_family,Qwen1.5,Qwen/Qwen1.5-0.5B,Qwen1.5,tracking_shuffled_objects,5,count_only,0.064,0.19686879823148068
model_family,Qwen1.5,Qwen/Qwen1.5-72B,Qwen1.5,tracking_shuffled_objects,7,count_only,0.388,0.12669506125735583
model_family,Qwen1.5,Qwen/Qwen1.5-32B,Qwen1.5,tracking_shuffled_objects,7,count_only,0.364,0.12669506125735583
model_family,Qwen1.5,Qwen/Qwen1.5-14B,Qwen1.5,tracking_shuffled_objects,7,count_only,0.408,0.12669506125735583
model_family,Qwen1.5,Qwen/Qwen1.5-7B,Qwen1.5,tracking_shuffled_objects,7,count_only,0.076,0.12669506125735583
model_family,Qwen1.5,Qwen/Qwen1.5-4B,Qwen1.5,tracking_shuffled_objects,7,count_only,0.1411428571428571,0.12669506125735583
model_family,Qwen1.5,Qwen/Qwen1.5-1.8B,Qwen1.5,tracking_shuffled_objects,7,count_only,0.0428571428571428,0.12669506125735583
model_family,Qwen1.5,Qwen/Qwen1.5-0.5B,Qwen1.5,tracking_shuffled_objects,7,count_only,0.028,0.12669506125735583
model_family,Qwen1.5,Qwen/Qwen1.5-72B,Qwen1.5,logical_deduction,3,PC3_count_additive,0.856,0.6935883122271345
model_family,Qwen1.5,Qwen/Qwen1.5-32B,Qwen1.5,logical_deduction,3,PC3_count_additive,0.836,0.6654008769047248
model_family,Qwen1.5,Qwen/Qwen1.5-14B,Qwen1.5,logical_deduction,3,PC3_count_additive,0.768,0.6050951857095532
model_family,Qwen1.5,Qwen/Qwen1.5-7B,Qwen1.5,logical_deduction,3,PC3_count_additive,0.3733333333333333,0.5504018762585976
model_family,Qwen1.5,Qwen/Qwen1.5-4B,Qwen1.5,logical_deduction,3,PC3_count_additive,0.432,0.4763701735938946
model_family,Qwen1.5,Qwen/Qwen1.5-1.8B,Qwen1.5,logical_deduction,3,PC3_count_additive,0.036,0.3535453628592158
model_family,Qwen1.5,Qwen/Qwen1.5-0.5B,Qwen1.5,logical_deduction,3,PC3_count_additive,0.16,0.2660501630410323
model_family,Qwen1.5,Qwen/Qwen1.5-72B,Qwen1.5,logical_deduction,5,PC3_count_additive,0.2632,0.505157622556839
model_family,Qwen1.5,Qwen/Qwen1.5-32B,Qwen1.5,logical_deduction,5,PC3_count_additive,0.4408,0.47281153101787027
model_family,Qwen1.5,Qwen/Qwen1.5-14B,Qwen1.5,logical_deduction,5,PC3_count_additive,0.4928,0.40864329721023385
model_family,Qwen1.5,Qwen/Qwen1.5-7B,Qwen1.5,logical_deduction,5,PC3_count_additive,0.072,0.35571227884725026
model_family,Qwen1.5,Qwen/Qwen1.5-4B,Qwen1.5,logical_deduction,5,PC3_count_additive,0.2935999999999999,0.2909225788081386
model_family,Qwen1.5,Qwen/Qwen1.5-1.8B,Qwen1.5,logical_deduction,5,PC3_count_additive,0.0104,0.19784642252647494
model_family,Qwen1.5,Qwen/Qwen1.5-0.5B,Qwen1.5,logical_deduction,5,PC3_count_additive,0.06,0.14050842390665028
model_family,Qwen1.5,Qwen/Qwen1.5-72B,Qwen1.5,logical_deduction,7,PC3_count_additive,0.1725714285714285,0.3766269680478808
model_family,Qwen1.5,Qwen/Qwen1.5-32B,Qwen1.5,logical_deduction,7,PC3_count_additive,0.0731428571428571,0.34674399357997254
model_family,Qwen1.5,Qwen/Qwen1.5-14B,Qwen1.5,logical_deduction,7,PC3_count_additive,0.228,0.29026489790884863
model_family,Qwen1.5,Qwen/Qwen1.5-7B,Qwen1.5,logical_deduction,7,PC3_count_additive,0.0154285714285714,0.24628139974317445
model_family,Qwen1.5,Qwen/Qwen1.5-4B,Qwen1.5,logical_deduction,7,PC3_count_additive,0.2371428571428571,0.19537922834683294
model_family,Qwen1.5,Qwen/Qwen1.5-1.8B,Qwen1.5,logical_deduction,7,PC3_count_additive,0.0108571428571428,0.12737948123443557
model_family,Qwen1.5,Qwen/Qwen1.5-0.5B,Qwen1.5,logical_deduction,7,PC3_count_additive,0.0137142857142857,0.08821761523769363
model_family,Qwen1.5,Qwen/Qwen1.5-72B,Qwen1.5,tracking_shuffled_objects,3,PC3_count_additive,0.772,0.6935883122271345
model_family,Qwen1.5,Qwen/Qwen1.5-32B,Qwen1.5,tracking_shuffled_objects,3,PC3_count_additive,0.704,0.6654008769047248
model_family,Qwen1.5,Qwen/Qwen1.5-14B,Qwen1.5,tracking_shuffled_objects,3,PC3_count_additive,0.632,0.6050951857095532
model_family,Qwen1.5,Qwen/Qwen1.5-7B,Qwen1.5,tracking_shuffled_objects,3,PC3_count_additive,0.444,0.5504018762585976
model_family,Qwen1.5,Qwen/Qwen1.5-4B,Qwen1.5,tracking_shuffled_objects,3,PC3_count_additive,0.22,0.4763701735938946
model_family,Qwen1.5,Qwen/Qwen1.5-1.8B,Qwen1.5,tracking_shuffled_objects,3,PC3_count_additive,0.148,0.3535453628592158
model_family,Qwen1.5,Qwen/Qwen1.5-0.5B,Qwen1.5,tracking_shuffled_objects,3,PC3_count_additive,0.18,0.2660501630410323
model_family,Qwen1.5,Qwen/Qwen1.5-72B,Qwen1.5,tracking_shuffled_objects,5,PC3_count_additive,0.5863999999999999,0.505157622556839
model_family,Qwen1.5,Qwen/Qwen1.5-32B,Qwen1.5,tracking_shuffled_objects,5,PC3_count_additive,0.596,0.47281153101787027
model_family,Qwen1.5,Qwen/Qwen1.5-14B,Qwen1.5,tracking_shuffled_objects,5,PC3_count_additive,0.512,0.40864329721023385
model_family,Qwen1.5,Qwen/Qwen1.5-7B,Qwen1.5,tracking_shuffled_objects,5,PC3_count_additive,0.124,0.35571227884725026
model_family,Qwen1.5,Qwen/Qwen1.5-4B,Qwen1.5,tracking_shuffled_objects,5,PC3_count_additive,0.168,0.2909225788081386
model_family,Qwen1.5,Qwen/Qwen1.5-1.8B,Qwen1.5,tracking_shuffled_objects,5,PC3_count_additive,0.08,0.19784642252647494
model_family,Qwen1.5,Qwen/Qwen1.5-0.5B,Qwen1.5,tracking_shuffled_objects,5,PC3_count_additive,0.064,0.14050842390665028
model_family,Qwen1.5,Qwen/Qwen1.5-72B,Qwen1.5,tracking_shuffled_objects,7,PC3_count_additive,0.388,0.3766269680478808
model_family,Qwen1.5,Qwen/Qwen1.5-32B,Qwen1.5,tracking_shuffled_objects,7,PC3_count_additive,0.364,0.34674399357997254
model_family,Qwen1.5,Qwen/Qwen1.5-14B,Qwen1.5,tracking_shuffled_objects,7,PC3_count_additive,0.408,0.29026489790884863
model_family,Qwen1.5,Qwen/Qwen1.5-7B,Qwen1.5,tracking_shuffled_objects,7,PC3_count_additive,0.076,0.24628139974317445
model_family,Qwen1.5,Qwen/Qwen1.5-4B,Qwen1.5,tracking_shuffled_objects,7,PC3_count_additive,0.1411428571428571,0.19537922834683294
model_family,Qwen1.5,Qwen/Qwen1.5-1.8B,Qwen1.5,tracking_shuffled_objects,7,PC3_count_additive,0.0428571428571428,0.12737948123443557
model_family,Qwen1.5,Qwen/Qwen1.5-0.5B,Qwen1.5,tracking_shuffled_objects,7,PC3_count_additive,0.028,0.08821761523769363
model_family,Qwen1.5,Qwen/Qwen1.5-72B,Qwen1.5,logical_deduction,3,PC3_chance_floor,0.856,0.7286913861259104
model_family,Qwen1.5,Qwen/Qwen1.5-32B,Qwen1.5,logical_deduction,3,PC3_chance_floor,0.836,0.6581361288936288
model_family,Qwen1.5,Qwen/Qwen1.5-14B,Qwen1.5,logical_deduction,3,PC3_chance_floor,0.768,0.5642522966652754
model_family,Qwen1.5,Qwen/Qwen1.5-7B,Qwen1.5,logical_deduction,3,PC3_chance_floor,0.3733333333333333,0.485074047216152
model_family,Qwen1.5,Qwen/Qwen1.5-4B,Qwen1.5,logical_deduction,3,PC3_chance_floor,0.432,0.4149197057321144
model_family,Qwen1.5,Qwen/Qwen1.5-1.8B,Qwen1.5,logical_deduction,3,PC3_chance_floor,0.036,0.3558314561054928
model_family,Qwen1.5,Qwen/Qwen1.5-0.5B,Qwen1.5,logical_deduction,3,PC3_chance_floor,0.16,0.3424695823173655
model_family,Qwen1.5,Qwen/Qwen1.5-72B,Qwen1.5,logical_deduction,5,PC3_chance_floor,0.2632,0.6744296633510924
model_family,Qwen1.5,Qwen/Qwen1.5-32B,Qwen1.5,logical_deduction,5,PC3_chance_floor,0.4408,0.5897633546723546
model_family,Qwen1.5,Qwen/Qwen1.5-14B,Qwen1.5,logical_deduction,5,PC3_chance_floor,0.4928,0.4771027559983305
model_family,Qwen1.5,Qwen/Qwen1.5-7B,Qwen1.5,logical_deduction,5,PC3_chance_floor,0.072,0.3820888566593824
model_family,Qwen1.5,Qwen/Qwen1.5-4B,Qwen1.5,logical_deduction,5,PC3_chance_floor,0.2935999999999999,0.2979036468785373
model_family,Qwen1.5,Qwen/Qwen1.5-1.8B,Qwen1.5,logical_deduction,5,PC3_chance_floor,0.0104,0.2269977473265914
model_family,Qwen1.5,Qwen/Qwen1.5-0.5B,Qwen1.5,logical_deduction,5,PC3_chance_floor,0.06,0.21096349878083867
model_family,Qwen1.5,Qwen/Qwen1.5-72B,Qwen1.5,logical_deduction,7,PC3_chance_floor,0.1725714285714285,0.651174639304742
model_family,Qwen1.5,Qwen/Qwen1.5-32B,Qwen1.5,logical_deduction,7,PC3_chance_floor,0.0731428571428571,0.5604607371489514
model_family,Qwen1.5,Qwen/Qwen1.5-14B,Qwen1.5,logical_deduction,7,PC3_chance_floor,0.228,0.4397529528553541
model_family,Qwen1.5,Qwen/Qwen1.5-7B,Qwen1.5,logical_deduction,7,PC3_chance_floor,0.0154285714285714,0.3379523464207668
model_family,Qwen1.5,Qwen/Qwen1.5-4B,Qwen1.5,logical_deduction,7,PC3_chance_floor,0.2371428571428571,0.24775390736986136
model_family,Qwen1.5,Qwen/Qwen1.5-1.8B,Qwen1.5,logical_deduction,7,PC3_chance_floor,0.0108571428571428,0.1717833007070622
model_family,Qwen1.5,Qwen/Qwen1.5-0.5B,Qwen1.5,logical_deduction,7,PC3_chance_floor,0.0137142857142857,0.1546037486937557
model_family,Qwen1.5,Qwen/Qwen1.5-72B,Qwen1.5,tracking_shuffled_objects,3,PC3_chance_floor,0.772,0.7286913861259104
model_family,Qwen1.5,Qwen/Qwen1.5-32B,Qwen1.5,tracking_shuffled_objects,3,PC3_chance_floor,0.704,0.6581361288936288
model_family,Qwen1.5,Qwen/Qwen1.5-14B,Qwen1.5,tracking_shuffled_objects,3,PC3_chance_floor,0.632,0.5642522966652754
model_family,Qwen1.5,Qwen/Qwen1.5-7B,Qwen1.5,tracking_shuffled_objects,3,PC3_chance_floor,0.444,0.485074047216152
model_family,Qwen1.5,Qwen/Qwen1.5-4B,Qwen1.5,tracking_shuffled_objects,3,PC3_chance_floor,0.22,0.4149197057321144
model_family,Qwen1.5,Qwen/Qwen1.5-1.8B,Qwen1.5,tracking_shuffled_objects,3,PC3_chance_floor,0.148,0.3558314561054928
model_family,Qwen1.5,Qwen/Qwen1.5-0.5B,Qwen1.5,tracking_shuffled_objects,3,PC3_chance_floor,0.18,0.3424695823173655
model_family,Qwen1.5,Qwen/Qwen1.5-72B,Qwen1.5,tracking_shuffled_objects,5,PC3_chance_floor,0.5863999999999999,0.6744296633510924
model_family,Qwen1.5,Qwen/Qwen1.5-32B,Qwen1.5,tracking_shuffled_objects,5,PC3_chance_floor,0.596,0.5897633546723546
model_family,Qwen1.5,Qwen/Qwen1.5-14B,Qwen1.5,tracking_shuffled_objects,5,PC3_chance_floor,0.512,0.4771027559983305
model_family,Qwen1.5,Qwen/Qwen1.5-7B,Qwen1.5,tracking_shuffled_objects,5,PC3_chance_floor,0.124,0.3820888566593824
model_family,Qwen1.5,Qwen/Qwen1.5-4B,Qwen1.5,tracking_shuffled_objects,5,PC3_chance_floor,0.168,0.2979036468785373
model_family,Qwen1.5,Qwen/Qwen1.5-1.8B,Qwen1.5,tracking_shuffled_objects,5,PC3_chance_floor,0.08,0.2269977473265914
model_family,Qwen1.5,Qwen/Qwen1.5-0.5B,Qwen1.5,tracking_shuffled_objects,5,PC3_chance_floor,0.064,0.21096349878083867
model_family,Qwen1.5,Qwen/Qwen1.5-72B,Qwen1.5,tracking_shuffled_objects,7,PC3_chance_floor,0.388,0.651174639304742
model_family,Qwen1.5,Qwen/Qwen1.5-32B,Qwen1.5,tracking_shuffled_objects,7,PC3_chance_floor,0.364,0.5604607371489514
model_family,Qwen1.5,Qwen/Qwen1.5-14B,Qwen1.5,tracking_shuffled_objects,7,PC3_chance_floor,0.408,0.4397529528553541
model_family,Qwen1.5,Qwen/Qwen1.5-7B,Qwen1.5,tracking_shuffled_objects,7,PC3_chance_floor,0.076,0.3379523464207668
model_family,Qwen1.5,Qwen/Qwen1.5-4B,Qwen1.5,tracking_shuffled_objects,7,PC3_chance_floor,0.1411428571428571,0.24775390736986136
model_family,Qwen1.5,Qwen/Qwen1.5-1.8B,Qwen1.5,tracking_shuffled_objects,7,PC3_chance_floor,0.0428571428571428,0.1717833007070622
model_family,Qwen1.5,Qwen/Qwen1.5-0.5B,Qwen1.5,tracking_shuffled_objects,7,PC3_chance_floor,0.028,0.1546037486937557
model_family,StarCoder,bigcode/starcoderbase-1b,StarCoder,logical_deduction,3,pooled_mean,0.3066666666666666,0.27862792730618813
model_family,StarCoder,bigcode/starcoderbase-3b,StarCoder,logical_deduction,3,pooled_mean,0.356,0.27862792730618813
model_family,StarCoder,bigcode/starcoderbase-7b,StarCoder,logical_deduction,3,pooled_mean,0.384,0.27862792730618813
model_family,StarCoder,bigcode/starcoderbase,StarCoder,logical_deduction,3,pooled_mean,0.432,0.27862792730618813
model_family,StarCoder,bigcode/starcoderbase-1b,StarCoder,logical_deduction,5,pooled_mean,0.1823999999999999,0.27862792730618813
model_family,StarCoder,bigcode/starcoderbase-3b,StarCoder,logical_deduction,5,pooled_mean,0.248,0.27862792730618813
model_family,StarCoder,bigcode/starcoderbase-7b,StarCoder,logical_deduction,5,pooled_mean,0.2455999999999999,0.27862792730618813
model_family,StarCoder,bigcode/starcoderbase,StarCoder,logical_deduction,5,pooled_mean,0.38,0.27862792730618813
model_family,StarCoder,bigcode/starcoderbase-1b,StarCoder,logical_deduction,7,pooled_mean,0.1228571428571428,0.27862792730618813
model_family,StarCoder,bigcode/starcoderbase-3b,StarCoder,logical_deduction,7,pooled_mean,0.1685714285714285,0.27862792730618813
model_family,StarCoder,bigcode/starcoderbase-7b,StarCoder,logical_deduction,7,pooled_mean,0.1531428571428571,0.27862792730618813
model_family,StarCoder,bigcode/starcoderbase,StarCoder,logical_deduction,7,pooled_mean,0.2685714285714285,0.27862792730618813
model_family,StarCoder,bigcode/starcoderbase-1b,StarCoder,tracking_shuffled_objects,3,pooled_mean,0.328,0.27862792730618813
model_family,StarCoder,bigcode/starcoderbase-3b,StarCoder,tracking_shuffled_objects,3,pooled_mean,0.364,0.27862792730618813
model_family,StarCoder,bigcode/starcoderbase-7b,StarCoder,tracking_shuffled_objects,3,pooled_mean,0.32,0.27862792730618813
model_family,StarCoder,bigcode/starcoderbase,StarCoder,tracking_shuffled_objects,3,pooled_mean,0.376,0.27862792730618813
model_family,StarCoder,bigcode/starcoderbase-1b,StarCoder,tracking_shuffled_objects,5,pooled_mean,0.168,0.27862792730618813
model_family,StarCoder,bigcode/starcoderbase-3b,StarCoder,tracking_shuffled_objects,5,pooled_mean,0.184,0.27862792730618813
model_family,StarCoder,bigcode/starcoderbase-7b,StarCoder,tracking_shuffled_objects,5,pooled_mean,0.124,0.27862792730618813
model_family,StarCoder,bigcode/starcoderbase,StarCoder,tracking_shuffled_objects,5,pooled_mean,0.2,0.27862792730618813
model_family,StarCoder,bigcode/starcoderbase-1b,StarCoder,tracking_shuffled_objects,7,pooled_mean,0.132,0.27862792730618813
model_family,StarCoder,bigcode/starcoderbase-3b,StarCoder,tracking_shuffled_objects,7,pooled_mean,0.148,0.27862792730618813
model_family,StarCoder,bigcode/starcoderbase-7b,StarCoder,tracking_shuffled_objects,7,pooled_mean,0.112,0.27862792730618813
model_family,StarCoder,bigcode/starcoderbase,StarCoder,tracking_shuffled_objects,7,pooled_mean,0.204,0.27862792730618813
model_family,StarCoder,bigcode/starcoderbase-1b,StarCoder,logical_deduction,3,task_family_mean,0.3066666666666666,0.30426666666666663
model_family,StarCoder,bigcode/starcoderbase-3b,StarCoder,logical_deduction,3,task_family_mean,0.356,0.30426666666666663
model_family,StarCoder,bigcode/starcoderbase-7b,StarCoder,logical_deduction,3,task_family_mean,0.384,0.30426666666666663
model_family,StarCoder,bigcode/starcoderbase,StarCoder,logical_deduction,3,task_family_mean,0.432,0.30426666666666663
model_family,StarCoder,bigcode/starcoderbase-1b,StarCoder,logical_deduction,5,task_family_mean,0.1823999999999999,0.30426666666666663
model_family,StarCoder,bigcode/starcoderbase-3b,StarCoder,logical_deduction,5,task_family_mean,0.248,0.30426666666666663
model_family,StarCoder,bigcode/starcoderbase-7b,StarCoder,logical_deduction,5,task_family_mean,0.2455999999999999,0.30426666666666663
model_family,StarCoder,bigcode/starcoderbase,StarCoder,logical_deduction,5,task_family_mean,0.38,0.30426666666666663
model_family,StarCoder,bigcode/starcoderbase-1b,StarCoder,logical_deduction,7,task_family_mean,0.1228571428571428,0.30426666666666663
model_family,StarCoder,bigcode/starcoderbase-3b,StarCoder,logical_deduction,7,task_family_mean,0.1685714285714285,0.30426666666666663
model_family,StarCoder,bigcode/starcoderbase-7b,StarCoder,logical_deduction,7,task_family_mean,0.1531428571428571,0.30426666666666663
model_family,StarCoder,bigcode/starcoderbase,StarCoder,logical_deduction,7,task_family_mean,0.2685714285714285,0.30426666666666663
model_family,StarCoder,bigcode/starcoderbase-1b,StarCoder,tracking_shuffled_objects,3,task_family_mean,0.328,0.25298918794570974
model_family,StarCoder,bigcode/starcoderbase-3b,StarCoder,tracking_shuffled_objects,3,task_family_mean,0.364,0.25298918794570974
model_family,StarCoder,bigcode/starcoderbase-7b,StarCoder,tracking_shuffled_objects,3,task_family_mean,0.32,0.25298918794570974
model_family,StarCoder,bigcode/starcoderbase,StarCoder,tracking_shuffled_objects,3,task_family_mean,0.376,0.25298918794570974
model_family,StarCoder,bigcode/starcoderbase-1b,StarCoder,tracking_shuffled_objects,5,task_family_mean,0.168,0.25298918794570974
model_family,StarCoder,bigcode/starcoderbase-3b,StarCoder,tracking_shuffled_objects,5,task_family_mean,0.184,0.25298918794570974
model_family,StarCoder,bigcode/starcoderbase-7b,StarCoder,tracking_shuffled_objects,5,task_family_mean,0.124,0.25298918794570974
model_family,StarCoder,bigcode/starcoderbase,StarCoder,tracking_shuffled_objects,5,task_family_mean,0.2,0.25298918794570974
model_family,StarCoder,bigcode/starcoderbase-1b,StarCoder,tracking_shuffled_objects,7,task_family_mean,0.132,0.25298918794570974
model_family,StarCoder,bigcode/starcoderbase-3b,StarCoder,tracking_shuffled_objects,7,task_family_mean,0.148,0.25298918794570974
model_family,StarCoder,bigcode/starcoderbase-7b,StarCoder,tracking_shuffled_objects,7,task_family_mean,0.112,0.25298918794570974
model_family,StarCoder,bigcode/starcoderbase,StarCoder,tracking_shuffled_objects,7,task_family_mean,0.204,0.25298918794570974
model_family,StarCoder,bigcode/starcoderbase-1b,StarCoder,logical_deduction,3,PC1,0.3066666666666666,0.09519619779394091
model_family,StarCoder,bigcode/starcoderbase-3b,StarCoder,logical_deduction,3,PC1,0.356,0.10435092472609067
model_family,StarCoder,bigcode/starcoderbase-7b,StarCoder,logical_deduction,3,PC1,0.384,0.11531493004683668
model_family,StarCoder,bigcode/starcoderbase,StarCoder,logical_deduction,3,PC1,0.432,0.12356442714527009
model_family,StarCoder,bigcode/starcoderbase-1b,StarCoder,logical_deduction,5,PC1,0.1823999999999999,0.09519619779394091
model_family,StarCoder,bigcode/starcoderbase-3b,StarCoder,logical_deduction,5,PC1,0.248,0.10435092472609067
model_family,StarCoder,bigcode/starcoderbase-7b,StarCoder,logical_deduction,5,PC1,0.2455999999999999,0.11531493004683668
model_family,StarCoder,bigcode/starcoderbase,StarCoder,logical_deduction,5,PC1,0.38,0.12356442714527009
model_family,StarCoder,bigcode/starcoderbase-1b,StarCoder,logical_deduction,7,PC1,0.1228571428571428,0.09519619779394091
model_family,StarCoder,bigcode/starcoderbase-3b,StarCoder,logical_deduction,7,PC1,0.1685714285714285,0.10435092472609067
model_family,StarCoder,bigcode/starcoderbase-7b,StarCoder,logical_deduction,7,PC1,0.1531428571428571,0.11531493004683668
model_family,StarCoder,bigcode/starcoderbase,StarCoder,logical_deduction,7,PC1,0.2685714285714285,0.12356442714527009
model_family,StarCoder,bigcode/starcoderbase-1b,StarCoder,tracking_shuffled_objects,3,PC1,0.328,0.09519619779394091
model_family,StarCoder,bigcode/starcoderbase-3b,StarCoder,tracking_shuffled_objects,3,PC1,0.364,0.10435092472609067
model_family,StarCoder,bigcode/starcoderbase-7b,StarCoder,tracking_shuffled_objects,3,PC1,0.32,0.11531493004683668
model_family,StarCoder,bigcode/starcoderbase,StarCoder,tracking_shuffled_objects,3,PC1,0.376,0.12356442714527009
model_family,StarCoder,bigcode/starcoderbase-1b,StarCoder,tracking_shuffled_objects,5,PC1,0.168,0.09519619779394091
model_family,StarCoder,bigcode/starcoderbase-3b,StarCoder,tracking_shuffled_objects,5,PC1,0.184,0.10435092472609067
model_family,StarCoder,bigcode/starcoderbase-7b,StarCoder,tracking_shuffled_objects,5,PC1,0.124,0.11531493004683668
model_family,StarCoder,bigcode/starcoderbase,StarCoder,tracking_shuffled_objects,5,PC1,0.2,0.12356442714527009
model_family,StarCoder,bigcode/starcoderbase-1b,StarCoder,tracking_shuffled_objects,7,PC1,0.132,0.09519619779394091
model_family,StarCoder,bigcode/starcoderbase-3b,StarCoder,tracking_shuffled_objects,7,PC1,0.148,0.10435092472609067
model_family,StarCoder,bigcode/starcoderbase-7b,StarCoder,tracking_shuffled_objects,7,PC1,0.112,0.11531493004683668
model_family,StarCoder,bigcode/starcoderbase,StarCoder,tracking_shuffled_objects,7,PC1,0.204,0.12356442714527009
model_family,StarCoder,bigcode/starcoderbase-1b,StarCoder,logical_deduction,3,PC3,0.3066666666666666,0.07499005039437842
model_family,StarCoder,bigcode/starcoderbase-3b,StarCoder,logical_deduction,3,PC3,0.356,0.08630337821607664
model_family,StarCoder,bigcode/starcoderbase-7b,StarCoder,logical_deduction,3,PC3,0.384,0.10357183550528569
model_family,StarCoder,bigcode/starcoderbase,StarCoder,logical_deduction,3,PC3,0.432,0.11355228182101466
model_family,StarCoder,bigcode/starcoderbase-1b,StarCoder,logical_deduction,5,PC3,0.1823999999999999,0.07499005039437842
model_family,StarCoder,bigcode/starcoderbase-3b,StarCoder,logical_deduction,5,PC3,0.248,0.08630337821607664
model_family,StarCoder,bigcode/starcoderbase-7b,StarCoder,logical_deduction,5,PC3,0.2455999999999999,0.10357183550528569
model_family,StarCoder,bigcode/starcoderbase,StarCoder,logical_deduction,5,PC3,0.38,0.11355228182101466
model_family,StarCoder,bigcode/starcoderbase-1b,StarCoder,logical_deduction,7,PC3,0.1228571428571428,0.07499005039437842
model_family,StarCoder,bigcode/starcoderbase-3b,StarCoder,logical_deduction,7,PC3,0.1685714285714285,0.08630337821607664
model_family,StarCoder,bigcode/starcoderbase-7b,StarCoder,logical_deduction,7,PC3,0.1531428571428571,0.10357183550528569
model_family,StarCoder,bigcode/starcoderbase,StarCoder,logical_deduction,7,PC3,0.2685714285714285,0.11355228182101466
model_family,StarCoder,bigcode/starcoderbase-1b,StarCoder,tracking_shuffled_objects,3,PC3,0.328,0.07499005039437842
model_family,StarCoder,bigcode/starcoderbase-3b,StarCoder,tracking_shuffled_objects,3,PC3,0.364,0.08630337821607664
model_family,StarCoder,bigcode/starcoderbase-7b,StarCoder,tracking_shuffled_objects,3,PC3,0.32,0.10357183550528569
model_family,StarCoder,bigcode/starcoderbase,StarCoder,tracking_shuffled_objects,3,PC3,0.376,0.11355228182101466
model_family,StarCoder,bigcode/starcoderbase-1b,StarCoder,tracking_shuffled_objects,5,PC3,0.168,0.07499005039437842
model_family,StarCoder,bigcode/starcoderbase-3b,StarCoder,tracking_shuffled_objects,5,PC3,0.184,0.08630337821607664
model_family,StarCoder,bigcode/starcoderbase-7b,StarCoder,tracking_shuffled_objects,5,PC3,0.124,0.10357183550528569
model_family,StarCoder,bigcode/starcoderbase,StarCoder,tracking_shuffled_objects,5,PC3,0.2,0.11355228182101466
model_family,StarCoder,bigcode/starcoderbase-1b,StarCoder,tracking_shuffled_objects,7,PC3,0.132,0.07499005039437842
model_family,StarCoder,bigcode/starcoderbase-3b,StarCoder,tracking_shuffled_objects,7,PC3,0.148,0.08630337821607664
model_family,StarCoder,bigcode/starcoderbase-7b,StarCoder,tracking_shuffled_objects,7,PC3,0.112,0.10357183550528569
model_family,StarCoder,bigcode/starcoderbase,StarCoder,tracking_shuffled_objects,7,PC3,0.204,0.11355228182101466
model_family,StarCoder,bigcode/starcoderbase-1b,StarCoder,logical_deduction,3,PC3_count,0.3066666666666666,0.1355159141610432
model_family,StarCoder,bigcode/starcoderbase-3b,StarCoder,logical_deduction,3,PC3_count,0.356,0.1501181241962925
model_family,StarCoder,bigcode/starcoderbase-7b,StarCoder,logical_deduction,3,PC3_count,0.384,0.18243122361091502
model_family,StarCoder,bigcode/starcoderbase,StarCoder,logical_deduction,3,PC3_count,0.432,0.20221070875350233
model_family,StarCoder,bigcode/starcoderbase-1b,StarCoder,logical_deduction,5,PC3_count,0.1823999999999999,0.0693251458063031
model_family,StarCoder,bigcode/starcoderbase-3b,StarCoder,logical_deduction,5,PC3_count,0.248,0.08017373863232719
model_family,StarCoder,bigcode/starcoderbase-7b,StarCoder,logical_deduction,5,PC3_count,0.2455999999999999,0.09598534352858994
model_family,StarCoder,bigcode/starcoderbase,StarCoder,logical_deduction,5,PC3_count,0.38,0.10502783685501715
model_family,StarCoder,bigcode/starcoderbase-1b,StarCoder,logical_deduction,7,PC3_count,0.1228571428571428,0.043638296892989065
model_family,StarCoder,bigcode/starcoderbase-3b,StarCoder,logical_deduction,7,PC3_count,0.1685714285714285,0.051895833614294146
model_family,StarCoder,bigcode/starcoderbase-7b,StarCoder,logical_deduction,7,PC3_count,0.1531428571428571,0.06112012632249496
model_family,StarCoder,bigcode/starcoderbase,StarCoder,logical_deduction,7,PC3_count,0.2685714285714285,0.0660028837547617
model_family,StarCoder,bigcode/starcoderbase-1b,StarCoder,tracking_shuffled_objects,3,PC3_count,0.328,0.1355159141610432
model_family,StarCoder,bigcode/starcoderbase-3b,StarCoder,tracking_shuffled_objects,3,PC3_count,0.364,0.1501181241962925
model_family,StarCoder,bigcode/starcoderbase-7b,StarCoder,tracking_shuffled_objects,3,PC3_count,0.32,0.18243122361091502
model_family,StarCoder,bigcode/starcoderbase,StarCoder,tracking_shuffled_objects,3,PC3_count,0.376,0.20221070875350233
model_family,StarCoder,bigcode/starcoderbase-1b,StarCoder,tracking_shuffled_objects,5,PC3_count,0.168,0.0693251458063031
model_family,StarCoder,bigcode/starcoderbase-3b,StarCoder,tracking_shuffled_objects,5,PC3_count,0.184,0.08017373863232719
model_family,StarCoder,bigcode/starcoderbase-7b,StarCoder,tracking_shuffled_objects,5,PC3_count,0.124,0.09598534352858994
model_family,StarCoder,bigcode/starcoderbase,StarCoder,tracking_shuffled_objects,5,PC3_count,0.2,0.10502783685501715
model_family,StarCoder,bigcode/starcoderbase-1b,StarCoder,tracking_shuffled_objects,7,PC3_count,0.132,0.043638296892989065
model_family,StarCoder,bigcode/starcoderbase-3b,StarCoder,tracking_shuffled_objects,7,PC3_count,0.148,0.051895833614294146
model_family,StarCoder,bigcode/starcoderbase-7b,StarCoder,tracking_shuffled_objects,7,PC3_count,0.112,0.06112012632249496
model_family,StarCoder,bigcode/starcoderbase,StarCoder,tracking_shuffled_objects,7,PC3_count,0.204,0.0660028837547617
model_family,StarCoder,bigcode/starcoderbase-1b,StarCoder,logical_deduction,3,count_only,0.3066666666666666,0.36112299376859963
model_family,StarCoder,bigcode/starcoderbase-3b,StarCoder,logical_deduction,3,count_only,0.356,0.36112299376859963
model_family,StarCoder,bigcode/starcoderbase-7b,StarCoder,logical_deduction,3,count_only,0.384,0.36112299376859963
model_family,StarCoder,bigcode/starcoderbase,StarCoder,logical_deduction,3,count_only,0.432,0.36112299376859963
model_family,StarCoder,bigcode/starcoderbase-1b,StarCoder,logical_deduction,5,count_only,0.1823999999999999,0.19495422924851322
model_family,StarCoder,bigcode/starcoderbase-3b,StarCoder,logical_deduction,5,count_only,0.248,0.19495422924851322
model_family,StarCoder,bigcode/starcoderbase-7b,StarCoder,logical_deduction,5,count_only,0.2455999999999999,0.19495422924851322
model_family,StarCoder,bigcode/starcoderbase,StarCoder,logical_deduction,5,count_only,0.38,0.19495422924851322
model_family,StarCoder,bigcode/starcoderbase-1b,StarCoder,logical_deduction,7,count_only,0.1228571428571428,0.12169658624791406
model_family,StarCoder,bigcode/starcoderbase-3b,StarCoder,logical_deduction,7,count_only,0.1685714285714285,0.12169658624791406
model_family,StarCoder,bigcode/starcoderbase-7b,StarCoder,logical_deduction,7,count_only,0.1531428571428571,0.12169658624791406
model_family,StarCoder,bigcode/starcoderbase,StarCoder,logical_deduction,7,count_only,0.2685714285714285,0.12169658624791406
model_family,StarCoder,bigcode/starcoderbase-1b,StarCoder,tracking_shuffled_objects,3,count_only,0.328,0.36112299376859963
model_family,StarCoder,bigcode/starcoderbase-3b,StarCoder,tracking_shuffled_objects,3,count_only,0.364,0.36112299376859963
model_family,StarCoder,bigcode/starcoderbase-7b,StarCoder,tracking_shuffled_objects,3,count_only,0.32,0.36112299376859963
model_family,StarCoder,bigcode/starcoderbase,StarCoder,tracking_shuffled_objects,3,count_only,0.376,0.36112299376859963
model_family,StarCoder,bigcode/starcoderbase-1b,StarCoder,tracking_shuffled_objects,5,count_only,0.168,0.19495422924851322
model_family,StarCoder,bigcode/starcoderbase-3b,StarCoder,tracking_shuffled_objects,5,count_only,0.184,0.19495422924851322
model_family,StarCoder,bigcode/starcoderbase-7b,StarCoder,tracking_shuffled_objects,5,count_only,0.124,0.19495422924851322
model_family,StarCoder,bigcode/starcoderbase,StarCoder,tracking_shuffled_objects,5,count_only,0.2,0.19495422924851322
model_family,StarCoder,bigcode/starcoderbase-1b,StarCoder,tracking_shuffled_objects,7,count_only,0.132,0.12169658624791406
model_family,StarCoder,bigcode/starcoderbase-3b,StarCoder,tracking_shuffled_objects,7,count_only,0.148,0.12169658624791406
model_family,StarCoder,bigcode/starcoderbase-7b,StarCoder,tracking_shuffled_objects,7,count_only,0.112,0.12169658624791406
model_family,StarCoder,bigcode/starcoderbase,StarCoder,tracking_shuffled_objects,7,count_only,0.204,0.12169658624791406
model_family,StarCoder,bigcode/starcoderbase-1b,StarCoder,logical_deduction,3,PC3_count_additive,0.3066666666666666,0.1466343400797599
model_family,StarCoder,bigcode/starcoderbase-3b,StarCoder,logical_deduction,3,PC3_count_additive,0.356,0.16680712886982094
model_family,StarCoder,bigcode/starcoderbase-7b,StarCoder,logical_deduction,3,PC3_count_additive,0.384,0.1967155985973983
model_family,StarCoder,bigcode/starcoderbase,StarCoder,logical_deduction,3,PC3_count_additive,0.432,0.2135335905629583
model_family,StarCoder,bigcode/starcoderbase-1b,StarCoder,logical_deduction,5,PC3_count_additive,0.1823999999999999,0.06856864743244351
model_family,StarCoder,bigcode/starcoderbase-3b,StarCoder,logical_deduction,5,PC3_count_additive,0.248,0.07899594653796939
model_family,StarCoder,bigcode/starcoderbase-7b,StarCoder,logical_deduction,5,PC3_count_additive,0.2455999999999999,0.09495420931041282
model_family,StarCoder,bigcode/starcoderbase,StarCoder,logical_deduction,5,PC3_count_additive,0.38,0.10420076674738458
model_family,StarCoder,bigcode/starcoderbase-1b,StarCoder,logical_deduction,7,PC3_count_additive,0.1228571428571428,0.040418334039928484
model_family,StarCoder,bigcode/starcoderbase-3b,StarCoder,logical_deduction,7,PC3_count_additive,0.1685714285714285,0.04677978756323776
model_family,StarCoder,bigcode/starcoderbase-7b,StarCoder,logical_deduction,7,PC3_count_additive,0.1531428571428571,0.056630111368330495
model_family,StarCoder,bigcode/starcoderbase,StarCoder,logical_deduction,7,PC3_count_additive,0.2685714285714285,0.062402017287719075
model_family,StarCoder,bigcode/starcoderbase-1b,StarCoder,tracking_shuffled_objects,3,PC3_count_additive,0.328,0.1466343400797599
model_family,StarCoder,bigcode/starcoderbase-3b,StarCoder,tracking_shuffled_objects,3,PC3_count_additive,0.364,0.16680712886982094
model_family,StarCoder,bigcode/starcoderbase-7b,StarCoder,tracking_shuffled_objects,3,PC3_count_additive,0.32,0.1967155985973983
model_family,StarCoder,bigcode/starcoderbase,StarCoder,tracking_shuffled_objects,3,PC3_count_additive,0.376,0.2135335905629583
model_family,StarCoder,bigcode/starcoderbase-1b,StarCoder,tracking_shuffled_objects,5,PC3_count_additive,0.168,0.06856864743244351
model_family,StarCoder,bigcode/starcoderbase-3b,StarCoder,tracking_shuffled_objects,5,PC3_count_additive,0.184,0.07899594653796939
model_family,StarCoder,bigcode/starcoderbase-7b,StarCoder,tracking_shuffled_objects,5,PC3_count_additive,0.124,0.09495420931041282
model_family,StarCoder,bigcode/starcoderbase,StarCoder,tracking_shuffled_objects,5,PC3_count_additive,0.2,0.10420076674738458
model_family,StarCoder,bigcode/starcoderbase-1b,StarCoder,tracking_shuffled_objects,7,PC3_count_additive,0.132,0.040418334039928484
model_family,StarCoder,bigcode/starcoderbase-3b,StarCoder,tracking_shuffled_objects,7,PC3_count_additive,0.148,0.04677978756323776
model_family,StarCoder,bigcode/starcoderbase-7b,StarCoder,tracking_shuffled_objects,7,PC3_count_additive,0.112,0.056630111368330495
model_family,StarCoder,bigcode/starcoderbase,StarCoder,tracking_shuffled_objects,7,PC3_count_additive,0.204,0.062402017287719075
model_family,StarCoder,bigcode/starcoderbase-1b,StarCoder,logical_deduction,3,PC3_chance_floor,0.3066666666666666,0.33774790508941854
model_family,StarCoder,bigcode/starcoderbase-3b,StarCoder,logical_deduction,3,PC3_chance_floor,0.356,0.33838926386433377
model_family,StarCoder,bigcode/starcoderbase-7b,StarCoder,logical_deduction,3,PC3_chance_floor,0.384,0.3390587478002698
model_family,StarCoder,bigcode/starcoderbase,StarCoder,logical_deduction,3,PC3_chance_floor,0.432,0.3398359785773387
model_family,StarCoder,bigcode/starcoderbase-1b,StarCoder,logical_deduction,5,PC3_chance_floor,0.1823999999999999,0.2052974861073023
model_family,StarCoder,bigcode/starcoderbase-3b,StarCoder,logical_deduction,5,PC3_chance_floor,0.248,0.20606711663720054
model_family,StarCoder,bigcode/starcoderbase-7b,StarCoder,logical_deduction,5,PC3_chance_floor,0.2455999999999999,0.20687049736032379
model_family,StarCoder,bigcode/starcoderbase,StarCoder,logical_deduction,5,PC3_chance_floor,0.38,0.20780317429280648
model_family,StarCoder,bigcode/starcoderbase-1b,StarCoder,logical_deduction,7,PC3_chance_floor,0.1228571428571428,0.14853302082925246
model_family,StarCoder,bigcode/starcoderbase-3b,StarCoder,logical_deduction,7,PC3_chance_floor,0.1685714285714285,0.14935762496842914
model_family,StarCoder,bigcode/starcoderbase-7b,StarCoder,logical_deduction,7,PC3_chance_floor,0.1531428571428571,0.15021839002891832
model_family,StarCoder,bigcode/starcoderbase,StarCoder,logical_deduction,7,PC3_chance_floor,0.2685714285714285,0.15121768674229263
model_family,StarCoder,bigcode/starcoderbase-1b,StarCoder,tracking_shuffled_objects,3,PC3_chance_floor,0.328,0.33774790508941854
model_family,StarCoder,bigcode/starcoderbase-3b,StarCoder,tracking_shuffled_objects,3,PC3_chance_floor,0.364,0.33838926386433377
model_family,StarCoder,bigcode/starcoderbase-7b,StarCoder,tracking_shuffled_objects,3,PC3_chance_floor,0.32,0.3390587478002698
model_family,StarCoder,bigcode/starcoderbase,StarCoder,tracking_shuffled_objects,3,PC3_chance_floor,0.376,0.3398359785773387
model_family,StarCoder,bigcode/starcoderbase-1b,StarCoder,tracking_shuffled_objects,5,PC3_chance_floor,0.168,0.2052974861073023
model_family,StarCoder,bigcode/starcoderbase-3b,StarCoder,tracking_shuffled_objects,5,PC3_chance_floor,0.184,0.20606711663720054
model_family,StarCoder,bigcode/starcoderbase-7b,StarCoder,tracking_shuffled_objects,5,PC3_chance_floor,0.124,0.20687049736032379
model_family,StarCoder,bigcode/starcoderbase,StarCoder,tracking_shuffled_objects,5,PC3_chance_floor,0.2,0.20780317429280648
model_family,StarCoder,bigcode/starcoderbase-1b,StarCoder,tracking_shuffled_objects,7,PC3_chance_floor,0.132,0.14853302082925246
model_family,StarCoder,bigcode/starcoderbase-3b,StarCoder,tracking_shuffled_objects,7,PC3_chance_floor,0.148,0.14935762496842914
model_family,StarCoder,bigcode/starcoderbase-7b,StarCoder,tracking_shuffled_objects,7,PC3_chance_floor,0.112,0.15021839002891832
model_family,StarCoder,bigcode/starcoderbase,StarCoder,tracking_shuffled_objects,7,PC3_chance_floor,0.204,0.15121768674229263
model_family,StarCoder2,bigcode/starcoder2-15b,StarCoder2,logical_deduction,3,pooled_mean,0.748,0.27074149659863944
model_family,StarCoder2,bigcode/starcoder2-7b,StarCoder2,logical_deduction,3,pooled_mean,0.524,0.27074149659863944
model_family,StarCoder2,bigcode/starcoder2-3b,StarCoder2,logical_deduction,3,pooled_mean,0.476,0.27074149659863944
model_family,StarCoder2,bigcode/starcoder2-15b,StarCoder2,logical_deduction,5,pooled_mean,0.4456,0.27074149659863944
model_family,StarCoder2,bigcode/starcoder2-7b,StarCoder2,logical_deduction,5,pooled_mean,0.436,0.27074149659863944
model_family,StarCoder2,bigcode/starcoder2-3b,StarCoder2,logical_deduction,5,pooled_mean,0.3416,0.27074149659863944
model_family,StarCoder2,bigcode/starcoder2-15b,StarCoder2,logical_deduction,7,pooled_mean,0.3377142857142857,0.27074149659863944
model_family,StarCoder2,bigcode/starcoder2-7b,StarCoder2,logical_deduction,7,pooled_mean,0.4262857142857142,0.27074149659863944
model_family,StarCoder2,bigcode/starcoder2-3b,StarCoder2,logical_deduction,7,pooled_mean,0.2771428571428572,0.27074149659863944
model_family,StarCoder2,bigcode/starcoder2-15b,StarCoder2,tracking_shuffled_objects,3,pooled_mean,0.66,0.27074149659863944
model_family,StarCoder2,bigcode/starcoder2-7b,StarCoder2,tracking_shuffled_objects,3,pooled_mean,0.392,0.27074149659863944
model_family,StarCoder2,bigcode/starcoder2-3b,StarCoder2,tracking_shuffled_objects,3,pooled_mean,0.308,0.27074149659863944
model_family,StarCoder2,bigcode/starcoder2-15b,StarCoder2,tracking_shuffled_objects,5,pooled_mean,0.604,0.27074149659863944
model_family,StarCoder2,bigcode/starcoder2-7b,StarCoder2,tracking_shuffled_objects,5,pooled_mean,0.36,0.27074149659863944
model_family,StarCoder2,bigcode/starcoder2-3b,StarCoder2,tracking_shuffled_objects,5,pooled_mean,0.196,0.27074149659863944
model_family,StarCoder2,bigcode/starcoder2-15b,StarCoder2,tracking_shuffled_objects,7,pooled_mean,0.656,0.27074149659863944
model_family,StarCoder2,bigcode/starcoder2-7b,StarCoder2,tracking_shuffled_objects,7,pooled_mean,0.2,0.27074149659863944
model_family,StarCoder2,bigcode/starcoder2-3b,StarCoder2,tracking_shuffled_objects,7,pooled_mean,0.16,0.27074149659863944
model_family,StarCoder2,bigcode/starcoder2-15b,StarCoder2,logical_deduction,3,task_family_mean,0.748,0.2962793650793651
model_family,StarCoder2,bigcode/starcoder2-7b,StarCoder2,logical_deduction,3,task_family_mean,0.524,0.2962793650793651
model_family,StarCoder2,bigcode/starcoder2-3b,StarCoder2,logical_deduction,3,task_family_mean,0.476,0.2962793650793651
model_family,StarCoder2,bigcode/starcoder2-15b,StarCoder2,logical_deduction,5,task_family_mean,0.4456,0.2962793650793651
model_family,StarCoder2,bigcode/starcoder2-7b,StarCoder2,logical_deduction,5,task_family_mean,0.436,0.2962793650793651
model_family,StarCoder2,bigcode/starcoder2-3b,StarCoder2,logical_deduction,5,task_family_mean,0.3416,0.2962793650793651
model_family,StarCoder2,bigcode/starcoder2-15b,StarCoder2,logical_deduction,7,task_family_mean,0.3377142857142857,0.2962793650793651
model_family,StarCoder2,bigcode/starcoder2-7b,StarCoder2,logical_deduction,7,task_family_mean,0.4262857142857142,0.2962793650793651
model_family,StarCoder2,bigcode/starcoder2-3b,StarCoder2,logical_deduction,7,task_family_mean,0.2771428571428572,0.2962793650793651
model_family,StarCoder2,bigcode/starcoder2-15b,StarCoder2,tracking_shuffled_objects,3,task_family_mean,0.66,0.24520362811791388
model_family,StarCoder2,bigcode/starcoder2-7b,StarCoder2,tracking_shuffled_objects,3,task_family_mean,0.392,0.24520362811791388
model_family,StarCoder2,bigcode/starcoder2-3b,StarCoder2,tracking_shuffled_objects,3,task_family_mean,0.308,0.24520362811791388
model_family,StarCoder2,bigcode/starcoder2-15b,StarCoder2,tracking_shuffled_objects,5,task_family_mean,0.604,0.24520362811791388
model_family,StarCoder2,bigcode/starcoder2-7b,StarCoder2,tracking_shuffled_objects,5,task_family_mean,0.36,0.24520362811791388
model_family,StarCoder2,bigcode/starcoder2-3b,StarCoder2,tracking_shuffled_objects,5,task_family_mean,0.196,0.24520362811791388
model_family,StarCoder2,bigcode/starcoder2-15b,StarCoder2,tracking_shuffled_objects,7,task_family_mean,0.656,0.24520362811791388
model_family,StarCoder2,bigcode/starcoder2-7b,StarCoder2,tracking_shuffled_objects,7,task_family_mean,0.2,0.24520362811791388
model_family,StarCoder2,bigcode/starcoder2-3b,StarCoder2,tracking_shuffled_objects,7,task_family_mean,0.16,0.24520362811791388
model_family,StarCoder2,bigcode/starcoder2-15b,StarCoder2,logical_deduction,3,PC1,0.748,0.2622474927124129
model_family,StarCoder2,bigcode/starcoder2-7b,StarCoder2,logical_deduction,3,PC1,0.524,0.17328997293087986
model_family,StarCoder2,bigcode/starcoder2-3b,StarCoder2,logical_deduction,3,PC1,0.476,0.14621300500396145
model_family,StarCoder2,bigcode/starcoder2-15b,StarCoder2,logical_deduction,5,PC1,0.4456,0.2622474927124129
model_family,StarCoder2,bigcode/starcoder2-7b,StarCoder2,logical_deduction,5,PC1,0.436,0.17328997293087986
model_family,StarCoder2,bigcode/starcoder2-3b,StarCoder2,logical_deduction,5,PC1,0.3416,0.14621300500396145
model_family,StarCoder2,bigcode/starcoder2-15b,StarCoder2,logical_deduction,7,PC1,0.3377142857142857,0.2622474927124129
model_family,StarCoder2,bigcode/starcoder2-7b,StarCoder2,logical_deduction,7,PC1,0.4262857142857142,0.17328997293087986
model_family,StarCoder2,bigcode/starcoder2-3b,StarCoder2,logical_deduction,7,PC1,0.2771428571428572,0.14621300500396145
model_family,StarCoder2,bigcode/starcoder2-15b,StarCoder2,tracking_shuffled_objects,3,PC1,0.66,0.2622474927124129
model_family,StarCoder2,bigcode/starcoder2-7b,StarCoder2,tracking_shuffled_objects,3,PC1,0.392,0.17328997293087986
model_family,StarCoder2,bigcode/starcoder2-3b,StarCoder2,tracking_shuffled_objects,3,PC1,0.308,0.14621300500396145
model_family,StarCoder2,bigcode/starcoder2-15b,StarCoder2,tracking_shuffled_objects,5,PC1,0.604,0.2622474927124129
model_family,StarCoder2,bigcode/starcoder2-7b,StarCoder2,tracking_shuffled_objects,5,PC1,0.36,0.17328997293087986
model_family,StarCoder2,bigcode/starcoder2-3b,StarCoder2,tracking_shuffled_objects,5,PC1,0.196,0.14621300500396145
model_family,StarCoder2,bigcode/starcoder2-15b,StarCoder2,tracking_shuffled_objects,7,PC1,0.656,0.2622474927124129
model_family,StarCoder2,bigcode/starcoder2-7b,StarCoder2,tracking_shuffled_objects,7,PC1,0.2,0.17328997293087986
model_family,StarCoder2,bigcode/starcoder2-3b,StarCoder2,tracking_shuffled_objects,7,PC1,0.16,0.14621300500396145
model_family,StarCoder2,bigcode/starcoder2-15b,StarCoder2,logical_deduction,3,PC3,0.748,0.24706906478354138
model_family,StarCoder2,bigcode/starcoder2-7b,StarCoder2,logical_deduction,3,PC3,0.524,0.1630005877437587
model_family,StarCoder2,bigcode/starcoder2-3b,StarCoder2,logical_deduction,3,PC3,0.476,0.13540931394214456
model_family,StarCoder2,bigcode/starcoder2-15b,StarCoder2,logical_deduction,5,PC3,0.4456,0.24706906478354138
model_family,StarCoder2,bigcode/starcoder2-7b,StarCoder2,logical_deduction,5,PC3,0.436,0.1630005877437587
model_family,StarCoder2,bigcode/starcoder2-3b,StarCoder2,logical_deduction,5,PC3,0.3416,0.13540931394214456
model_family,StarCoder2,bigcode/starcoder2-15b,StarCoder2,logical_deduction,7,PC3,0.3377142857142857,0.24706906478354138
model_family,StarCoder2,bigcode/starcoder2-7b,StarCoder2,logical_deduction,7,PC3,0.4262857142857142,0.1630005877437587
model_family,StarCoder2,bigcode/starcoder2-3b,StarCoder2,logical_deduction,7,PC3,0.2771428571428572,0.13540931394214456
model_family,StarCoder2,bigcode/starcoder2-15b,StarCoder2,tracking_shuffled_objects,3,PC3,0.66,0.24706906478354138
model_family,StarCoder2,bigcode/starcoder2-7b,StarCoder2,tracking_shuffled_objects,3,PC3,0.392,0.1630005877437587
model_family,StarCoder2,bigcode/starcoder2-3b,StarCoder2,tracking_shuffled_objects,3,PC3,0.308,0.13540931394214456
model_family,StarCoder2,bigcode/starcoder2-15b,StarCoder2,tracking_shuffled_objects,5,PC3,0.604,0.24706906478354138
model_family,StarCoder2,bigcode/starcoder2-7b,StarCoder2,tracking_shuffled_objects,5,PC3,0.36,0.1630005877437587
model_family,StarCoder2,bigcode/starcoder2-3b,StarCoder2,tracking_shuffled_objects,5,PC3,0.196,0.13540931394214456
model_family,StarCoder2,bigcode/starcoder2-15b,StarCoder2,tracking_shuffled_objects,7,PC3,0.656,0.24706906478354138
model_family,StarCoder2,bigcode/starcoder2-7b,StarCoder2,tracking_shuffled_objects,7,PC3,0.2,0.1630005877437587
model_family,StarCoder2,bigcode/starcoder2-3b,StarCoder2,tracking_shuffled_objects,7,PC3,0.16,0.13540931394214456
model_family,StarCoder2,bigcode/starcoder2-15b,StarCoder2,logical_deduction,3,PC3_count,0.748,0.4105517790591116
model_family,StarCoder2,bigcode/starcoder2-7b,StarCoder2,logical_deduction,3,PC3_count,0.524,0.2950388823426263
model_family,StarCoder2,bigcode/starcoder2-3b,StarCoder2,logical_deduction,3,PC3_count,0.476,0.2456996776337763
model_family,StarCoder2,bigcode/starcoder2-15b,StarCoder2,logical_deduction,5,PC3_count,0.4456,0.22953730745718198
model_family,StarCoder2,bigcode/starcoder2-7b,StarCoder2,logical_deduction,5,PC3_count,0.436,0.1500405280802848
model_family,StarCoder2,bigcode/starcoder2-3b,StarCoder2,logical_deduction,5,PC3_count,0.3416,0.12477575529360303
model_family,StarCoder2,bigcode/starcoder2-15b,StarCoder2,logical_deduction,7,PC3_count,0.3377142857142857,0.1455042422636511
model_family,StarCoder2,bigcode/starcoder2-7b,StarCoder2,logical_deduction,7,PC3_count,0.4262857142857142,0.09088389803325354
model_family,StarCoder2,bigcode/starcoder2-3b,StarCoder2,logical_deduction,7,PC3_count,0.2771428571428572,0.07640542034469086
model_family,StarCoder2,bigcode/starcoder2-15b,StarCoder2,tracking_shuffled_objects,3,PC3_count,0.66,0.4105517790591116
model_family,StarCoder2,bigcode/starcoder2-7b,StarCoder2,tracking_shuffled_objects,3,PC3_count,0.392,0.2950388823426263
model_family,StarCoder2,bigcode/starcoder2-3b,StarCoder2,tracking_shuffled_objects,3,PC3_count,0.308,0.2456996776337763
model_family,StarCoder2,bigcode/starcoder2-15b,StarCoder2,tracking_shuffled_objects,5,PC3_count,0.604,0.22953730745718198
model_family,StarCoder2,bigcode/starcoder2-7b,StarCoder2,tracking_shuffled_objects,5,PC3_count,0.36,0.1500405280802848
model_family,StarCoder2,bigcode/starcoder2-3b,StarCoder2,tracking_shuffled_objects,5,PC3_count,0.196,0.12477575529360303
model_family,StarCoder2,bigcode/starcoder2-15b,StarCoder2,tracking_shuffled_objects,7,PC3_count,0.656,0.1455042422636511
model_family,StarCoder2,bigcode/starcoder2-7b,StarCoder2,tracking_shuffled_objects,7,PC3_count,0.2,0.09088389803325354
model_family,StarCoder2,bigcode/starcoder2-3b,StarCoder2,tracking_shuffled_objects,7,PC3_count,0.16,0.07640542034469086
model_family,StarCoder2,bigcode/starcoder2-15b,StarCoder2,logical_deduction,3,count_only,0.748,0.3542735761638325
model_family,StarCoder2,bigcode/starcoder2-7b,StarCoder2,logical_deduction,3,count_only,0.524,0.3542735761638325
model_family,StarCoder2,bigcode/starcoder2-3b,StarCoder2,logical_deduction,3,count_only,0.476,0.3542735761638325
model_family,StarCoder2,bigcode/starcoder2-15b,StarCoder2,logical_deduction,5,count_only,0.4456,0.18961161526709544
model_family,StarCoder2,bigcode/starcoder2-7b,StarCoder2,logical_deduction,5,count_only,0.436,0.18961161526709544
model_family,StarCoder2,bigcode/starcoder2-3b,StarCoder2,logical_deduction,5,count_only,0.3416,0.18961161526709544
model_family,StarCoder2,bigcode/starcoder2-15b,StarCoder2,logical_deduction,7,count_only,0.3377142857142857,0.1177527929917755
model_family,StarCoder2,bigcode/starcoder2-7b,StarCoder2,logical_deduction,7,count_only,0.4262857142857142,0.1177527929917755
model_family,StarCoder2,bigcode/starcoder2-3b,StarCoder2,logical_deduction,7,count_only,0.2771428571428572,0.1177527929917755
model_family,StarCoder2,bigcode/starcoder2-15b,StarCoder2,tracking_shuffled_objects,3,count_only,0.66,0.3542735761638325
model_family,StarCoder2,bigcode/starcoder2-7b,StarCoder2,tracking_shuffled_objects,3,count_only,0.392,0.3542735761638325
model_family,StarCoder2,bigcode/starcoder2-3b,StarCoder2,tracking_shuffled_objects,3,count_only,0.308,0.3542735761638325
model_family,StarCoder2,bigcode/starcoder2-15b,StarCoder2,tracking_shuffled_objects,5,count_only,0.604,0.18961161526709544
model_family,StarCoder2,bigcode/starcoder2-7b,StarCoder2,tracking_shuffled_objects,5,count_only,0.36,0.18961161526709544
model_family,StarCoder2,bigcode/starcoder2-3b,StarCoder2,tracking_shuffled_objects,5,count_only,0.196,0.18961161526709544
model_family,StarCoder2,bigcode/starcoder2-15b,StarCoder2,tracking_shuffled_objects,7,count_only,0.656,0.1177527929917755
model_family,StarCoder2,bigcode/starcoder2-7b,StarCoder2,tracking_shuffled_objects,7,count_only,0.2,0.1177527929917755
model_family,StarCoder2,bigcode/starcoder2-3b,StarCoder2,tracking_shuffled_objects,7,count_only,0.16,0.1177527929917755
model_family,StarCoder2,bigcode/starcoder2-15b,StarCoder2,logical_deduction,3,PC3_count_additive,0.748,0.41119285058590876
model_family,StarCoder2,bigcode/starcoder2-7b,StarCoder2,logical_deduction,3,PC3_count_additive,0.524,0.2930119537538221
model_family,StarCoder2,bigcode/starcoder2-3b,StarCoder2,logical_deduction,3,PC3_count_additive,0.476,0.2499863962090986
model_family,StarCoder2,bigcode/starcoder2-15b,StarCoder2,logical_deduction,5,PC3_count_additive,0.4456,0.22947718366925074
model_family,StarCoder2,bigcode/starcoder2-7b,StarCoder2,logical_deduction,5,PC3_count_additive,0.436,0.15020046703524806
model_family,StarCoder2,bigcode/starcoder2-3b,StarCoder2,logical_deduction,5,PC3_count_additive,0.3416,0.12445371682209004
model_family,StarCoder2,bigcode/starcoder2-15b,StarCoder2,logical_deduction,7,PC3_count_additive,0.3377142857142857,0.14521746251815293
model_family,StarCoder2,bigcode/starcoder2-7b,StarCoder2,logical_deduction,7,PC3_count_additive,0.4262857142857142,0.09158958561226008
model_family,StarCoder2,bigcode/starcoder2-3b,StarCoder2,logical_deduction,7,PC3_count_additive,0.2771428571428572,0.07500294355263644
model_family,StarCoder2,bigcode/starcoder2-15b,StarCoder2,tracking_shuffled_objects,3,PC3_count_additive,0.66,0.41119285058590876
model_family,StarCoder2,bigcode/starcoder2-7b,StarCoder2,tracking_shuffled_objects,3,PC3_count_additive,0.392,0.2930119537538221
model_family,StarCoder2,bigcode/starcoder2-3b,StarCoder2,tracking_shuffled_objects,3,PC3_count_additive,0.308,0.2499863962090986
model_family,StarCoder2,bigcode/starcoder2-15b,StarCoder2,tracking_shuffled_objects,5,PC3_count_additive,0.604,0.22947718366925074
model_family,StarCoder2,bigcode/starcoder2-7b,StarCoder2,tracking_shuffled_objects,5,PC3_count_additive,0.36,0.15020046703524806
model_family,StarCoder2,bigcode/starcoder2-3b,StarCoder2,tracking_shuffled_objects,5,PC3_count_additive,0.196,0.12445371682209004
model_family,StarCoder2,bigcode/starcoder2-15b,StarCoder2,tracking_shuffled_objects,7,PC3_count_additive,0.656,0.14521746251815293
model_family,StarCoder2,bigcode/starcoder2-7b,StarCoder2,tracking_shuffled_objects,7,PC3_count_additive,0.2,0.09158958561226008
model_family,StarCoder2,bigcode/starcoder2-3b,StarCoder2,tracking_shuffled_objects,7,PC3_count_additive,0.16,0.07500294355263644
model_family,StarCoder2,bigcode/starcoder2-15b,StarCoder2,logical_deduction,3,PC3_chance_floor,0.748,0.3657616908680318
model_family,StarCoder2,bigcode/starcoder2-7b,StarCoder2,logical_deduction,3,PC3_chance_floor,0.524,0.34658141994921854
model_family,StarCoder2,bigcode/starcoder2-3b,StarCoder2,logical_deduction,3,PC3_chance_floor,0.476,0.34210883365486333
model_family,StarCoder2,bigcode/starcoder2-15b,StarCoder2,logical_deduction,5,PC3_chance_floor,0.4456,0.23891402904163817
model_family,StarCoder2,bigcode/starcoder2-7b,StarCoder2,logical_deduction,5,PC3_chance_floor,0.436,0.2158977039390623
model_family,StarCoder2,bigcode/starcoder2-3b,StarCoder2,logical_deduction,5,PC3_chance_floor,0.3416,0.21053060038583601
model_family,StarCoder2,bigcode/starcoder2-15b,StarCoder2,logical_deduction,7,PC3_chance_floor,0.3377142857142857,0.18455074540175515
model_family,StarCoder2,bigcode/starcoder2-7b,StarCoder2,logical_deduction,7,PC3_chance_floor,0.4262857142857142,0.15989039707756675
model_family,StarCoder2,bigcode/starcoder2-3b,StarCoder2,logical_deduction,7,PC3_chance_floor,0.2771428571428572,0.15413992898482426
model_family,StarCoder2,bigcode/starcoder2-15b,StarCoder2,tracking_shuffled_objects,3,PC3_chance_floor,0.66,0.3657616908680318
model_family,StarCoder2,bigcode/starcoder2-7b,StarCoder2,tracking_shuffled_objects,3,PC3_chance_floor,0.392,0.34658141994921854
model_family,StarCoder2,bigcode/starcoder2-3b,StarCoder2,tracking_shuffled_objects,3,PC3_chance_floor,0.308,0.34210883365486333
model_family,StarCoder2,bigcode/starcoder2-15b,StarCoder2,tracking_shuffled_objects,5,PC3_chance_floor,0.604,0.23891402904163817
model_family,StarCoder2,bigcode/starcoder2-7b,StarCoder2,tracking_shuffled_objects,5,PC3_chance_floor,0.36,0.2158977039390623
model_family,StarCoder2,bigcode/starcoder2-3b,StarCoder2,tracking_shuffled_objects,5,PC3_chance_floor,0.196,0.21053060038583601
model_family,StarCoder2,bigcode/starcoder2-15b,StarCoder2,tracking_shuffled_objects,7,PC3_chance_floor,0.656,0.18455074540175515
model_family,StarCoder2,bigcode/starcoder2-7b,StarCoder2,tracking_shuffled_objects,7,PC3_chance_floor,0.2,0.15989039707756675
model_family,StarCoder2,bigcode/starcoder2-3b,StarCoder2,tracking_shuffled_objects,7,PC3_chance_floor,0.16,0.15413992898482426
model_family,XGLM,facebook/xglm-564M,XGLM,logical_deduction,3,pooled_mean,0.2586666666666666,0.28634129284564064
model_family,XGLM,facebook/xglm-1.7B,XGLM,logical_deduction,3,pooled_mean,0.316,0.28634129284564064
model_family,XGLM,facebook/xglm-4.5B,XGLM,logical_deduction,3,pooled_mean,0.0959999999999999,0.28634129284564064
model_family,XGLM,facebook/xglm-7.5B,XGLM,logical_deduction,3,pooled_mean,0.1866666666666666,0.28634129284564064
model_family,XGLM,facebook/xglm-564M,XGLM,logical_deduction,5,pooled_mean,0.1728,0.28634129284564064
model_family,XGLM,facebook/xglm-1.7B,XGLM,logical_deduction,5,pooled_mean,0.2168,0.28634129284564064
model_family,XGLM,facebook/xglm-4.5B,XGLM,logical_deduction,5,pooled_mean,0.0616,0.28634129284564064
model_family,XGLM,facebook/xglm-7.5B,XGLM,logical_deduction,5,pooled_mean,0.1088,0.28634129284564064
model_family,XGLM,facebook/xglm-564M,XGLM,logical_deduction,7,pooled_mean,0.1377142857142857,0.28634129284564064
model_family,XGLM,facebook/xglm-1.7B,XGLM,logical_deduction,7,pooled_mean,0.172,0.28634129284564064
model_family,XGLM,facebook/xglm-4.5B,XGLM,logical_deduction,7,pooled_mean,0.0725714285714285,0.28634129284564064
model_family,XGLM,facebook/xglm-7.5B,XGLM,logical_deduction,7,pooled_mean,0.0788571428571428,0.28634129284564064
model_family,XGLM,facebook/xglm-564M,XGLM,tracking_shuffled_objects,3,pooled_mean,0.18,0.28634129284564064
model_family,XGLM,facebook/xglm-1.7B,XGLM,tracking_shuffled_objects,3,pooled_mean,0.188,0.28634129284564064
model_family,XGLM,facebook/xglm-4.5B,XGLM,tracking_shuffled_objects,3,pooled_mean,0.0,0.28634129284564064
model_family,XGLM,facebook/xglm-7.5B,XGLM,tracking_shuffled_objects,3,pooled_mean,0.0,0.28634129284564064
model_family,XGLM,facebook/xglm-564M,XGLM,tracking_shuffled_objects,5,pooled_mean,0.116,0.28634129284564064
model_family,XGLM,facebook/xglm-1.7B,XGLM,tracking_shuffled_objects,5,pooled_mean,0.172,0.28634129284564064
model_family,XGLM,facebook/xglm-4.5B,XGLM,tracking_shuffled_objects,5,pooled_mean,0.0,0.28634129284564064
model_family,XGLM,facebook/xglm-7.5B,XGLM,tracking_shuffled_objects,5,pooled_mean,0.0,0.28634129284564064
model_family,XGLM,facebook/xglm-564M,XGLM,tracking_shuffled_objects,7,pooled_mean,0.068,0.28634129284564064
model_family,XGLM,facebook/xglm-1.7B,XGLM,tracking_shuffled_objects,7,pooled_mean,0.112,0.28634129284564064
model_family,XGLM,facebook/xglm-4.5B,XGLM,tracking_shuffled_objects,7,pooled_mean,0.0,0.28634129284564064
model_family,XGLM,facebook/xglm-7.5B,XGLM,tracking_shuffled_objects,7,pooled_mean,0.0,0.28634129284564064
model_family,XGLM,facebook/xglm-564M,XGLM,logical_deduction,3,task_family_mean,0.2586666666666666,0.3108818035426731
model_family,XGLM,facebook/xglm-1.7B,XGLM,logical_deduction,3,task_family_mean,0.316,0.3108818035426731
model_family,XGLM,facebook/xglm-4.5B,XGLM,logical_deduction,3,task_family_mean,0.0959999999999999,0.3108818035426731
model_family,XGLM,facebook/xglm-7.5B,XGLM,logical_deduction,3,task_family_mean,0.1866666666666666,0.3108818035426731
model_family,XGLM,facebook/xglm-564M,XGLM,logical_deduction,5,task_family_mean,0.1728,0.3108818035426731
model_family,XGLM,facebook/xglm-1.7B,XGLM,logical_deduction,5,task_family_mean,0.2168,0.3108818035426731
model_family,XGLM,facebook/xglm-4.5B,XGLM,logical_deduction,5,task_family_mean,0.0616,0.3108818035426731
model_family,XGLM,facebook/xglm-7.5B,XGLM,logical_deduction,5,task_family_mean,0.1088,0.3108818035426731
model_family,XGLM,facebook/xglm-564M,XGLM,logical_deduction,7,task_family_mean,0.1377142857142857,0.3108818035426731
model_family,XGLM,facebook/xglm-1.7B,XGLM,logical_deduction,7,task_family_mean,0.172,0.3108818035426731
model_family,XGLM,facebook/xglm-4.5B,XGLM,logical_deduction,7,task_family_mean,0.0725714285714285,0.3108818035426731
model_family,XGLM,facebook/xglm-7.5B,XGLM,logical_deduction,7,task_family_mean,0.0788571428571428,0.3108818035426731
model_family,XGLM,facebook/xglm-564M,XGLM,tracking_shuffled_objects,3,task_family_mean,0.18,0.26180078214860825
model_family,XGLM,facebook/xglm-1.7B,XGLM,tracking_shuffled_objects,3,task_family_mean,0.188,0.26180078214860825
model_family,XGLM,facebook/xglm-4.5B,XGLM,tracking_shuffled_objects,3,task_family_mean,0.0,0.26180078214860825
model_family,XGLM,facebook/xglm-7.5B,XGLM,tracking_shuffled_objects,3,task_family_mean,0.0,0.26180078214860825
model_family,XGLM,facebook/xglm-564M,XGLM,tracking_shuffled_objects,5,task_family_mean,0.116,0.26180078214860825
model_family,XGLM,facebook/xglm-1.7B,XGLM,tracking_shuffled_objects,5,task_family_mean,0.172,0.26180078214860825
model_family,XGLM,facebook/xglm-4.5B,XGLM,tracking_shuffled_objects,5,task_family_mean,0.0,0.26180078214860825
model_family,XGLM,facebook/xglm-7.5B,XGLM,tracking_shuffled_objects,5,task_family_mean,0.0,0.26180078214860825
model_family,XGLM,facebook/xglm-564M,XGLM,tracking_shuffled_objects,7,task_family_mean,0.068,0.26180078214860825
model_family,XGLM,facebook/xglm-1.7B,XGLM,tracking_shuffled_objects,7,task_family_mean,0.112,0.26180078214860825
model_family,XGLM,facebook/xglm-4.5B,XGLM,tracking_shuffled_objects,7,task_family_mean,0.0,0.26180078214860825
model_family,XGLM,facebook/xglm-7.5B,XGLM,tracking_shuffled_objects,7,task_family_mean,0.0,0.26180078214860825
model_family,XGLM,facebook/xglm-564M,XGLM,logical_deduction,3,PC1,0.2586666666666666,0.112242165728671
model_family,XGLM,facebook/xglm-1.7B,XGLM,logical_deduction,3,PC1,0.316,0.12499373017073273
model_family,XGLM,facebook/xglm-4.5B,XGLM,logical_deduction,3,PC1,0.0959999999999999,0.14341276190868343
model_family,XGLM,facebook/xglm-7.5B,XGLM,logical_deduction,3,PC1,0.1866666666666666,0.16318840245070623
model_family,XGLM,facebook/xglm-564M,XGLM,logical_deduction,5,PC1,0.1728,0.112242165728671
model_family,XGLM,facebook/xglm-1.7B,XGLM,logical_deduction,5,PC1,0.2168,0.12499373017073273
model_family,XGLM,facebook/xglm-4.5B,XGLM,logical_deduction,5,PC1,0.0616,0.14341276190868343
model_family,XGLM,facebook/xglm-7.5B,XGLM,logical_deduction,5,PC1,0.1088,0.16318840245070623
model_family,XGLM,facebook/xglm-564M,XGLM,logical_deduction,7,PC1,0.1377142857142857,0.112242165728671
model_family,XGLM,facebook/xglm-1.7B,XGLM,logical_deduction,7,PC1,0.172,0.12499373017073273
model_family,XGLM,facebook/xglm-4.5B,XGLM,logical_deduction,7,PC1,0.0725714285714285,0.14341276190868343
model_family,XGLM,facebook/xglm-7.5B,XGLM,logical_deduction,7,PC1,0.0788571428571428,0.16318840245070623
model_family,XGLM,facebook/xglm-564M,XGLM,tracking_shuffled_objects,3,PC1,0.18,0.112242165728671
model_family,XGLM,facebook/xglm-1.7B,XGLM,tracking_shuffled_objects,3,PC1,0.188,0.12499373017073273
model_family,XGLM,facebook/xglm-4.5B,XGLM,tracking_shuffled_objects,3,PC1,0.0,0.14341276190868343
model_family,XGLM,facebook/xglm-7.5B,XGLM,tracking_shuffled_objects,3,PC1,0.0,0.16318840245070623
model_family,XGLM,facebook/xglm-564M,XGLM,tracking_shuffled_objects,5,PC1,0.116,0.112242165728671
model_family,XGLM,facebook/xglm-1.7B,XGLM,tracking_shuffled_objects,5,PC1,0.172,0.12499373017073273
model_family,XGLM,facebook/xglm-4.5B,XGLM,tracking_shuffled_objects,5,PC1,0.0,0.14341276190868343
model_family,XGLM,facebook/xglm-7.5B,XGLM,tracking_shuffled_objects,5,PC1,0.0,0.16318840245070623
model_family,XGLM,facebook/xglm-564M,XGLM,tracking_shuffled_objects,7,PC1,0.068,0.112242165728671
model_family,XGLM,facebook/xglm-1.7B,XGLM,tracking_shuffled_objects,7,PC1,0.112,0.12499373017073273
model_family,XGLM,facebook/xglm-4.5B,XGLM,tracking_shuffled_objects,7,PC1,0.0,0.14341276190868343
model_family,XGLM,facebook/xglm-7.5B,XGLM,tracking_shuffled_objects,7,PC1,0.0,0.16318840245070623
model_family,XGLM,facebook/xglm-564M,XGLM,logical_deduction,3,PC3,0.2586666666666666,0.10553264156315596
model_family,XGLM,facebook/xglm-1.7B,XGLM,logical_deduction,3,PC3,0.316,0.12909496868087636
model_family,XGLM,facebook/xglm-4.5B,XGLM,logical_deduction,3,PC3,0.0959999999999999,0.1571863086960602
model_family,XGLM,facebook/xglm-7.5B,XGLM,logical_deduction,3,PC3,0.1866666666666666,0.18190962040643832
model_family,XGLM,facebook/xglm-564M,XGLM,logical_deduction,5,PC3,0.1728,0.10553264156315596
model_family,XGLM,facebook/xglm-1.7B,XGLM,logical_deduction,5,PC3,0.2168,0.12909496868087636
model_family,XGLM,facebook/xglm-4.5B,XGLM,logical_deduction,5,PC3,0.0616,0.1571863086960602
model_family,XGLM,facebook/xglm-7.5B,XGLM,logical_deduction,5,PC3,0.1088,0.18190962040643832
model_family,XGLM,facebook/xglm-564M,XGLM,logical_deduction,7,PC3,0.1377142857142857,0.10553264156315596
model_family,XGLM,facebook/xglm-1.7B,XGLM,logical_deduction,7,PC3,0.172,0.12909496868087636
model_family,XGLM,facebook/xglm-4.5B,XGLM,logical_deduction,7,PC3,0.0725714285714285,0.1571863086960602
model_family,XGLM,facebook/xglm-7.5B,XGLM,logical_deduction,7,PC3,0.0788571428571428,0.18190962040643832
model_family,XGLM,facebook/xglm-564M,XGLM,tracking_shuffled_objects,3,PC3,0.18,0.10553264156315596
model_family,XGLM,facebook/xglm-1.7B,XGLM,tracking_shuffled_objects,3,PC3,0.188,0.12909496868087636
model_family,XGLM,facebook/xglm-4.5B,XGLM,tracking_shuffled_objects,3,PC3,0.0,0.1571863086960602
model_family,XGLM,facebook/xglm-7.5B,XGLM,tracking_shuffled_objects,3,PC3,0.0,0.18190962040643832
model_family,XGLM,facebook/xglm-564M,XGLM,tracking_shuffled_objects,5,PC3,0.116,0.10553264156315596
model_family,XGLM,facebook/xglm-1.7B,XGLM,tracking_shuffled_objects,5,PC3,0.172,0.12909496868087636
model_family,XGLM,facebook/xglm-4.5B,XGLM,tracking_shuffled_objects,5,PC3,0.0,0.1571863086960602
model_family,XGLM,facebook/xglm-7.5B,XGLM,tracking_shuffled_objects,5,PC3,0.0,0.18190962040643832
model_family,XGLM,facebook/xglm-564M,XGLM,tracking_shuffled_objects,7,PC3,0.068,0.10553264156315596
model_family,XGLM,facebook/xglm-1.7B,XGLM,tracking_shuffled_objects,7,PC3,0.112,0.12909496868087636
model_family,XGLM,facebook/xglm-4.5B,XGLM,tracking_shuffled_objects,7,PC3,0.0,0.1571863086960602
model_family,XGLM,facebook/xglm-7.5B,XGLM,tracking_shuffled_objects,7,PC3,0.0,0.18190962040643832
model_family,XGLM,facebook/xglm-564M,XGLM,logical_deduction,3,PC3_count,0.2586666666666666,0.18712838614161134
model_family,XGLM,facebook/xglm-1.7B,XGLM,logical_deduction,3,PC3_count,0.316,0.2209620033660171
model_family,XGLM,facebook/xglm-4.5B,XGLM,logical_deduction,3,PC3_count,0.0959999999999999,0.26429584350490154
model_family,XGLM,facebook/xglm-7.5B,XGLM,logical_deduction,3,PC3_count,0.1866666666666666,0.2997573055428852
model_family,XGLM,facebook/xglm-564M,XGLM,logical_deduction,5,PC3_count,0.1728,0.09770225678933017
model_family,XGLM,facebook/xglm-1.7B,XGLM,logical_deduction,5,PC3_count,0.2168,0.1200146762147723
model_family,XGLM,facebook/xglm-4.5B,XGLM,logical_deduction,5,PC3_count,0.0616,0.14635589096716745
model_family,XGLM,facebook/xglm-7.5B,XGLM,logical_deduction,5,PC3_count,0.1088,0.16972863483950013
model_family,XGLM,facebook/xglm-564M,XGLM,logical_deduction,7,PC3_count,0.1377142857142857,0.06181354582782934
model_family,XGLM,facebook/xglm-1.7B,XGLM,logical_deduction,7,PC3_count,0.172,0.0776585685894941
model_family,XGLM,facebook/xglm-4.5B,XGLM,logical_deduction,7,PC3_count,0.0725714285714285,0.09528820945049589
model_family,XGLM,facebook/xglm-7.5B,XGLM,logical_deduction,7,PC3_count,0.0788571428571428,0.11161170125178524
model_family,XGLM,facebook/xglm-564M,XGLM,tracking_shuffled_objects,3,PC3_count,0.18,0.18712838614161134
model_family,XGLM,facebook/xglm-1.7B,XGLM,tracking_shuffled_objects,3,PC3_count,0.188,0.2209620033660171
model_family,XGLM,facebook/xglm-4.5B,XGLM,tracking_shuffled_objects,3,PC3_count,0.0,0.26429584350490154
model_family,XGLM,facebook/xglm-7.5B,XGLM,tracking_shuffled_objects,3,PC3_count,0.0,0.2997573055428852
model_family,XGLM,facebook/xglm-564M,XGLM,tracking_shuffled_objects,5,PC3_count,0.116,0.09770225678933017
model_family,XGLM,facebook/xglm-1.7B,XGLM,tracking_shuffled_objects,5,PC3_count,0.172,0.1200146762147723
model_family,XGLM,facebook/xglm-4.5B,XGLM,tracking_shuffled_objects,5,PC3_count,0.0,0.14635589096716745
model_family,XGLM,facebook/xglm-7.5B,XGLM,tracking_shuffled_objects,5,PC3_count,0.0,0.16972863483950013
model_family,XGLM,facebook/xglm-564M,XGLM,tracking_shuffled_objects,7,PC3_count,0.068,0.06181354582782934
model_family,XGLM,facebook/xglm-1.7B,XGLM,tracking_shuffled_objects,7,PC3_count,0.112,0.0776585685894941
model_family,XGLM,facebook/xglm-4.5B,XGLM,tracking_shuffled_objects,7,PC3_count,0.0,0.09528820945049589
model_family,XGLM,facebook/xglm-7.5B,XGLM,tracking_shuffled_objects,7,PC3_count,0.0,0.11161170125178524
model_family,XGLM,facebook/xglm-564M,XGLM,logical_deduction,3,count_only,0.2586666666666666,0.385209961909165
model_family,XGLM,facebook/xglm-1.7B,XGLM,logical_deduction,3,count_only,0.316,0.385209961909165
model_family,XGLM,facebook/xglm-4.5B,XGLM,logical_deduction,3,count_only,0.0959999999999999,0.385209961909165
model_family,XGLM,facebook/xglm-7.5B,XGLM,logical_deduction,3,count_only,0.1866666666666666,0.385209961909165
model_family,XGLM,facebook/xglm-564M,XGLM,logical_deduction,5,count_only,0.1728,0.20861370792778858
model_family,XGLM,facebook/xglm-1.7B,XGLM,logical_deduction,5,count_only,0.2168,0.20861370792778858
model_family,XGLM,facebook/xglm-4.5B,XGLM,logical_deduction,5,count_only,0.0616,0.20861370792778858
model_family,XGLM,facebook/xglm-7.5B,XGLM,logical_deduction,5,count_only,0.1088,0.20861370792778858
model_family,XGLM,facebook/xglm-564M,XGLM,logical_deduction,7,count_only,0.1377142857142857,0.12970199500637603
model_family,XGLM,facebook/xglm-1.7B,XGLM,logical_deduction,7,count_only,0.172,0.12970199500637603
model_family,XGLM,facebook/xglm-4.5B,XGLM,logical_deduction,7,count_only,0.0725714285714285,0.12970199500637603
model_family,XGLM,facebook/xglm-7.5B,XGLM,logical_deduction,7,count_only,0.0788571428571428,0.12970199500637603
model_family,XGLM,facebook/xglm-564M,XGLM,tracking_shuffled_objects,3,count_only,0.18,0.385209961909165
model_family,XGLM,facebook/xglm-1.7B,XGLM,tracking_shuffled_objects,3,count_only,0.188,0.385209961909165
model_family,XGLM,facebook/xglm-4.5B,XGLM,tracking_shuffled_objects,3,count_only,0.0,0.385209961909165
model_family,XGLM,facebook/xglm-7.5B,XGLM,tracking_shuffled_objects,3,count_only,0.0,0.385209961909165
model_family,XGLM,facebook/xglm-564M,XGLM,tracking_shuffled_objects,5,count_only,0.116,0.20861370792778858
model_family,XGLM,facebook/xglm-1.7B,XGLM,tracking_shuffled_objects,5,count_only,0.172,0.20861370792778858
model_family,XGLM,facebook/xglm-4.5B,XGLM,tracking_shuffled_objects,5,count_only,0.0,0.20861370792778858
model_family,XGLM,facebook/xglm-7.5B,XGLM,tracking_shuffled_objects,5,count_only,0.0,0.20861370792778858
model_family,XGLM,facebook/xglm-564M,XGLM,tracking_shuffled_objects,7,count_only,0.068,0.12970199500637603
model_family,XGLM,facebook/xglm-1.7B,XGLM,tracking_shuffled_objects,7,count_only,0.112,0.12970199500637603
model_family,XGLM,facebook/xglm-4.5B,XGLM,tracking_shuffled_objects,7,count_only,0.0,0.12970199500637603
model_family,XGLM,facebook/xglm-7.5B,XGLM,tracking_shuffled_objects,7,count_only,0.0,0.12970199500637603
model_family,XGLM,facebook/xglm-564M,XGLM,logical_deduction,3,PC3_count_additive,0.2586666666666666,0.2026354278333371
model_family,XGLM,facebook/xglm-1.7B,XGLM,logical_deduction,3,PC3_count_additive,0.316,0.24201203218537226
model_family,XGLM,facebook/xglm-4.5B,XGLM,logical_deduction,3,PC3_count_additive,0.0959999999999999,0.28658878688267697
model_family,XGLM,facebook/xglm-7.5B,XGLM,logical_deduction,3,PC3_count_additive,0.1866666666666666,0.323844787988058
model_family,XGLM,facebook/xglm-564M,XGLM,logical_deduction,5,PC3_count_additive,0.1728,0.09658895526947239
model_family,XGLM,facebook/xglm-1.7B,XGLM,logical_deduction,5,PC3_count_additive,0.2168,0.1184187860009286
model_family,XGLM,facebook/xglm-4.5B,XGLM,logical_deduction,5,PC3_count_additive,0.0616,0.1445726168628069
model_family,XGLM,facebook/xglm-7.5B,XGLM,logical_deduction,5,PC3_count_additive,0.1088,0.1677067410644986
model_family,XGLM,facebook/xglm-564M,XGLM,logical_deduction,7,PC3_count_additive,0.1377142857142857,0.05700040338576337
model_family,XGLM,facebook/xglm-1.7B,XGLM,logical_deduction,7,PC3_count_additive,0.172,0.07058196157868576
model_family,XGLM,facebook/xglm-4.5B,XGLM,logical_deduction,7,PC3_count_additive,0.0725714285714285,0.08721583450513853
model_family,XGLM,facebook/xglm-7.5B,XGLM,logical_deduction,7,PC3_count_additive,0.0788571428571428,0.10226914897933169
model_family,XGLM,facebook/xglm-564M,XGLM,tracking_shuffled_objects,3,PC3_count_additive,0.18,0.2026354278333371
model_family,XGLM,facebook/xglm-1.7B,XGLM,tracking_shuffled_objects,3,PC3_count_additive,0.188,0.24201203218537226
model_family,XGLM,facebook/xglm-4.5B,XGLM,tracking_shuffled_objects,3,PC3_count_additive,0.0,0.28658878688267697
model_family,XGLM,facebook/xglm-7.5B,XGLM,tracking_shuffled_objects,3,PC3_count_additive,0.0,0.323844787988058
model_family,XGLM,facebook/xglm-564M,XGLM,tracking_shuffled_objects,5,PC3_count_additive,0.116,0.09658895526947239
model_family,XGLM,facebook/xglm-1.7B,XGLM,tracking_shuffled_objects,5,PC3_count_additive,0.172,0.1184187860009286
model_family,XGLM,facebook/xglm-4.5B,XGLM,tracking_shuffled_objects,5,PC3_count_additive,0.0,0.1445726168628069
model_family,XGLM,facebook/xglm-7.5B,XGLM,tracking_shuffled_objects,5,PC3_count_additive,0.0,0.1677067410644986
model_family,XGLM,facebook/xglm-564M,XGLM,tracking_shuffled_objects,7,PC3_count_additive,0.068,0.05700040338576337
model_family,XGLM,facebook/xglm-1.7B,XGLM,tracking_shuffled_objects,7,PC3_count_additive,0.112,0.07058196157868576
model_family,XGLM,facebook/xglm-4.5B,XGLM,tracking_shuffled_objects,7,PC3_count_additive,0.0,0.08721583450513853
model_family,XGLM,facebook/xglm-7.5B,XGLM,tracking_shuffled_objects,7,PC3_count_additive,0.0,0.10226914897933169
model_family,XGLM,facebook/xglm-564M,XGLM,logical_deduction,3,PC3_chance_floor,0.2586666666666666,0.3380250779489429
model_family,XGLM,facebook/xglm-1.7B,XGLM,logical_deduction,3,PC3_chance_floor,0.316,0.33883302646540675
model_family,XGLM,facebook/xglm-4.5B,XGLM,logical_deduction,3,PC3_chance_floor,0.0959999999999999,0.3402472304538851
model_family,XGLM,facebook/xglm-7.5B,XGLM,logical_deduction,3,PC3_chance_floor,0.1866666666666666,0.3427588154020816
model_family,XGLM,facebook/xglm-564M,XGLM,logical_deduction,5,PC3_chance_floor,0.1728,0.20563009353873146
model_family,XGLM,facebook/xglm-1.7B,XGLM,logical_deduction,5,PC3_chance_floor,0.2168,0.20659963175848814
model_family,XGLM,facebook/xglm-4.5B,XGLM,logical_deduction,5,PC3_chance_floor,0.0616,0.2082966765446622
model_family,XGLM,facebook/xglm-7.5B,XGLM,logical_deduction,5,PC3_chance_floor,0.1088,0.21131057848249796
model_family,XGLM,facebook/xglm-564M,XGLM,logical_deduction,7,PC3_chance_floor,0.1377142857142857,0.14888938593435513
model_family,XGLM,facebook/xglm-1.7B,XGLM,logical_deduction,7,PC3_chance_floor,0.172,0.14992817688409443
model_family,XGLM,facebook/xglm-4.5B,XGLM,logical_deduction,7,PC3_chance_floor,0.0725714285714285,0.1517464391549952
model_family,XGLM,facebook/xglm-7.5B,XGLM,logical_deduction,7,PC3_chance_floor,0.0788571428571428,0.15497561980267635
model_family,XGLM,facebook/xglm-564M,XGLM,tracking_shuffled_objects,3,PC3_chance_floor,0.18,0.3380250779489429
model_family,XGLM,facebook/xglm-1.7B,XGLM,tracking_shuffled_objects,3,PC3_chance_floor,0.188,0.33883302646540675
model_family,XGLM,facebook/xglm-4.5B,XGLM,tracking_shuffled_objects,3,PC3_chance_floor,0.0,0.3402472304538851
model_family,XGLM,facebook/xglm-7.5B,XGLM,tracking_shuffled_objects,3,PC3_chance_floor,0.0,0.3427588154020816
model_family,XGLM,facebook/xglm-564M,XGLM,tracking_shuffled_objects,5,PC3_chance_floor,0.116,0.20563009353873146
model_family,XGLM,facebook/xglm-1.7B,XGLM,tracking_shuffled_objects,5,PC3_chance_floor,0.172,0.20659963175848814
model_family,XGLM,facebook/xglm-4.5B,XGLM,tracking_shuffled_objects,5,PC3_chance_floor,0.0,0.2082966765446622
model_family,XGLM,facebook/xglm-7.5B,XGLM,tracking_shuffled_objects,5,PC3_chance_floor,0.0,0.21131057848249796
model_family,XGLM,facebook/xglm-564M,XGLM,tracking_shuffled_objects,7,PC3_chance_floor,0.068,0.14888938593435513
model_family,XGLM,facebook/xglm-1.7B,XGLM,tracking_shuffled_objects,7,PC3_chance_floor,0.112,0.14992817688409443
model_family,XGLM,facebook/xglm-4.5B,XGLM,tracking_shuffled_objects,7,PC3_chance_floor,0.0,0.1517464391549952
model_family,XGLM,facebook/xglm-7.5B,XGLM,tracking_shuffled_objects,7,PC3_chance_floor,0.0,0.15497561980267635
model_family,Yi,01-ai/Yi-6B,Yi,logical_deduction,3,pooled_mean,0.4973333333333333,0.2758565615917728
model_family,Yi,01-ai/Yi-34B,Yi,logical_deduction,3,pooled_mean,0.844,0.2758565615917728
model_family,Yi,01-ai/Yi-6B,Yi,logical_deduction,5,pooled_mean,0.32,0.2758565615917728
model_family,Yi,01-ai/Yi-34B,Yi,logical_deduction,5,pooled_mean,0.5064,0.2758565615917728
model_family,Yi,01-ai/Yi-6B,Yi,logical_deduction,7,pooled_mean,0.3182857142857143,0.2758565615917728
model_family,Yi,01-ai/Yi-34B,Yi,logical_deduction,7,pooled_mean,0.4028571428571428,0.2758565615917728
model_family,Yi,01-ai/Yi-6B,Yi,tracking_shuffled_objects,3,pooled_mean,0.364,0.2758565615917728
model_family,Yi,01-ai/Yi-34B,Yi,tracking_shuffled_objects,3,pooled_mean,0.204,0.2758565615917728
model_family,Yi,01-ai/Yi-6B,Yi,tracking_shuffled_objects,5,pooled_mean,0.152,0.2758565615917728
model_family,Yi,01-ai/Yi-34B,Yi,tracking_shuffled_objects,5,pooled_mean,0.0,0.2758565615917728
model_family,Yi,01-ai/Yi-6B,Yi,tracking_shuffled_objects,7,pooled_mean,0.136,0.2758565615917728
model_family,Yi,01-ai/Yi-34B,Yi,tracking_shuffled_objects,7,pooled_mean,0.0,0.2758565615917728
model_family,Yi,01-ai/Yi-6B,Yi,logical_deduction,3,task_family_mean,0.4973333333333333,0.29738090766823155
model_family,Yi,01-ai/Yi-34B,Yi,logical_deduction,3,task_family_mean,0.844,0.29738090766823155
model_family,Yi,01-ai/Yi-6B,Yi,logical_deduction,5,task_family_mean,0.32,0.29738090766823155
model_family,Yi,01-ai/Yi-34B,Yi,logical_deduction,5,task_family_mean,0.5064,0.29738090766823155
model_family,Yi,01-ai/Yi-6B,Yi,logical_deduction,7,task_family_mean,0.3182857142857143,0.29738090766823155
model_family,Yi,01-ai/Yi-34B,Yi,logical_deduction,7,task_family_mean,0.4028571428571428,0.29738090766823155
model_family,Yi,01-ai/Yi-6B,Yi,tracking_shuffled_objects,3,task_family_mean,0.364,0.2543322155153141
model_family,Yi,01-ai/Yi-34B,Yi,tracking_shuffled_objects,3,task_family_mean,0.204,0.2543322155153141
model_family,Yi,01-ai/Yi-6B,Yi,tracking_shuffled_objects,5,task_family_mean,0.152,0.2543322155153141
model_family,Yi,01-ai/Yi-34B,Yi,tracking_shuffled_objects,5,task_family_mean,0.0,0.2543322155153141
model_family,Yi,01-ai/Yi-6B,Yi,tracking_shuffled_objects,7,task_family_mean,0.136,0.2543322155153141
model_family,Yi,01-ai/Yi-34B,Yi,tracking_shuffled_objects,7,task_family_mean,0.0,0.2543322155153141
model_family,Yi,01-ai/Yi-6B,Yi,logical_deduction,3,PC1,0.4973333333333333,0.3253326775996754
model_family,Yi,01-ai/Yi-34B,Yi,logical_deduction,3,PC1,0.844,0.5258285571586475
model_family,Yi,01-ai/Yi-6B,Yi,logical_deduction,5,PC1,0.32,0.3253326775996754
model_family,Yi,01-ai/Yi-34B,Yi,logical_deduction,5,PC1,0.5064,0.5258285571586475
model_family,Yi,01-ai/Yi-6B,Yi,logical_deduction,7,PC1,0.3182857142857143,0.3253326775996754
model_family,Yi,01-ai/Yi-34B,Yi,logical_deduction,7,PC1,0.4028571428571428,0.5258285571586475
model_family,Yi,01-ai/Yi-6B,Yi,tracking_shuffled_objects,3,PC1,0.364,0.3253326775996754
model_family,Yi,01-ai/Yi-34B,Yi,tracking_shuffled_objects,3,PC1,0.204,0.5258285571586475
model_family,Yi,01-ai/Yi-6B,Yi,tracking_shuffled_objects,5,PC1,0.152,0.3253326775996754
model_family,Yi,01-ai/Yi-34B,Yi,tracking_shuffled_objects,5,PC1,0.0,0.5258285571586475
model_family,Yi,01-ai/Yi-6B,Yi,tracking_shuffled_objects,7,PC1,0.136,0.3253326775996754
model_family,Yi,01-ai/Yi-34B,Yi,tracking_shuffled_objects,7,PC1,0.0,0.5258285571586475
model_family,Yi,01-ai/Yi-6B,Yi,logical_deduction,3,PC3,0.4973333333333333,0.33502862812033724
model_family,Yi,01-ai/Yi-34B,Yi,logical_deduction,3,PC3,0.844,0.5067175702892861
model_family,Yi,01-ai/Yi-6B,Yi,logical_deduction,5,PC3,0.32,0.33502862812033724
model_family,Yi,01-ai/Yi-34B,Yi,logical_deduction,5,PC3,0.5064,0.5067175702892861
model_family,Yi,01-ai/Yi-6B,Yi,logical_deduction,7,PC3,0.3182857142857143,0.33502862812033724
model_family,Yi,01-ai/Yi-34B,Yi,logical_deduction,7,PC3,0.4028571428571428,0.5067175702892861
model_family,Yi,01-ai/Yi-6B,Yi,tracking_shuffled_objects,3,PC3,0.364,0.33502862812033724
model_family,Yi,01-ai/Yi-34B,Yi,tracking_shuffled_objects,3,PC3,0.204,0.5067175702892861
model_family,Yi,01-ai/Yi-6B,Yi,tracking_shuffled_objects,5,PC3,0.152,0.33502862812033724
model_family,Yi,01-ai/Yi-34B,Yi,tracking_shuffled_objects,5,PC3,0.0,0.5067175702892861
model_family,Yi,01-ai/Yi-6B,Yi,tracking_shuffled_objects,7,PC3,0.136,0.33502862812033724
model_family,Yi,01-ai/Yi-34B,Yi,tracking_shuffled_objects,7,PC3,0.0,0.5067175702892861
model_family,Yi,01-ai/Yi-6B,Yi,logical_deduction,3,PC3_count,0.4973333333333333,0.527570126784357
model_family,Yi,01-ai/Yi-34B,Yi,logical_deduction,3,PC3_count,0.844,0.7091216793214643
model_family,Yi,01-ai/Yi-6B,Yi,logical_deduction,5,PC3_count,0.32,0.31266127420127454
model_family,Yi,01-ai/Yi-34B,Yi,logical_deduction,5,PC3_count,0.5064,0.4789926371772383
model_family,Yi,01-ai/Yi-6B,Yi,logical_deduction,7,PC3_count,0.3182857142857143,0.20112631715186927
model_family,Yi,01-ai/Yi-34B,Yi,logical_deduction,7,PC3_count,0.4028571428571428,0.3259791872682529
model_family,Yi,01-ai/Yi-6B,Yi,tracking_shuffled_objects,3,PC3_count,0.364,0.527570126784357
model_family,Yi,01-ai/Yi-34B,Yi,tracking_shuffled_objects,3,PC3_count,0.204,0.7091216793214643
model_family,Yi,01-ai/Yi-6B,Yi,tracking_shuffled_objects,5,PC3_count,0.152,0.31266127420127454
model_family,Yi,01-ai/Yi-34B,Yi,tracking_shuffled_objects,5,PC3_count,0.0,0.4789926371772383
model_family,Yi,01-ai/Yi-6B,Yi,tracking_shuffled_objects,7,PC3_count,0.136,0.20112631715186927
model_family,Yi,01-ai/Yi-34B,Yi,tracking_shuffled_objects,7,PC3_count,0.0,0.3259791872682529
model_family,Yi,01-ai/Yi-6B,Yi,logical_deduction,3,count_only,0.4973333333333333,0.35842168008023295
model_family,Yi,01-ai/Yi-34B,Yi,logical_deduction,3,count_only,0.844,0.35842168008023295
model_family,Yi,01-ai/Yi-6B,Yi,logical_deduction,5,count_only,0.32,0.1966337670504046
model_family,Yi,01-ai/Yi-34B,Yi,logical_deduction,5,count_only,0.5064,0.1966337670504046
model_family,Yi,01-ai/Yi-6B,Yi,logical_deduction,7,count_only,0.3182857142857143,0.12443958553851499
model_family,Yi,01-ai/Yi-34B,Yi,logical_deduction,7,count_only,0.4028571428571428,0.12443958553851499
model_family,Yi,01-ai/Yi-6B,Yi,tracking_shuffled_objects,3,count_only,0.364,0.35842168008023295
model_family,Yi,01-ai/Yi-34B,Yi,tracking_shuffled_objects,3,count_only,0.204,0.35842168008023295
model_family,Yi,01-ai/Yi-6B,Yi,tracking_shuffled_objects,5,count_only,0.152,0.1966337670504046
model_family,Yi,01-ai/Yi-34B,Yi,tracking_shuffled_objects,5,count_only,0.0,0.1966337670504046
model_family,Yi,01-ai/Yi-6B,Yi,tracking_shuffled_objects,7,count_only,0.136,0.12443958553851499
model_family,Yi,01-ai/Yi-34B,Yi,tracking_shuffled_objects,7,count_only,0.0,0.12443958553851499
model_family,Yi,01-ai/Yi-6B,Yi,logical_deduction,3,PC3_count_additive,0.4973333333333333,0.5114551079279781
model_family,Yi,01-ai/Yi-34B,Yi,logical_deduction,3,PC3_count_additive,0.844,0.6809689666747304
model_family,Yi,01-ai/Yi-6B,Yi,logical_deduction,5,PC3_count_additive,0.32,0.31444529145371436
model_family,Yi,01-ai/Yi-34B,Yi,logical_deduction,5,PC3_count_additive,0.5064,0.4832516946248744
model_family,Yi,01-ai/Yi-6B,Yi,logical_deduction,7,PC3_count_additive,0.3182857142857143,0.21032055668630936
model_family,Yi,01-ai/Yi-34B,Yi,logical_deduction,7,PC3_count_additive,0.4028571428571428,0.35192362711673153
model_family,Yi,01-ai/Yi-6B,Yi,tracking_shuffled_objects,3,PC3_count_additive,0.364,0.5114551079279781
model_family,Yi,01-ai/Yi-34B,Yi,tracking_shuffled_objects,3,PC3_count_additive,0.204,0.6809689666747304
model_family,Yi,01-ai/Yi-6B,Yi,tracking_shuffled_objects,5,PC3_count_additive,0.152,0.31444529145371436
model_family,Yi,01-ai/Yi-34B,Yi,tracking_shuffled_objects,5,PC3_count_additive,0.0,0.4832516946248744
model_family,Yi,01-ai/Yi-6B,Yi,tracking_shuffled_objects,7,PC3_count_additive,0.136,0.21032055668630936
model_family,Yi,01-ai/Yi-34B,Yi,tracking_shuffled_objects,7,PC3_count_additive,0.0,0.35192362711673153
model_family,Yi,01-ai/Yi-6B,Yi,logical_deduction,3,PC3_chance_floor,0.4973333333333333,0.3851227149428922
model_family,Yi,01-ai/Yi-34B,Yi,logical_deduction,3,PC3_chance_floor,0.844,0.5880666571144046
model_family,Yi,01-ai/Yi-6B,Yi,logical_deduction,5,PC3_chance_floor,0.32,0.26214725793147065
model_family,Yi,01-ai/Yi-34B,Yi,logical_deduction,5,PC3_chance_floor,0.5064,0.5056799885372856
model_family,Yi,01-ai/Yi-6B,Yi,logical_deduction,7,PC3_chance_floor,0.3182857142857143,0.20944349064086137
model_family,Yi,01-ai/Yi-34B,Yi,logical_deduction,7,PC3_chance_floor,0.4028571428571428,0.4703714162899488
model_family,Yi,01-ai/Yi-6B,Yi,tracking_shuffled_objects,3,PC3_chance_floor,0.364,0.3851227149428922
model_family,Yi,01-ai/Yi-34B,Yi,tracking_shuffled_objects,3,PC3_chance_floor,0.204,0.5880666571144046
model_family,Yi,01-ai/Yi-6B,Yi,tracking_shuffled_objects,5,PC3_chance_floor,0.152,0.26214725793147065
model_family,Yi,01-ai/Yi-34B,Yi,tracking_shuffled_objects,5,PC3_chance_floor,0.0,0.5056799885372856
model_family,Yi,01-ai/Yi-6B,Yi,tracking_shuffled_objects,7,PC3_chance_floor,0.136,0.20944349064086137
model_family,Yi,01-ai/Yi-34B,Yi,tracking_shuffled_objects,7,PC3_chance_floor,0.0,0.4703714162899488
larger_target,7_objects,meta-llama/Llama-2-7b-hf,Llama-2,logical_deduction,7,pooled_mean,0.2497142857142857,0.32469589041095887
larger_target,7_objects,meta-llama/Llama-2-13b-hf,Llama-2,logical_deduction,7,pooled_mean,0.4217142857142857,0.32469589041095887
larger_target,7_objects,meta-llama/Llama-2-70b-hf,Llama-2,logical_deduction,7,pooled_mean,0.4531428571428572,0.32469589041095887
larger_target,7_objects,huggyllama/llama-7b,Llama,logical_deduction,7,pooled_mean,0.152,0.32469589041095887
larger_target,7_objects,huggyllama/llama-13b,Llama,logical_deduction,7,pooled_mean,0.192,0.32469589041095887
larger_target,7_objects,huggyllama/llama-30b,Llama,logical_deduction,7,pooled_mean,0.3114285714285714,0.32469589041095887
larger_target,7_objects,huggyllama/llama-65b,Llama,logical_deduction,7,pooled_mean,0.424,0.32469589041095887
larger_target,7_objects,Qwen/Qwen1.5-72B,Qwen1.5,logical_deduction,7,pooled_mean,0.1725714285714285,0.32469589041095887
larger_target,7_objects,Qwen/Qwen1.5-32B,Qwen1.5,logical_deduction,7,pooled_mean,0.0731428571428571,0.32469589041095887
larger_target,7_objects,Qwen/Qwen1.5-14B,Qwen1.5,logical_deduction,7,pooled_mean,0.228,0.32469589041095887
larger_target,7_objects,Qwen/Qwen1.5-7B,Qwen1.5,logical_deduction,7,pooled_mean,0.0154285714285714,0.32469589041095887
larger_target,7_objects,Qwen/Qwen1.5-4B,Qwen1.5,logical_deduction,7,pooled_mean,0.2371428571428571,0.32469589041095887
larger_target,7_objects,Qwen/Qwen1.5-1.8B,Qwen1.5,logical_deduction,7,pooled_mean,0.0108571428571428,0.32469589041095887
larger_target,7_objects,Qwen/Qwen1.5-0.5B,Qwen1.5,logical_deduction,7,pooled_mean,0.0137142857142857,0.32469589041095887
larger_target,7_objects,Qwen/Qwen-72B,Qwen,logical_deduction,7,pooled_mean,0.1885714285714285,0.32469589041095887
larger_target,7_objects,Qwen/Qwen-14B,Qwen,logical_deduction,7,pooled_mean,0.324,0.32469589041095887
larger_target,7_objects,Qwen/Qwen-7B,Qwen,logical_deduction,7,pooled_mean,0.2577142857142857,0.32469589041095887
larger_target,7_objects,mistralai/Mistral-7B-v0.1,Mistral,logical_deduction,7,pooled_mean,0.3937142857142857,0.32469589041095887
larger_target,7_objects,mistralai/Mixtral-8x7B-v0.1,Mixtral,logical_deduction,7,pooled_mean,0.4045714285714286,0.32469589041095887
larger_target,7_objects,01-ai/Yi-6B,Yi,logical_deduction,7,pooled_mean,0.3182857142857143,0.32469589041095887
larger_target,7_objects,01-ai/Yi-34B,Yi,logical_deduction,7,pooled_mean,0.4028571428571428,0.32469589041095887
larger_target,7_objects,google/gemma-7b,Gemma,logical_deduction,7,pooled_mean,0.376,0.32469589041095887
larger_target,7_objects,google/gemma-2b,Gemma,logical_deduction,7,pooled_mean,0.1074285714285714,0.32469589041095887
larger_target,7_objects,tiiuae/falcon-40b,Falcon,logical_deduction,7,pooled_mean,0.1714285714285714,0.32469589041095887
larger_target,7_objects,tiiuae/falcon-7b,Falcon,logical_deduction,7,pooled_mean,0.1474285714285714,0.32469589041095887
larger_target,7_objects,tiiuae/falcon-rw-1b,Falcon,logical_deduction,7,pooled_mean,0.1325714285714286,0.32469589041095887
larger_target,7_objects,microsoft/phi-2,Phi,logical_deduction,7,pooled_mean,0.424,0.32469589041095887
larger_target,7_objects,microsoft/phi-1_5,Phi,logical_deduction,7,pooled_mean,0.1782857142857142,0.32469589041095887
larger_target,7_objects,EleutherAI/pythia-1b-deduped,Pythia,logical_deduction,7,pooled_mean,0.096,0.32469589041095887
larger_target,7_objects,EleutherAI/pythia-410m-deduped,Pythia,logical_deduction,7,pooled_mean,0.0531428571428571,0.32469589041095887
larger_target,7_objects,EleutherAI/pythia-6.9b-deduped,Pythia,logical_deduction,7,pooled_mean,0.1297142857142857,0.32469589041095887
larger_target,7_objects,EleutherAI/pythia-2.8b-deduped,Pythia,logical_deduction,7,pooled_mean,0.1154285714285714,0.32469589041095887
larger_target,7_objects,EleutherAI/pythia-12b-deduped,Pythia,logical_deduction,7,pooled_mean,0.1462857142857143,0.32469589041095887
larger_target,7_objects,EleutherAI/pythia-70m-deduped,Pythia,logical_deduction,7,pooled_mean,0.0645714285714285,0.32469589041095887
larger_target,7_objects,EleutherAI/pythia-1.4b-deduped,Pythia,logical_deduction,7,pooled_mean,0.132,0.32469589041095887
larger_target,7_objects,EleutherAI/pythia-160m-deduped,Pythia,logical_deduction,7,pooled_mean,0.028,0.32469589041095887
larger_target,7_objects,bigscience/bloom-560m,BLOOM,logical_deduction,7,pooled_mean,0.124,0.32469589041095887
larger_target,7_objects,bigscience/bloom-1b1,BLOOM,logical_deduction,7,pooled_mean,0.1382857142857143,0.32469589041095887
larger_target,7_objects,bigscience/bloom-3b,BLOOM,logical_deduction,7,pooled_mean,0.1222857142857142,0.32469589041095887
larger_target,7_objects,bigscience/bloom-7b1,BLOOM,logical_deduction,7,pooled_mean,0.1605714285714285,0.32469589041095887
larger_target,7_objects,EleutherAI/gpt-neox-20b,GPT-Neo/J,logical_deduction,7,pooled_mean,0.1611428571428571,0.32469589041095887
larger_target,7_objects,EleutherAI/gpt-neo-2.7B,GPT-Neo/J,logical_deduction,7,pooled_mean,0.0502857142857142,0.32469589041095887
larger_target,7_objects,EleutherAI/gpt-neo-1.3B,GPT-Neo/J,logical_deduction,7,pooled_mean,0.1331428571428571,0.32469589041095887
larger_target,7_objects,EleutherAI/gpt-neo-125m,GPT-Neo/J,logical_deduction,7,pooled_mean,0.0222857142857142,0.32469589041095887
larger_target,7_objects,EleutherAI/gpt-j-6b,GPT-Neo/J,logical_deduction,7,pooled_mean,0.1291428571428571,0.32469589041095887
larger_target,7_objects,facebook/opt-6.7b,OPT,logical_deduction,7,pooled_mean,0.1314285714285714,0.32469589041095887
larger_target,7_objects,facebook/opt-1.3b,OPT,logical_deduction,7,pooled_mean,0.0514285714285714,0.32469589041095887
larger_target,7_objects,facebook/opt-350m,OPT,logical_deduction,7,pooled_mean,0.0377142857142857,0.32469589041095887
larger_target,7_objects,facebook/opt-13b,OPT,logical_deduction,7,pooled_mean,0.1297142857142857,0.32469589041095887
larger_target,7_objects,facebook/opt-2.7b,OPT,logical_deduction,7,pooled_mean,0.1188571428571428,0.32469589041095887
larger_target,7_objects,facebook/opt-30b,OPT,logical_deduction,7,pooled_mean,0.1725714285714285,0.32469589041095887
larger_target,7_objects,facebook/opt-125m,OPT,logical_deduction,7,pooled_mean,0.016,0.32469589041095887
larger_target,7_objects,facebook/opt-66b,OPT,logical_deduction,7,pooled_mean,0.1314285714285714,0.32469589041095887
larger_target,7_objects,mosaicml/mpt-30b,MPT,logical_deduction,7,pooled_mean,0.3257142857142857,0.32469589041095887
larger_target,7_objects,mosaicml/mpt-7b,MPT,logical_deduction,7,pooled_mean,0.1851428571428571,0.32469589041095887
larger_target,7_objects,facebook/xglm-564M,XGLM,logical_deduction,7,pooled_mean,0.1377142857142857,0.32469589041095887
larger_target,7_objects,facebook/xglm-1.7B,XGLM,logical_deduction,7,pooled_mean,0.172,0.32469589041095887
larger_target,7_objects,facebook/xglm-4.5B,XGLM,logical_deduction,7,pooled_mean,0.0725714285714285,0.32469589041095887
larger_target,7_objects,facebook/xglm-7.5B,XGLM,logical_deduction,7,pooled_mean,0.0788571428571428,0.32469589041095887
larger_target,7_objects,codellama/CodeLlama-7b-hf,CodeLlama,logical_deduction,7,pooled_mean,0.2862857142857142,0.32469589041095887
larger_target,7_objects,codellama/CodeLlama-13b-hf,CodeLlama,logical_deduction,7,pooled_mean,0.3434285714285714,0.32469589041095887
larger_target,7_objects,codellama/CodeLlama-34b-hf,CodeLlama,logical_deduction,7,pooled_mean,0.4005714285714286,0.32469589041095887
larger_target,7_objects,codellama/CodeLlama-70b-hf,CodeLlama,logical_deduction,7,pooled_mean,0.4365714285714285,0.32469589041095887
larger_target,7_objects,bigcode/starcoderbase-1b,StarCoder,logical_deduction,7,pooled_mean,0.1228571428571428,0.32469589041095887
larger_target,7_objects,bigcode/starcoderbase-3b,StarCoder,logical_deduction,7,pooled_mean,0.1685714285714285,0.32469589041095887
larger_target,7_objects,bigcode/starcoderbase-7b,StarCoder,logical_deduction,7,pooled_mean,0.1531428571428571,0.32469589041095887
larger_target,7_objects,bigcode/starcoderbase,StarCoder,logical_deduction,7,pooled_mean,0.2685714285714285,0.32469589041095887
larger_target,7_objects,bigcode/starcoder2-15b,StarCoder2,logical_deduction,7,pooled_mean,0.3377142857142857,0.32469589041095887
larger_target,7_objects,bigcode/starcoder2-7b,StarCoder2,logical_deduction,7,pooled_mean,0.4262857142857142,0.32469589041095887
larger_target,7_objects,bigcode/starcoder2-3b,StarCoder2,logical_deduction,7,pooled_mean,0.2771428571428572,0.32469589041095887
larger_target,7_objects,deepseek-ai/deepseek-coder-1.3b-base,DeepSeek-Coder,logical_deduction,7,pooled_mean,0.1502857142857142,0.32469589041095887
larger_target,7_objects,deepseek-ai/deepseek-coder-6.7b-base,DeepSeek-Coder,logical_deduction,7,pooled_mean,0.2565714285714285,0.32469589041095887
larger_target,7_objects,deepseek-ai/deepseek-coder-33b-base,DeepSeek-Coder,logical_deduction,7,pooled_mean,0.296,0.32469589041095887
larger_target,7_objects,meta-llama/Llama-2-7b-hf,Llama-2,tracking_shuffled_objects,7,pooled_mean,0.152,0.32469589041095887
larger_target,7_objects,meta-llama/Llama-2-13b-hf,Llama-2,tracking_shuffled_objects,7,pooled_mean,0.168,0.32469589041095887
larger_target,7_objects,meta-llama/Llama-2-70b-hf,Llama-2,tracking_shuffled_objects,7,pooled_mean,0.62,0.32469589041095887
larger_target,7_objects,huggyllama/llama-7b,Llama,tracking_shuffled_objects,7,pooled_mean,0.096,0.32469589041095887
larger_target,7_objects,huggyllama/llama-13b,Llama,tracking_shuffled_objects,7,pooled_mean,0.076,0.32469589041095887
larger_target,7_objects,huggyllama/llama-30b,Llama,tracking_shuffled_objects,7,pooled_mean,0.148,0.32469589041095887
larger_target,7_objects,huggyllama/llama-65b,Llama,tracking_shuffled_objects,7,pooled_mean,0.308,0.32469589041095887
larger_target,7_objects,Qwen/Qwen1.5-72B,Qwen1.5,tracking_shuffled_objects,7,pooled_mean,0.388,0.32469589041095887
larger_target,7_objects,Qwen/Qwen1.5-32B,Qwen1.5,tracking_shuffled_objects,7,pooled_mean,0.364,0.32469589041095887
larger_target,7_objects,Qwen/Qwen1.5-14B,Qwen1.5,tracking_shuffled_objects,7,pooled_mean,0.408,0.32469589041095887
larger_target,7_objects,Qwen/Qwen1.5-7B,Qwen1.5,tracking_shuffled_objects,7,pooled_mean,0.076,0.32469589041095887
larger_target,7_objects,Qwen/Qwen1.5-4B,Qwen1.5,tracking_shuffled_objects,7,pooled_mean,0.1411428571428571,0.32469589041095887
larger_target,7_objects,Qwen/Qwen1.5-1.8B,Qwen1.5,tracking_shuffled_objects,7,pooled_mean,0.0428571428571428,0.32469589041095887
larger_target,7_objects,Qwen/Qwen1.5-0.5B,Qwen1.5,tracking_shuffled_objects,7,pooled_mean,0.028,0.32469589041095887
larger_target,7_objects,Qwen/Qwen-72B,Qwen,tracking_shuffled_objects,7,pooled_mean,0.544,0.32469589041095887
larger_target,7_objects,Qwen/Qwen-14B,Qwen,tracking_shuffled_objects,7,pooled_mean,0.0,0.32469589041095887
larger_target,7_objects,Qwen/Qwen-7B,Qwen,tracking_shuffled_objects,7,pooled_mean,0.1348571428571428,0.32469589041095887
larger_target,7_objects,mistralai/Mistral-7B-v0.1,Mistral,tracking_shuffled_objects,7,pooled_mean,0.2,0.32469589041095887
larger_target,7_objects,mistralai/Mixtral-8x7B-v0.1,Mixtral,tracking_shuffled_objects,7,pooled_mean,0.64,0.32469589041095887
larger_target,7_objects,01-ai/Yi-6B,Yi,tracking_shuffled_objects,7,pooled_mean,0.136,0.32469589041095887
larger_target,7_objects,01-ai/Yi-34B,Yi,tracking_shuffled_objects,7,pooled_mean,0.0,0.32469589041095887
larger_target,7_objects,google/gemma-7b,Gemma,tracking_shuffled_objects,7,pooled_mean,0.376,0.32469589041095887
larger_target,7_objects,google/gemma-2b,Gemma,tracking_shuffled_objects,7,pooled_mean,0.12,0.32469589041095887
larger_target,7_objects,tiiuae/falcon-40b,Falcon,tracking_shuffled_objects,7,pooled_mean,0.14,0.32469589041095887
larger_target,7_objects,tiiuae/falcon-7b,Falcon,tracking_shuffled_objects,7,pooled_mean,0.0,0.32469589041095887
larger_target,7_objects,tiiuae/falcon-rw-1b,Falcon,tracking_shuffled_objects,7,pooled_mean,0.028,0.32469589041095887
larger_target,7_objects,microsoft/phi-2,Phi,tracking_shuffled_objects,7,pooled_mean,0.86,0.32469589041095887
larger_target,7_objects,microsoft/phi-1_5,Phi,tracking_shuffled_objects,7,pooled_mean,0.072,0.32469589041095887
larger_target,7_objects,EleutherAI/pythia-1b-deduped,Pythia,tracking_shuffled_objects,7,pooled_mean,0.104,0.32469589041095887
larger_target,7_objects,EleutherAI/pythia-410m-deduped,Pythia,tracking_shuffled_objects,7,pooled_mean,0.056,0.32469589041095887
larger_target,7_objects,EleutherAI/pythia-6.9b-deduped,Pythia,tracking_shuffled_objects,7,pooled_mean,0.048,0.32469589041095887
larger_target,7_objects,EleutherAI/pythia-2.8b-deduped,Pythia,tracking_shuffled_objects,7,pooled_mean,0.104,0.32469589041095887
larger_target,7_objects,EleutherAI/pythia-12b-deduped,Pythia,tracking_shuffled_objects,7,pooled_mean,0.056,0.32469589041095887
larger_target,7_objects,EleutherAI/pythia-70m-deduped,Pythia,tracking_shuffled_objects,7,pooled_mean,0.0,0.32469589041095887
larger_target,7_objects,EleutherAI/pythia-1.4b-deduped,Pythia,tracking_shuffled_objects,7,pooled_mean,0.156,0.32469589041095887
larger_target,7_objects,EleutherAI/pythia-160m-deduped,Pythia,tracking_shuffled_objects,7,pooled_mean,0.008,0.32469589041095887
larger_target,7_objects,bigscience/bloom-560m,BLOOM,tracking_shuffled_objects,7,pooled_mean,0.0697142857142857,0.32469589041095887
larger_target,7_objects,bigscience/bloom-1b1,BLOOM,tracking_shuffled_objects,7,pooled_mean,0.1302857142857142,0.32469589041095887
larger_target,7_objects,bigscience/bloom-3b,BLOOM,tracking_shuffled_objects,7,pooled_mean,0.1125714285714285,0.32469589041095887
larger_target,7_objects,bigscience/bloom-7b1,BLOOM,tracking_shuffled_objects,7,pooled_mean,0.008,0.32469589041095887
larger_target,7_objects,EleutherAI/gpt-neox-20b,GPT-Neo/J,tracking_shuffled_objects,7,pooled_mean,0.08,0.32469589041095887
larger_target,7_objects,EleutherAI/gpt-neo-2.7B,GPT-Neo/J,tracking_shuffled_objects,7,pooled_mean,0.056,0.32469589041095887
larger_target,7_objects,EleutherAI/gpt-neo-1.3B,GPT-Neo/J,tracking_shuffled_objects,7,pooled_mean,0.112,0.32469589041095887
larger_target,7_objects,EleutherAI/gpt-neo-125m,GPT-Neo/J,tracking_shuffled_objects,7,pooled_mean,0.012,0.32469589041095887
larger_target,7_objects,EleutherAI/gpt-j-6b,GPT-Neo/J,tracking_shuffled_objects,7,pooled_mean,0.104,0.32469589041095887
larger_target,7_objects,facebook/opt-6.7b,OPT,tracking_shuffled_objects,7,pooled_mean,0.128,0.32469589041095887
larger_target,7_objects,facebook/opt-1.3b,OPT,tracking_shuffled_objects,7,pooled_mean,0.0,0.32469589041095887
larger_target,7_objects,facebook/opt-350m,OPT,tracking_shuffled_objects,7,pooled_mean,0.02,0.32469589041095887
larger_target,7_objects,facebook/opt-13b,OPT,tracking_shuffled_objects,7,pooled_mean,0.112,0.32469589041095887
larger_target,7_objects,facebook/opt-2.7b,OPT,tracking_shuffled_objects,7,pooled_mean,0.14,0.32469589041095887
larger_target,7_objects,facebook/opt-30b,OPT,tracking_shuffled_objects,7,pooled_mean,0.18,0.32469589041095887
larger_target,7_objects,facebook/opt-125m,OPT,tracking_shuffled_objects,7,pooled_mean,0.012,0.32469589041095887
larger_target,7_objects,facebook/opt-66b,OPT,tracking_shuffled_objects,7,pooled_mean,0.128,0.32469589041095887
larger_target,7_objects,mosaicml/mpt-30b,MPT,tracking_shuffled_objects,7,pooled_mean,0.156,0.32469589041095887
larger_target,7_objects,mosaicml/mpt-7b,MPT,tracking_shuffled_objects,7,pooled_mean,0.02,0.32469589041095887
larger_target,7_objects,facebook/xglm-564M,XGLM,tracking_shuffled_objects,7,pooled_mean,0.068,0.32469589041095887
larger_target,7_objects,facebook/xglm-1.7B,XGLM,tracking_shuffled_objects,7,pooled_mean,0.112,0.32469589041095887
larger_target,7_objects,facebook/xglm-4.5B,XGLM,tracking_shuffled_objects,7,pooled_mean,0.0,0.32469589041095887
larger_target,7_objects,facebook/xglm-7.5B,XGLM,tracking_shuffled_objects,7,pooled_mean,0.0,0.32469589041095887
larger_target,7_objects,codellama/CodeLlama-7b-hf,CodeLlama,tracking_shuffled_objects,7,pooled_mean,0.18,0.32469589041095887
larger_target,7_objects,codellama/CodeLlama-13b-hf,CodeLlama,tracking_shuffled_objects,7,pooled_mean,0.132,0.32469589041095887
larger_target,7_objects,codellama/CodeLlama-34b-hf,CodeLlama,tracking_shuffled_objects,7,pooled_mean,0.404,0.32469589041095887
larger_target,7_objects,codellama/CodeLlama-70b-hf,CodeLlama,tracking_shuffled_objects,7,pooled_mean,0.648,0.32469589041095887
larger_target,7_objects,bigcode/starcoderbase-1b,StarCoder,tracking_shuffled_objects,7,pooled_mean,0.132,0.32469589041095887
larger_target,7_objects,bigcode/starcoderbase-3b,StarCoder,tracking_shuffled_objects,7,pooled_mean,0.148,0.32469589041095887
larger_target,7_objects,bigcode/starcoderbase-7b,StarCoder,tracking_shuffled_objects,7,pooled_mean,0.112,0.32469589041095887
larger_target,7_objects,bigcode/starcoderbase,StarCoder,tracking_shuffled_objects,7,pooled_mean,0.204,0.32469589041095887
larger_target,7_objects,bigcode/starcoder2-15b,StarCoder2,tracking_shuffled_objects,7,pooled_mean,0.656,0.32469589041095887
larger_target,7_objects,bigcode/starcoder2-7b,StarCoder2,tracking_shuffled_objects,7,pooled_mean,0.2,0.32469589041095887
larger_target,7_objects,bigcode/starcoder2-3b,StarCoder2,tracking_shuffled_objects,7,pooled_mean,0.16,0.32469589041095887
larger_target,7_objects,deepseek-ai/deepseek-coder-1.3b-base,DeepSeek-Coder,tracking_shuffled_objects,7,pooled_mean,0.128,0.32469589041095887
larger_target,7_objects,deepseek-ai/deepseek-coder-6.7b-base,DeepSeek-Coder,tracking_shuffled_objects,7,pooled_mean,0.244,0.32469589041095887
larger_target,7_objects,deepseek-ai/deepseek-coder-33b-base,DeepSeek-Coder,tracking_shuffled_objects,7,pooled_mean,0.268,0.32469589041095887
larger_target,7_objects,meta-llama/Llama-2-7b-hf,Llama-2,logical_deduction,7,task_family_mean,0.2497142857142857,0.3558757990867579
larger_target,7_objects,meta-llama/Llama-2-13b-hf,Llama-2,logical_deduction,7,task_family_mean,0.4217142857142857,0.3558757990867579
larger_target,7_objects,meta-llama/Llama-2-70b-hf,Llama-2,logical_deduction,7,task_family_mean,0.4531428571428572,0.3558757990867579
larger_target,7_objects,huggyllama/llama-7b,Llama,logical_deduction,7,task_family_mean,0.152,0.3558757990867579
larger_target,7_objects,huggyllama/llama-13b,Llama,logical_deduction,7,task_family_mean,0.192,0.3558757990867579
larger_target,7_objects,huggyllama/llama-30b,Llama,logical_deduction,7,task_family_mean,0.3114285714285714,0.3558757990867579
larger_target,7_objects,huggyllama/llama-65b,Llama,logical_deduction,7,task_family_mean,0.424,0.3558757990867579
larger_target,7_objects,Qwen/Qwen1.5-72B,Qwen1.5,logical_deduction,7,task_family_mean,0.1725714285714285,0.3558757990867579
larger_target,7_objects,Qwen/Qwen1.5-32B,Qwen1.5,logical_deduction,7,task_family_mean,0.0731428571428571,0.3558757990867579
larger_target,7_objects,Qwen/Qwen1.5-14B,Qwen1.5,logical_deduction,7,task_family_mean,0.228,0.3558757990867579
larger_target,7_objects,Qwen/Qwen1.5-7B,Qwen1.5,logical_deduction,7,task_family_mean,0.0154285714285714,0.3558757990867579
larger_target,7_objects,Qwen/Qwen1.5-4B,Qwen1.5,logical_deduction,7,task_family_mean,0.2371428571428571,0.3558757990867579
larger_target,7_objects,Qwen/Qwen1.5-1.8B,Qwen1.5,logical_deduction,7,task_family_mean,0.0108571428571428,0.3558757990867579
larger_target,7_objects,Qwen/Qwen1.5-0.5B,Qwen1.5,logical_deduction,7,task_family_mean,0.0137142857142857,0.3558757990867579
larger_target,7_objects,Qwen/Qwen-72B,Qwen,logical_deduction,7,task_family_mean,0.1885714285714285,0.3558757990867579
larger_target,7_objects,Qwen/Qwen-14B,Qwen,logical_deduction,7,task_family_mean,0.324,0.3558757990867579
larger_target,7_objects,Qwen/Qwen-7B,Qwen,logical_deduction,7,task_family_mean,0.2577142857142857,0.3558757990867579
larger_target,7_objects,mistralai/Mistral-7B-v0.1,Mistral,logical_deduction,7,task_family_mean,0.3937142857142857,0.3558757990867579
larger_target,7_objects,mistralai/Mixtral-8x7B-v0.1,Mixtral,logical_deduction,7,task_family_mean,0.4045714285714286,0.3558757990867579
larger_target,7_objects,01-ai/Yi-6B,Yi,logical_deduction,7,task_family_mean,0.3182857142857143,0.3558757990867579
larger_target,7_objects,01-ai/Yi-34B,Yi,logical_deduction,7,task_family_mean,0.4028571428571428,0.3558757990867579
larger_target,7_objects,google/gemma-7b,Gemma,logical_deduction,7,task_family_mean,0.376,0.3558757990867579
larger_target,7_objects,google/gemma-2b,Gemma,logical_deduction,7,task_family_mean,0.1074285714285714,0.3558757990867579
larger_target,7_objects,tiiuae/falcon-40b,Falcon,logical_deduction,7,task_family_mean,0.1714285714285714,0.3558757990867579
larger_target,7_objects,tiiuae/falcon-7b,Falcon,logical_deduction,7,task_family_mean,0.1474285714285714,0.3558757990867579
larger_target,7_objects,tiiuae/falcon-rw-1b,Falcon,logical_deduction,7,task_family_mean,0.1325714285714286,0.3558757990867579
larger_target,7_objects,microsoft/phi-2,Phi,logical_deduction,7,task_family_mean,0.424,0.3558757990867579
larger_target,7_objects,microsoft/phi-1_5,Phi,logical_deduction,7,task_family_mean,0.1782857142857142,0.3558757990867579
larger_target,7_objects,EleutherAI/pythia-1b-deduped,Pythia,logical_deduction,7,task_family_mean,0.096,0.3558757990867579
larger_target,7_objects,EleutherAI/pythia-410m-deduped,Pythia,logical_deduction,7,task_family_mean,0.0531428571428571,0.3558757990867579
larger_target,7_objects,EleutherAI/pythia-6.9b-deduped,Pythia,logical_deduction,7,task_family_mean,0.1297142857142857,0.3558757990867579
larger_target,7_objects,EleutherAI/pythia-2.8b-deduped,Pythia,logical_deduction,7,task_family_mean,0.1154285714285714,0.3558757990867579
larger_target,7_objects,EleutherAI/pythia-12b-deduped,Pythia,logical_deduction,7,task_family_mean,0.1462857142857143,0.3558757990867579
larger_target,7_objects,EleutherAI/pythia-70m-deduped,Pythia,logical_deduction,7,task_family_mean,0.0645714285714285,0.3558757990867579
larger_target,7_objects,EleutherAI/pythia-1.4b-deduped,Pythia,logical_deduction,7,task_family_mean,0.132,0.3558757990867579
larger_target,7_objects,EleutherAI/pythia-160m-deduped,Pythia,logical_deduction,7,task_family_mean,0.028,0.3558757990867579
larger_target,7_objects,bigscience/bloom-560m,BLOOM,logical_deduction,7,task_family_mean,0.124,0.3558757990867579
larger_target,7_objects,bigscience/bloom-1b1,BLOOM,logical_deduction,7,task_family_mean,0.1382857142857143,0.3558757990867579
larger_target,7_objects,bigscience/bloom-3b,BLOOM,logical_deduction,7,task_family_mean,0.1222857142857142,0.3558757990867579
larger_target,7_objects,bigscience/bloom-7b1,BLOOM,logical_deduction,7,task_family_mean,0.1605714285714285,0.3558757990867579
larger_target,7_objects,EleutherAI/gpt-neox-20b,GPT-Neo/J,logical_deduction,7,task_family_mean,0.1611428571428571,0.3558757990867579
larger_target,7_objects,EleutherAI/gpt-neo-2.7B,GPT-Neo/J,logical_deduction,7,task_family_mean,0.0502857142857142,0.3558757990867579
larger_target,7_objects,EleutherAI/gpt-neo-1.3B,GPT-Neo/J,logical_deduction,7,task_family_mean,0.1331428571428571,0.3558757990867579
larger_target,7_objects,EleutherAI/gpt-neo-125m,GPT-Neo/J,logical_deduction,7,task_family_mean,0.0222857142857142,0.3558757990867579
larger_target,7_objects,EleutherAI/gpt-j-6b,GPT-Neo/J,logical_deduction,7,task_family_mean,0.1291428571428571,0.3558757990867579
larger_target,7_objects,facebook/opt-6.7b,OPT,logical_deduction,7,task_family_mean,0.1314285714285714,0.3558757990867579
larger_target,7_objects,facebook/opt-1.3b,OPT,logical_deduction,7,task_family_mean,0.0514285714285714,0.3558757990867579
larger_target,7_objects,facebook/opt-350m,OPT,logical_deduction,7,task_family_mean,0.0377142857142857,0.3558757990867579
larger_target,7_objects,facebook/opt-13b,OPT,logical_deduction,7,task_family_mean,0.1297142857142857,0.3558757990867579
larger_target,7_objects,facebook/opt-2.7b,OPT,logical_deduction,7,task_family_mean,0.1188571428571428,0.3558757990867579
larger_target,7_objects,facebook/opt-30b,OPT,logical_deduction,7,task_family_mean,0.1725714285714285,0.3558757990867579
larger_target,7_objects,facebook/opt-125m,OPT,logical_deduction,7,task_family_mean,0.016,0.3558757990867579
larger_target,7_objects,facebook/opt-66b,OPT,logical_deduction,7,task_family_mean,0.1314285714285714,0.3558757990867579
larger_target,7_objects,mosaicml/mpt-30b,MPT,logical_deduction,7,task_family_mean,0.3257142857142857,0.3558757990867579
larger_target,7_objects,mosaicml/mpt-7b,MPT,logical_deduction,7,task_family_mean,0.1851428571428571,0.3558757990867579
larger_target,7_objects,facebook/xglm-564M,XGLM,logical_deduction,7,task_family_mean,0.1377142857142857,0.3558757990867579
larger_target,7_objects,facebook/xglm-1.7B,XGLM,logical_deduction,7,task_family_mean,0.172,0.3558757990867579
larger_target,7_objects,facebook/xglm-4.5B,XGLM,logical_deduction,7,task_family_mean,0.0725714285714285,0.3558757990867579
larger_target,7_objects,facebook/xglm-7.5B,XGLM,logical_deduction,7,task_family_mean,0.0788571428571428,0.3558757990867579
larger_target,7_objects,codellama/CodeLlama-7b-hf,CodeLlama,logical_deduction,7,task_family_mean,0.2862857142857142,0.3558757990867579
larger_target,7_objects,codellama/CodeLlama-13b-hf,CodeLlama,logical_deduction,7,task_family_mean,0.3434285714285714,0.3558757990867579
larger_target,7_objects,codellama/CodeLlama-34b-hf,CodeLlama,logical_deduction,7,task_family_mean,0.4005714285714286,0.3558757990867579
larger_target,7_objects,codellama/CodeLlama-70b-hf,CodeLlama,logical_deduction,7,task_family_mean,0.4365714285714285,0.3558757990867579
larger_target,7_objects,bigcode/starcoderbase-1b,StarCoder,logical_deduction,7,task_family_mean,0.1228571428571428,0.3558757990867579
larger_target,7_objects,bigcode/starcoderbase-3b,StarCoder,logical_deduction,7,task_family_mean,0.1685714285714285,0.3558757990867579
larger_target,7_objects,bigcode/starcoderbase-7b,StarCoder,logical_deduction,7,task_family_mean,0.1531428571428571,0.3558757990867579
larger_target,7_objects,bigcode/starcoderbase,StarCoder,logical_deduction,7,task_family_mean,0.2685714285714285,0.3558757990867579
larger_target,7_objects,bigcode/starcoder2-15b,StarCoder2,logical_deduction,7,task_family_mean,0.3377142857142857,0.3558757990867579
larger_target,7_objects,bigcode/starcoder2-7b,StarCoder2,logical_deduction,7,task_family_mean,0.4262857142857142,0.3558757990867579
larger_target,7_objects,bigcode/starcoder2-3b,StarCoder2,logical_deduction,7,task_family_mean,0.2771428571428572,0.3558757990867579
larger_target,7_objects,deepseek-ai/deepseek-coder-1.3b-base,DeepSeek-Coder,logical_deduction,7,task_family_mean,0.1502857142857142,0.3558757990867579
larger_target,7_objects,deepseek-ai/deepseek-coder-6.7b-base,DeepSeek-Coder,logical_deduction,7,task_family_mean,0.2565714285714285,0.3558757990867579
larger_target,7_objects,deepseek-ai/deepseek-coder-33b-base,DeepSeek-Coder,logical_deduction,7,task_family_mean,0.296,0.3558757990867579
larger_target,7_objects,meta-llama/Llama-2-7b-hf,Llama-2,tracking_shuffled_objects,7,task_family_mean,0.152,0.2935159817351598
larger_target,7_objects,meta-llama/Llama-2-13b-hf,Llama-2,tracking_shuffled_objects,7,task_family_mean,0.168,0.2935159817351598
larger_target,7_objects,meta-llama/Llama-2-70b-hf,Llama-2,tracking_shuffled_objects,7,task_family_mean,0.62,0.2935159817351598
larger_target,7_objects,huggyllama/llama-7b,Llama,tracking_shuffled_objects,7,task_family_mean,0.096,0.2935159817351598
larger_target,7_objects,huggyllama/llama-13b,Llama,tracking_shuffled_objects,7,task_family_mean,0.076,0.2935159817351598
larger_target,7_objects,huggyllama/llama-30b,Llama,tracking_shuffled_objects,7,task_family_mean,0.148,0.2935159817351598
larger_target,7_objects,huggyllama/llama-65b,Llama,tracking_shuffled_objects,7,task_family_mean,0.308,0.2935159817351598
larger_target,7_objects,Qwen/Qwen1.5-72B,Qwen1.5,tracking_shuffled_objects,7,task_family_mean,0.388,0.2935159817351598
larger_target,7_objects,Qwen/Qwen1.5-32B,Qwen1.5,tracking_shuffled_objects,7,task_family_mean,0.364,0.2935159817351598
larger_target,7_objects,Qwen/Qwen1.5-14B,Qwen1.5,tracking_shuffled_objects,7,task_family_mean,0.408,0.2935159817351598
larger_target,7_objects,Qwen/Qwen1.5-7B,Qwen1.5,tracking_shuffled_objects,7,task_family_mean,0.076,0.2935159817351598
larger_target,7_objects,Qwen/Qwen1.5-4B,Qwen1.5,tracking_shuffled_objects,7,task_family_mean,0.1411428571428571,0.2935159817351598
larger_target,7_objects,Qwen/Qwen1.5-1.8B,Qwen1.5,tracking_shuffled_objects,7,task_family_mean,0.0428571428571428,0.2935159817351598
larger_target,7_objects,Qwen/Qwen1.5-0.5B,Qwen1.5,tracking_shuffled_objects,7,task_family_mean,0.028,0.2935159817351598
larger_target,7_objects,Qwen/Qwen-72B,Qwen,tracking_shuffled_objects,7,task_family_mean,0.544,0.2935159817351598
larger_target,7_objects,Qwen/Qwen-14B,Qwen,tracking_shuffled_objects,7,task_family_mean,0.0,0.2935159817351598
larger_target,7_objects,Qwen/Qwen-7B,Qwen,tracking_shuffled_objects,7,task_family_mean,0.1348571428571428,0.2935159817351598
larger_target,7_objects,mistralai/Mistral-7B-v0.1,Mistral,tracking_shuffled_objects,7,task_family_mean,0.2,0.2935159817351598
larger_target,7_objects,mistralai/Mixtral-8x7B-v0.1,Mixtral,tracking_shuffled_objects,7,task_family_mean,0.64,0.2935159817351598
larger_target,7_objects,01-ai/Yi-6B,Yi,tracking_shuffled_objects,7,task_family_mean,0.136,0.2935159817351598
larger_target,7_objects,01-ai/Yi-34B,Yi,tracking_shuffled_objects,7,task_family_mean,0.0,0.2935159817351598
larger_target,7_objects,google/gemma-7b,Gemma,tracking_shuffled_objects,7,task_family_mean,0.376,0.2935159817351598
larger_target,7_objects,google/gemma-2b,Gemma,tracking_shuffled_objects,7,task_family_mean,0.12,0.2935159817351598
larger_target,7_objects,tiiuae/falcon-40b,Falcon,tracking_shuffled_objects,7,task_family_mean,0.14,0.2935159817351598
larger_target,7_objects,tiiuae/falcon-7b,Falcon,tracking_shuffled_objects,7,task_family_mean,0.0,0.2935159817351598
larger_target,7_objects,tiiuae/falcon-rw-1b,Falcon,tracking_shuffled_objects,7,task_family_mean,0.028,0.2935159817351598
larger_target,7_objects,microsoft/phi-2,Phi,tracking_shuffled_objects,7,task_family_mean,0.86,0.2935159817351598
larger_target,7_objects,microsoft/phi-1_5,Phi,tracking_shuffled_objects,7,task_family_mean,0.072,0.2935159817351598
larger_target,7_objects,EleutherAI/pythia-1b-deduped,Pythia,tracking_shuffled_objects,7,task_family_mean,0.104,0.2935159817351598
larger_target,7_objects,EleutherAI/pythia-410m-deduped,Pythia,tracking_shuffled_objects,7,task_family_mean,0.056,0.2935159817351598
larger_target,7_objects,EleutherAI/pythia-6.9b-deduped,Pythia,tracking_shuffled_objects,7,task_family_mean,0.048,0.2935159817351598
larger_target,7_objects,EleutherAI/pythia-2.8b-deduped,Pythia,tracking_shuffled_objects,7,task_family_mean,0.104,0.2935159817351598
larger_target,7_objects,EleutherAI/pythia-12b-deduped,Pythia,tracking_shuffled_objects,7,task_family_mean,0.056,0.2935159817351598
larger_target,7_objects,EleutherAI/pythia-70m-deduped,Pythia,tracking_shuffled_objects,7,task_family_mean,0.0,0.2935159817351598
larger_target,7_objects,EleutherAI/pythia-1.4b-deduped,Pythia,tracking_shuffled_objects,7,task_family_mean,0.156,0.2935159817351598
larger_target,7_objects,EleutherAI/pythia-160m-deduped,Pythia,tracking_shuffled_objects,7,task_family_mean,0.008,0.2935159817351598
larger_target,7_objects,bigscience/bloom-560m,BLOOM,tracking_shuffled_objects,7,task_family_mean,0.0697142857142857,0.2935159817351598
larger_target,7_objects,bigscience/bloom-1b1,BLOOM,tracking_shuffled_objects,7,task_family_mean,0.1302857142857142,0.2935159817351598
larger_target,7_objects,bigscience/bloom-3b,BLOOM,tracking_shuffled_objects,7,task_family_mean,0.1125714285714285,0.2935159817351598
larger_target,7_objects,bigscience/bloom-7b1,BLOOM,tracking_shuffled_objects,7,task_family_mean,0.008,0.2935159817351598
larger_target,7_objects,EleutherAI/gpt-neox-20b,GPT-Neo/J,tracking_shuffled_objects,7,task_family_mean,0.08,0.2935159817351598
larger_target,7_objects,EleutherAI/gpt-neo-2.7B,GPT-Neo/J,tracking_shuffled_objects,7,task_family_mean,0.056,0.2935159817351598
larger_target,7_objects,EleutherAI/gpt-neo-1.3B,GPT-Neo/J,tracking_shuffled_objects,7,task_family_mean,0.112,0.2935159817351598
larger_target,7_objects,EleutherAI/gpt-neo-125m,GPT-Neo/J,tracking_shuffled_objects,7,task_family_mean,0.012,0.2935159817351598
larger_target,7_objects,EleutherAI/gpt-j-6b,GPT-Neo/J,tracking_shuffled_objects,7,task_family_mean,0.104,0.2935159817351598
larger_target,7_objects,facebook/opt-6.7b,OPT,tracking_shuffled_objects,7,task_family_mean,0.128,0.2935159817351598
larger_target,7_objects,facebook/opt-1.3b,OPT,tracking_shuffled_objects,7,task_family_mean,0.0,0.2935159817351598
larger_target,7_objects,facebook/opt-350m,OPT,tracking_shuffled_objects,7,task_family_mean,0.02,0.2935159817351598
larger_target,7_objects,facebook/opt-13b,OPT,tracking_shuffled_objects,7,task_family_mean,0.112,0.2935159817351598
larger_target,7_objects,facebook/opt-2.7b,OPT,tracking_shuffled_objects,7,task_family_mean,0.14,0.2935159817351598
larger_target,7_objects,facebook/opt-30b,OPT,tracking_shuffled_objects,7,task_family_mean,0.18,0.2935159817351598
larger_target,7_objects,facebook/opt-125m,OPT,tracking_shuffled_objects,7,task_family_mean,0.012,0.2935159817351598
larger_target,7_objects,facebook/opt-66b,OPT,tracking_shuffled_objects,7,task_family_mean,0.128,0.2935159817351598
larger_target,7_objects,mosaicml/mpt-30b,MPT,tracking_shuffled_objects,7,task_family_mean,0.156,0.2935159817351598
larger_target,7_objects,mosaicml/mpt-7b,MPT,tracking_shuffled_objects,7,task_family_mean,0.02,0.2935159817351598
larger_target,7_objects,facebook/xglm-564M,XGLM,tracking_shuffled_objects,7,task_family_mean,0.068,0.2935159817351598
larger_target,7_objects,facebook/xglm-1.7B,XGLM,tracking_shuffled_objects,7,task_family_mean,0.112,0.2935159817351598
larger_target,7_objects,facebook/xglm-4.5B,XGLM,tracking_shuffled_objects,7,task_family_mean,0.0,0.2935159817351598
larger_target,7_objects,facebook/xglm-7.5B,XGLM,tracking_shuffled_objects,7,task_family_mean,0.0,0.2935159817351598
larger_target,7_objects,codellama/CodeLlama-7b-hf,CodeLlama,tracking_shuffled_objects,7,task_family_mean,0.18,0.2935159817351598
larger_target,7_objects,codellama/CodeLlama-13b-hf,CodeLlama,tracking_shuffled_objects,7,task_family_mean,0.132,0.2935159817351598
larger_target,7_objects,codellama/CodeLlama-34b-hf,CodeLlama,tracking_shuffled_objects,7,task_family_mean,0.404,0.2935159817351598
larger_target,7_objects,codellama/CodeLlama-70b-hf,CodeLlama,tracking_shuffled_objects,7,task_family_mean,0.648,0.2935159817351598
larger_target,7_objects,bigcode/starcoderbase-1b,StarCoder,tracking_shuffled_objects,7,task_family_mean,0.132,0.2935159817351598
larger_target,7_objects,bigcode/starcoderbase-3b,StarCoder,tracking_shuffled_objects,7,task_family_mean,0.148,0.2935159817351598
larger_target,7_objects,bigcode/starcoderbase-7b,StarCoder,tracking_shuffled_objects,7,task_family_mean,0.112,0.2935159817351598
larger_target,7_objects,bigcode/starcoderbase,StarCoder,tracking_shuffled_objects,7,task_family_mean,0.204,0.2935159817351598
larger_target,7_objects,bigcode/starcoder2-15b,StarCoder2,tracking_shuffled_objects,7,task_family_mean,0.656,0.2935159817351598
larger_target,7_objects,bigcode/starcoder2-7b,StarCoder2,tracking_shuffled_objects,7,task_family_mean,0.2,0.2935159817351598
larger_target,7_objects,bigcode/starcoder2-3b,StarCoder2,tracking_shuffled_objects,7,task_family_mean,0.16,0.2935159817351598
larger_target,7_objects,deepseek-ai/deepseek-coder-1.3b-base,DeepSeek-Coder,tracking_shuffled_objects,7,task_family_mean,0.128,0.2935159817351598
larger_target,7_objects,deepseek-ai/deepseek-coder-6.7b-base,DeepSeek-Coder,tracking_shuffled_objects,7,task_family_mean,0.244,0.2935159817351598
larger_target,7_objects,deepseek-ai/deepseek-coder-33b-base,DeepSeek-Coder,tracking_shuffled_objects,7,task_family_mean,0.268,0.2935159817351598
larger_target,7_objects,meta-llama/Llama-2-7b-hf,Llama-2,logical_deduction,7,PC1,0.2497142857142857,0.35093088943054496
larger_target,7_objects,meta-llama/Llama-2-13b-hf,Llama-2,logical_deduction,7,PC1,0.4217142857142857,0.39914935766227616
larger_target,7_objects,meta-llama/Llama-2-70b-hf,Llama-2,logical_deduction,7,PC1,0.4531428571428572,0.5643513235007673
larger_target,7_objects,huggyllama/llama-7b,Llama,logical_deduction,7,PC1,0.152,0.29119155243173117
larger_target,7_objects,huggyllama/llama-13b,Llama,logical_deduction,7,PC1,0.192,0.3611398692338194
larger_target,7_objects,huggyllama/llama-30b,Llama,logical_deduction,7,PC1,0.3114285714285714,0.4383836386906809
larger_target,7_objects,huggyllama/llama-65b,Llama,logical_deduction,7,PC1,0.424,0.4977788607523886
larger_target,7_objects,Qwen/Qwen1.5-72B,Qwen1.5,logical_deduction,7,PC1,0.1725714285714285,0.6260159449272557
larger_target,7_objects,Qwen/Qwen1.5-32B,Qwen1.5,logical_deduction,7,PC1,0.0731428571428571,0.5874183905018929
larger_target,7_objects,Qwen/Qwen1.5-14B,Qwen1.5,logical_deduction,7,PC1,0.228,0.5206534494285372
larger_target,7_objects,Qwen/Qwen1.5-7B,Qwen1.5,logical_deduction,7,PC1,0.0154285714285714,0.4611594509683729
larger_target,7_objects,Qwen/Qwen1.5-4B,Qwen1.5,logical_deduction,7,PC1,0.2371428571428571,0.3803163387877882
larger_target,7_objects,Qwen/Qwen1.5-1.8B,Qwen1.5,logical_deduction,7,PC1,0.0108571428571428,0.25967849317424385
larger_target,7_objects,Qwen/Qwen1.5-0.5B,Qwen1.5,logical_deduction,7,PC1,0.0137142857142857,0.18641111432129873
larger_target,7_objects,Qwen/Qwen-72B,Qwen,logical_deduction,7,PC1,0.1885714285714285,0.6314193064119188
larger_target,7_objects,Qwen/Qwen-14B,Qwen,logical_deduction,7,PC1,0.324,0.5220010666066116
larger_target,7_objects,Qwen/Qwen-7B,Qwen,logical_deduction,7,PC1,0.2577142857142857,0.42887928122154906
larger_target,7_objects,mistralai/Mistral-7B-v0.1,Mistral,logical_deduction,7,PC1,0.3937142857142857,0.4707544880892766
larger_target,7_objects,mistralai/Mixtral-8x7B-v0.1,Mixtral,logical_deduction,7,PC1,0.4045714285714286,0.5608604215759952
larger_target,7_objects,01-ai/Yi-6B,Yi,logical_deduction,7,PC1,0.3182857142857143,0.38547909845440753
larger_target,7_objects,01-ai/Yi-34B,Yi,logical_deduction,7,PC1,0.4028571428571428,0.5837538569721508
larger_target,7_objects,google/gemma-7b,Gemma,logical_deduction,7,PC1,0.376,0.5043024958042884
larger_target,7_objects,google/gemma-2b,Gemma,logical_deduction,7,PC1,0.1074285714285714,0.2846479968623546
larger_target,7_objects,tiiuae/falcon-40b,Falcon,logical_deduction,7,PC1,0.1714285714285714,0.45286974637465877
larger_target,7_objects,tiiuae/falcon-7b,Falcon,logical_deduction,7,PC1,0.1474285714285714,0.278661975727877
larger_target,7_objects,tiiuae/falcon-rw-1b,Falcon,logical_deduction,7,PC1,0.1325714285714286,0.17604355605466043
larger_target,7_objects,microsoft/phi-2,Phi,logical_deduction,7,PC1,0.424,0.3850454949218791
larger_target,7_objects,microsoft/phi-1_5,Phi,logical_deduction,7,PC1,0.1782857142857142,0.2644108974741085
larger_target,7_objects,EleutherAI/pythia-1b-deduped,Pythia,logical_deduction,7,PC1,0.096,0.14968236256368556
larger_target,7_objects,EleutherAI/pythia-410m-deduped,Pythia,logical_deduction,7,PC1,0.0531428571428571,0.13890484248457924
larger_target,7_objects,EleutherAI/pythia-6.9b-deduped,Pythia,logical_deduction,7,PC1,0.1297142857142857,0.21661208963711387
larger_target,7_objects,EleutherAI/pythia-2.8b-deduped,Pythia,logical_deduction,7,PC1,0.1154285714285714,0.19188377117197214
larger_target,7_objects,EleutherAI/pythia-12b-deduped,Pythia,logical_deduction,7,PC1,0.1462857142857143,0.22625328804634995
larger_target,7_objects,EleutherAI/pythia-70m-deduped,Pythia,logical_deduction,7,PC1,0.0645714285714285,0.12152823808561931
larger_target,7_objects,EleutherAI/pythia-1.4b-deduped,Pythia,logical_deduction,7,PC1,0.132,0.1713478361604962
larger_target,7_objects,EleutherAI/pythia-160m-deduped,Pythia,logical_deduction,7,PC1,0.028,0.127699995918549
larger_target,7_objects,bigscience/bloom-560m,BLOOM,logical_deduction,7,PC1,0.124,0.13857914647635344
larger_target,7_objects,bigscience/bloom-1b1,BLOOM,logical_deduction,7,PC1,0.1382857142857143,0.15861129086266015
larger_target,7_objects,bigscience/bloom-3b,BLOOM,logical_deduction,7,PC1,0.1222857142857142,0.19359028302795234
larger_target,7_objects,bigscience/bloom-7b1,BLOOM,logical_deduction,7,PC1,0.1605714285714285,0.22968340190730713
larger_target,7_objects,EleutherAI/gpt-neox-20b,GPT-Neo/J,logical_deduction,7,PC1,0.1611428571428571,0.25082923868771073
larger_target,7_objects,EleutherAI/gpt-neo-2.7B,GPT-Neo/J,logical_deduction,7,PC1,0.0502857142857142,0.17803002901827017
larger_target,7_objects,EleutherAI/gpt-neo-1.3B,GPT-Neo/J,logical_deduction,7,PC1,0.1331428571428571,0.1576170591164038
larger_target,7_objects,EleutherAI/gpt-neo-125m,GPT-Neo/J,logical_deduction,7,PC1,0.0222857142857142,0.1258286386022481
larger_target,7_objects,EleutherAI/gpt-j-6b,GPT-Neo/J,logical_deduction,7,PC1,0.1291428571428571,0.23059339092937386
larger_target,7_objects,facebook/opt-6.7b,OPT,logical_deduction,7,PC1,0.1314285714285714,0.20401956759808423
larger_target,7_objects,facebook/opt-1.3b,OPT,logical_deduction,7,PC1,0.0514285714285714,0.16140143250466113
larger_target,7_objects,facebook/opt-350m,OPT,logical_deduction,7,PC1,0.0377142857142857,0.12867207035808637
larger_target,7_objects,facebook/opt-13b,OPT,logical_deduction,7,PC1,0.1297142857142857,0.21528835562398924
larger_target,7_objects,facebook/opt-2.7b,OPT,logical_deduction,7,PC1,0.1188571428571428,0.18059298874317561
larger_target,7_objects,facebook/opt-30b,OPT,logical_deduction,7,PC1,0.1725714285714285,0.23744628524124528
larger_target,7_objects,facebook/opt-125m,OPT,logical_deduction,7,PC1,0.016,0.12244426895485526
larger_target,7_objects,facebook/opt-66b,OPT,logical_deduction,7,PC1,0.1314285714285714,0.24828945081603393
larger_target,7_objects,mosaicml/mpt-30b,MPT,logical_deduction,7,PC1,0.3257142857142857,0.3729550494873184
larger_target,7_objects,mosaicml/mpt-7b,MPT,logical_deduction,7,PC1,0.1851428571428571,0.2742481752617945
larger_target,7_objects,facebook/xglm-564M,XGLM,logical_deduction,7,PC1,0.1377142857142857,0.1358216741342455
larger_target,7_objects,facebook/xglm-1.7B,XGLM,logical_deduction,7,PC1,0.172,0.15166569102804647
larger_target,7_objects,facebook/xglm-4.5B,XGLM,logical_deduction,7,PC1,0.0725714285714285,0.17460871851562793
larger_target,7_objects,facebook/xglm-7.5B,XGLM,logical_deduction,7,PC1,0.0788571428571428,0.19937556268154136
larger_target,7_objects,codellama/CodeLlama-7b-hf,CodeLlama,logical_deduction,7,PC1,0.2862857142857142,0.2378421162306603
larger_target,7_objects,codellama/CodeLlama-13b-hf,CodeLlama,logical_deduction,7,PC1,0.3434285714285714,0.27403784758186206
larger_target,7_objects,codellama/CodeLlama-34b-hf,CodeLlama,logical_deduction,7,PC1,0.4005714285714286,0.4020007024501924
larger_target,7_objects,codellama/CodeLlama-70b-hf,CodeLlama,logical_deduction,7,PC1,0.4365714285714285,0.4364702325020258
larger_target,7_objects,bigcode/starcoderbase-1b,StarCoder,logical_deduction,7,PC1,0.1228571428571428,0.13575602162715023
larger_target,7_objects,bigcode/starcoderbase-3b,StarCoder,logical_deduction,7,PC1,0.1685714285714285,0.1478157385919635
larger_target,7_objects,bigcode/starcoderbase-7b,StarCoder,logical_deduction,7,PC1,0.1531428571428571,0.16195738935130882
larger_target,7_objects,bigcode/starcoderbase,StarCoder,logical_deduction,7,PC1,0.2685714285714285,0.1724924118767329
larger_target,7_objects,bigcode/starcoder2-15b,StarCoder2,logical_deduction,7,PC1,0.3377142857142857,0.33956211172750445
larger_target,7_objects,bigcode/starcoder2-7b,StarCoder2,logical_deduction,7,PC1,0.4262857142857142,0.23019447101855647
larger_target,7_objects,bigcode/starcoder2-3b,StarCoder2,logical_deduction,7,PC1,0.2771428571428572,0.1955064399588943
larger_target,7_objects,deepseek-ai/deepseek-coder-1.3b-base,DeepSeek-Coder,logical_deduction,7,PC1,0.1502857142857142,0.15062033048606735
larger_target,7_objects,deepseek-ai/deepseek-coder-6.7b-base,DeepSeek-Coder,logical_deduction,7,PC1,0.2565714285714285,0.22651126363444485
larger_target,7_objects,deepseek-ai/deepseek-coder-33b-base,DeepSeek-Coder,logical_deduction,7,PC1,0.296,0.27323018478124816
larger_target,7_objects,meta-llama/Llama-2-7b-hf,Llama-2,tracking_shuffled_objects,7,PC1,0.152,0.35093088943054496
larger_target,7_objects,meta-llama/Llama-2-13b-hf,Llama-2,tracking_shuffled_objects,7,PC1,0.168,0.39914935766227616
larger_target,7_objects,meta-llama/Llama-2-70b-hf,Llama-2,tracking_shuffled_objects,7,PC1,0.62,0.5643513235007673
larger_target,7_objects,huggyllama/llama-7b,Llama,tracking_shuffled_objects,7,PC1,0.096,0.29119155243173117
larger_target,7_objects,huggyllama/llama-13b,Llama,tracking_shuffled_objects,7,PC1,0.076,0.3611398692338194
larger_target,7_objects,huggyllama/llama-30b,Llama,tracking_shuffled_objects,7,PC1,0.148,0.4383836386906809
larger_target,7_objects,huggyllama/llama-65b,Llama,tracking_shuffled_objects,7,PC1,0.308,0.4977788607523886
larger_target,7_objects,Qwen/Qwen1.5-72B,Qwen1.5,tracking_shuffled_objects,7,PC1,0.388,0.6260159449272557
larger_target,7_objects,Qwen/Qwen1.5-32B,Qwen1.5,tracking_shuffled_objects,7,PC1,0.364,0.5874183905018929
larger_target,7_objects,Qwen/Qwen1.5-14B,Qwen1.5,tracking_shuffled_objects,7,PC1,0.408,0.5206534494285372
larger_target,7_objects,Qwen/Qwen1.5-7B,Qwen1.5,tracking_shuffled_objects,7,PC1,0.076,0.4611594509683729
larger_target,7_objects,Qwen/Qwen1.5-4B,Qwen1.5,tracking_shuffled_objects,7,PC1,0.1411428571428571,0.3803163387877882
larger_target,7_objects,Qwen/Qwen1.5-1.8B,Qwen1.5,tracking_shuffled_objects,7,PC1,0.0428571428571428,0.25967849317424385
larger_target,7_objects,Qwen/Qwen1.5-0.5B,Qwen1.5,tracking_shuffled_objects,7,PC1,0.028,0.18641111432129873
larger_target,7_objects,Qwen/Qwen-72B,Qwen,tracking_shuffled_objects,7,PC1,0.544,0.6314193064119188
larger_target,7_objects,Qwen/Qwen-14B,Qwen,tracking_shuffled_objects,7,PC1,0.0,0.5220010666066116
larger_target,7_objects,Qwen/Qwen-7B,Qwen,tracking_shuffled_objects,7,PC1,0.1348571428571428,0.42887928122154906
larger_target,7_objects,mistralai/Mistral-7B-v0.1,Mistral,tracking_shuffled_objects,7,PC1,0.2,0.4707544880892766
larger_target,7_objects,mistralai/Mixtral-8x7B-v0.1,Mixtral,tracking_shuffled_objects,7,PC1,0.64,0.5608604215759952
larger_target,7_objects,01-ai/Yi-6B,Yi,tracking_shuffled_objects,7,PC1,0.136,0.38547909845440753
larger_target,7_objects,01-ai/Yi-34B,Yi,tracking_shuffled_objects,7,PC1,0.0,0.5837538569721508
larger_target,7_objects,google/gemma-7b,Gemma,tracking_shuffled_objects,7,PC1,0.376,0.5043024958042884
larger_target,7_objects,google/gemma-2b,Gemma,tracking_shuffled_objects,7,PC1,0.12,0.2846479968623546
larger_target,7_objects,tiiuae/falcon-40b,Falcon,tracking_shuffled_objects,7,PC1,0.14,0.45286974637465877
larger_target,7_objects,tiiuae/falcon-7b,Falcon,tracking_shuffled_objects,7,PC1,0.0,0.278661975727877
larger_target,7_objects,tiiuae/falcon-rw-1b,Falcon,tracking_shuffled_objects,7,PC1,0.028,0.17604355605466043
larger_target,7_objects,microsoft/phi-2,Phi,tracking_shuffled_objects,7,PC1,0.86,0.3850454949218791
larger_target,7_objects,microsoft/phi-1_5,Phi,tracking_shuffled_objects,7,PC1,0.072,0.2644108974741085
larger_target,7_objects,EleutherAI/pythia-1b-deduped,Pythia,tracking_shuffled_objects,7,PC1,0.104,0.14968236256368556
larger_target,7_objects,EleutherAI/pythia-410m-deduped,Pythia,tracking_shuffled_objects,7,PC1,0.056,0.13890484248457924
larger_target,7_objects,EleutherAI/pythia-6.9b-deduped,Pythia,tracking_shuffled_objects,7,PC1,0.048,0.21661208963711387
larger_target,7_objects,EleutherAI/pythia-2.8b-deduped,Pythia,tracking_shuffled_objects,7,PC1,0.104,0.19188377117197214
larger_target,7_objects,EleutherAI/pythia-12b-deduped,Pythia,tracking_shuffled_objects,7,PC1,0.056,0.22625328804634995
larger_target,7_objects,EleutherAI/pythia-70m-deduped,Pythia,tracking_shuffled_objects,7,PC1,0.0,0.12152823808561931
larger_target,7_objects,EleutherAI/pythia-1.4b-deduped,Pythia,tracking_shuffled_objects,7,PC1,0.156,0.1713478361604962
larger_target,7_objects,EleutherAI/pythia-160m-deduped,Pythia,tracking_shuffled_objects,7,PC1,0.008,0.127699995918549
larger_target,7_objects,bigscience/bloom-560m,BLOOM,tracking_shuffled_objects,7,PC1,0.0697142857142857,0.13857914647635344
larger_target,7_objects,bigscience/bloom-1b1,BLOOM,tracking_shuffled_objects,7,PC1,0.1302857142857142,0.15861129086266015
larger_target,7_objects,bigscience/bloom-3b,BLOOM,tracking_shuffled_objects,7,PC1,0.1125714285714285,0.19359028302795234
larger_target,7_objects,bigscience/bloom-7b1,BLOOM,tracking_shuffled_objects,7,PC1,0.008,0.22968340190730713
larger_target,7_objects,EleutherAI/gpt-neox-20b,GPT-Neo/J,tracking_shuffled_objects,7,PC1,0.08,0.25082923868771073
larger_target,7_objects,EleutherAI/gpt-neo-2.7B,GPT-Neo/J,tracking_shuffled_objects,7,PC1,0.056,0.17803002901827017
larger_target,7_objects,EleutherAI/gpt-neo-1.3B,GPT-Neo/J,tracking_shuffled_objects,7,PC1,0.112,0.1576170591164038
larger_target,7_objects,EleutherAI/gpt-neo-125m,GPT-Neo/J,tracking_shuffled_objects,7,PC1,0.012,0.1258286386022481
larger_target,7_objects,EleutherAI/gpt-j-6b,GPT-Neo/J,tracking_shuffled_objects,7,PC1,0.104,0.23059339092937386
larger_target,7_objects,facebook/opt-6.7b,OPT,tracking_shuffled_objects,7,PC1,0.128,0.20401956759808423
larger_target,7_objects,facebook/opt-1.3b,OPT,tracking_shuffled_objects,7,PC1,0.0,0.16140143250466113
larger_target,7_objects,facebook/opt-350m,OPT,tracking_shuffled_objects,7,PC1,0.02,0.12867207035808637
larger_target,7_objects,facebook/opt-13b,OPT,tracking_shuffled_objects,7,PC1,0.112,0.21528835562398924
larger_target,7_objects,facebook/opt-2.7b,OPT,tracking_shuffled_objects,7,PC1,0.14,0.18059298874317561
larger_target,7_objects,facebook/opt-30b,OPT,tracking_shuffled_objects,7,PC1,0.18,0.23744628524124528
larger_target,7_objects,facebook/opt-125m,OPT,tracking_shuffled_objects,7,PC1,0.012,0.12244426895485526
larger_target,7_objects,facebook/opt-66b,OPT,tracking_shuffled_objects,7,PC1,0.128,0.24828945081603393
larger_target,7_objects,mosaicml/mpt-30b,MPT,tracking_shuffled_objects,7,PC1,0.156,0.3729550494873184
larger_target,7_objects,mosaicml/mpt-7b,MPT,tracking_shuffled_objects,7,PC1,0.02,0.2742481752617945
larger_target,7_objects,facebook/xglm-564M,XGLM,tracking_shuffled_objects,7,PC1,0.068,0.1358216741342455
larger_target,7_objects,facebook/xglm-1.7B,XGLM,tracking_shuffled_objects,7,PC1,0.112,0.15166569102804647
larger_target,7_objects,facebook/xglm-4.5B,XGLM,tracking_shuffled_objects,7,PC1,0.0,0.17460871851562793
larger_target,7_objects,facebook/xglm-7.5B,XGLM,tracking_shuffled_objects,7,PC1,0.0,0.19937556268154136
larger_target,7_objects,codellama/CodeLlama-7b-hf,CodeLlama,tracking_shuffled_objects,7,PC1,0.18,0.2378421162306603
larger_target,7_objects,codellama/CodeLlama-13b-hf,CodeLlama,tracking_shuffled_objects,7,PC1,0.132,0.27403784758186206
larger_target,7_objects,codellama/CodeLlama-34b-hf,CodeLlama,tracking_shuffled_objects,7,PC1,0.404,0.4020007024501924
larger_target,7_objects,codellama/CodeLlama-70b-hf,CodeLlama,tracking_shuffled_objects,7,PC1,0.648,0.4364702325020258
larger_target,7_objects,bigcode/starcoderbase-1b,StarCoder,tracking_shuffled_objects,7,PC1,0.132,0.13575602162715023
larger_target,7_objects,bigcode/starcoderbase-3b,StarCoder,tracking_shuffled_objects,7,PC1,0.148,0.1478157385919635
larger_target,7_objects,bigcode/starcoderbase-7b,StarCoder,tracking_shuffled_objects,7,PC1,0.112,0.16195738935130882
larger_target,7_objects,bigcode/starcoderbase,StarCoder,tracking_shuffled_objects,7,PC1,0.204,0.1724924118767329
larger_target,7_objects,bigcode/starcoder2-15b,StarCoder2,tracking_shuffled_objects,7,PC1,0.656,0.33956211172750445
larger_target,7_objects,bigcode/starcoder2-7b,StarCoder2,tracking_shuffled_objects,7,PC1,0.2,0.23019447101855647
larger_target,7_objects,bigcode/starcoder2-3b,StarCoder2,tracking_shuffled_objects,7,PC1,0.16,0.1955064399588943
larger_target,7_objects,deepseek-ai/deepseek-coder-1.3b-base,DeepSeek-Coder,tracking_shuffled_objects,7,PC1,0.128,0.15062033048606735
larger_target,7_objects,deepseek-ai/deepseek-coder-6.7b-base,DeepSeek-Coder,tracking_shuffled_objects,7,PC1,0.244,0.22651126363444485
larger_target,7_objects,deepseek-ai/deepseek-coder-33b-base,DeepSeek-Coder,tracking_shuffled_objects,7,PC1,0.268,0.27323018478124816
larger_target,7_objects,meta-llama/Llama-2-7b-hf,Llama-2,logical_deduction,7,PC3,0.2497142857142857,0.3655423122649423
larger_target,7_objects,meta-llama/Llama-2-13b-hf,Llama-2,logical_deduction,7,PC3,0.4217142857142857,0.4247363002707325
larger_target,7_objects,meta-llama/Llama-2-70b-hf,Llama-2,logical_deduction,7,PC3,0.4531428571428572,0.5645397464907261
larger_target,7_objects,huggyllama/llama-7b,Llama,logical_deduction,7,PC3,0.152,0.32967420663848446
larger_target,7_objects,huggyllama/llama-13b,Llama,logical_deduction,7,PC3,0.192,0.39338770366256165
larger_target,7_objects,huggyllama/llama-30b,Llama,logical_deduction,7,PC3,0.3114285714285714,0.4632248439718175
larger_target,7_objects,huggyllama/llama-65b,Llama,logical_deduction,7,PC3,0.424,0.5170323596892423
larger_target,7_objects,Qwen/Qwen1.5-72B,Qwen1.5,logical_deduction,7,PC3,0.1725714285714285,0.5797736528231977
larger_target,7_objects,Qwen/Qwen1.5-32B,Qwen1.5,logical_deduction,7,PC3,0.0731428571428571,0.5528874445155201
larger_target,7_objects,Qwen/Qwen1.5-14B,Qwen1.5,logical_deduction,7,PC3,0.228,0.4775591763247267
larger_target,7_objects,Qwen/Qwen1.5-7B,Qwen1.5,logical_deduction,7,PC3,0.0154285714285714,0.4266430390748771
larger_target,7_objects,Qwen/Qwen1.5-4B,Qwen1.5,logical_deduction,7,PC3,0.2371428571428571,0.357843173623226
larger_target,7_objects,Qwen/Qwen1.5-1.8B,Qwen1.5,logical_deduction,7,PC3,0.0108571428571428,0.25106340109688935
larger_target,7_objects,Qwen/Qwen1.5-0.5B,Qwen1.5,logical_deduction,7,PC3,0.0137142857142857,0.18501327920815017
larger_target,7_objects,Qwen/Qwen-72B,Qwen,logical_deduction,7,PC3,0.1885714285714285,0.5796497522359245
larger_target,7_objects,Qwen/Qwen-14B,Qwen,logical_deduction,7,PC3,0.324,0.4948950342035051
larger_target,7_objects,Qwen/Qwen-7B,Qwen,logical_deduction,7,PC3,0.2577142857142857,0.4117822025990581
larger_target,7_objects,mistralai/Mistral-7B-v0.1,Mistral,logical_deduction,7,PC3,0.3937142857142857,0.47863532468849757
larger_target,7_objects,mistralai/Mixtral-8x7B-v0.1,Mixtral,logical_deduction,7,PC3,0.4045714285714286,0.5570164694692818
larger_target,7_objects,01-ai/Yi-6B,Yi,logical_deduction,7,PC3,0.3182857142857143,0.40215604665966437
larger_target,7_objects,01-ai/Yi-34B,Yi,logical_deduction,7,PC3,0.4028571428571428,0.5585201581140059
larger_target,7_objects,google/gemma-7b,Gemma,logical_deduction,7,PC3,0.376,0.49852928025928445
larger_target,7_objects,google/gemma-2b,Gemma,logical_deduction,7,PC3,0.1074285714285714,0.30267985053286034
larger_target,7_objects,tiiuae/falcon-40b,Falcon,logical_deduction,7,PC3,0.1714285714285714,0.47610451697461686
larger_target,7_objects,tiiuae/falcon-7b,Falcon,logical_deduction,7,PC3,0.1474285714285714,0.3106477311616741
larger_target,7_objects,tiiuae/falcon-rw-1b,Falcon,logical_deduction,7,PC3,0.1325714285714286,0.20702776516948662
larger_target,7_objects,microsoft/phi-2,Phi,logical_deduction,7,PC3,0.424,0.44722333177063184
larger_target,7_objects,microsoft/phi-1_5,Phi,logical_deduction,7,PC3,0.1782857142857142,0.3262007194233956
larger_target,7_objects,EleutherAI/pythia-1b-deduped,Pythia,logical_deduction,7,PC3,0.096,0.14973186312002926
larger_target,7_objects,EleutherAI/pythia-410m-deduped,Pythia,logical_deduction,7,PC3,0.0531428571428571,0.13520815395660826
larger_target,7_objects,EleutherAI/pythia-6.9b-deduped,Pythia,logical_deduction,7,PC3,0.1297142857142857,0.23538259330984954
larger_target,7_objects,EleutherAI/pythia-2.8b-deduped,Pythia,logical_deduction,7,PC3,0.1154285714285714,0.19963106688502938
larger_target,7_objects,EleutherAI/pythia-12b-deduped,Pythia,logical_deduction,7,PC3,0.1462857142857143,0.2482242575533732
larger_target,7_objects,EleutherAI/pythia-70m-deduped,Pythia,logical_deduction,7,PC3,0.0645714285714285,0.10484793718378321
larger_target,7_objects,EleutherAI/pythia-1.4b-deduped,Pythia,logical_deduction,7,PC3,0.132,0.17427959409032845
larger_target,7_objects,EleutherAI/pythia-160m-deduped,Pythia,logical_deduction,7,PC3,0.028,0.11589612744159908
larger_target,7_objects,bigscience/bloom-560m,BLOOM,logical_deduction,7,PC3,0.124,0.12339308129686936
larger_target,7_objects,bigscience/bloom-1b1,BLOOM,logical_deduction,7,PC3,0.1382857142857143,0.14432935848371725
larger_target,7_objects,bigscience/bloom-3b,BLOOM,logical_deduction,7,PC3,0.1222857142857142,0.18135956189604163
larger_target,7_objects,bigscience/bloom-7b1,BLOOM,logical_deduction,7,PC3,0.1605714285714285,0.22975978128874053
larger_target,7_objects,EleutherAI/gpt-neox-20b,GPT-Neo/J,logical_deduction,7,PC3,0.1611428571428571,0.2768050334122072
larger_target,7_objects,EleutherAI/gpt-neo-2.7B,GPT-Neo/J,logical_deduction,7,PC3,0.0502857142857142,0.18706535714785757
larger_target,7_objects,EleutherAI/gpt-neo-1.3B,GPT-Neo/J,logical_deduction,7,PC3,0.1331428571428571,0.16049360478300112
larger_target,7_objects,EleutherAI/gpt-neo-125m,GPT-Neo/J,logical_deduction,7,PC3,0.0222857142857142,0.11498470811415451
larger_target,7_objects,EleutherAI/gpt-j-6b,GPT-Neo/J,logical_deduction,7,PC3,0.1291428571428571,0.24429372800509877
larger_target,7_objects,facebook/opt-6.7b,OPT,logical_deduction,7,PC3,0.1314285714285714,0.23774736040292155
larger_target,7_objects,facebook/opt-1.3b,OPT,logical_deduction,7,PC3,0.0514285714285714,0.17380746514666945
larger_target,7_objects,facebook/opt-350m,OPT,logical_deduction,7,PC3,0.0377142857142857,0.12418390747620553
larger_target,7_objects,facebook/opt-13b,OPT,logical_deduction,7,PC3,0.1297142857142857,0.2542730961989732
larger_target,7_objects,facebook/opt-2.7b,OPT,logical_deduction,7,PC3,0.1188571428571428,0.20056234554916139
larger_target,7_objects,facebook/opt-30b,OPT,logical_deduction,7,PC3,0.1725714285714285,0.2796918847022704
larger_target,7_objects,facebook/opt-125m,OPT,logical_deduction,7,PC3,0.016,0.11552757772199601
larger_target,7_objects,facebook/opt-66b,OPT,logical_deduction,7,PC3,0.1314285714285714,0.290243206728226
larger_target,7_objects,mosaicml/mpt-30b,MPT,logical_deduction,7,PC3,0.3257142857142857,0.3992681868239389
larger_target,7_objects,mosaicml/mpt-7b,MPT,logical_deduction,7,PC3,0.1851428571428571,0.3076090091481666
larger_target,7_objects,facebook/xglm-564M,XGLM,logical_deduction,7,PC3,0.1377142857142857,0.12133696229321285
larger_target,7_objects,facebook/xglm-1.7B,XGLM,logical_deduction,7,PC3,0.172,0.13957565641550249
larger_target,7_objects,facebook/xglm-4.5B,XGLM,logical_deduction,7,PC3,0.0725714285714285,0.1684882414701725
larger_target,7_objects,facebook/xglm-7.5B,XGLM,logical_deduction,7,PC3,0.0788571428571428,0.19101637028655297
larger_target,7_objects,codellama/CodeLlama-7b-hf,CodeLlama,logical_deduction,7,PC3,0.2862857142857142,0.22759240686101992
larger_target,7_objects,codellama/CodeLlama-13b-hf,CodeLlama,logical_deduction,7,PC3,0.3434285714285714,0.25407818155561107
larger_target,7_objects,codellama/CodeLlama-34b-hf,CodeLlama,logical_deduction,7,PC3,0.4005714285714286,0.3973083859293964
larger_target,7_objects,codellama/CodeLlama-70b-hf,CodeLlama,logical_deduction,7,PC3,0.4365714285714285,0.43690340069755773
larger_target,7_objects,bigcode/starcoderbase-1b,StarCoder,logical_deduction,7,PC3,0.1228571428571428,0.11574792187725698
larger_target,7_objects,bigcode/starcoderbase-3b,StarCoder,logical_deduction,7,PC3,0.1685714285714285,0.12847920392220716
larger_target,7_objects,bigcode/starcoderbase-7b,StarCoder,logical_deduction,7,PC3,0.1531428571428571,0.15080259827341339
larger_target,7_objects,bigcode/starcoderbase,StarCoder,logical_deduction,7,PC3,0.2685714285714285,0.1643477136016486
larger_target,7_objects,bigcode/starcoder2-15b,StarCoder2,logical_deduction,7,PC3,0.3377142857142857,0.3160585353613386
larger_target,7_objects,bigcode/starcoder2-7b,StarCoder2,logical_deduction,7,PC3,0.4262857142857142,0.21852204371479889
larger_target,7_objects,bigcode/starcoder2-3b,StarCoder2,logical_deduction,7,PC3,0.2771428571428572,0.18253123340026714
larger_target,7_objects,deepseek-ai/deepseek-coder-1.3b-base,DeepSeek-Coder,logical_deduction,7,PC3,0.1502857142857142,0.13142219223244941
larger_target,7_objects,deepseek-ai/deepseek-coder-6.7b-base,DeepSeek-Coder,logical_deduction,7,PC3,0.2565714285714285,0.20604385059568484
larger_target,7_objects,deepseek-ai/deepseek-coder-33b-base,DeepSeek-Coder,logical_deduction,7,PC3,0.296,0.2573622582550339
larger_target,7_objects,meta-llama/Llama-2-7b-hf,Llama-2,tracking_shuffled_objects,7,PC3,0.152,0.3655423122649423
larger_target,7_objects,meta-llama/Llama-2-13b-hf,Llama-2,tracking_shuffled_objects,7,PC3,0.168,0.4247363002707325
larger_target,7_objects,meta-llama/Llama-2-70b-hf,Llama-2,tracking_shuffled_objects,7,PC3,0.62,0.5645397464907261
larger_target,7_objects,huggyllama/llama-7b,Llama,tracking_shuffled_objects,7,PC3,0.096,0.32967420663848446
larger_target,7_objects,huggyllama/llama-13b,Llama,tracking_shuffled_objects,7,PC3,0.076,0.39338770366256165
larger_target,7_objects,huggyllama/llama-30b,Llama,tracking_shuffled_objects,7,PC3,0.148,0.4632248439718175
larger_target,7_objects,huggyllama/llama-65b,Llama,tracking_shuffled_objects,7,PC3,0.308,0.5170323596892423
larger_target,7_objects,Qwen/Qwen1.5-72B,Qwen1.5,tracking_shuffled_objects,7,PC3,0.388,0.5797736528231977
larger_target,7_objects,Qwen/Qwen1.5-32B,Qwen1.5,tracking_shuffled_objects,7,PC3,0.364,0.5528874445155201
larger_target,7_objects,Qwen/Qwen1.5-14B,Qwen1.5,tracking_shuffled_objects,7,PC3,0.408,0.4775591763247267
larger_target,7_objects,Qwen/Qwen1.5-7B,Qwen1.5,tracking_shuffled_objects,7,PC3,0.076,0.4266430390748771
larger_target,7_objects,Qwen/Qwen1.5-4B,Qwen1.5,tracking_shuffled_objects,7,PC3,0.1411428571428571,0.357843173623226
larger_target,7_objects,Qwen/Qwen1.5-1.8B,Qwen1.5,tracking_shuffled_objects,7,PC3,0.0428571428571428,0.25106340109688935
larger_target,7_objects,Qwen/Qwen1.5-0.5B,Qwen1.5,tracking_shuffled_objects,7,PC3,0.028,0.18501327920815017
larger_target,7_objects,Qwen/Qwen-72B,Qwen,tracking_shuffled_objects,7,PC3,0.544,0.5796497522359245
larger_target,7_objects,Qwen/Qwen-14B,Qwen,tracking_shuffled_objects,7,PC3,0.0,0.4948950342035051
larger_target,7_objects,Qwen/Qwen-7B,Qwen,tracking_shuffled_objects,7,PC3,0.1348571428571428,0.4117822025990581
larger_target,7_objects,mistralai/Mistral-7B-v0.1,Mistral,tracking_shuffled_objects,7,PC3,0.2,0.47863532468849757
larger_target,7_objects,mistralai/Mixtral-8x7B-v0.1,Mixtral,tracking_shuffled_objects,7,PC3,0.64,0.5570164694692818
larger_target,7_objects,01-ai/Yi-6B,Yi,tracking_shuffled_objects,7,PC3,0.136,0.40215604665966437
larger_target,7_objects,01-ai/Yi-34B,Yi,tracking_shuffled_objects,7,PC3,0.0,0.5585201581140059
larger_target,7_objects,google/gemma-7b,Gemma,tracking_shuffled_objects,7,PC3,0.376,0.49852928025928445
larger_target,7_objects,google/gemma-2b,Gemma,tracking_shuffled_objects,7,PC3,0.12,0.30267985053286034
larger_target,7_objects,tiiuae/falcon-40b,Falcon,tracking_shuffled_objects,7,PC3,0.14,0.47610451697461686
larger_target,7_objects,tiiuae/falcon-7b,Falcon,tracking_shuffled_objects,7,PC3,0.0,0.3106477311616741
larger_target,7_objects,tiiuae/falcon-rw-1b,Falcon,tracking_shuffled_objects,7,PC3,0.028,0.20702776516948662
larger_target,7_objects,microsoft/phi-2,Phi,tracking_shuffled_objects,7,PC3,0.86,0.44722333177063184
larger_target,7_objects,microsoft/phi-1_5,Phi,tracking_shuffled_objects,7,PC3,0.072,0.3262007194233956
larger_target,7_objects,EleutherAI/pythia-1b-deduped,Pythia,tracking_shuffled_objects,7,PC3,0.104,0.14973186312002926
larger_target,7_objects,EleutherAI/pythia-410m-deduped,Pythia,tracking_shuffled_objects,7,PC3,0.056,0.13520815395660826
larger_target,7_objects,EleutherAI/pythia-6.9b-deduped,Pythia,tracking_shuffled_objects,7,PC3,0.048,0.23538259330984954
larger_target,7_objects,EleutherAI/pythia-2.8b-deduped,Pythia,tracking_shuffled_objects,7,PC3,0.104,0.19963106688502938
larger_target,7_objects,EleutherAI/pythia-12b-deduped,Pythia,tracking_shuffled_objects,7,PC3,0.056,0.2482242575533732
larger_target,7_objects,EleutherAI/pythia-70m-deduped,Pythia,tracking_shuffled_objects,7,PC3,0.0,0.10484793718378321
larger_target,7_objects,EleutherAI/pythia-1.4b-deduped,Pythia,tracking_shuffled_objects,7,PC3,0.156,0.17427959409032845
larger_target,7_objects,EleutherAI/pythia-160m-deduped,Pythia,tracking_shuffled_objects,7,PC3,0.008,0.11589612744159908
larger_target,7_objects,bigscience/bloom-560m,BLOOM,tracking_shuffled_objects,7,PC3,0.0697142857142857,0.12339308129686936
larger_target,7_objects,bigscience/bloom-1b1,BLOOM,tracking_shuffled_objects,7,PC3,0.1302857142857142,0.14432935848371725
larger_target,7_objects,bigscience/bloom-3b,BLOOM,tracking_shuffled_objects,7,PC3,0.1125714285714285,0.18135956189604163
larger_target,7_objects,bigscience/bloom-7b1,BLOOM,tracking_shuffled_objects,7,PC3,0.008,0.22975978128874053
larger_target,7_objects,EleutherAI/gpt-neox-20b,GPT-Neo/J,tracking_shuffled_objects,7,PC3,0.08,0.2768050334122072
larger_target,7_objects,EleutherAI/gpt-neo-2.7B,GPT-Neo/J,tracking_shuffled_objects,7,PC3,0.056,0.18706535714785757
larger_target,7_objects,EleutherAI/gpt-neo-1.3B,GPT-Neo/J,tracking_shuffled_objects,7,PC3,0.112,0.16049360478300112
larger_target,7_objects,EleutherAI/gpt-neo-125m,GPT-Neo/J,tracking_shuffled_objects,7,PC3,0.012,0.11498470811415451
larger_target,7_objects,EleutherAI/gpt-j-6b,GPT-Neo/J,tracking_shuffled_objects,7,PC3,0.104,0.24429372800509877
larger_target,7_objects,facebook/opt-6.7b,OPT,tracking_shuffled_objects,7,PC3,0.128,0.23774736040292155
larger_target,7_objects,facebook/opt-1.3b,OPT,tracking_shuffled_objects,7,PC3,0.0,0.17380746514666945
larger_target,7_objects,facebook/opt-350m,OPT,tracking_shuffled_objects,7,PC3,0.02,0.12418390747620553
larger_target,7_objects,facebook/opt-13b,OPT,tracking_shuffled_objects,7,PC3,0.112,0.2542730961989732
larger_target,7_objects,facebook/opt-2.7b,OPT,tracking_shuffled_objects,7,PC3,0.14,0.20056234554916139
larger_target,7_objects,facebook/opt-30b,OPT,tracking_shuffled_objects,7,PC3,0.18,0.2796918847022704
larger_target,7_objects,facebook/opt-125m,OPT,tracking_shuffled_objects,7,PC3,0.012,0.11552757772199601
larger_target,7_objects,facebook/opt-66b,OPT,tracking_shuffled_objects,7,PC3,0.128,0.290243206728226
larger_target,7_objects,mosaicml/mpt-30b,MPT,tracking_shuffled_objects,7,PC3,0.156,0.3992681868239389
larger_target,7_objects,mosaicml/mpt-7b,MPT,tracking_shuffled_objects,7,PC3,0.02,0.3076090091481666
larger_target,7_objects,facebook/xglm-564M,XGLM,tracking_shuffled_objects,7,PC3,0.068,0.12133696229321285
larger_target,7_objects,facebook/xglm-1.7B,XGLM,tracking_shuffled_objects,7,PC3,0.112,0.13957565641550249
larger_target,7_objects,facebook/xglm-4.5B,XGLM,tracking_shuffled_objects,7,PC3,0.0,0.1684882414701725
larger_target,7_objects,facebook/xglm-7.5B,XGLM,tracking_shuffled_objects,7,PC3,0.0,0.19101637028655297
larger_target,7_objects,codellama/CodeLlama-7b-hf,CodeLlama,tracking_shuffled_objects,7,PC3,0.18,0.22759240686101992
larger_target,7_objects,codellama/CodeLlama-13b-hf,CodeLlama,tracking_shuffled_objects,7,PC3,0.132,0.25407818155561107
larger_target,7_objects,codellama/CodeLlama-34b-hf,CodeLlama,tracking_shuffled_objects,7,PC3,0.404,0.3973083859293964
larger_target,7_objects,codellama/CodeLlama-70b-hf,CodeLlama,tracking_shuffled_objects,7,PC3,0.648,0.43690340069755773
larger_target,7_objects,bigcode/starcoderbase-1b,StarCoder,tracking_shuffled_objects,7,PC3,0.132,0.11574792187725698
larger_target,7_objects,bigcode/starcoderbase-3b,StarCoder,tracking_shuffled_objects,7,PC3,0.148,0.12847920392220716
larger_target,7_objects,bigcode/starcoderbase-7b,StarCoder,tracking_shuffled_objects,7,PC3,0.112,0.15080259827341339
larger_target,7_objects,bigcode/starcoderbase,StarCoder,tracking_shuffled_objects,7,PC3,0.204,0.1643477136016486
larger_target,7_objects,bigcode/starcoder2-15b,StarCoder2,tracking_shuffled_objects,7,PC3,0.656,0.3160585353613386
larger_target,7_objects,bigcode/starcoder2-7b,StarCoder2,tracking_shuffled_objects,7,PC3,0.2,0.21852204371479889
larger_target,7_objects,bigcode/starcoder2-3b,StarCoder2,tracking_shuffled_objects,7,PC3,0.16,0.18253123340026714
larger_target,7_objects,deepseek-ai/deepseek-coder-1.3b-base,DeepSeek-Coder,tracking_shuffled_objects,7,PC3,0.128,0.13142219223244941
larger_target,7_objects,deepseek-ai/deepseek-coder-6.7b-base,DeepSeek-Coder,tracking_shuffled_objects,7,PC3,0.244,0.20604385059568484
larger_target,7_objects,deepseek-ai/deepseek-coder-33b-base,DeepSeek-Coder,tracking_shuffled_objects,7,PC3,0.268,0.2573622582550339
larger_target,7_objects,meta-llama/Llama-2-7b-hf,Llama-2,logical_deduction,7,PC3_count,0.2497142857142857,0.17830526225002957
larger_target,7_objects,meta-llama/Llama-2-13b-hf,Llama-2,logical_deduction,7,PC3_count,0.4217142857142857,0.2188921244252711
larger_target,7_objects,meta-llama/Llama-2-70b-hf,Llama-2,logical_deduction,7,PC3_count,0.4531428571428572,0.268968491902265
larger_target,7_objects,huggyllama/llama-7b,Llama,logical_deduction,7,PC3_count,0.152,0.16243677233270568
larger_target,7_objects,huggyllama/llama-13b,Llama,logical_deduction,7,PC3_count,0.192,0.18715731319225662
larger_target,7_objects,huggyllama/llama-30b,Llama,logical_deduction,7,PC3_count,0.3114285714285714,0.22011970328079242
larger_target,7_objects,huggyllama/llama-65b,Llama,logical_deduction,7,PC3_count,0.424,0.24058228866042983
larger_target,7_objects,Qwen/Qwen1.5-72B,Qwen1.5,logical_deduction,7,PC3_count,0.1725714285714285,0.23921675609853413
larger_target,7_objects,Qwen/Qwen1.5-32B,Qwen1.5,logical_deduction,7,PC3_count,0.0731428571428571,0.22405062615653137
larger_target,7_objects,Qwen/Qwen1.5-14B,Qwen1.5,logical_deduction,7,PC3_count,0.228,0.19453771779945422
larger_target,7_objects,Qwen/Qwen1.5-7B,Qwen1.5,logical_deduction,7,PC3_count,0.0154285714285714,0.17308422754398123
larger_target,7_objects,Qwen/Qwen1.5-4B,Qwen1.5,logical_deduction,7,PC3_count,0.2371428571428571,0.1413663035224561
larger_target,7_objects,Qwen/Qwen1.5-1.8B,Qwen1.5,logical_deduction,7,PC3_count,0.0108571428571428,0.10820022799951075
larger_target,7_objects,Qwen/Qwen1.5-0.5B,Qwen1.5,logical_deduction,7,PC3_count,0.0137142857142857,0.07979244367903145
larger_target,7_objects,Qwen/Qwen-72B,Qwen,logical_deduction,7,PC3_count,0.1885714285714285,0.23736602241032348
larger_target,7_objects,Qwen/Qwen-14B,Qwen,logical_deduction,7,PC3_count,0.324,0.21336493406206095
larger_target,7_objects,Qwen/Qwen-7B,Qwen,logical_deduction,7,PC3_count,0.2577142857142857,0.17139672300548656
larger_target,7_objects,mistralai/Mistral-7B-v0.1,Mistral,logical_deduction,7,PC3_count,0.3937142857142857,0.22375278938776166
larger_target,7_objects,mistralai/Mixtral-8x7B-v0.1,Mixtral,logical_deduction,7,PC3_count,0.4045714285714286,0.2531512605285782
larger_target,7_objects,01-ai/Yi-6B,Yi,logical_deduction,7,PC3_count,0.3182857142857143,0.18038523015031302
larger_target,7_objects,01-ai/Yi-34B,Yi,logical_deduction,7,PC3_count,0.4028571428571428,0.23240337675569384
larger_target,7_objects,google/gemma-7b,Gemma,logical_deduction,7,PC3_count,0.376,0.22433919498700264
larger_target,7_objects,google/gemma-2b,Gemma,logical_deduction,7,PC3_count,0.1074285714285714,0.15121701707253699
larger_target,7_objects,tiiuae/falcon-40b,Falcon,logical_deduction,7,PC3_count,0.1714285714285714,0.22962311943786262
larger_target,7_objects,tiiuae/falcon-7b,Falcon,logical_deduction,7,PC3_count,0.1474285714285714,0.1599136309613656
larger_target,7_objects,tiiuae/falcon-rw-1b,Falcon,logical_deduction,7,PC3_count,0.1325714285714286,0.0908946337005362
larger_target,7_objects,microsoft/phi-2,Phi,logical_deduction,7,PC3_count,0.424,0.15603735540829328
larger_target,7_objects,microsoft/phi-1_5,Phi,logical_deduction,7,PC3_count,0.1782857142857142,0.12108798507309833
larger_target,7_objects,EleutherAI/pythia-1b-deduped,Pythia,logical_deduction,7,PC3_count,0.096,0.06822613837561727
larger_target,7_objects,EleutherAI/pythia-410m-deduped,Pythia,logical_deduction,7,PC3_count,0.0531428571428571,0.059115534620125386
larger_target,7_objects,EleutherAI/pythia-6.9b-deduped,Pythia,logical_deduction,7,PC3_count,0.1297142857142857,0.11566979801925975
larger_target,7_objects,EleutherAI/pythia-2.8b-deduped,Pythia,logical_deduction,7,PC3_count,0.1154285714285714,0.09844325098328675
larger_target,7_objects,EleutherAI/pythia-12b-deduped,Pythia,logical_deduction,7,PC3_count,0.1462857142857143,0.1283800983240164
larger_target,7_objects,EleutherAI/pythia-70m-deduped,Pythia,logical_deduction,7,PC3_count,0.0645714285714285,0.04284944667827685
larger_target,7_objects,EleutherAI/pythia-1.4b-deduped,Pythia,logical_deduction,7,PC3_count,0.132,0.08061454122912182
larger_target,7_objects,EleutherAI/pythia-160m-deduped,Pythia,logical_deduction,7,PC3_count,0.028,0.04908270629114966
larger_target,7_objects,bigscience/bloom-560m,BLOOM,logical_deduction,7,PC3_count,0.124,0.056492842697751906
larger_target,7_objects,bigscience/bloom-1b1,BLOOM,logical_deduction,7,PC3_count,0.1382857142857143,0.06692511061855497
larger_target,7_objects,bigscience/bloom-3b,BLOOM,logical_deduction,7,PC3_count,0.1222857142857142,0.08772435083892949
larger_target,7_objects,bigscience/bloom-7b1,BLOOM,logical_deduction,7,PC3_count,0.1605714285714285,0.11355233567871145
larger_target,7_objects,EleutherAI/gpt-neox-20b,GPT-Neo/J,logical_deduction,7,PC3_count,0.1611428571428571,0.14790965983315138
larger_target,7_objects,EleutherAI/gpt-neo-2.7B,GPT-Neo/J,logical_deduction,7,PC3_count,0.0502857142857142,0.0825375504689102
larger_target,7_objects,EleutherAI/gpt-neo-1.3B,GPT-Neo/J,logical_deduction,7,PC3_count,0.1331428571428571,0.07146579366314572
larger_target,7_objects,EleutherAI/gpt-neo-125m,GPT-Neo/J,logical_deduction,7,PC3_count,0.0222857142857142,0.046809703593717784
larger_target,7_objects,EleutherAI/gpt-j-6b,GPT-Neo/J,logical_deduction,7,PC3_count,0.1291428571428571,0.1217996042148086
larger_target,7_objects,facebook/opt-6.7b,OPT,logical_deduction,7,PC3_count,0.1314285714285714,0.11041300557770642
larger_target,7_objects,facebook/opt-1.3b,OPT,logical_deduction,7,PC3_count,0.0514285714285714,0.07621177479173241
larger_target,7_objects,facebook/opt-350m,OPT,logical_deduction,7,PC3_count,0.0377142857142857,0.053913970171597256
larger_target,7_objects,facebook/opt-13b,OPT,logical_deduction,7,PC3_count,0.1297142857142857,0.12025056839702895
larger_target,7_objects,facebook/opt-2.7b,OPT,logical_deduction,7,PC3_count,0.1188571428571428,0.09001275377352203
larger_target,7_objects,facebook/opt-30b,OPT,logical_deduction,7,PC3_count,0.1725714285714285,0.13163583092999906
larger_target,7_objects,facebook/opt-125m,OPT,logical_deduction,7,PC3_count,0.016,0.04836651609406407
larger_target,7_objects,facebook/opt-66b,OPT,logical_deduction,7,PC3_count,0.1314285714285714,0.1382790375664037
larger_target,7_objects,mosaicml/mpt-30b,MPT,logical_deduction,7,PC3_count,0.3257142857142857,0.19302610561834044
larger_target,7_objects,mosaicml/mpt-7b,MPT,logical_deduction,7,PC3_count,0.1851428571428571,0.15912688628828997
larger_target,7_objects,facebook/xglm-564M,XGLM,logical_deduction,7,PC3_count,0.1377142857142857,0.05723036117282228
larger_target,7_objects,facebook/xglm-1.7B,XGLM,logical_deduction,7,PC3_count,0.172,0.07061539544639578
larger_target,7_objects,facebook/xglm-4.5B,XGLM,logical_deduction,7,PC3_count,0.0725714285714285,0.08718961773067836
larger_target,7_objects,facebook/xglm-7.5B,XGLM,logical_deduction,7,PC3_count,0.0788571428571428,0.09950798734673828
larger_target,7_objects,codellama/CodeLlama-7b-hf,CodeLlama,logical_deduction,7,PC3_count,0.2862857142857142,0.11647281406610992
larger_target,7_objects,codellama/CodeLlama-13b-hf,CodeLlama,logical_deduction,7,PC3_count,0.3434285714285714,0.11979887686387412
larger_target,7_objects,codellama/CodeLlama-34b-hf,CodeLlama,logical_deduction,7,PC3_count,0.4005714285714286,0.19187193198596406
larger_target,7_objects,codellama/CodeLlama-70b-hf,CodeLlama,logical_deduction,7,PC3_count,0.4365714285714285,0.20504876650853743
larger_target,7_objects,bigcode/starcoderbase-1b,StarCoder,logical_deduction,7,PC3_count,0.1228571428571428,0.050373405660871284
larger_target,7_objects,bigcode/starcoderbase-3b,StarCoder,logical_deduction,7,PC3_count,0.1685714285714285,0.05896647915716243
larger_target,7_objects,bigcode/starcoderbase-7b,StarCoder,logical_deduction,7,PC3_count,0.1531428571428571,0.06897160196512407
larger_target,7_objects,bigcode/starcoderbase,StarCoder,logical_deduction,7,PC3_count,0.2685714285714285,0.07382289389945355
larger_target,7_objects,bigcode/starcoder2-15b,StarCoder2,logical_deduction,7,PC3_count,0.3377142857142857,0.14528098563753883
larger_target,7_objects,bigcode/starcoder2-7b,StarCoder2,logical_deduction,7,PC3_count,0.4262857142857142,0.09149755354923916
larger_target,7_objects,bigcode/starcoder2-3b,StarCoder2,logical_deduction,7,PC3_count,0.2771428571428572,0.07900961200225305
larger_target,7_objects,deepseek-ai/deepseek-coder-1.3b-base,DeepSeek-Coder,logical_deduction,7,PC3_count,0.1502857142857142,0.060936629615691164
larger_target,7_objects,deepseek-ai/deepseek-coder-6.7b-base,DeepSeek-Coder,logical_deduction,7,PC3_count,0.2565714285714285,0.09580585697110397
larger_target,7_objects,deepseek-ai/deepseek-coder-33b-base,DeepSeek-Coder,logical_deduction,7,PC3_count,0.296,0.11713741316252328
larger_target,7_objects,meta-llama/Llama-2-7b-hf,Llama-2,tracking_shuffled_objects,7,PC3_count,0.152,0.17830526225002957
larger_target,7_objects,meta-llama/Llama-2-13b-hf,Llama-2,tracking_shuffled_objects,7,PC3_count,0.168,0.2188921244252711
larger_target,7_objects,meta-llama/Llama-2-70b-hf,Llama-2,tracking_shuffled_objects,7,PC3_count,0.62,0.268968491902265
larger_target,7_objects,huggyllama/llama-7b,Llama,tracking_shuffled_objects,7,PC3_count,0.096,0.16243677233270568
larger_target,7_objects,huggyllama/llama-13b,Llama,tracking_shuffled_objects,7,PC3_count,0.076,0.18715731319225662
larger_target,7_objects,huggyllama/llama-30b,Llama,tracking_shuffled_objects,7,PC3_count,0.148,0.22011970328079242
larger_target,7_objects,huggyllama/llama-65b,Llama,tracking_shuffled_objects,7,PC3_count,0.308,0.24058228866042983
larger_target,7_objects,Qwen/Qwen1.5-72B,Qwen1.5,tracking_shuffled_objects,7,PC3_count,0.388,0.23921675609853413
larger_target,7_objects,Qwen/Qwen1.5-32B,Qwen1.5,tracking_shuffled_objects,7,PC3_count,0.364,0.22405062615653137
larger_target,7_objects,Qwen/Qwen1.5-14B,Qwen1.5,tracking_shuffled_objects,7,PC3_count,0.408,0.19453771779945422
larger_target,7_objects,Qwen/Qwen1.5-7B,Qwen1.5,tracking_shuffled_objects,7,PC3_count,0.076,0.17308422754398123
larger_target,7_objects,Qwen/Qwen1.5-4B,Qwen1.5,tracking_shuffled_objects,7,PC3_count,0.1411428571428571,0.1413663035224561
larger_target,7_objects,Qwen/Qwen1.5-1.8B,Qwen1.5,tracking_shuffled_objects,7,PC3_count,0.0428571428571428,0.10820022799951075
larger_target,7_objects,Qwen/Qwen1.5-0.5B,Qwen1.5,tracking_shuffled_objects,7,PC3_count,0.028,0.07979244367903145
larger_target,7_objects,Qwen/Qwen-72B,Qwen,tracking_shuffled_objects,7,PC3_count,0.544,0.23736602241032348
larger_target,7_objects,Qwen/Qwen-14B,Qwen,tracking_shuffled_objects,7,PC3_count,0.0,0.21336493406206095
larger_target,7_objects,Qwen/Qwen-7B,Qwen,tracking_shuffled_objects,7,PC3_count,0.1348571428571428,0.17139672300548656
larger_target,7_objects,mistralai/Mistral-7B-v0.1,Mistral,tracking_shuffled_objects,7,PC3_count,0.2,0.22375278938776166
larger_target,7_objects,mistralai/Mixtral-8x7B-v0.1,Mixtral,tracking_shuffled_objects,7,PC3_count,0.64,0.2531512605285782
larger_target,7_objects,01-ai/Yi-6B,Yi,tracking_shuffled_objects,7,PC3_count,0.136,0.18038523015031302
larger_target,7_objects,01-ai/Yi-34B,Yi,tracking_shuffled_objects,7,PC3_count,0.0,0.23240337675569384
larger_target,7_objects,google/gemma-7b,Gemma,tracking_shuffled_objects,7,PC3_count,0.376,0.22433919498700264
larger_target,7_objects,google/gemma-2b,Gemma,tracking_shuffled_objects,7,PC3_count,0.12,0.15121701707253699
larger_target,7_objects,tiiuae/falcon-40b,Falcon,tracking_shuffled_objects,7,PC3_count,0.14,0.22962311943786262
larger_target,7_objects,tiiuae/falcon-7b,Falcon,tracking_shuffled_objects,7,PC3_count,0.0,0.1599136309613656
larger_target,7_objects,tiiuae/falcon-rw-1b,Falcon,tracking_shuffled_objects,7,PC3_count,0.028,0.0908946337005362
larger_target,7_objects,microsoft/phi-2,Phi,tracking_shuffled_objects,7,PC3_count,0.86,0.15603735540829328
larger_target,7_objects,microsoft/phi-1_5,Phi,tracking_shuffled_objects,7,PC3_count,0.072,0.12108798507309833
larger_target,7_objects,EleutherAI/pythia-1b-deduped,Pythia,tracking_shuffled_objects,7,PC3_count,0.104,0.06822613837561727
larger_target,7_objects,EleutherAI/pythia-410m-deduped,Pythia,tracking_shuffled_objects,7,PC3_count,0.056,0.059115534620125386
larger_target,7_objects,EleutherAI/pythia-6.9b-deduped,Pythia,tracking_shuffled_objects,7,PC3_count,0.048,0.11566979801925975
larger_target,7_objects,EleutherAI/pythia-2.8b-deduped,Pythia,tracking_shuffled_objects,7,PC3_count,0.104,0.09844325098328675
larger_target,7_objects,EleutherAI/pythia-12b-deduped,Pythia,tracking_shuffled_objects,7,PC3_count,0.056,0.1283800983240164
larger_target,7_objects,EleutherAI/pythia-70m-deduped,Pythia,tracking_shuffled_objects,7,PC3_count,0.0,0.04284944667827685
larger_target,7_objects,EleutherAI/pythia-1.4b-deduped,Pythia,tracking_shuffled_objects,7,PC3_count,0.156,0.08061454122912182
larger_target,7_objects,EleutherAI/pythia-160m-deduped,Pythia,tracking_shuffled_objects,7,PC3_count,0.008,0.04908270629114966
larger_target,7_objects,bigscience/bloom-560m,BLOOM,tracking_shuffled_objects,7,PC3_count,0.0697142857142857,0.056492842697751906
larger_target,7_objects,bigscience/bloom-1b1,BLOOM,tracking_shuffled_objects,7,PC3_count,0.1302857142857142,0.06692511061855497
larger_target,7_objects,bigscience/bloom-3b,BLOOM,tracking_shuffled_objects,7,PC3_count,0.1125714285714285,0.08772435083892949
larger_target,7_objects,bigscience/bloom-7b1,BLOOM,tracking_shuffled_objects,7,PC3_count,0.008,0.11355233567871145
larger_target,7_objects,EleutherAI/gpt-neox-20b,GPT-Neo/J,tracking_shuffled_objects,7,PC3_count,0.08,0.14790965983315138
larger_target,7_objects,EleutherAI/gpt-neo-2.7B,GPT-Neo/J,tracking_shuffled_objects,7,PC3_count,0.056,0.0825375504689102
larger_target,7_objects,EleutherAI/gpt-neo-1.3B,GPT-Neo/J,tracking_shuffled_objects,7,PC3_count,0.112,0.07146579366314572
larger_target,7_objects,EleutherAI/gpt-neo-125m,GPT-Neo/J,tracking_shuffled_objects,7,PC3_count,0.012,0.046809703593717784
larger_target,7_objects,EleutherAI/gpt-j-6b,GPT-Neo/J,tracking_shuffled_objects,7,PC3_count,0.104,0.1217996042148086
larger_target,7_objects,facebook/opt-6.7b,OPT,tracking_shuffled_objects,7,PC3_count,0.128,0.11041300557770642
larger_target,7_objects,facebook/opt-1.3b,OPT,tracking_shuffled_objects,7,PC3_count,0.0,0.07621177479173241
larger_target,7_objects,facebook/opt-350m,OPT,tracking_shuffled_objects,7,PC3_count,0.02,0.053913970171597256
larger_target,7_objects,facebook/opt-13b,OPT,tracking_shuffled_objects,7,PC3_count,0.112,0.12025056839702895
larger_target,7_objects,facebook/opt-2.7b,OPT,tracking_shuffled_objects,7,PC3_count,0.14,0.09001275377352203
larger_target,7_objects,facebook/opt-30b,OPT,tracking_shuffled_objects,7,PC3_count,0.18,0.13163583092999906
larger_target,7_objects,facebook/opt-125m,OPT,tracking_shuffled_objects,7,PC3_count,0.012,0.04836651609406407
larger_target,7_objects,facebook/opt-66b,OPT,tracking_shuffled_objects,7,PC3_count,0.128,0.1382790375664037
larger_target,7_objects,mosaicml/mpt-30b,MPT,tracking_shuffled_objects,7,PC3_count,0.156,0.19302610561834044
larger_target,7_objects,mosaicml/mpt-7b,MPT,tracking_shuffled_objects,7,PC3_count,0.02,0.15912688628828997
larger_target,7_objects,facebook/xglm-564M,XGLM,tracking_shuffled_objects,7,PC3_count,0.068,0.05723036117282228
larger_target,7_objects,facebook/xglm-1.7B,XGLM,tracking_shuffled_objects,7,PC3_count,0.112,0.07061539544639578
larger_target,7_objects,facebook/xglm-4.5B,XGLM,tracking_shuffled_objects,7,PC3_count,0.0,0.08718961773067836
larger_target,7_objects,facebook/xglm-7.5B,XGLM,tracking_shuffled_objects,7,PC3_count,0.0,0.09950798734673828
larger_target,7_objects,codellama/CodeLlama-7b-hf,CodeLlama,tracking_shuffled_objects,7,PC3_count,0.18,0.11647281406610992
larger_target,7_objects,codellama/CodeLlama-13b-hf,CodeLlama,tracking_shuffled_objects,7,PC3_count,0.132,0.11979887686387412
larger_target,7_objects,codellama/CodeLlama-34b-hf,CodeLlama,tracking_shuffled_objects,7,PC3_count,0.404,0.19187193198596406
larger_target,7_objects,codellama/CodeLlama-70b-hf,CodeLlama,tracking_shuffled_objects,7,PC3_count,0.648,0.20504876650853743
larger_target,7_objects,bigcode/starcoderbase-1b,StarCoder,tracking_shuffled_objects,7,PC3_count,0.132,0.050373405660871284
larger_target,7_objects,bigcode/starcoderbase-3b,StarCoder,tracking_shuffled_objects,7,PC3_count,0.148,0.05896647915716243
larger_target,7_objects,bigcode/starcoderbase-7b,StarCoder,tracking_shuffled_objects,7,PC3_count,0.112,0.06897160196512407
larger_target,7_objects,bigcode/starcoderbase,StarCoder,tracking_shuffled_objects,7,PC3_count,0.204,0.07382289389945355
larger_target,7_objects,bigcode/starcoder2-15b,StarCoder2,tracking_shuffled_objects,7,PC3_count,0.656,0.14528098563753883
larger_target,7_objects,bigcode/starcoder2-7b,StarCoder2,tracking_shuffled_objects,7,PC3_count,0.2,0.09149755354923916
larger_target,7_objects,bigcode/starcoder2-3b,StarCoder2,tracking_shuffled_objects,7,PC3_count,0.16,0.07900961200225305
larger_target,7_objects,deepseek-ai/deepseek-coder-1.3b-base,DeepSeek-Coder,tracking_shuffled_objects,7,PC3_count,0.128,0.060936629615691164
larger_target,7_objects,deepseek-ai/deepseek-coder-6.7b-base,DeepSeek-Coder,tracking_shuffled_objects,7,PC3_count,0.244,0.09580585697110397
larger_target,7_objects,deepseek-ai/deepseek-coder-33b-base,DeepSeek-Coder,tracking_shuffled_objects,7,PC3_count,0.268,0.11713741316252328
larger_target,7_objects,meta-llama/Llama-2-7b-hf,Llama-2,logical_deduction,7,count_only,0.2497142857142857,0.11889896964472817
larger_target,7_objects,meta-llama/Llama-2-13b-hf,Llama-2,logical_deduction,7,count_only,0.4217142857142857,0.11889896964472817
larger_target,7_objects,meta-llama/Llama-2-70b-hf,Llama-2,logical_deduction,7,count_only,0.4531428571428572,0.11889896964472817
larger_target,7_objects,huggyllama/llama-7b,Llama,logical_deduction,7,count_only,0.152,0.11889896964472817
larger_target,7_objects,huggyllama/llama-13b,Llama,logical_deduction,7,count_only,0.192,0.11889896964472817
larger_target,7_objects,huggyllama/llama-30b,Llama,logical_deduction,7,count_only,0.3114285714285714,0.11889896964472817
larger_target,7_objects,huggyllama/llama-65b,Llama,logical_deduction,7,count_only,0.424,0.11889896964472817
larger_target,7_objects,Qwen/Qwen1.5-72B,Qwen1.5,logical_deduction,7,count_only,0.1725714285714285,0.11889896964472817
larger_target,7_objects,Qwen/Qwen1.5-32B,Qwen1.5,logical_deduction,7,count_only,0.0731428571428571,0.11889896964472817
larger_target,7_objects,Qwen/Qwen1.5-14B,Qwen1.5,logical_deduction,7,count_only,0.228,0.11889896964472817
larger_target,7_objects,Qwen/Qwen1.5-7B,Qwen1.5,logical_deduction,7,count_only,0.0154285714285714,0.11889896964472817
larger_target,7_objects,Qwen/Qwen1.5-4B,Qwen1.5,logical_deduction,7,count_only,0.2371428571428571,0.11889896964472817
larger_target,7_objects,Qwen/Qwen1.5-1.8B,Qwen1.5,logical_deduction,7,count_only,0.0108571428571428,0.11889896964472817
larger_target,7_objects,Qwen/Qwen1.5-0.5B,Qwen1.5,logical_deduction,7,count_only,0.0137142857142857,0.11889896964472817
larger_target,7_objects,Qwen/Qwen-72B,Qwen,logical_deduction,7,count_only,0.1885714285714285,0.11889896964472817
larger_target,7_objects,Qwen/Qwen-14B,Qwen,logical_deduction,7,count_only,0.324,0.11889896964472817
larger_target,7_objects,Qwen/Qwen-7B,Qwen,logical_deduction,7,count_only,0.2577142857142857,0.11889896964472817
larger_target,7_objects,mistralai/Mistral-7B-v0.1,Mistral,logical_deduction,7,count_only,0.3937142857142857,0.11889896964472817
larger_target,7_objects,mistralai/Mixtral-8x7B-v0.1,Mixtral,logical_deduction,7,count_only,0.4045714285714286,0.11889896964472817
larger_target,7_objects,01-ai/Yi-6B,Yi,logical_deduction,7,count_only,0.3182857142857143,0.11889896964472817
larger_target,7_objects,01-ai/Yi-34B,Yi,logical_deduction,7,count_only,0.4028571428571428,0.11889896964472817
larger_target,7_objects,google/gemma-7b,Gemma,logical_deduction,7,count_only,0.376,0.11889896964472817
larger_target,7_objects,google/gemma-2b,Gemma,logical_deduction,7,count_only,0.1074285714285714,0.11889896964472817
larger_target,7_objects,tiiuae/falcon-40b,Falcon,logical_deduction,7,count_only,0.1714285714285714,0.11889896964472817
larger_target,7_objects,tiiuae/falcon-7b,Falcon,logical_deduction,7,count_only,0.1474285714285714,0.11889896964472817
larger_target,7_objects,tiiuae/falcon-rw-1b,Falcon,logical_deduction,7,count_only,0.1325714285714286,0.11889896964472817
larger_target,7_objects,microsoft/phi-2,Phi,logical_deduction,7,count_only,0.424,0.11889896964472817
larger_target,7_objects,microsoft/phi-1_5,Phi,logical_deduction,7,count_only,0.1782857142857142,0.11889896964472817
larger_target,7_objects,EleutherAI/pythia-1b-deduped,Pythia,logical_deduction,7,count_only,0.096,0.11889896964472817
larger_target,7_objects,EleutherAI/pythia-410m-deduped,Pythia,logical_deduction,7,count_only,0.0531428571428571,0.11889896964472817
larger_target,7_objects,EleutherAI/pythia-6.9b-deduped,Pythia,logical_deduction,7,count_only,0.1297142857142857,0.11889896964472817
larger_target,7_objects,EleutherAI/pythia-2.8b-deduped,Pythia,logical_deduction,7,count_only,0.1154285714285714,0.11889896964472817
larger_target,7_objects,EleutherAI/pythia-12b-deduped,Pythia,logical_deduction,7,count_only,0.1462857142857143,0.11889896964472817
larger_target,7_objects,EleutherAI/pythia-70m-deduped,Pythia,logical_deduction,7,count_only,0.0645714285714285,0.11889896964472817
larger_target,7_objects,EleutherAI/pythia-1.4b-deduped,Pythia,logical_deduction,7,count_only,0.132,0.11889896964472817
larger_target,7_objects,EleutherAI/pythia-160m-deduped,Pythia,logical_deduction,7,count_only,0.028,0.11889896964472817
larger_target,7_objects,bigscience/bloom-560m,BLOOM,logical_deduction,7,count_only,0.124,0.11889896964472817
larger_target,7_objects,bigscience/bloom-1b1,BLOOM,logical_deduction,7,count_only,0.1382857142857143,0.11889896964472817
larger_target,7_objects,bigscience/bloom-3b,BLOOM,logical_deduction,7,count_only,0.1222857142857142,0.11889896964472817
larger_target,7_objects,bigscience/bloom-7b1,BLOOM,logical_deduction,7,count_only,0.1605714285714285,0.11889896964472817
larger_target,7_objects,EleutherAI/gpt-neox-20b,GPT-Neo/J,logical_deduction,7,count_only,0.1611428571428571,0.11889896964472817
larger_target,7_objects,EleutherAI/gpt-neo-2.7B,GPT-Neo/J,logical_deduction,7,count_only,0.0502857142857142,0.11889896964472817
larger_target,7_objects,EleutherAI/gpt-neo-1.3B,GPT-Neo/J,logical_deduction,7,count_only,0.1331428571428571,0.11889896964472817
larger_target,7_objects,EleutherAI/gpt-neo-125m,GPT-Neo/J,logical_deduction,7,count_only,0.0222857142857142,0.11889896964472817
larger_target,7_objects,EleutherAI/gpt-j-6b,GPT-Neo/J,logical_deduction,7,count_only,0.1291428571428571,0.11889896964472817
larger_target,7_objects,facebook/opt-6.7b,OPT,logical_deduction,7,count_only,0.1314285714285714,0.11889896964472817
larger_target,7_objects,facebook/opt-1.3b,OPT,logical_deduction,7,count_only,0.0514285714285714,0.11889896964472817
larger_target,7_objects,facebook/opt-350m,OPT,logical_deduction,7,count_only,0.0377142857142857,0.11889896964472817
larger_target,7_objects,facebook/opt-13b,OPT,logical_deduction,7,count_only,0.1297142857142857,0.11889896964472817
larger_target,7_objects,facebook/opt-2.7b,OPT,logical_deduction,7,count_only,0.1188571428571428,0.11889896964472817
larger_target,7_objects,facebook/opt-30b,OPT,logical_deduction,7,count_only,0.1725714285714285,0.11889896964472817
larger_target,7_objects,facebook/opt-125m,OPT,logical_deduction,7,count_only,0.016,0.11889896964472817
larger_target,7_objects,facebook/opt-66b,OPT,logical_deduction,7,count_only,0.1314285714285714,0.11889896964472817
larger_target,7_objects,mosaicml/mpt-30b,MPT,logical_deduction,7,count_only,0.3257142857142857,0.11889896964472817
larger_target,7_objects,mosaicml/mpt-7b,MPT,logical_deduction,7,count_only,0.1851428571428571,0.11889896964472817
larger_target,7_objects,facebook/xglm-564M,XGLM,logical_deduction,7,count_only,0.1377142857142857,0.11889896964472817
larger_target,7_objects,facebook/xglm-1.7B,XGLM,logical_deduction,7,count_only,0.172,0.11889896964472817
larger_target,7_objects,facebook/xglm-4.5B,XGLM,logical_deduction,7,count_only,0.0725714285714285,0.11889896964472817
larger_target,7_objects,facebook/xglm-7.5B,XGLM,logical_deduction,7,count_only,0.0788571428571428,0.11889896964472817
larger_target,7_objects,codellama/CodeLlama-7b-hf,CodeLlama,logical_deduction,7,count_only,0.2862857142857142,0.11889896964472817
larger_target,7_objects,codellama/CodeLlama-13b-hf,CodeLlama,logical_deduction,7,count_only,0.3434285714285714,0.11889896964472817
larger_target,7_objects,codellama/CodeLlama-34b-hf,CodeLlama,logical_deduction,7,count_only,0.4005714285714286,0.11889896964472817
larger_target,7_objects,codellama/CodeLlama-70b-hf,CodeLlama,logical_deduction,7,count_only,0.4365714285714285,0.11889896964472817
larger_target,7_objects,bigcode/starcoderbase-1b,StarCoder,logical_deduction,7,count_only,0.1228571428571428,0.11889896964472817
larger_target,7_objects,bigcode/starcoderbase-3b,StarCoder,logical_deduction,7,count_only,0.1685714285714285,0.11889896964472817
larger_target,7_objects,bigcode/starcoderbase-7b,StarCoder,logical_deduction,7,count_only,0.1531428571428571,0.11889896964472817
larger_target,7_objects,bigcode/starcoderbase,StarCoder,logical_deduction,7,count_only,0.2685714285714285,0.11889896964472817
larger_target,7_objects,bigcode/starcoder2-15b,StarCoder2,logical_deduction,7,count_only,0.3377142857142857,0.11889896964472817
larger_target,7_objects,bigcode/starcoder2-7b,StarCoder2,logical_deduction,7,count_only,0.4262857142857142,0.11889896964472817
larger_target,7_objects,bigcode/starcoder2-3b,StarCoder2,logical_deduction,7,count_only,0.2771428571428572,0.11889896964472817
larger_target,7_objects,deepseek-ai/deepseek-coder-1.3b-base,DeepSeek-Coder,logical_deduction,7,count_only,0.1502857142857142,0.11889896964472817
larger_target,7_objects,deepseek-ai/deepseek-coder-6.7b-base,DeepSeek-Coder,logical_deduction,7,count_only,0.2565714285714285,0.11889896964472817
larger_target,7_objects,deepseek-ai/deepseek-coder-33b-base,DeepSeek-Coder,logical_deduction,7,count_only,0.296,0.11889896964472817
larger_target,7_objects,meta-llama/Llama-2-7b-hf,Llama-2,tracking_shuffled_objects,7,count_only,0.152,0.11889896964472817
larger_target,7_objects,meta-llama/Llama-2-13b-hf,Llama-2,tracking_shuffled_objects,7,count_only,0.168,0.11889896964472817
larger_target,7_objects,meta-llama/Llama-2-70b-hf,Llama-2,tracking_shuffled_objects,7,count_only,0.62,0.11889896964472817
larger_target,7_objects,huggyllama/llama-7b,Llama,tracking_shuffled_objects,7,count_only,0.096,0.11889896964472817
larger_target,7_objects,huggyllama/llama-13b,Llama,tracking_shuffled_objects,7,count_only,0.076,0.11889896964472817
larger_target,7_objects,huggyllama/llama-30b,Llama,tracking_shuffled_objects,7,count_only,0.148,0.11889896964472817
larger_target,7_objects,huggyllama/llama-65b,Llama,tracking_shuffled_objects,7,count_only,0.308,0.11889896964472817
larger_target,7_objects,Qwen/Qwen1.5-72B,Qwen1.5,tracking_shuffled_objects,7,count_only,0.388,0.11889896964472817
larger_target,7_objects,Qwen/Qwen1.5-32B,Qwen1.5,tracking_shuffled_objects,7,count_only,0.364,0.11889896964472817
larger_target,7_objects,Qwen/Qwen1.5-14B,Qwen1.5,tracking_shuffled_objects,7,count_only,0.408,0.11889896964472817
larger_target,7_objects,Qwen/Qwen1.5-7B,Qwen1.5,tracking_shuffled_objects,7,count_only,0.076,0.11889896964472817
larger_target,7_objects,Qwen/Qwen1.5-4B,Qwen1.5,tracking_shuffled_objects,7,count_only,0.1411428571428571,0.11889896964472817
larger_target,7_objects,Qwen/Qwen1.5-1.8B,Qwen1.5,tracking_shuffled_objects,7,count_only,0.0428571428571428,0.11889896964472817
larger_target,7_objects,Qwen/Qwen1.5-0.5B,Qwen1.5,tracking_shuffled_objects,7,count_only,0.028,0.11889896964472817
larger_target,7_objects,Qwen/Qwen-72B,Qwen,tracking_shuffled_objects,7,count_only,0.544,0.11889896964472817
larger_target,7_objects,Qwen/Qwen-14B,Qwen,tracking_shuffled_objects,7,count_only,0.0,0.11889896964472817
larger_target,7_objects,Qwen/Qwen-7B,Qwen,tracking_shuffled_objects,7,count_only,0.1348571428571428,0.11889896964472817
larger_target,7_objects,mistralai/Mistral-7B-v0.1,Mistral,tracking_shuffled_objects,7,count_only,0.2,0.11889896964472817
larger_target,7_objects,mistralai/Mixtral-8x7B-v0.1,Mixtral,tracking_shuffled_objects,7,count_only,0.64,0.11889896964472817
larger_target,7_objects,01-ai/Yi-6B,Yi,tracking_shuffled_objects,7,count_only,0.136,0.11889896964472817
larger_target,7_objects,01-ai/Yi-34B,Yi,tracking_shuffled_objects,7,count_only,0.0,0.11889896964472817
larger_target,7_objects,google/gemma-7b,Gemma,tracking_shuffled_objects,7,count_only,0.376,0.11889896964472817
larger_target,7_objects,google/gemma-2b,Gemma,tracking_shuffled_objects,7,count_only,0.12,0.11889896964472817
larger_target,7_objects,tiiuae/falcon-40b,Falcon,tracking_shuffled_objects,7,count_only,0.14,0.11889896964472817
larger_target,7_objects,tiiuae/falcon-7b,Falcon,tracking_shuffled_objects,7,count_only,0.0,0.11889896964472817
larger_target,7_objects,tiiuae/falcon-rw-1b,Falcon,tracking_shuffled_objects,7,count_only,0.028,0.11889896964472817
larger_target,7_objects,microsoft/phi-2,Phi,tracking_shuffled_objects,7,count_only,0.86,0.11889896964472817
larger_target,7_objects,microsoft/phi-1_5,Phi,tracking_shuffled_objects,7,count_only,0.072,0.11889896964472817
larger_target,7_objects,EleutherAI/pythia-1b-deduped,Pythia,tracking_shuffled_objects,7,count_only,0.104,0.11889896964472817
larger_target,7_objects,EleutherAI/pythia-410m-deduped,Pythia,tracking_shuffled_objects,7,count_only,0.056,0.11889896964472817
larger_target,7_objects,EleutherAI/pythia-6.9b-deduped,Pythia,tracking_shuffled_objects,7,count_only,0.048,0.11889896964472817
larger_target,7_objects,EleutherAI/pythia-2.8b-deduped,Pythia,tracking_shuffled_objects,7,count_only,0.104,0.11889896964472817
larger_target,7_objects,EleutherAI/pythia-12b-deduped,Pythia,tracking_shuffled_objects,7,count_only,0.056,0.11889896964472817
larger_target,7_objects,EleutherAI/pythia-70m-deduped,Pythia,tracking_shuffled_objects,7,count_only,0.0,0.11889896964472817
larger_target,7_objects,EleutherAI/pythia-1.4b-deduped,Pythia,tracking_shuffled_objects,7,count_only,0.156,0.11889896964472817
larger_target,7_objects,EleutherAI/pythia-160m-deduped,Pythia,tracking_shuffled_objects,7,count_only,0.008,0.11889896964472817
larger_target,7_objects,bigscience/bloom-560m,BLOOM,tracking_shuffled_objects,7,count_only,0.0697142857142857,0.11889896964472817
larger_target,7_objects,bigscience/bloom-1b1,BLOOM,tracking_shuffled_objects,7,count_only,0.1302857142857142,0.11889896964472817
larger_target,7_objects,bigscience/bloom-3b,BLOOM,tracking_shuffled_objects,7,count_only,0.1125714285714285,0.11889896964472817
larger_target,7_objects,bigscience/bloom-7b1,BLOOM,tracking_shuffled_objects,7,count_only,0.008,0.11889896964472817
larger_target,7_objects,EleutherAI/gpt-neox-20b,GPT-Neo/J,tracking_shuffled_objects,7,count_only,0.08,0.11889896964472817
larger_target,7_objects,EleutherAI/gpt-neo-2.7B,GPT-Neo/J,tracking_shuffled_objects,7,count_only,0.056,0.11889896964472817
larger_target,7_objects,EleutherAI/gpt-neo-1.3B,GPT-Neo/J,tracking_shuffled_objects,7,count_only,0.112,0.11889896964472817
larger_target,7_objects,EleutherAI/gpt-neo-125m,GPT-Neo/J,tracking_shuffled_objects,7,count_only,0.012,0.11889896964472817
larger_target,7_objects,EleutherAI/gpt-j-6b,GPT-Neo/J,tracking_shuffled_objects,7,count_only,0.104,0.11889896964472817
larger_target,7_objects,facebook/opt-6.7b,OPT,tracking_shuffled_objects,7,count_only,0.128,0.11889896964472817
larger_target,7_objects,facebook/opt-1.3b,OPT,tracking_shuffled_objects,7,count_only,0.0,0.11889896964472817
larger_target,7_objects,facebook/opt-350m,OPT,tracking_shuffled_objects,7,count_only,0.02,0.11889896964472817
larger_target,7_objects,facebook/opt-13b,OPT,tracking_shuffled_objects,7,count_only,0.112,0.11889896964472817
larger_target,7_objects,facebook/opt-2.7b,OPT,tracking_shuffled_objects,7,count_only,0.14,0.11889896964472817
larger_target,7_objects,facebook/opt-30b,OPT,tracking_shuffled_objects,7,count_only,0.18,0.11889896964472817
larger_target,7_objects,facebook/opt-125m,OPT,tracking_shuffled_objects,7,count_only,0.012,0.11889896964472817
larger_target,7_objects,facebook/opt-66b,OPT,tracking_shuffled_objects,7,count_only,0.128,0.11889896964472817
larger_target,7_objects,mosaicml/mpt-30b,MPT,tracking_shuffled_objects,7,count_only,0.156,0.11889896964472817
larger_target,7_objects,mosaicml/mpt-7b,MPT,tracking_shuffled_objects,7,count_only,0.02,0.11889896964472817
larger_target,7_objects,facebook/xglm-564M,XGLM,tracking_shuffled_objects,7,count_only,0.068,0.11889896964472817
larger_target,7_objects,facebook/xglm-1.7B,XGLM,tracking_shuffled_objects,7,count_only,0.112,0.11889896964472817
larger_target,7_objects,facebook/xglm-4.5B,XGLM,tracking_shuffled_objects,7,count_only,0.0,0.11889896964472817
larger_target,7_objects,facebook/xglm-7.5B,XGLM,tracking_shuffled_objects,7,count_only,0.0,0.11889896964472817
larger_target,7_objects,codellama/CodeLlama-7b-hf,CodeLlama,tracking_shuffled_objects,7,count_only,0.18,0.11889896964472817
larger_target,7_objects,codellama/CodeLlama-13b-hf,CodeLlama,tracking_shuffled_objects,7,count_only,0.132,0.11889896964472817
larger_target,7_objects,codellama/CodeLlama-34b-hf,CodeLlama,tracking_shuffled_objects,7,count_only,0.404,0.11889896964472817
larger_target,7_objects,codellama/CodeLlama-70b-hf,CodeLlama,tracking_shuffled_objects,7,count_only,0.648,0.11889896964472817
larger_target,7_objects,bigcode/starcoderbase-1b,StarCoder,tracking_shuffled_objects,7,count_only,0.132,0.11889896964472817
larger_target,7_objects,bigcode/starcoderbase-3b,StarCoder,tracking_shuffled_objects,7,count_only,0.148,0.11889896964472817
larger_target,7_objects,bigcode/starcoderbase-7b,StarCoder,tracking_shuffled_objects,7,count_only,0.112,0.11889896964472817
larger_target,7_objects,bigcode/starcoderbase,StarCoder,tracking_shuffled_objects,7,count_only,0.204,0.11889896964472817
larger_target,7_objects,bigcode/starcoder2-15b,StarCoder2,tracking_shuffled_objects,7,count_only,0.656,0.11889896964472817
larger_target,7_objects,bigcode/starcoder2-7b,StarCoder2,tracking_shuffled_objects,7,count_only,0.2,0.11889896964472817
larger_target,7_objects,bigcode/starcoder2-3b,StarCoder2,tracking_shuffled_objects,7,count_only,0.16,0.11889896964472817
larger_target,7_objects,deepseek-ai/deepseek-coder-1.3b-base,DeepSeek-Coder,tracking_shuffled_objects,7,count_only,0.128,0.11889896964472817
larger_target,7_objects,deepseek-ai/deepseek-coder-6.7b-base,DeepSeek-Coder,tracking_shuffled_objects,7,count_only,0.244,0.11889896964472817
larger_target,7_objects,deepseek-ai/deepseek-coder-33b-base,DeepSeek-Coder,tracking_shuffled_objects,7,count_only,0.268,0.11889896964472817
larger_target,7_objects,meta-llama/Llama-2-7b-hf,Llama-2,logical_deduction,7,PC3_count_additive,0.2497142857142857,0.17409493527661218
larger_target,7_objects,meta-llama/Llama-2-13b-hf,Llama-2,logical_deduction,7,PC3_count_additive,0.4217142857142857,0.2126792515669039
larger_target,7_objects,meta-llama/Llama-2-70b-hf,Llama-2,logical_deduction,7,PC3_count_additive,0.4531428571428572,0.3217189806512741
larger_target,7_objects,huggyllama/llama-7b,Llama,logical_deduction,7,PC3_count_additive,0.152,0.15249699998795843
larger_target,7_objects,huggyllama/llama-13b,Llama,logical_deduction,7,PC3_count_additive,0.192,0.19176460632414685
larger_target,7_objects,huggyllama/llama-30b,Llama,logical_deduction,7,PC3_count_additive,0.3114285714285714,0.23996758001111546
larger_target,7_objects,huggyllama/llama-65b,Llama,logical_deduction,7,PC3_count_additive,0.424,0.28143903361023537
larger_target,7_objects,Qwen/Qwen1.5-72B,Qwen1.5,logical_deduction,7,PC3_count_additive,0.1725714285714285,0.33544798808179854
larger_target,7_objects,Qwen/Qwen1.5-32B,Qwen1.5,logical_deduction,7,PC3_count_additive,0.0731428571428571,0.31149346799856104
larger_target,7_objects,Qwen/Qwen1.5-14B,Qwen1.5,logical_deduction,7,PC3_count_additive,0.228,0.25061890957472055
larger_target,7_objects,Qwen/Qwen1.5-7B,Qwen1.5,logical_deduction,7,PC3_count_additive,0.0154285714285714,0.21398813497051186
larger_target,7_objects,Qwen/Qwen1.5-4B,Qwen1.5,logical_deduction,7,PC3_count_additive,0.2371428571428571,0.16935178752175514
larger_target,7_objects,Qwen/Qwen1.5-1.8B,Qwen1.5,logical_deduction,7,PC3_count_additive,0.0108571428571428,0.1092486008980848
larger_target,7_objects,Qwen/Qwen1.5-0.5B,Qwen1.5,logical_deduction,7,PC3_count_additive,0.0137142857142857,0.07668709571883567
larger_target,7_objects,Qwen/Qwen-72B,Qwen,logical_deduction,7,PC3_count_additive,0.1885714285714285,0.33533463539422126
larger_target,7_objects,Qwen/Qwen-14B,Qwen,logical_deduction,7,PC3_count_additive,0.324,0.26387759233115143
larger_target,7_objects,Qwen/Qwen-7B,Qwen,logical_deduction,7,PC3_count_additive,0.2577142857142857,0.20390030904563872
larger_target,7_objects,mistralai/Mistral-7B-v0.1,Mistral,logical_deduction,7,PC3_count_additive,0.3937142857142857,0.2514297767805212
larger_target,7_objects,mistralai/Mixtral-8x7B-v0.1,Mixtral,logical_deduction,7,PC3_count_additive,0.4045714285714286,0.3150901789509793
larger_target,7_objects,01-ai/Yi-6B,Yi,logical_deduction,7,PC3_count_additive,0.3182857142857143,0.19750208748772985
larger_target,7_objects,01-ai/Yi-34B,Yi,logical_deduction,7,PC3_count_additive,0.4028571428571428,0.31640725640762823
larger_target,7_objects,google/gemma-7b,Gemma,logical_deduction,7,PC3_count_additive,0.376,0.2667111577333666
larger_target,7_objects,google/gemma-2b,Gemma,logical_deduction,7,PC3_count_additive,0.1074285714285714,0.13704425589807875
larger_target,7_objects,tiiuae/falcon-40b,Falcon,logical_deduction,7,PC3_count_additive,0.1714285714285714,0.24952535789305622
larger_target,7_objects,tiiuae/falcon-7b,Falcon,logical_deduction,7,PC3_count_additive,0.1474285714285714,0.14153688510204165
larger_target,7_objects,tiiuae/falcon-rw-1b,Falcon,logical_deduction,7,PC3_count_additive,0.1325714285714286,0.08719097885565737
larger_target,7_objects,microsoft/phi-2,Phi,logical_deduction,7,PC3_count_additive,0.424,0.22839670709859064
larger_target,7_objects,microsoft/phi-1_5,Phi,logical_deduction,7,PC3_count_additive,0.1782857142857142,0.15047123256892905
larger_target,7_objects,EleutherAI/pythia-1b-deduped,Pythia,logical_deduction,7,PC3_count_additive,0.096,0.060528897958281404
larger_target,7_objects,EleutherAI/pythia-410m-deduped,Pythia,logical_deduction,7,PC3_count_additive,0.0531428571428571,0.054107102625193686
larger_target,7_objects,EleutherAI/pythia-6.9b-deduped,Pythia,logical_deduction,7,PC3_count_additive,0.1297142857142857,0.10122801203194531
larger_target,7_objects,EleutherAI/pythia-2.8b-deduped,Pythia,logical_deduction,7,PC3_count_additive,0.1154285714285714,0.08362429837148595
larger_target,7_objects,EleutherAI/pythia-12b-deduped,Pythia,logical_deduction,7,PC3_count_additive,0.1462857142857143,0.10778237016366266
larger_target,7_objects,EleutherAI/pythia-70m-deduped,Pythia,logical_deduction,7,PC3_count_additive,0.0645714285714285,0.04109234051507029
larger_target,7_objects,EleutherAI/pythia-1.4b-deduped,Pythia,logical_deduction,7,PC3_count_additive,0.132,0.07168524788875373
larger_target,7_objects,EleutherAI/pythia-160m-deduped,Pythia,logical_deduction,7,PC3_count_additive,0.028,0.04576585713223887
larger_target,7_objects,bigscience/bloom-560m,BLOOM,logical_deduction,7,PC3_count_additive,0.124,0.04897761914405614
larger_target,7_objects,bigscience/bloom-1b1,BLOOM,logical_deduction,7,PC3_count_additive,0.1382857142857143,0.05812492066412191
larger_target,7_objects,bigscience/bloom-3b,BLOOM,logical_deduction,7,PC3_count_additive,0.1222857142857142,0.07497584275287038
larger_target,7_objects,bigscience/bloom-7b1,BLOOM,logical_deduction,7,PC3_count_additive,0.1605714285714285,0.09839747489803945
larger_target,7_objects,EleutherAI/gpt-neox-20b,GPT-Neo/J,logical_deduction,7,PC3_count_additive,0.1611428571428571,0.12283469472440436
larger_target,7_objects,EleutherAI/gpt-neo-2.7B,GPT-Neo/J,logical_deduction,7,PC3_count_additive,0.0502857142857142,0.07765215135034736
larger_target,7_objects,EleutherAI/gpt-neo-1.3B,GPT-Neo/J,logical_deduction,7,PC3_count_additive,0.1331428571428571,0.06537224696362039
larger_target,7_objects,EleutherAI/gpt-neo-125m,GPT-Neo/J,logical_deduction,7,PC3_count_additive,0.0222857142857142,0.045377642646631036
larger_target,7_objects,EleutherAI/gpt-j-6b,GPT-Neo/J,logical_deduction,7,PC3_count_additive,0.1291428571428571,0.10576282174457635
larger_target,7_objects,facebook/opt-6.7b,OPT,logical_deduction,7,PC3_count_additive,0.1314285714285714,0.10242554171408481
larger_target,7_objects,facebook/opt-1.3b,OPT,logical_deduction,7,PC3_count_additive,0.0514285714285714,0.07146699502242895
larger_target,7_objects,facebook/opt-350m,OPT,logical_deduction,7,PC3_count_additive,0.0377142857142857,0.04931834892112066
larger_target,7_objects,facebook/opt-13b,OPT,logical_deduction,7,PC3_count_additive,0.1297142857142857,0.1109137775940227
larger_target,7_objects,facebook/opt-2.7b,OPT,logical_deduction,7,PC3_count_additive,0.1188571428571428,0.08407125059610138
larger_target,7_objects,facebook/opt-30b,OPT,logical_deduction,7,PC3_count_additive,0.1725714285714285,0.12439196112309212
larger_target,7_objects,facebook/opt-125m,OPT,logical_deduction,7,PC3_count_additive,0.016,0.04560881691646875
larger_target,7_objects,facebook/opt-66b,OPT,logical_deduction,7,PC3_count_additive,0.1314285714285714,0.13014314903266538
larger_target,7_objects,mosaicml/mpt-30b,MPT,logical_deduction,7,PC3_count_additive,0.3257142857142857,0.19560300860820848
larger_target,7_objects,mosaicml/mpt-7b,MPT,logical_deduction,7,PC3_count_additive,0.1851428571428571,0.13981687130182818
larger_target,7_objects,facebook/xglm-564M,XGLM,logical_deduction,7,PC3_count_additive,0.1377142857142857,0.04809346689199922
larger_target,7_objects,facebook/xglm-1.7B,XGLM,logical_deduction,7,PC3_count_additive,0.172,0.05602459014317267
larger_target,7_objects,facebook/xglm-4.5B,XGLM,logical_deduction,7,PC3_count_additive,0.0725714285714285,0.06901816771270153
larger_target,7_objects,facebook/xglm-7.5B,XGLM,logical_deduction,7,PC3_count_additive,0.0788571428571428,0.07951829051944993
larger_target,7_objects,codellama/CodeLlama-7b-hf,CodeLlama,logical_deduction,7,PC3_count_additive,0.2862857142857142,0.09731271235299467
larger_target,7_objects,codellama/CodeLlama-13b-hf,CodeLlama,logical_deduction,7,PC3_count_additive,0.3434285714285714,0.11081242622306287
larger_target,7_objects,codellama/CodeLlama-34b-hf,CodeLlama,logical_deduction,7,PC3_count_additive,0.4005714285714286,0.1943195245906632
larger_target,7_objects,codellama/CodeLlama-70b-hf,CodeLlama,logical_deduction,7,PC3_count_additive,0.4365714285714285,0.2211065425090309
larger_target,7_objects,bigcode/starcoderbase-1b,StarCoder,logical_deduction,7,PC3_count_additive,0.1228571428571428,0.045702696743738835
larger_target,7_objects,bigcode/starcoderbase-3b,StarCoder,logical_deduction,7,PC3_count_additive,0.1685714285714285,0.05117548826888525
larger_target,7_objects,bigcode/starcoderbase-7b,StarCoder,logical_deduction,7,PC3_count_additive,0.1531428571428571,0.06100751048525911
larger_target,7_objects,bigcode/starcoderbase,StarCoder,logical_deduction,7,PC3_count_additive,0.2685714285714285,0.06712474532681763
larger_target,7_objects,bigcode/starcoder2-15b,StarCoder2,logical_deduction,7,PC3_count_additive,0.3377142857142857,0.14462009700709472
larger_target,7_objects,bigcode/starcoder2-7b,StarCoder2,logical_deduction,7,PC3_count_additive,0.4262857142857142,0.09281058551686848
larger_target,7_objects,bigcode/starcoder2-3b,StarCoder2,logical_deduction,7,PC3_count_additive,0.2771428571428572,0.07552362936337208
larger_target,7_objects,deepseek-ai/deepseek-coder-1.3b-base,DeepSeek-Coder,logical_deduction,7,PC3_count_additive,0.1502857142857142,0.052454307409348554
larger_target,7_objects,deepseek-ai/deepseek-coder-6.7b-base,DeepSeek-Coder,logical_deduction,7,PC3_count_additive,0.2565714285714285,0.08671431690544498
larger_target,7_objects,deepseek-ai/deepseek-coder-33b-base,DeepSeek-Coder,logical_deduction,7,PC3_count_additive,0.296,0.11252407221669686
larger_target,7_objects,meta-llama/Llama-2-7b-hf,Llama-2,tracking_shuffled_objects,7,PC3_count_additive,0.152,0.17409493527661218
larger_target,7_objects,meta-llama/Llama-2-13b-hf,Llama-2,tracking_shuffled_objects,7,PC3_count_additive,0.168,0.2126792515669039
larger_target,7_objects,meta-llama/Llama-2-70b-hf,Llama-2,tracking_shuffled_objects,7,PC3_count_additive,0.62,0.3217189806512741
larger_target,7_objects,huggyllama/llama-7b,Llama,tracking_shuffled_objects,7,PC3_count_additive,0.096,0.15249699998795843
larger_target,7_objects,huggyllama/llama-13b,Llama,tracking_shuffled_objects,7,PC3_count_additive,0.076,0.19176460632414685
larger_target,7_objects,huggyllama/llama-30b,Llama,tracking_shuffled_objects,7,PC3_count_additive,0.148,0.23996758001111546
larger_target,7_objects,huggyllama/llama-65b,Llama,tracking_shuffled_objects,7,PC3_count_additive,0.308,0.28143903361023537
larger_target,7_objects,Qwen/Qwen1.5-72B,Qwen1.5,tracking_shuffled_objects,7,PC3_count_additive,0.388,0.33544798808179854
larger_target,7_objects,Qwen/Qwen1.5-32B,Qwen1.5,tracking_shuffled_objects,7,PC3_count_additive,0.364,0.31149346799856104
larger_target,7_objects,Qwen/Qwen1.5-14B,Qwen1.5,tracking_shuffled_objects,7,PC3_count_additive,0.408,0.25061890957472055
larger_target,7_objects,Qwen/Qwen1.5-7B,Qwen1.5,tracking_shuffled_objects,7,PC3_count_additive,0.076,0.21398813497051186
larger_target,7_objects,Qwen/Qwen1.5-4B,Qwen1.5,tracking_shuffled_objects,7,PC3_count_additive,0.1411428571428571,0.16935178752175514
larger_target,7_objects,Qwen/Qwen1.5-1.8B,Qwen1.5,tracking_shuffled_objects,7,PC3_count_additive,0.0428571428571428,0.1092486008980848
larger_target,7_objects,Qwen/Qwen1.5-0.5B,Qwen1.5,tracking_shuffled_objects,7,PC3_count_additive,0.028,0.07668709571883567
larger_target,7_objects,Qwen/Qwen-72B,Qwen,tracking_shuffled_objects,7,PC3_count_additive,0.544,0.33533463539422126
larger_target,7_objects,Qwen/Qwen-14B,Qwen,tracking_shuffled_objects,7,PC3_count_additive,0.0,0.26387759233115143
larger_target,7_objects,Qwen/Qwen-7B,Qwen,tracking_shuffled_objects,7,PC3_count_additive,0.1348571428571428,0.20390030904563872
larger_target,7_objects,mistralai/Mistral-7B-v0.1,Mistral,tracking_shuffled_objects,7,PC3_count_additive,0.2,0.2514297767805212
larger_target,7_objects,mistralai/Mixtral-8x7B-v0.1,Mixtral,tracking_shuffled_objects,7,PC3_count_additive,0.64,0.3150901789509793
larger_target,7_objects,01-ai/Yi-6B,Yi,tracking_shuffled_objects,7,PC3_count_additive,0.136,0.19750208748772985
larger_target,7_objects,01-ai/Yi-34B,Yi,tracking_shuffled_objects,7,PC3_count_additive,0.0,0.31640725640762823
larger_target,7_objects,google/gemma-7b,Gemma,tracking_shuffled_objects,7,PC3_count_additive,0.376,0.2667111577333666
larger_target,7_objects,google/gemma-2b,Gemma,tracking_shuffled_objects,7,PC3_count_additive,0.12,0.13704425589807875
larger_target,7_objects,tiiuae/falcon-40b,Falcon,tracking_shuffled_objects,7,PC3_count_additive,0.14,0.24952535789305622
larger_target,7_objects,tiiuae/falcon-7b,Falcon,tracking_shuffled_objects,7,PC3_count_additive,0.0,0.14153688510204165
larger_target,7_objects,tiiuae/falcon-rw-1b,Falcon,tracking_shuffled_objects,7,PC3_count_additive,0.028,0.08719097885565737
larger_target,7_objects,microsoft/phi-2,Phi,tracking_shuffled_objects,7,PC3_count_additive,0.86,0.22839670709859064
larger_target,7_objects,microsoft/phi-1_5,Phi,tracking_shuffled_objects,7,PC3_count_additive,0.072,0.15047123256892905
larger_target,7_objects,EleutherAI/pythia-1b-deduped,Pythia,tracking_shuffled_objects,7,PC3_count_additive,0.104,0.060528897958281404
larger_target,7_objects,EleutherAI/pythia-410m-deduped,Pythia,tracking_shuffled_objects,7,PC3_count_additive,0.056,0.054107102625193686
larger_target,7_objects,EleutherAI/pythia-6.9b-deduped,Pythia,tracking_shuffled_objects,7,PC3_count_additive,0.048,0.10122801203194531
larger_target,7_objects,EleutherAI/pythia-2.8b-deduped,Pythia,tracking_shuffled_objects,7,PC3_count_additive,0.104,0.08362429837148595
larger_target,7_objects,EleutherAI/pythia-12b-deduped,Pythia,tracking_shuffled_objects,7,PC3_count_additive,0.056,0.10778237016366266
larger_target,7_objects,EleutherAI/pythia-70m-deduped,Pythia,tracking_shuffled_objects,7,PC3_count_additive,0.0,0.04109234051507029
larger_target,7_objects,EleutherAI/pythia-1.4b-deduped,Pythia,tracking_shuffled_objects,7,PC3_count_additive,0.156,0.07168524788875373
larger_target,7_objects,EleutherAI/pythia-160m-deduped,Pythia,tracking_shuffled_objects,7,PC3_count_additive,0.008,0.04576585713223887
larger_target,7_objects,bigscience/bloom-560m,BLOOM,tracking_shuffled_objects,7,PC3_count_additive,0.0697142857142857,0.04897761914405614
larger_target,7_objects,bigscience/bloom-1b1,BLOOM,tracking_shuffled_objects,7,PC3_count_additive,0.1302857142857142,0.05812492066412191
larger_target,7_objects,bigscience/bloom-3b,BLOOM,tracking_shuffled_objects,7,PC3_count_additive,0.1125714285714285,0.07497584275287038
larger_target,7_objects,bigscience/bloom-7b1,BLOOM,tracking_shuffled_objects,7,PC3_count_additive,0.008,0.09839747489803945
larger_target,7_objects,EleutherAI/gpt-neox-20b,GPT-Neo/J,tracking_shuffled_objects,7,PC3_count_additive,0.08,0.12283469472440436
larger_target,7_objects,EleutherAI/gpt-neo-2.7B,GPT-Neo/J,tracking_shuffled_objects,7,PC3_count_additive,0.056,0.07765215135034736
larger_target,7_objects,EleutherAI/gpt-neo-1.3B,GPT-Neo/J,tracking_shuffled_objects,7,PC3_count_additive,0.112,0.06537224696362039
larger_target,7_objects,EleutherAI/gpt-neo-125m,GPT-Neo/J,tracking_shuffled_objects,7,PC3_count_additive,0.012,0.045377642646631036
larger_target,7_objects,EleutherAI/gpt-j-6b,GPT-Neo/J,tracking_shuffled_objects,7,PC3_count_additive,0.104,0.10576282174457635
larger_target,7_objects,facebook/opt-6.7b,OPT,tracking_shuffled_objects,7,PC3_count_additive,0.128,0.10242554171408481
larger_target,7_objects,facebook/opt-1.3b,OPT,tracking_shuffled_objects,7,PC3_count_additive,0.0,0.07146699502242895
larger_target,7_objects,facebook/opt-350m,OPT,tracking_shuffled_objects,7,PC3_count_additive,0.02,0.04931834892112066
larger_target,7_objects,facebook/opt-13b,OPT,tracking_shuffled_objects,7,PC3_count_additive,0.112,0.1109137775940227
larger_target,7_objects,facebook/opt-2.7b,OPT,tracking_shuffled_objects,7,PC3_count_additive,0.14,0.08407125059610138
larger_target,7_objects,facebook/opt-30b,OPT,tracking_shuffled_objects,7,PC3_count_additive,0.18,0.12439196112309212
larger_target,7_objects,facebook/opt-125m,OPT,tracking_shuffled_objects,7,PC3_count_additive,0.012,0.04560881691646875
larger_target,7_objects,facebook/opt-66b,OPT,tracking_shuffled_objects,7,PC3_count_additive,0.128,0.13014314903266538
larger_target,7_objects,mosaicml/mpt-30b,MPT,tracking_shuffled_objects,7,PC3_count_additive,0.156,0.19560300860820848
larger_target,7_objects,mosaicml/mpt-7b,MPT,tracking_shuffled_objects,7,PC3_count_additive,0.02,0.13981687130182818
larger_target,7_objects,facebook/xglm-564M,XGLM,tracking_shuffled_objects,7,PC3_count_additive,0.068,0.04809346689199922
larger_target,7_objects,facebook/xglm-1.7B,XGLM,tracking_shuffled_objects,7,PC3_count_additive,0.112,0.05602459014317267
larger_target,7_objects,facebook/xglm-4.5B,XGLM,tracking_shuffled_objects,7,PC3_count_additive,0.0,0.06901816771270153
larger_target,7_objects,facebook/xglm-7.5B,XGLM,tracking_shuffled_objects,7,PC3_count_additive,0.0,0.07951829051944993
larger_target,7_objects,codellama/CodeLlama-7b-hf,CodeLlama,tracking_shuffled_objects,7,PC3_count_additive,0.18,0.09731271235299467
larger_target,7_objects,codellama/CodeLlama-13b-hf,CodeLlama,tracking_shuffled_objects,7,PC3_count_additive,0.132,0.11081242622306287
larger_target,7_objects,codellama/CodeLlama-34b-hf,CodeLlama,tracking_shuffled_objects,7,PC3_count_additive,0.404,0.1943195245906632
larger_target,7_objects,codellama/CodeLlama-70b-hf,CodeLlama,tracking_shuffled_objects,7,PC3_count_additive,0.648,0.2211065425090309
larger_target,7_objects,bigcode/starcoderbase-1b,StarCoder,tracking_shuffled_objects,7,PC3_count_additive,0.132,0.045702696743738835
larger_target,7_objects,bigcode/starcoderbase-3b,StarCoder,tracking_shuffled_objects,7,PC3_count_additive,0.148,0.05117548826888525
larger_target,7_objects,bigcode/starcoderbase-7b,StarCoder,tracking_shuffled_objects,7,PC3_count_additive,0.112,0.06100751048525911
larger_target,7_objects,bigcode/starcoderbase,StarCoder,tracking_shuffled_objects,7,PC3_count_additive,0.204,0.06712474532681763
larger_target,7_objects,bigcode/starcoder2-15b,StarCoder2,tracking_shuffled_objects,7,PC3_count_additive,0.656,0.14462009700709472
larger_target,7_objects,bigcode/starcoder2-7b,StarCoder2,tracking_shuffled_objects,7,PC3_count_additive,0.2,0.09281058551686848
larger_target,7_objects,bigcode/starcoder2-3b,StarCoder2,tracking_shuffled_objects,7,PC3_count_additive,0.16,0.07552362936337208
larger_target,7_objects,deepseek-ai/deepseek-coder-1.3b-base,DeepSeek-Coder,tracking_shuffled_objects,7,PC3_count_additive,0.128,0.052454307409348554
larger_target,7_objects,deepseek-ai/deepseek-coder-6.7b-base,DeepSeek-Coder,tracking_shuffled_objects,7,PC3_count_additive,0.244,0.08671431690544498
larger_target,7_objects,deepseek-ai/deepseek-coder-33b-base,DeepSeek-Coder,tracking_shuffled_objects,7,PC3_count_additive,0.268,0.11252407221669686
larger_target,7_objects,meta-llama/Llama-2-7b-hf,Llama-2,logical_deduction,7,PC3_chance_floor,0.2497142857142857,0.1954800726736647
larger_target,7_objects,meta-llama/Llama-2-13b-hf,Llama-2,logical_deduction,7,PC3_chance_floor,0.4217142857142857,0.21480747045238194
larger_target,7_objects,meta-llama/Llama-2-70b-hf,Llama-2,logical_deduction,7,PC3_chance_floor,0.4531428571428572,0.4177326235576621
larger_target,7_objects,huggyllama/llama-7b,Llama,logical_deduction,7,PC3_chance_floor,0.152,0.16998247146269121
larger_target,7_objects,huggyllama/llama-13b,Llama,logical_deduction,7,PC3_chance_floor,0.192,0.19809702141998795
larger_target,7_objects,huggyllama/llama-30b,Llama,logical_deduction,7,PC3_chance_floor,0.3114285714285714,0.24970678012415326
larger_target,7_objects,huggyllama/llama-65b,Llama,logical_deduction,7,PC3_chance_floor,0.424,0.3148402427953224
larger_target,7_objects,Qwen/Qwen1.5-72B,Qwen1.5,logical_deduction,7,PC3_chance_floor,0.1725714285714285,0.6026690531562539
larger_target,7_objects,Qwen/Qwen1.5-32B,Qwen1.5,logical_deduction,7,PC3_chance_floor,0.0731428571428571,0.5198156240328236
larger_target,7_objects,Qwen/Qwen1.5-14B,Qwen1.5,logical_deduction,7,PC3_chance_floor,0.228,0.40360797769304313
larger_target,7_objects,Qwen/Qwen1.5-7B,Qwen1.5,logical_deduction,7,PC3_chance_floor,0.0154285714285714,0.31633279626636523
larger_target,7_objects,Qwen/Qwen1.5-4B,Qwen1.5,logical_deduction,7,PC3_chance_floor,0.2371428571428571,0.23676869658935543
larger_target,7_objects,Qwen/Qwen1.5-1.8B,Qwen1.5,logical_deduction,7,PC3_chance_floor,0.0108571428571428,0.1707570921457078
larger_target,7_objects,Qwen/Qwen1.5-0.5B,Qwen1.5,logical_deduction,7,PC3_chance_floor,0.0137142857142857,0.15445740184725304
larger_target,7_objects,Qwen/Qwen-72B,Qwen,logical_deduction,7,PC3_chance_floor,0.1885714285714285,0.6194950513892747
larger_target,7_objects,Qwen/Qwen-14B,Qwen,logical_deduction,7,PC3_chance_floor,0.324,0.38538341470792276
larger_target,7_objects,Qwen/Qwen-7B,Qwen,logical_deduction,7,PC3_chance_floor,0.2577142857142857,0.2706709248174738
larger_target,7_objects,mistralai/Mistral-7B-v0.1,Mistral,logical_deduction,7,PC3_chance_floor,0.3937142857142857,0.28834451072384054
larger_target,7_objects,mistralai/Mixtral-8x7B-v0.1,Mixtral,logical_deduction,7,PC3_chance_floor,0.4045714285714286,0.42448757228374173
larger_target,7_objects,01-ai/Yi-6B,Yi,logical_deduction,7,PC3_chance_floor,0.3182857142857143,0.21882945005555215
larger_target,7_objects,01-ai/Yi-34B,Yi,logical_deduction,7,PC3_chance_floor,0.4028571428571428,0.5003092076994337
larger_target,7_objects,google/gemma-7b,Gemma,logical_deduction,7,PC3_chance_floor,0.376,0.3406073854862762
larger_target,7_objects,google/gemma-2b,Gemma,logical_deduction,7,PC3_chance_floor,0.1074285714285714,0.17025613881908258
larger_target,7_objects,tiiuae/falcon-40b,Falcon,logical_deduction,7,PC3_chance_floor,0.1714285714285714,0.26113231654868885
larger_target,7_objects,tiiuae/falcon-7b,Falcon,logical_deduction,7,PC3_chance_floor,0.1474285714285714,0.16638128494006596
larger_target,7_objects,tiiuae/falcon-rw-1b,Falcon,logical_deduction,7,PC3_chance_floor,0.1325714285714286,0.15087865979742124
larger_target,7_objects,microsoft/phi-2,Phi,logical_deduction,7,PC3_chance_floor,0.424,0.22560685726545676
larger_target,7_objects,microsoft/phi-1_5,Phi,logical_deduction,7,PC3_chance_floor,0.1782857142857142,0.16731883221183047
larger_target,7_objects,EleutherAI/pythia-1b-deduped,Pythia,logical_deduction,7,PC3_chance_floor,0.096,0.14935712127650436
larger_target,7_objects,EleutherAI/pythia-410m-deduped,Pythia,logical_deduction,7,PC3_chance_floor,0.0531428571428571,0.1487385765233702
larger_target,7_objects,EleutherAI/pythia-6.9b-deduped,Pythia,logical_deduction,7,PC3_chance_floor,0.1297142857142857,0.1560859431459459
larger_target,7_objects,EleutherAI/pythia-2.8b-deduped,Pythia,logical_deduction,7,PC3_chance_floor,0.1154285714285714,0.15320193046815403
larger_target,7_objects,EleutherAI/pythia-12b-deduped,Pythia,logical_deduction,7,PC3_chance_floor,0.1462857142857143,0.15673083348081737
larger_target,7_objects,EleutherAI/pythia-70m-deduped,Pythia,logical_deduction,7,PC3_chance_floor,0.0645714285714285,0.14820653469982534
larger_target,7_objects,EleutherAI/pythia-1.4b-deduped,Pythia,logical_deduction,7,PC3_chance_floor,0.132,0.15147055080336877
larger_target,7_objects,EleutherAI/pythia-160m-deduped,Pythia,logical_deduction,7,PC3_chance_floor,0.028,0.1483051396950871
larger_target,7_objects,bigscience/bloom-560m,BLOOM,logical_deduction,7,PC3_chance_floor,0.124,0.1491115656740696
larger_target,7_objects,bigscience/bloom-1b1,BLOOM,logical_deduction,7,PC3_chance_floor,0.1382857142857143,0.15108327591906512
larger_target,7_objects,bigscience/bloom-3b,BLOOM,logical_deduction,7,PC3_chance_floor,0.1222857142857142,0.1551547408914328
larger_target,7_objects,bigscience/bloom-7b1,BLOOM,logical_deduction,7,PC3_chance_floor,0.1605714285714285,0.1598620920492454
larger_target,7_objects,EleutherAI/gpt-neox-20b,GPT-Neo/J,logical_deduction,7,PC3_chance_floor,0.1611428571428571,0.16023174146997607
larger_target,7_objects,EleutherAI/gpt-neo-2.7B,GPT-Neo/J,logical_deduction,7,PC3_chance_floor,0.0502857142857142,0.15231958420042171
larger_target,7_objects,EleutherAI/gpt-neo-1.3B,GPT-Neo/J,logical_deduction,7,PC3_chance_floor,0.1331428571428571,0.15017785725367871
larger_target,7_objects,EleutherAI/gpt-neo-125m,GPT-Neo/J,logical_deduction,7,PC3_chance_floor,0.0222857142857142,0.14827288694118373
larger_target,7_objects,EleutherAI/gpt-j-6b,GPT-Neo/J,logical_deduction,7,PC3_chance_floor,0.1291428571428571,0.15865839066645956
larger_target,7_objects,facebook/opt-6.7b,OPT,logical_deduction,7,PC3_chance_floor,0.1314285714285714,0.15384059298361905
larger_target,7_objects,facebook/opt-1.3b,OPT,logical_deduction,7,PC3_chance_floor,0.0514285714285714,0.1501759778578874
larger_target,7_objects,facebook/opt-350m,OPT,logical_deduction,7,PC3_chance_floor,0.0377142857142857,0.1478870896684968
larger_target,7_objects,facebook/opt-13b,OPT,logical_deduction,7,PC3_chance_floor,0.1297142857142857,0.1549680209549833
larger_target,7_objects,facebook/opt-2.7b,OPT,logical_deduction,7,PC3_chance_floor,0.1188571428571428,0.15184076288430215
larger_target,7_objects,facebook/opt-30b,OPT,logical_deduction,7,PC3_chance_floor,0.1725714285714285,0.1584942560425949
larger_target,7_objects,facebook/opt-125m,OPT,logical_deduction,7,PC3_chance_floor,0.016,0.14763733834778392
larger_target,7_objects,facebook/opt-66b,OPT,logical_deduction,7,PC3_chance_floor,0.1314285714285714,0.16037604144612977
larger_target,7_objects,mosaicml/mpt-30b,MPT,logical_deduction,7,PC3_chance_floor,0.3257142857142857,0.20433833342549662
larger_target,7_objects,mosaicml/mpt-7b,MPT,logical_deduction,7,PC3_chance_floor,0.1851428571428571,0.16508887954092827
larger_target,7_objects,facebook/xglm-564M,XGLM,logical_deduction,7,PC3_chance_floor,0.1377142857142857,0.1486491752621713
larger_target,7_objects,facebook/xglm-1.7B,XGLM,logical_deduction,7,PC3_chance_floor,0.172,0.14960439284214794
larger_target,7_objects,facebook/xglm-4.5B,XGLM,logical_deduction,7,PC3_chance_floor,0.0725714285714285,0.15152710067958136
larger_target,7_objects,facebook/xglm-7.5B,XGLM,logical_deduction,7,PC3_chance_floor,0.0788571428571428,0.15484397205533534
larger_target,7_objects,codellama/CodeLlama-7b-hf,CodeLlama,logical_deduction,7,PC3_chance_floor,0.2862857142857142,0.16192478719928416
larger_target,7_objects,codellama/CodeLlama-13b-hf,CodeLlama,logical_deduction,7,PC3_chance_floor,0.3434285714285714,0.17416910236576894
larger_target,7_objects,codellama/CodeLlama-34b-hf,CodeLlama,logical_deduction,7,PC3_chance_floor,0.4005714285714286,0.22990264012435707
larger_target,7_objects,codellama/CodeLlama-70b-hf,CodeLlama,logical_deduction,7,PC3_chance_floor,0.4365714285714285,0.257721859113501
larger_target,7_objects,bigcode/starcoderbase-1b,StarCoder,logical_deduction,7,PC3_chance_floor,0.1228571428571428,0.14944147192577845
larger_target,7_objects,bigcode/starcoderbase-3b,StarCoder,logical_deduction,7,PC3_chance_floor,0.1685714285714285,0.15031083812359283
larger_target,7_objects,bigcode/starcoderbase-7b,StarCoder,logical_deduction,7,PC3_chance_floor,0.1531428571428571,0.1513613660607083
larger_target,7_objects,bigcode/starcoderbase,StarCoder,logical_deduction,7,PC3_chance_floor,0.2685714285714285,0.15261302536295845
larger_target,7_objects,bigcode/starcoder2-15b,StarCoder2,logical_deduction,7,PC3_chance_floor,0.3377142857142857,0.2016200376468667
larger_target,7_objects,bigcode/starcoder2-7b,StarCoder2,logical_deduction,7,PC3_chance_floor,0.4262857142857142,0.1642271671692702
larger_target,7_objects,bigcode/starcoder2-3b,StarCoder2,logical_deduction,7,PC3_chance_floor,0.2771428571428572,0.1568800432397015
larger_target,7_objects,deepseek-ai/deepseek-coder-1.3b-base,DeepSeek-Coder,logical_deduction,7,PC3_chance_floor,0.1502857142857142,0.15053457774055173
larger_target,7_objects,deepseek-ai/deepseek-coder-6.7b-base,DeepSeek-Coder,logical_deduction,7,PC3_chance_floor,0.2565714285714285,0.16249088884194085
larger_target,7_objects,deepseek-ai/deepseek-coder-33b-base,DeepSeek-Coder,logical_deduction,7,PC3_chance_floor,0.296,0.1743174859446925
larger_target,7_objects,meta-llama/Llama-2-7b-hf,Llama-2,tracking_shuffled_objects,7,PC3_chance_floor,0.152,0.1954800726736647
larger_target,7_objects,meta-llama/Llama-2-13b-hf,Llama-2,tracking_shuffled_objects,7,PC3_chance_floor,0.168,0.21480747045238194
larger_target,7_objects,meta-llama/Llama-2-70b-hf,Llama-2,tracking_shuffled_objects,7,PC3_chance_floor,0.62,0.4177326235576621
larger_target,7_objects,huggyllama/llama-7b,Llama,tracking_shuffled_objects,7,PC3_chance_floor,0.096,0.16998247146269121
larger_target,7_objects,huggyllama/llama-13b,Llama,tracking_shuffled_objects,7,PC3_chance_floor,0.076,0.19809702141998795
larger_target,7_objects,huggyllama/llama-30b,Llama,tracking_shuffled_objects,7,PC3_chance_floor,0.148,0.24970678012415326
larger_target,7_objects,huggyllama/llama-65b,Llama,tracking_shuffled_objects,7,PC3_chance_floor,0.308,0.3148402427953224
larger_target,7_objects,Qwen/Qwen1.5-72B,Qwen1.5,tracking_shuffled_objects,7,PC3_chance_floor,0.388,0.6026690531562539
larger_target,7_objects,Qwen/Qwen1.5-32B,Qwen1.5,tracking_shuffled_objects,7,PC3_chance_floor,0.364,0.5198156240328236
larger_target,7_objects,Qwen/Qwen1.5-14B,Qwen1.5,tracking_shuffled_objects,7,PC3_chance_floor,0.408,0.40360797769304313
larger_target,7_objects,Qwen/Qwen1.5-7B,Qwen1.5,tracking_shuffled_objects,7,PC3_chance_floor,0.076,0.31633279626636523
larger_target,7_objects,Qwen/Qwen1.5-4B,Qwen1.5,tracking_shuffled_objects,7,PC3_chance_floor,0.1411428571428571,0.23676869658935543
larger_target,7_objects,Qwen/Qwen1.5-1.8B,Qwen1.5,tracking_shuffled_objects,7,PC3_chance_floor,0.0428571428571428,0.1707570921457078
larger_target,7_objects,Qwen/Qwen1.5-0.5B,Qwen1.5,tracking_shuffled_objects,7,PC3_chance_floor,0.028,0.15445740184725304
larger_target,7_objects,Qwen/Qwen-72B,Qwen,tracking_shuffled_objects,7,PC3_chance_floor,0.544,0.6194950513892747
larger_target,7_objects,Qwen/Qwen-14B,Qwen,tracking_shuffled_objects,7,PC3_chance_floor,0.0,0.38538341470792276
larger_target,7_objects,Qwen/Qwen-7B,Qwen,tracking_shuffled_objects,7,PC3_chance_floor,0.1348571428571428,0.2706709248174738
larger_target,7_objects,mistralai/Mistral-7B-v0.1,Mistral,tracking_shuffled_objects,7,PC3_chance_floor,0.2,0.28834451072384054
larger_target,7_objects,mistralai/Mixtral-8x7B-v0.1,Mixtral,tracking_shuffled_objects,7,PC3_chance_floor,0.64,0.42448757228374173
larger_target,7_objects,01-ai/Yi-6B,Yi,tracking_shuffled_objects,7,PC3_chance_floor,0.136,0.21882945005555215
larger_target,7_objects,01-ai/Yi-34B,Yi,tracking_shuffled_objects,7,PC3_chance_floor,0.0,0.5003092076994337
larger_target,7_objects,google/gemma-7b,Gemma,tracking_shuffled_objects,7,PC3_chance_floor,0.376,0.3406073854862762
larger_target,7_objects,google/gemma-2b,Gemma,tracking_shuffled_objects,7,PC3_chance_floor,0.12,0.17025613881908258
larger_target,7_objects,tiiuae/falcon-40b,Falcon,tracking_shuffled_objects,7,PC3_chance_floor,0.14,0.26113231654868885
larger_target,7_objects,tiiuae/falcon-7b,Falcon,tracking_shuffled_objects,7,PC3_chance_floor,0.0,0.16638128494006596
larger_target,7_objects,tiiuae/falcon-rw-1b,Falcon,tracking_shuffled_objects,7,PC3_chance_floor,0.028,0.15087865979742124
larger_target,7_objects,microsoft/phi-2,Phi,tracking_shuffled_objects,7,PC3_chance_floor,0.86,0.22560685726545676
larger_target,7_objects,microsoft/phi-1_5,Phi,tracking_shuffled_objects,7,PC3_chance_floor,0.072,0.16731883221183047
larger_target,7_objects,EleutherAI/pythia-1b-deduped,Pythia,tracking_shuffled_objects,7,PC3_chance_floor,0.104,0.14935712127650436
larger_target,7_objects,EleutherAI/pythia-410m-deduped,Pythia,tracking_shuffled_objects,7,PC3_chance_floor,0.056,0.1487385765233702
larger_target,7_objects,EleutherAI/pythia-6.9b-deduped,Pythia,tracking_shuffled_objects,7,PC3_chance_floor,0.048,0.1560859431459459
larger_target,7_objects,EleutherAI/pythia-2.8b-deduped,Pythia,tracking_shuffled_objects,7,PC3_chance_floor,0.104,0.15320193046815403
larger_target,7_objects,EleutherAI/pythia-12b-deduped,Pythia,tracking_shuffled_objects,7,PC3_chance_floor,0.056,0.15673083348081737
larger_target,7_objects,EleutherAI/pythia-70m-deduped,Pythia,tracking_shuffled_objects,7,PC3_chance_floor,0.0,0.14820653469982534
larger_target,7_objects,EleutherAI/pythia-1.4b-deduped,Pythia,tracking_shuffled_objects,7,PC3_chance_floor,0.156,0.15147055080336877
larger_target,7_objects,EleutherAI/pythia-160m-deduped,Pythia,tracking_shuffled_objects,7,PC3_chance_floor,0.008,0.1483051396950871
larger_target,7_objects,bigscience/bloom-560m,BLOOM,tracking_shuffled_objects,7,PC3_chance_floor,0.0697142857142857,0.1491115656740696
larger_target,7_objects,bigscience/bloom-1b1,BLOOM,tracking_shuffled_objects,7,PC3_chance_floor,0.1302857142857142,0.15108327591906512
larger_target,7_objects,bigscience/bloom-3b,BLOOM,tracking_shuffled_objects,7,PC3_chance_floor,0.1125714285714285,0.1551547408914328
larger_target,7_objects,bigscience/bloom-7b1,BLOOM,tracking_shuffled_objects,7,PC3_chance_floor,0.008,0.1598620920492454
larger_target,7_objects,EleutherAI/gpt-neox-20b,GPT-Neo/J,tracking_shuffled_objects,7,PC3_chance_floor,0.08,0.16023174146997607
larger_target,7_objects,EleutherAI/gpt-neo-2.7B,GPT-Neo/J,tracking_shuffled_objects,7,PC3_chance_floor,0.056,0.15231958420042171
larger_target,7_objects,EleutherAI/gpt-neo-1.3B,GPT-Neo/J,tracking_shuffled_objects,7,PC3_chance_floor,0.112,0.15017785725367871
larger_target,7_objects,EleutherAI/gpt-neo-125m,GPT-Neo/J,tracking_shuffled_objects,7,PC3_chance_floor,0.012,0.14827288694118373
larger_target,7_objects,EleutherAI/gpt-j-6b,GPT-Neo/J,tracking_shuffled_objects,7,PC3_chance_floor,0.104,0.15865839066645956
larger_target,7_objects,facebook/opt-6.7b,OPT,tracking_shuffled_objects,7,PC3_chance_floor,0.128,0.15384059298361905
larger_target,7_objects,facebook/opt-1.3b,OPT,tracking_shuffled_objects,7,PC3_chance_floor,0.0,0.1501759778578874
larger_target,7_objects,facebook/opt-350m,OPT,tracking_shuffled_objects,7,PC3_chance_floor,0.02,0.1478870896684968
larger_target,7_objects,facebook/opt-13b,OPT,tracking_shuffled_objects,7,PC3_chance_floor,0.112,0.1549680209549833
larger_target,7_objects,facebook/opt-2.7b,OPT,tracking_shuffled_objects,7,PC3_chance_floor,0.14,0.15184076288430215
larger_target,7_objects,facebook/opt-30b,OPT,tracking_shuffled_objects,7,PC3_chance_floor,0.18,0.1584942560425949
larger_target,7_objects,facebook/opt-125m,OPT,tracking_shuffled_objects,7,PC3_chance_floor,0.012,0.14763733834778392
larger_target,7_objects,facebook/opt-66b,OPT,tracking_shuffled_objects,7,PC3_chance_floor,0.128,0.16037604144612977
larger_target,7_objects,mosaicml/mpt-30b,MPT,tracking_shuffled_objects,7,PC3_chance_floor,0.156,0.20433833342549662
larger_target,7_objects,mosaicml/mpt-7b,MPT,tracking_shuffled_objects,7,PC3_chance_floor,0.02,0.16508887954092827
larger_target,7_objects,facebook/xglm-564M,XGLM,tracking_shuffled_objects,7,PC3_chance_floor,0.068,0.1486491752621713
larger_target,7_objects,facebook/xglm-1.7B,XGLM,tracking_shuffled_objects,7,PC3_chance_floor,0.112,0.14960439284214794
larger_target,7_objects,facebook/xglm-4.5B,XGLM,tracking_shuffled_objects,7,PC3_chance_floor,0.0,0.15152710067958136
larger_target,7_objects,facebook/xglm-7.5B,XGLM,tracking_shuffled_objects,7,PC3_chance_floor,0.0,0.15484397205533534
larger_target,7_objects,codellama/CodeLlama-7b-hf,CodeLlama,tracking_shuffled_objects,7,PC3_chance_floor,0.18,0.16192478719928416
larger_target,7_objects,codellama/CodeLlama-13b-hf,CodeLlama,tracking_shuffled_objects,7,PC3_chance_floor,0.132,0.17416910236576894
larger_target,7_objects,codellama/CodeLlama-34b-hf,CodeLlama,tracking_shuffled_objects,7,PC3_chance_floor,0.404,0.22990264012435707
larger_target,7_objects,codellama/CodeLlama-70b-hf,CodeLlama,tracking_shuffled_objects,7,PC3_chance_floor,0.648,0.257721859113501
larger_target,7_objects,bigcode/starcoderbase-1b,StarCoder,tracking_shuffled_objects,7,PC3_chance_floor,0.132,0.14944147192577845
larger_target,7_objects,bigcode/starcoderbase-3b,StarCoder,tracking_shuffled_objects,7,PC3_chance_floor,0.148,0.15031083812359283
larger_target,7_objects,bigcode/starcoderbase-7b,StarCoder,tracking_shuffled_objects,7,PC3_chance_floor,0.112,0.1513613660607083
larger_target,7_objects,bigcode/starcoderbase,StarCoder,tracking_shuffled_objects,7,PC3_chance_floor,0.204,0.15261302536295845
larger_target,7_objects,bigcode/starcoder2-15b,StarCoder2,tracking_shuffled_objects,7,PC3_chance_floor,0.656,0.2016200376468667
larger_target,7_objects,bigcode/starcoder2-7b,StarCoder2,tracking_shuffled_objects,7,PC3_chance_floor,0.2,0.1642271671692702
larger_target,7_objects,bigcode/starcoder2-3b,StarCoder2,tracking_shuffled_objects,7,PC3_chance_floor,0.16,0.1568800432397015
larger_target,7_objects,deepseek-ai/deepseek-coder-1.3b-base,DeepSeek-Coder,tracking_shuffled_objects,7,PC3_chance_floor,0.128,0.15053457774055173
larger_target,7_objects,deepseek-ai/deepseek-coder-6.7b-base,DeepSeek-Coder,tracking_shuffled_objects,7,PC3_chance_floor,0.244,0.16249088884194085
larger_target,7_objects,deepseek-ai/deepseek-coder-33b-base,DeepSeek-Coder,tracking_shuffled_objects,7,PC3_chance_floor,0.268,0.1743174859446925
