quantile,family,pilot,budget,predictor,stratum,brier,log_loss,hit_rate,mean_prediction,bias_squared,residual_variance
0.9,additives,5,20,no_target__pooled,all,0.0010664749167662007,0.026366335767032748,1.0,0.9741820568971653,0.000679320608512488,0.00038715430825371293
0.9,additives,5,20,no_target__pooled,not_yet_hit,0.0017063598662259212,0.04218553722695238,1.0,0.9586918910354646,0.0017063598662259212,0.0
0.9,additives,5,40,no_target__pooled,all,2.252474116951104e-06,0.0011880084961892637,1.0,0.9988131191682741,1.4355973209274997e-06,8.168767960236044e-07
0.9,additives,5,40,no_target__pooled,not_yet_hit,3.603957987121766e-06,0.0019002135936028045,1.0,0.9981015906692386,3.6039579871217664e-06,0.0
0.9,additives,10,20,no_target__pooled,all,0.0036727647216017447,0.03348409868950168,1.0,0.9685088512248332,0.00198604244086945,0.0016867222807322962
0.9,additives,10,20,no_target__pooled,not_yet_hit,0.01360283229952498,0.1240124766264321,1.0,0.8833688193512343,0.013602832299524985,1.925929944387236e-34
0.9,additives,10,40,no_target__pooled,all,9.065236427289847e-06,0.0015697653070701366,1.0,0.9984347848967574,4.9033798804812335e-06,4.161856546808614e-06
0.9,additives,10,40,no_target__pooled,not_yet_hit,3.357494702699943e-05,0.005811241876685612,1.0,0.9942056107287308,3.357494702699943e-05,0.0
0.9,additives,5,20,no_target__separate,all,0.001167137720327079,0.027609857458945473,1.0,0.9729910879242891,0.0007434396526073766,0.00042369806771970226
0.9,additives,5,20,no_target__separate,not_yet_hit,0.001867420351923326,0.04417517193401274,1.0,0.9567863406788627,0.001867420351923326,0.0
0.9,additives,10,20,no_target__separate,all,0.004045361084140244,0.035254440588191466,1.0,0.9669501021962448,0.002187521905685672,0.0018578391784545736
0.9,additives,10,20,no_target__separate,not_yet_hit,0.014982818827445352,0.1305692984734313,1.0,0.8775956748009068,0.014982818827445349,4.81482486096809e-34
0.9,additives,5,40,no_target__separate,all,1.0000000000575112e-12,1.0000005000290893e-06,1.0,0.9999990000000001,1.0000000000575112e-12,0.0
0.9,additives,5,40,no_target__separate,not_yet_hit,1.0000000000575112e-12,1.0000005000290893e-06,1.0,0.9999990000000001,1.0000000000575112e-12,0.0
0.9,additives,10,40,no_target__separate,all,1.0000000000575112e-12,1.0000005000290893e-06,1.0,0.9999990000000001,1.0000000000575112e-12,0.0
0.9,additives,10,40,no_target__separate,not_yet_hit,1.0000000000575112e-12,1.000000500029089e-06,1.0,0.9999989999999999,1.0000000000575112e-12,0.0
0.9,additives,5,20,no_target__separate_matched_penalty,all,0.0011400027117372486,0.027279871205501918,1.0,0.973306897627148,0.0007261555082328892,0.00041384720350435926
0.9,additives,5,20,no_target__separate_matched_penalty,not_yet_hit,0.0018240043381795978,0.04364719392850305,1.0,0.9572916362034367,0.0018240043381795976,0.0
0.9,additives,10,20,no_target__separate_matched_penalty,all,0.004145333662572474,0.03571732573232439,1.0,0.9665442242116968,0.0022415815246073223,0.001903752137965152
0.9,additives,10,20,no_target__separate_matched_penalty,not_yet_hit,0.015353087636453608,0.1322836878961458,1.0,0.8760924230062842,0.015353087636453612,1.925929944387236e-34
0.9,additives,5,40,no_target__separate_matched_penalty,all,1.0000000000575112e-12,1.0000005000290893e-06,1.0,0.9999990000000001,1.0000000000575112e-12,0.0
0.9,additives,5,40,no_target__separate_matched_penalty,not_yet_hit,1.0000000000575112e-12,1.0000005000290893e-06,1.0,0.9999990000000001,1.0000000000575112e-12,0.0
0.9,additives,10,40,no_target__separate_matched_penalty,all,1.0000000000575112e-12,1.0000005000290893e-06,1.0,0.9999990000000001,1.0000000000575112e-12,0.0
0.9,additives,10,40,no_target__separate_matched_penalty,not_yet_hit,1.0000000000575112e-12,1.000000500029089e-06,1.0,0.9999989999999999,1.0000000000575112e-12,0.0
0.9,additives,5,20,best__pooled,all,0.00175027984444519,0.027716860838041785,1.0,0.9732308639226305,0.0007387180503851815,0.0010115617940600083
0.9,additives,5,20,best__pooled,not_yet_hit,0.0028183666675106705,0.04425349749045659,1.0,0.9572731934589134,0.0018361688045689288,0.0009821978629417415
0.9,additives,5,40,best__pooled,all,4.013109424412996e-06,0.0012195133151890441,1.0,0.9987825014776367,1.529566844220732e-06,2.4835425801922645e-06
0.9,additives,5,40,best__pooled,not_yet_hit,6.467271793159684e-06,0.0019471491348552134,1.0,0.9980560977698538,3.8067934099854253e-06,2.6604783831742586e-06
0.9,additives,10,20,best__pooled,all,0.0018840975758407893,0.023519269517009715,1.0,0.9774790457599922,0.0010209009605488541,0.0008631966152919352
0.9,additives,10,20,best__pooled,not_yet_hit,0.006955742981754135,0.08695929291996843,1.0,0.9167259516303016,0.006947694116057912,8.04886569622362e-06
0.9,additives,10,40,best__pooled,all,4.020139119413226e-06,0.0010427244643070994,1.0,0.9989592908186156,2.1793931751436904e-06,1.8407459442695354e-06
0.9,additives,10,40,best__pooled,not_yet_hit,1.4837494169987862e-05,0.0038524791140353643,1.0,0.9961549588412056,1.4817395243887736e-05,2.009892610012528e-08
0.9,additives,5,20,best__separate,all,0.001944169872973976,0.02906702371228556,1.0,0.9719924549190514,0.0008088257736170197,0.001135344099356956
0.9,additives,5,20,best__separate,not_yet_hit,0.003131787422647258,0.04641213031358464,1.0,0.9552952631702726,0.0020105360973829414,0.0011212513252643159
0.9,additives,10,20,best__separate,all,0.002069401642859773,0.024701026377897464,1.0,0.9763986648957603,0.001121322162224245,0.0009480794806355282
0.9,additives,10,20,best__separate,not_yet_hit,0.007639476489952867,0.09132611020126906,1.0,0.9127331345438281,0.00763036793492356,9.10855502930929e-06
0.9,additives,5,40,best__separate,all,1.0000000000575112e-12,1.0000005000290893e-06,1.0,0.9999990000000001,1.0000000000575112e-12,0.0
0.9,additives,5,40,best__separate,not_yet_hit,1.0000000000575112e-12,1.0000005000290893e-06,1.0,0.9999990000000001,1.0000000000575112e-12,0.0
0.9,additives,10,40,best__separate,all,1.0000000000575112e-12,1.0000005000290893e-06,1.0,0.9999990000000001,1.0000000000575112e-12,0.0
0.9,additives,10,40,best__separate,not_yet_hit,1.0000000000575112e-12,1.000000500029089e-06,1.0,0.9999989999999999,1.0000000000575112e-12,0.0
0.9,additives,5,20,best__separate_matched_penalty,all,0.0019390265814307117,0.028741782080649106,1.0,0.9723174537578254,0.0007903713153934718,0.00114865526603724
0.9,additives,5,20,best__separate_matched_penalty,not_yet_hit,0.0031250143515130615,0.04589683680796272,1.0,0.955810922727924,0.0019650210991917637,0.001159993252321298
0.9,additives,10,20,best__separate_matched_penalty,all,0.0020964576114212256,0.024868248658607792,1.0,0.976246293070463,0.0011360010035435378,0.0009604566078776879
0.9,additives,10,20,best__separate_matched_penalty,not_yet_hit,0.0077388814903616935,0.09194136510739788,1.0,0.9121724327882033,0.00772931076181315,9.57072854854226e-06
0.9,additives,5,40,best__separate_matched_penalty,all,1.0000000000575112e-12,1.0000005000290893e-06,1.0,0.9999990000000001,1.0000000000575112e-12,0.0
0.9,additives,5,40,best__separate_matched_penalty,not_yet_hit,1.0000000000575112e-12,1.0000005000290893e-06,1.0,0.9999990000000001,1.0000000000575112e-12,0.0
0.9,additives,10,40,best__separate_matched_penalty,all,1.0000000000575112e-12,1.0000005000290893e-06,1.0,0.9999990000000001,1.0000000000575112e-12,0.0
0.9,additives,10,40,best__separate_matched_penalty,not_yet_hit,1.0000000000575112e-12,1.000000500029089e-06,1.0,0.9999989999999999,1.0000000000575112e-12,0.0
0.9,additives,5,20,pilot_summary__pooled,all,0.0030736220861264357,0.03625526772313312,1.0,0.9654513847311543,0.0012460347897049662,0.0018275872964214693
0.9,additives,5,20,pilot_summary__pooled,not_yet_hit,0.004936923691292725,0.057657819523292936,1.0,0.9450881246235121,0.0030431413697036102,0.0018937823215891144
0.9,additives,5,40,pilot_summary__pooled,all,7.486772593913274e-06,0.0016038201397921943,1.0,0.998399944038931,2.6760847087863025e-06,4.810687885126971e-06
0.9,additives,5,40,pilot_summary__pooled,not_yet_hit,1.2084845779535227e-05,0.002551661091159633,1.0,0.997454415386668,6.556434487145801e-06,5.528411292389428e-06
0.9,additives,10,20,pilot_summary__pooled,all,0.0028592477586275354,0.028765430704162362,1.0,0.9727781683322501,0.0014844246652282278,0.0013748230933993077
0.9,additives,10,20,pilot_summary__pooled,not_yet_hit,0.010653315671174831,0.10686140056172905,1.0,0.8988914303672674,0.010284114230798589,0.00036920144037624056
0.9,additives,10,40,pilot_summary__pooled,all,6.337143632718333e-06,0.0012792525417013889,1.0,0.9987239271013659,3.262307856780937e-06,3.0748357759373953e-06
0.9,additives,10,40,pilot_summary__pooled,not_yet_hit,2.3629871972378326e-05,0.004750596054154427,1.0,0.9952612603167428,2.262513551272491e-05,1.004736459653414e-06
0.9,additives,5,20,pilot_summary__separate,all,0.003426447099478954,0.03814803958903902,1.0,0.9637711563492642,0.001370492656611115,0.0020559544428678397
0.9,additives,5,20,pilot_summary__separate,not_yet_hit,0.0055064861793744395,0.060675041326683596,1.0,0.9424149238364251,0.0033474413266321194,0.0021590448527423196
0.9,additives,10,20,pilot_summary__separate,all,0.0031441175832703735,0.03025701197717032,1.0,0.9714469662277132,0.001632986151319861,0.001511131431950512
0.9,additives,10,20,pilot_summary__separate,not_yet_hit,0.011713555923896796,0.11239783771534459,1.0,0.8939521447054126,0.011311138873015426,0.00040241705088136956
0.9,additives,5,40,pilot_summary__separate,all,1.0000000000575112e-12,1.0000005000290893e-06,1.0,0.9999990000000001,1.0000000000575112e-12,0.0
0.9,additives,5,40,pilot_summary__separate,not_yet_hit,1.0000000000575112e-12,1.0000005000290893e-06,1.0,0.9999990000000001,1.0000000000575112e-12,0.0
0.9,additives,10,40,pilot_summary__separate,all,1.0000000000575112e-12,1.0000005000290893e-06,1.0,0.9999990000000001,1.0000000000575112e-12,0.0
0.9,additives,10,40,pilot_summary__separate,not_yet_hit,1.0000000000575112e-12,1.000000500029089e-06,1.0,0.9999989999999999,1.0000000000575112e-12,0.0
0.9,additives,5,20,pilot_summary__separate_matched_penalty,all,0.003544870790337374,0.03765404959885409,1.0,0.9643392708534723,0.0013347445034067212,0.002210126286930652
0.9,additives,5,20,pilot_summary__separate_matched_penalty,not_yet_hit,0.005689584230868777,0.05983070388079886,1.0,0.9433748345791512,0.0032455916735336368,0.0024439925573351393
0.9,additives,10,20,pilot_summary__separate_matched_penalty,all,0.0032739656920508205,0.03023940426984805,1.0,0.9715493380813518,0.0016313856560231904,0.0016425800360276308
0.9,additives,10,20,pilot_summary__separate_matched_penalty,not_yet_hit,0.012242430203334681,0.11255087246669374,1.0,0.8941408836551306,0.011380470387407582,0.0008619598159270989
0.9,additives,5,40,pilot_summary__separate_matched_penalty,all,1.0000000000575112e-12,1.0000005000290893e-06,1.0,0.9999990000000001,1.0000000000575112e-12,0.0
0.9,additives,5,40,pilot_summary__separate_matched_penalty,not_yet_hit,1.0000000000575112e-12,1.0000005000290893e-06,1.0,0.9999990000000001,1.0000000000575112e-12,0.0
0.9,additives,10,40,pilot_summary__separate_matched_penalty,all,1.0000000000575112e-12,1.0000005000290893e-06,1.0,0.9999990000000001,1.0000000000575112e-12,0.0
0.9,additives,10,40,pilot_summary__separate_matched_penalty,not_yet_hit,1.0000000000575112e-12,1.000000500029089e-06,1.0,0.9999989999999999,1.0000000000575112e-12,0.0
0.9,buchwald-hartwig,5,20,no_target__pooled,all,0.01185963062297466,0.06043921541543268,0.9879999999999999,0.9801597661865374,0.00034674325839047167,0.011512887364584189
0.9,buchwald-hartwig,5,40,no_target__pooled,all,2.156786550501508e-06,0.0011276313058848212,1.0,0.9988734484662659,1.2729877261459388e-06,8.837988243555694e-07
0.9,buchwald-hartwig,10,20,no_target__pooled,all,0.01137741141933258,0.045583397622986646,0.9879999999999999,0.9828075267358315,0.00045850773966420524,0.010918903679668374
0.9,buchwald-hartwig,10,40,no_target__pooled,all,5.687817059790322e-06,0.0010377405818339587,1.0,0.9989651137983179,1.2190608526398535e-06,4.468756207150468e-06
0.9,buchwald-hartwig,5,20,no_target__pooled,not_yet_hit,0.021384699840127773,0.10715895264034943,0.9782886334610474,0.9662588064396894,0.0010085391195798661,0.02037616072054792
0.9,buchwald-hartwig,5,40,no_target__pooled,not_yet_hit,3.668003636907326e-06,0.001917039635508179,1.0,0.9980847967113364,3.668003636907327e-06,0.0
0.9,buchwald-hartwig,10,20,no_target__pooled,not_yet_hit,0.0861821879739882,0.31457773205389905,0.9047619047619048,0.9085549932756989,0.01724794761117642,0.06893424036281179
0.9,buchwald-hartwig,10,40,no_target__pooled,not_yet_hit,3.025434174356554e-05,0.005515577560786888,1.0,0.9944996053102013,3.025434174356554e-05,0.0
0.9,buchwald-hartwig,5,20,no_target__separate,all,0.011891949316510473,0.06092143988501699,0.9879999999999999,0.9790292926946099,0.0003674880677756874,0.011524461248734786
0.9,buchwald-hartwig,10,20,no_target__separate,all,0.011439945082119029,0.04594969607258205,0.9879999999999999,0.9817774780030843,0.00048338376678670156,0.010956561315332325
0.9,buchwald-hartwig,5,20,no_target__separate,not_yet_hit,0.021434652595272188,0.10790424864358991,0.9782886334610474,0.9643362324738265,0.0010584918747242739,0.02037616072054792
0.9,buchwald-hartwig,10,20,no_target__separate,not_yet_hit,0.08617064269245545,0.31450852191057477,0.9047619047619048,0.9030760106547036,0.017236402329643647,0.06893424036281179
0.9,buchwald-hartwig,5,40,no_target__separate,all,1.0000000000575112e-12,1.0000005000290893e-06,1.0,0.9999990000000001,1.0000000000575112e-12,0.0
0.9,buchwald-hartwig,10,40,no_target__separate,all,1.0000000000575112e-12,1.0000005000290893e-06,1.0,0.9999990000000001,1.0000000000575112e-12,0.0
0.9,buchwald-hartwig,5,40,no_target__separate,not_yet_hit,1.0000000000575112e-12,1.000000500029089e-06,1.0,0.9999989999999999,1.0000000000575112e-12,0.0
0.9,buchwald-hartwig,10,40,no_target__separate,not_yet_hit,1.0000000000575112e-12,1.000000500029089e-06,1.0,0.9999990000000001,1.0000000000575112e-12,0.0
0.9,buchwald-hartwig,5,20,no_target__separate_matched_penalty,all,0.011882153228029926,0.06077794722608232,0.9879999999999999,0.9793563190675103,0.0003612234033387799,0.011520929824691146
0.9,buchwald-hartwig,10,20,no_target__separate_matched_penalty,all,0.011460540339572386,0.0460664708605936,0.9879999999999999,0.9814737314116109,0.0004911806071490916,0.010969359732423294
0.9,buchwald-hartwig,5,20,no_target__separate_matched_penalty,not_yet_hit,0.021419442178943815,0.10768144815127337,0.9782886334610474,0.9648923997746774,0.0010432814583959046,0.02037616072054792
0.9,buchwald-hartwig,10,20,no_target__separate_matched_penalty,not_yet_hit,0.08617870080124798,0.31455417757018017,0.9047619047619048,0.9014603372958019,0.017244460438436176,0.06893424036281179
0.9,buchwald-hartwig,5,40,no_target__separate_matched_penalty,all,1.0000000000575112e-12,1.0000005000290893e-06,1.0,0.9999990000000001,1.0000000000575112e-12,0.0
0.9,buchwald-hartwig,10,40,no_target__separate_matched_penalty,all,1.0000000000575112e-12,1.0000005000290893e-06,1.0,0.9999990000000001,1.0000000000575112e-12,0.0
0.9,buchwald-hartwig,5,40,no_target__separate_matched_penalty,not_yet_hit,1.0000000000575112e-12,1.000000500029089e-06,1.0,0.9999989999999999,1.0000000000575112e-12,0.0
0.9,buchwald-hartwig,10,40,no_target__separate_matched_penalty,not_yet_hit,1.0000000000575112e-12,1.000000500029089e-06,1.0,0.9999990000000001,1.0000000000575112e-12,0.0
0.9,buchwald-hartwig,5,20,best__pooled,all,0.01213058458497135,0.06107758040446125,0.9879999999999999,0.9796182285857162,0.0004114659389624183,0.011719118646008931
0.9,buchwald-hartwig,5,40,best__pooled,all,3.3670831269311564e-06,0.0011205383585646002,1.0,0.998881150658389,1.30018264621227e-06,2.0669004807188867e-06
0.9,buchwald-hartwig,10,20,best__pooled,all,0.011832177229378392,0.047530242001304915,0.9879999999999999,0.9852661434568051,0.00042006832271141516,0.011412108906666978
0.9,buchwald-hartwig,10,40,best__pooled,all,4.913704727496511e-06,0.0008492494338762152,1.0,0.9991532208281064,8.443548090157642e-07,4.0693499184807464e-06
0.9,buchwald-hartwig,5,20,best__pooled,not_yet_hit,0.02182249236599535,0.10818265903076388,0.9782886334610474,0.9654274292005912,0.0011925206145525019,0.020629971751442842
0.9,buchwald-hartwig,5,40,best__pooled,not_yet_hit,5.697241527383403e-06,0.00189980355864938,1.0,0.9981030543320809,3.7059642705447006e-06,1.991277256838702e-06
0.9,buchwald-hartwig,10,20,best__pooled,not_yet_hit,0.09015084980349264,0.33655247973686864,0.9047619047619048,0.9221860883640414,0.018014615082054618,0.07213623472143801
0.9,buchwald-hartwig,10,40,best__pooled,not_yet_hit,2.5381994582024106e-05,0.004472903027790522,1.0,0.9955398556919445,2.017134051702514e-05,5.21065406499897e-06
0.9,buchwald-hartwig,5,20,best__separate,all,0.012218573795191288,0.061662001218283025,0.9879999999999999,0.9784726863706096,0.00043940825519099373,0.011779165540000292
0.9,buchwald-hartwig,10,20,best__separate,all,0.011931073077368988,0.047833758495267935,0.9879999999999999,0.9843345013723406,0.00043865451283008874,0.011492418564538899
0.9,buchwald-hartwig,5,20,best__separate,not_yet_hit,0.02196477369494921,0.10910025267016274,0.9782886334610474,0.963486447436161,0.0012625413308004155,0.020702232364148792
0.9,buchwald-hartwig,10,20,best__separate,not_yet_hit,0.0904115193034109,0.33618020663823245,0.9047619047619048,0.917276405900204,0.01791174407716001,0.07249977522625091
0.9,buchwald-hartwig,5,40,best__separate,all,1.0000000000575112e-12,1.0000005000290893e-06,1.0,0.9999990000000001,1.0000000000575112e-12,0.0
0.9,buchwald-hartwig,10,40,best__separate,all,1.0000000000575112e-12,1.0000005000290893e-06,1.0,0.9999990000000001,1.0000000000575112e-12,0.0
0.9,buchwald-hartwig,5,40,best__separate,not_yet_hit,1.0000000000575112e-12,1.000000500029089e-06,1.0,0.9999989999999999,1.0000000000575112e-12,0.0
0.9,buchwald-hartwig,10,40,best__separate,not_yet_hit,1.0000000000575112e-12,1.000000500029089e-06,1.0,0.9999990000000001,1.0000000000575112e-12,0.0
0.9,buchwald-hartwig,5,20,best__separate_matched_penalty,all,0.012216683269545755,0.06154535802110689,0.9879999999999999,0.9788831426652752,0.0004320907509019902,0.011784592518643763
0.9,buchwald-hartwig,10,20,best__separate_matched_penalty,all,0.011981056014186846,0.04799431605446021,0.9879999999999999,0.984076542044124,0.00044451252236097337,0.011536543491825875
0.9,buchwald-hartwig,5,20,best__separate_matched_penalty,not_yet_hit,0.021963385937168966,0.10893516275832853,0.9782886334610474,0.9641852807552871,0.0012454779686238223,0.020717907968545144
0.9,buchwald-hartwig,10,20,best__separate_matched_penalty,not_yet_hit,0.0906163621436212,0.3366459301210062,0.9047619047619048,0.9159325848210275,0.01790468864028032,0.07271167350334087
0.9,buchwald-hartwig,5,40,best__separate_matched_penalty,all,1.0000000000575112e-12,1.0000005000290893e-06,1.0,0.9999990000000001,1.0000000000575112e-12,0.0
0.9,buchwald-hartwig,10,40,best__separate_matched_penalty,all,1.0000000000575112e-12,1.0000005000290893e-06,1.0,0.9999990000000001,1.0000000000575112e-12,0.0
0.9,buchwald-hartwig,5,40,best__separate_matched_penalty,not_yet_hit,1.0000000000575112e-12,1.000000500029089e-06,1.0,0.9999989999999999,1.0000000000575112e-12,0.0
0.9,buchwald-hartwig,10,40,best__separate_matched_penalty,not_yet_hit,1.0000000000575112e-12,1.000000500029089e-06,1.0,0.9999990000000001,1.0000000000575112e-12,0.0
0.9,buchwald-hartwig,5,20,pilot_summary__pooled,all,0.012082557586492463,0.059179266817582545,0.9879999999999999,0.9772527737360527,0.00045711516360102364,0.01162544242289144
0.9,buchwald-hartwig,5,40,pilot_summary__pooled,all,4.4579574010800805e-06,0.0012603610724518084,1.0,0.9987418769255377,1.646608362138869e-06,2.811349038941212e-06
0.9,buchwald-hartwig,10,20,pilot_summary__pooled,all,0.011357364187606002,0.04428868194269025,0.9879999999999999,0.9837839677778553,0.000428312106034535,0.01092905208157147
0.9,buchwald-hartwig,10,40,pilot_summary__pooled,all,5.63453179206994e-06,0.0009380975808533194,1.0,0.9990647344316212,1.010771195988508e-06,4.623760596081433e-06
0.9,buchwald-hartwig,5,20,pilot_summary__pooled,not_yet_hit,0.02171770624237575,0.10460418668165539,0.9782886334610474,0.9613460884630808,0.0013169028411553433,0.020400803401220406
0.9,buchwald-hartwig,5,40,pilot_summary__pooled,not_yet_hit,7.571032661791522e-06,0.0021409590967836948,1.0,0.9978628417547402,4.733316238958501e-06,2.83771642283302e-06
0.9,buchwald-hartwig,10,20,pilot_summary__pooled,not_yet_hit,0.08611957759552642,0.30773356179843575,0.9047619047619048,0.9131410240093251,0.01712159056906542,0.068997987026461
0.9,buchwald-hartwig,10,40,pilot_summary__pooled,not_yet_hit,3.0766242041377605e-05,0.005028306100854809,1.0,0.9949871606704074,2.5806767792497695e-05,4.959474248879913e-06
0.9,buchwald-hartwig,5,20,pilot_summary__separate,all,0.012185882730416342,0.05987428659739793,0.9879999999999999,0.9760395606064509,0.0004926367929796639,0.011693245937436677
0.9,buchwald-hartwig,10,20,pilot_summary__separate,all,0.011439050915670384,0.04465571353890864,0.9879999999999999,0.9827989120013729,0.00044990001055845373,0.010989150905111931
0.9,buchwald-hartwig,5,20,pilot_summary__separate,not_yet_hit,0.021885576435963592,0.10571736432215853,0.9782886334610474,0.9592874698351448,0.001409637884122399,0.020475938551841193
0.9,buchwald-hartwig,10,20,pilot_summary__separate,not_yet_hit,0.08624079559138023,0.30782169100155465,0.9047619047619048,0.9078701035542412,0.01707749945974415,0.06916329613163608
0.9,buchwald-hartwig,5,40,pilot_summary__separate,all,1.0000000000575112e-12,1.0000005000290893e-06,1.0,0.9999990000000001,1.0000000000575112e-12,0.0
0.9,buchwald-hartwig,10,40,pilot_summary__separate,all,1.0000000000575112e-12,1.0000005000290893e-06,1.0,0.9999990000000001,1.0000000000575112e-12,0.0
0.9,buchwald-hartwig,5,40,pilot_summary__separate,not_yet_hit,1.0000000000575112e-12,1.000000500029089e-06,1.0,0.9999989999999999,1.0000000000575112e-12,0.0
0.9,buchwald-hartwig,10,40,pilot_summary__separate,not_yet_hit,1.0000000000575112e-12,1.000000500029089e-06,1.0,0.9999990000000001,1.0000000000575112e-12,0.0
0.9,buchwald-hartwig,5,20,pilot_summary__separate_matched_penalty,all,0.012143256563515639,0.058491385557227236,0.9879999999999999,0.9766122143674218,0.0004702404503349647,0.011673016113180675
0.9,buchwald-hartwig,10,20,pilot_summary__separate_matched_penalty,all,0.011298868090154495,0.043778788069688976,0.9879999999999999,0.9825761230056476,0.00045095357523751043,0.010847914514916986
0.9,buchwald-hartwig,5,20,pilot_summary__separate_matched_penalty,not_yet_hit,0.02181087812135577,0.10330119652658473,0.9782886334610474,0.9602236937839947,0.0013522775881975968,0.020458600533158174
0.9,buchwald-hartwig,10,20,pilot_summary__separate_matched_penalty,not_yet_hit,0.08491912376488615,0.2998783253679345,0.9047619047619048,0.9065270546383459,0.01682490922993879,0.06809421453494736
0.9,buchwald-hartwig,5,40,pilot_summary__separate_matched_penalty,all,1.0000000000575112e-12,1.0000005000290893e-06,1.0,0.9999990000000001,1.0000000000575112e-12,0.0
0.9,buchwald-hartwig,10,40,pilot_summary__separate_matched_penalty,all,1.0000000000575112e-12,1.0000005000290893e-06,1.0,0.9999990000000001,1.0000000000575112e-12,0.0
0.9,buchwald-hartwig,5,40,pilot_summary__separate_matched_penalty,not_yet_hit,1.0000000000575112e-12,1.000000500029089e-06,1.0,0.9999989999999999,1.0000000000575112e-12,0.0
0.9,buchwald-hartwig,10,40,pilot_summary__separate_matched_penalty,not_yet_hit,1.0000000000575112e-12,1.000000500029089e-06,1.0,0.9999990000000001,1.0000000000575112e-12,0.0
0.9,c2-yield,5,20,no_target__pooled,all,0.019306325490963738,0.08661975844298,0.98,0.9833969523372634,1.1539285181638848e-05,0.019294786205782108
0.9,c2-yield,5,20,no_target__pooled,not_yet_hit,0.034475581233078104,0.15467735436207145,0.9642857142857143,0.9703524863165418,3.6805722874029736e-05,0.03443877551020409
0.9,c2-yield,5,40,no_target__pooled,all,9.204563806942267e-07,0.0007188527977648945,1.0,0.9992816078241634,5.160873183035214e-07,4.043690623907051e-07
0.9,c2-yield,5,40,no_target__pooled,not_yet_hit,1.643671322668262e-06,0.00128287999561586,1.0,0.9987179425431486,1.6436713226682618e-06,0.0
0.9,c2-yield,10,20,no_target__pooled,all,0.017919644543131184,0.06364029648769658,0.98,0.9850524974861683,2.5527730847736515e-05,0.017894116812283447
0.9,c2-yield,10,20,no_target__pooled,not_yet_hit,0.0995535807906177,0.35355264715159185,0.8888888888888888,0.9169628749231572,0.000788148691852286,0.09876543209876543
0.9,c2-yield,10,40,no_target__pooled,all,2.5859910310925054e-06,0.0006843759279322552,1.0,0.9993169203441529,4.6659781623227256e-07,2.1193932148602333e-06
0.9,c2-yield,10,40,no_target__pooled,not_yet_hit,1.4366612283847256e-05,0.0037975329306790626,1.0,0.996209668578627,1.4366612283847256e-05,0.0
0.9,c2-yield,5,20,no_target__separate,all,0.019298517809505367,0.08648672374214796,0.98,0.9826772405404318,7.1676169113311524e-06,0.019291350192594033
0.9,c2-yield,5,20,no_target__separate,not_yet_hit,0.034461638944759586,0.15443979239629987,0.9642857142857143,0.9690672866793422,2.2863434555506377e-05,0.03443877551020409
0.9,c2-yield,10,20,no_target__separate,all,0.017884003804776717,0.06341084608111222,0.98,0.984371900516133,1.9113514122963377e-05,0.01786489029065376
0.9,c2-yield,10,20,no_target__separate,not_yet_hit,0.09935557668864844,0.3522779226705677,0.8888888888888888,0.9131817806451831,0.0005901445898830259,0.09876543209876543
0.9,c2-yield,5,40,no_target__separate,all,1.0000000000575112e-12,1.0000005000290893e-06,1.0,0.9999990000000001,1.0000000000575112e-12,0.0
0.9,c2-yield,5,40,no_target__separate,not_yet_hit,1.0000000000575112e-12,1.000000500029089e-06,1.0,0.9999989999999999,1.0000000000575112e-12,0.0
0.9,c2-yield,10,40,no_target__separate,all,1.0000000000575112e-12,1.0000005000290893e-06,1.0,0.9999990000000001,1.0000000000575112e-12,0.0
0.9,c2-yield,10,40,no_target__separate,not_yet_hit,1.0000000000575112e-12,1.000000500029089e-06,1.0,0.999999,1.0000000000575112e-12,0.0
0.9,c2-yield,5,20,no_target__separate_matched_penalty,all,0.019300416302135318,0.08651856358099266,0.98,0.9828689029473279,8.230604121185759e-06,0.019292185698014136
0.9,c2-yield,5,20,no_target__separate_matched_penalty,not_yet_hit,0.03446502911017022,0.15449664925137976,0.9642857142857143,0.9694095409773709,2.625359996613354e-05,0.03443877551020409
0.9,c2-yield,10,20,no_target__separate_matched_penalty,all,0.017875386938832803,0.06335678289537745,0.98,0.9841907964951372,1.756277526365295e-05,0.01785782416356915
0.9,c2-yield,10,20,no_target__separate_matched_penalty,not_yet_hit,0.09930770521118226,0.3519775716387078,0.8888888888888888,0.9121756471952059,0.0005422731124168263,0.09876543209876543
0.9,c2-yield,5,40,no_target__separate_matched_penalty,all,1.0000000000575112e-12,1.0000005000290893e-06,1.0,0.9999990000000001,1.0000000000575112e-12,0.0
0.9,c2-yield,5,40,no_target__separate_matched_penalty,not_yet_hit,1.0000000000575112e-12,1.000000500029089e-06,1.0,0.9999989999999999,1.0000000000575112e-12,0.0
0.9,c2-yield,10,40,no_target__separate_matched_penalty,all,1.0000000000575112e-12,1.0000005000290893e-06,1.0,0.9999990000000001,1.0000000000575112e-12,0.0
0.9,c2-yield,10,40,no_target__separate_matched_penalty,not_yet_hit,1.0000000000575112e-12,1.000000500029089e-06,1.0,0.999999,1.0000000000575112e-12,0.0
0.9,c2-yield,5,20,best__pooled,all,0.01971202724059239,0.09718422224082816,0.98,0.990831359184042,0.00011731834177372735,0.019594708898818668
0.9,c2-yield,5,20,best__pooled,not_yet_hit,0.03520004864312927,0.1735424682868003,0.9642857142857143,0.9836282128286461,0.0003741322498833215,0.034825916393245955
0.9,c2-yield,5,40,best__pooled,all,3.1534487203255027e-07,0.0003620385341443801,1.0,0.9996381192705631,1.3095766233777542e-07,1.8438720969477495e-07
0.9,c2-yield,5,40,best__pooled,not_yet_hit,5.631150572009826e-07,0.0006457116677220846,1.0,0.9993545701260054,4.1657972224445724e-07,1.4653533495652535e-07
0.9,c2-yield,10,20,best__pooled,all,0.01863759939609855,0.07019254299097147,0.98,0.9917442357818467,0.00013792707409960352,0.01849967232199894
0.9,c2-yield,10,20,best__pooled,not_yet_hit,0.10354221886265863,0.3899540166142301,0.8888888888888888,0.9541391987880363,0.004257602941934763,0.09928461592072384
0.9,c2-yield,10,40,best__pooled,all,6.267923255547412e-07,0.00033461734227185165,1.0,0.9996656964529228,1.1175886158845512e-07,5.150334639662859e-07
0.9,c2-yield,10,40,best__pooled,not_yet_hit,3.482175030859672e-06,0.0018544296770101544,1.0,0.9981473136273485,3.4324467954084155e-06,4.9728235451256855e-08
0.9,c2-yield,5,20,best__separate,all,0.019716174215781614,0.09704498061795105,0.98,0.9905753440903502,0.00011183790262930299,0.019604336313152313
0.9,c2-yield,5,20,best__separate,not_yet_hit,0.035207453955967166,0.17329382253166253,0.9642857142857143,0.9831710430184823,0.00035665564134471545,0.03485079831462246
0.9,c2-yield,10,20,best__separate,all,0.018598772992193754,0.06971159920638355,0.98,0.9913949807289731,0.0001298455858136657,0.018468927406380085
0.9,c2-yield,10,20,best__separate,not_yet_hit,0.10332651661874309,0.38728210669985286,0.8888888888888888,0.9521988929387388,0.004008156612792029,0.09931836000595104
0.9,c2-yield,5,40,best__separate,all,1.0000000000575112e-12,1.0000005000290893e-06,1.0,0.9999990000000001,1.0000000000575112e-12,0.0
0.9,c2-yield,5,40,best__separate,not_yet_hit,1.0000000000575112e-12,1.000000500029089e-06,1.0,0.9999989999999999,1.0000000000575112e-12,0.0
0.9,c2-yield,10,40,best__separate,all,1.0000000000575112e-12,1.0000005000290893e-06,1.0,0.9999990000000001,1.0000000000575112e-12,0.0
0.9,c2-yield,10,40,best__separate,not_yet_hit,1.0000000000575112e-12,1.000000500029089e-06,1.0,0.999999,1.0000000000575112e-12,0.0
0.9,c2-yield,5,20,best__separate_matched_penalty,all,0.01972442870473131,0.09750625802023669,0.98,0.9908431101881868,0.0001175730385531581,0.019606855666178157
0.9,c2-yield,5,20,best__separate_matched_penalty,not_yet_hit,0.03522219411480591,0.17411753217860124,0.9642857142857143,0.9836491967646189,0.00037494445371085463,0.03484724966109507
0.9,c2-yield,10,20,best__separate_matched_penalty,all,0.018596865599586832,0.06968535412485183,0.98,0.9913616765583552,0.00012908769421667645,0.018467777905370155
0.9,c2-yield,10,20,best__separate_matched_penalty,not_yet_hit,0.1033159199931491,0.3871363006913432,0.8888888888888888,0.9520138697686397,0.003984763211068911,0.09933115678208017
0.9,c2-yield,5,40,best__separate_matched_penalty,all,1.0000000000575112e-12,1.0000005000290893e-06,1.0,0.9999990000000001,1.0000000000575112e-12,0.0
0.9,c2-yield,5,40,best__separate_matched_penalty,not_yet_hit,1.0000000000575112e-12,1.000000500029089e-06,1.0,0.9999989999999999,1.0000000000575112e-12,0.0
0.9,c2-yield,10,40,best__separate_matched_penalty,all,1.0000000000575112e-12,1.0000005000290893e-06,1.0,0.9999990000000001,1.0000000000575112e-12,0.0
0.9,c2-yield,10,40,best__separate_matched_penalty,not_yet_hit,1.0000000000575112e-12,1.000000500029089e-06,1.0,0.999999,1.0000000000575112e-12,0.0
0.9,c2-yield,5,20,pilot_summary__pooled,all,0.019802998400820625,0.10654609634939444,0.98,0.9951577710116422,0.00022975802204137935,0.019573240378779253
0.9,c2-yield,5,20,pilot_summary__pooled,not_yet_hit,0.03536249714353684,0.19026010062352575,0.9642857142857143,0.9913539482350753,0.0007326892891373405,0.0346298078543995
0.9,c2-yield,5,40,pilot_summary__pooled,all,7.500449739805712e-08,0.00018894036253518914,1.0,0.9998110971519142,3.568428601497345e-08,3.9320211383083655e-08
0.9,c2-yield,5,40,pilot_summary__pooled,not_yet_hit,1.3393581678224476e-07,0.0003366077898485291,1.0,0.9996634591998467,1.1325971016789882e-07,2.0676106614345966e-08
0.9,c2-yield,10,20,pilot_summary__pooled,all,0.019055748384711194,0.07649750339455824,0.98,0.994886883571428,0.0002216193024692468,0.018834129082241958
0.9,c2-yield,10,20,pilot_summary__pooled,not_yet_hit,0.10586526879939553,0.42498157441193435,0.8888888888888888,0.9715983531745991,0.0068408554824291555,0.09902441331696638
0.9,c2-yield,10,40,pilot_summary__pooled,all,2.4740768636647694e-07,0.00020396156164598247,1.0,0.9997961622499258,4.154982835534213e-08,2.0585785801113483e-07
0.9,c2-yield,10,40,pilot_summary__pooled,not_yet_hit,1.3744825909248716e-06,0.001128564229088659,1.0,0.9988721236106985,1.2721051495435417e-06,1.0237744138133004e-07
0.9,c2-yield,5,20,pilot_summary__separate,all,0.01980023226224177,0.10618965901839433,0.98,0.9949999695524687,0.00022499908657498539,0.019575233175666788
0.9,c2-yield,5,20,pilot_summary__separate,not_yet_hit,0.035357557610360316,0.189623605389597,0.9642857142857143,0.9910721599151225,0.0007175136694572448,0.03464004394090307
0.9,c2-yield,10,20,pilot_summary__separate,all,0.019020579722131822,0.07582522917827873,0.98,0.994645751580435,0.00021449803935581045,0.018806081682776015
0.9,c2-yield,10,20,pilot_summary__separate,not_yet_hit,0.10566988734062126,0.421246717654826,0.8888888888888888,0.9702587310024161,0.006621051205580342,0.09904883613504091
0.9,c2-yield,5,40,pilot_summary__separate,all,1.0000000000575112e-12,1.0000005000290893e-06,1.0,0.9999990000000001,1.0000000000575112e-12,0.0
0.9,c2-yield,5,40,pilot_summary__separate,not_yet_hit,1.0000000000575112e-12,1.000000500029089e-06,1.0,0.9999989999999999,1.0000000000575112e-12,0.0
0.9,c2-yield,10,40,pilot_summary__separate,all,1.0000000000575112e-12,1.0000005000290893e-06,1.0,0.9999990000000001,1.0000000000575112e-12,0.0
0.9,c2-yield,10,40,pilot_summary__separate,not_yet_hit,1.0000000000575112e-12,1.000000500029089e-06,1.0,0.999999,1.0000000000575112e-12,0.0
0.9,c2-yield,5,20,pilot_summary__separate_matched_penalty,all,0.019829230804871742,0.10928000966244034,0.98,0.9959432624312388,0.00025418761695134283,0.019575043187920402
0.9,c2-yield,5,20,pilot_summary__separate_matched_penalty,not_yet_hit,0.03540934072219954,0.1951420886825362,0.9642857142857143,0.9927566114843545,0.0008105919872955443,0.034598748734904
0.9,c2-yield,10,20,pilot_summary__separate_matched_penalty,all,0.019091434063060787,0.07717464428506558,0.98,0.9953085040939271,0.00023435029759377797,0.018857083765467023
0.9,c2-yield,10,20,pilot_summary__separate_matched_penalty,not_yet_hit,0.10606352256800439,0.4287434682480863,0.8888888888888888,0.9739406894107054,0.007233808772002861,0.09882971379600153
0.9,c2-yield,5,40,pilot_summary__separate_matched_penalty,all,1.0000000000575112e-12,1.0000005000290893e-06,1.0,0.9999990000000001,1.0000000000575112e-12,0.0
0.9,c2-yield,5,40,pilot_summary__separate_matched_penalty,not_yet_hit,1.0000000000575112e-12,1.000000500029089e-06,1.0,0.9999989999999999,1.0000000000575112e-12,0.0
0.9,c2-yield,10,40,pilot_summary__separate_matched_penalty,all,1.0000000000575112e-12,1.0000005000290893e-06,1.0,0.9999990000000001,1.0000000000575112e-12,0.0
0.9,c2-yield,10,40,pilot_summary__separate_matched_penalty,not_yet_hit,1.0000000000575112e-12,1.000000500029089e-06,1.0,0.999999,1.0000000000575112e-12,0.0
0.9,suzuki-miyaura,5,20,no_target__pooled,all,0.03867625270575322,0.16854169365129765,0.96,0.9888479173713853,0.000832202336666271,0.037844050369086946
0.9,suzuki-miyaura,5,40,no_target__pooled,all,7.802511814623724e-07,0.0006735254055290569,1.0,0.9993268650219832,4.531106986297264e-07,3.2714048283264604e-07
0.9,suzuki-miyaura,10,20,no_target__pooled,all,0.036230993173627414,0.12587011830430403,0.96,0.9877628382445018,0.0007707751873903665,0.03546021798623704
0.9,suzuki-miyaura,10,40,no_target__pooled,all,2.658844587138828e-06,0.000766929899836889,1.0,0.9992344026116186,5.861393610964516e-07,2.072705226042377e-06
0.9,suzuki-miyaura,5,20,no_target__pooled,not_yet_hit,0.06668319431954002,0.29058840284670284,0.9310344827586207,0.9807729954679056,0.0024739196465317003,0.06420927467300831
0.9,suzuki-miyaura,5,40,no_target__pooled,not_yet_hit,1.3452599335558144e-06,0.0011605265608949041,1.0,0.998840146589626,1.3452599335558144e-06,0.0
0.9,suzuki-miyaura,10,20,no_target__pooled,not_yet_hit,0.16468633260385182,0.5721333559268816,0.8181818181818182,0.9443800829295533,0.015926002025339447,0.14876033057851237
0.9,suzuki-miyaura,10,40,no_target__pooled,not_yet_hit,1.2085653668812858e-05,0.003482499542940302,1.0,0.9965235573255389,1.2085653668812856e-05,0.0
0.9,suzuki-miyaura,5,20,no_target__separate,all,0.03860996098276363,0.1668338703716689,0.96,0.9881736349044562,0.0007937537037295833,0.03781620727903404
0.9,suzuki-miyaura,10,20,no_target__separate,all,0.036041068799313326,0.1241129193863587,0.96,0.9869998706528516,0.0007289930152707127,0.03531207578404263
0.9,suzuki-miyaura,5,20,no_target__separate,not_yet_hit,0.06656889824542003,0.28764387995079116,0.9310344827586207,0.9796104394904418,0.002359623572411724,0.06420927467300831
0.9,suzuki-miyaura,10,20,no_target__separate,not_yet_hit,0.1638230399933333,0.5641460881180395,0.8181818181818182,0.9409120484220526,0.015062709414820921,0.1487603305785124
0.9,suzuki-miyaura,5,40,no_target__separate,all,1.0000000000575112e-12,1.0000005000290893e-06,1.0,0.9999990000000001,1.0000000000575112e-12,0.0
0.9,suzuki-miyaura,10,40,no_target__separate,all,1.0000000000575112e-12,1.0000005000290893e-06,1.0,0.9999990000000001,1.0000000000575112e-12,0.0
0.9,suzuki-miyaura,5,40,no_target__separate,not_yet_hit,1.0000000000575112e-12,1.000000500029089e-06,1.0,0.9999989999999999,1.0000000000575112e-12,0.0
0.9,suzuki-miyaura,10,40,no_target__separate,not_yet_hit,1.0000000000575112e-12,1.000000500029089e-06,1.0,0.9999990000000001,1.0000000000575112e-12,0.0
0.9,suzuki-miyaura,5,20,no_target__separate_matched_penalty,all,0.03862907407851661,0.1673162553375099,0.96,0.9883696868960982,0.0008048391345826357,0.03782423494393397
0.9,suzuki-miyaura,10,20,no_target__separate_matched_penalty,all,0.0359845220481699,0.12360855950403854,0.96,0.986768509314918,0.0007165530909428442,0.03526796895722705
0.9,suzuki-miyaura,5,20,no_target__separate_matched_penalty,not_yet_hit,0.06660185185878725,0.2884755781677585,0.9310344827586207,0.9799484601656864,0.0023925771857789212,0.06420927467300831
0.9,suzuki-miyaura,10,20,no_target__separate_matched_penalty,not_yet_hit,0.1635660093063177,0.5618535431984022,0.8181818181818182,0.9398604059768995,0.01480567872780531,0.1487603305785124
0.9,suzuki-miyaura,5,40,no_target__separate_matched_penalty,all,1.0000000000575112e-12,1.0000005000290893e-06,1.0,0.9999990000000001,1.0000000000575112e-12,0.0
0.9,suzuki-miyaura,10,40,no_target__separate_matched_penalty,all,1.0000000000575112e-12,1.0000005000290893e-06,1.0,0.9999990000000001,1.0000000000575112e-12,0.0
0.9,suzuki-miyaura,5,40,no_target__separate_matched_penalty,not_yet_hit,1.0000000000575112e-12,1.000000500029089e-06,1.0,0.9999989999999999,1.0000000000575112e-12,0.0
0.9,suzuki-miyaura,10,40,no_target__separate_matched_penalty,not_yet_hit,1.0000000000575112e-12,1.000000500029089e-06,1.0,0.9999990000000001,1.0000000000575112e-12,0.0
0.9,suzuki-miyaura,5,20,best__pooled,all,0.03946387401856934,0.19889912605778007,0.96,0.9905568989564076,0.0009337240738320961,0.03853014994473724
0.9,suzuki-miyaura,5,40,best__pooled,all,6.323177368753479e-07,0.0005693636337530219,1.0,0.9994309527782917,3.2381474053392857e-07,3.0850299634141924e-07
0.9,suzuki-miyaura,10,20,best__pooled,all,0.038365816496816564,0.15538773059853195,0.96,0.9913739098168023,0.0009843222171928318,0.03738149427962374
0.9,suzuki-miyaura,10,40,best__pooled,all,1.4822079153966833e-06,0.0005344173344054043,1.0,0.9994663252481544,2.84808740757485e-07,1.1973991746391985e-06
0.9,suzuki-miyaura,5,20,best__pooled,not_yet_hit,0.06804116210025749,0.3429288035475345,0.9310344827586207,0.9837195154420818,0.0027757126688573754,0.06526544943140011
0.9,suzuki-miyaura,5,40,best__pooled,not_yet_hit,1.0902022704747378e-06,0.0009809372992120857,1.0,0.9990196082384342,9.61168006146492e-07,1.2903426432824564e-07
0.9,suzuki-miyaura,10,20,best__pooled,not_yet_hit,0.1743900749819844,0.706304320900645,0.8181818181818182,0.9607940446218278,0.020338247130176595,0.1540518278518078
0.9,suzuki-miyaura,10,40,best__pooled,not_yet_hit,6.737305160894015e-06,0.0024256242455244627,1.0,0.9975777511279744,5.867289598028551e-06,8.700155628654642e-07
0.9,suzuki-miyaura,5,20,best__separate,all,0.03944336270169555,0.19715325413786047,0.96,0.9899873741057539,0.0008992426057584347,0.038544120095937114
0.9,suzuki-miyaura,10,20,best__separate,all,0.0382889480422479,0.15345646214465633,0.96,0.9908342614633565,0.0009507516799906243,0.03733819636225728
0.9,suzuki-miyaura,5,20,best__separate,not_yet_hit,0.06800579776081991,0.33991867954767324,0.9310344827586207,0.9827375760444031,0.0026732098553183255,0.06533258790550157
0.9,suzuki-miyaura,10,20,best__separate,not_yet_hit,0.1740406729157632,0.697525827928483,0.8181818181818182,0.9583410975607108,0.019644623596010508,0.15439604931975268
0.9,suzuki-miyaura,5,40,best__separate,all,1.0000000000575112e-12,1.0000005000290893e-06,1.0,0.9999990000000001,1.0000000000575112e-12,0.0
0.9,suzuki-miyaura,10,40,best__separate,all,1.0000000000575112e-12,1.0000005000290893e-06,1.0,0.9999990000000001,1.0000000000575112e-12,0.0
0.9,suzuki-miyaura,5,40,best__separate,not_yet_hit,1.0000000000575112e-12,1.000000500029089e-06,1.0,0.9999989999999999,1.0000000000575112e-12,0.0
0.9,suzuki-miyaura,10,40,best__separate,not_yet_hit,1.0000000000575112e-12,1.000000500029089e-06,1.0,0.9999990000000001,1.0000000000575112e-12,0.0
0.9,suzuki-miyaura,5,20,best__separate_matched_penalty,all,0.03949886382284587,0.20052058847031476,0.96,0.9902473438389643,0.0009149018093125214,0.038583962013533354
0.9,suzuki-miyaura,10,20,best__separate_matched_penalty,all,0.0384055363703833,0.1557690776579124,0.96,0.9909234102115048,0.0009562572991089872,0.037449279071274315
0.9,suzuki-miyaura,5,20,best__separate_matched_penalty,not_yet_hit,0.06810148934901011,0.3457244283967321,0.9310344827586207,0.9831857997223518,0.002719759861051568,0.06538172948795856
0.9,suzuki-miyaura,10,20,best__separate_matched_penalty,not_yet_hit,0.1745706198618332,0.7080377166251016,0.8181818181818182,0.958746319143203,0.01975837893052312,0.15481224093131002
0.9,suzuki-miyaura,5,40,best__separate_matched_penalty,all,1.0000000000575112e-12,1.0000005000290893e-06,1.0,0.9999990000000001,1.0000000000575112e-12,0.0
0.9,suzuki-miyaura,10,40,best__separate_matched_penalty,all,1.0000000000575112e-12,1.0000005000290893e-06,1.0,0.9999990000000001,1.0000000000575112e-12,0.0
0.9,suzuki-miyaura,5,40,best__separate_matched_penalty,not_yet_hit,1.0000000000575112e-12,1.000000500029089e-06,1.0,0.9999989999999999,1.0000000000575112e-12,0.0
0.9,suzuki-miyaura,10,40,best__separate_matched_penalty,not_yet_hit,1.0000000000575112e-12,1.000000500029089e-06,1.0,0.9999990000000001,1.0000000000575112e-12,0.0
0.9,suzuki-miyaura,5,20,pilot_summary__pooled,all,0.039501305586337535,0.2052761573058129,0.96,0.9916489620666056,0.0010016567998934257,0.03849964878644411
0.9,suzuki-miyaura,5,40,pilot_summary__pooled,all,6.318133063245516e-07,0.0005008185663938382,1.0,0.9994994976823166,2.5050257000652393e-07,3.8131073631802745e-07
0.9,suzuki-miyaura,10,20,pilot_summary__pooled,all,0.03815019307443705,0.1541745842957021,0.96,0.9928084855530613,0.0010763967242854277,0.03707379635015162
0.9,suzuki-miyaura,10,40,pilot_summary__pooled,all,1.1607701286080725e-06,0.00044120653743363837,1.0,0.9995593750631713,1.941503349554599e-07,9.666197936526123e-07
0.9,suzuki-miyaura,5,20,pilot_summary__pooled,not_yet_hit,0.0681056992860647,0.35392368500966015,0.9310344827586207,0.9856023828734576,0.0029776557229428168,0.06512804356312189
0.9,suzuki-miyaura,5,40,pilot_summary__pooled,not_yet_hit,1.0893325626285368e-06,0.0008627561485928033,1.0,0.9991377891074422,7.434076232451183e-07,3.459249393834187e-07
0.9,suzuki-miyaura,10,20,pilot_summary__pooled,not_yet_hit,0.173409968516623,0.7007900195241457,0.8181818181818182,0.9673148434230058,0.02224065921758869,0.1511693092990343
0.9,suzuki-miyaura,10,40,pilot_summary__pooled,not_yet_hit,5.276224311854873e-06,0.002001938804743708,1.0,0.9980007048325962,3.997181166404693e-06,1.2790431454501811e-06
0.9,suzuki-miyaura,5,20,pilot_summary__separate,all,0.039483999019707505,0.20354047351502152,0.96,0.9911482288045018,0.0009702121576575921,0.038513786862049905
0.9,suzuki-miyaura,10,20,pilot_summary__separate,all,0.038055605439936496,0.15216923361964976,0.96,0.992356263668886,0.0010469277986104562,0.03700867764132604
0.9,suzuki-miyaura,5,20,pilot_summary__separate,not_yet_hit,0.06807586037808189,0.350931126749675,0.9310344827586207,0.9847390496629341,0.00288418050637987,0.06519167987170202
0.9,suzuki-miyaura,10,20,pilot_summary__separate,not_yet_hit,0.1729800247234386,0.6916747891784533,0.8181818181818182,0.9652592894040264,0.021631782541119443,0.15134824218231915
0.9,suzuki-miyaura,5,40,pilot_summary__separate,all,1.0000000000575112e-12,1.0000005000290893e-06,1.0,0.9999990000000001,1.0000000000575112e-12,0.0
0.9,suzuki-miyaura,10,40,pilot_summary__separate,all,1.0000000000575112e-12,1.0000005000290893e-06,1.0,0.9999990000000001,1.0000000000575112e-12,0.0
0.9,suzuki-miyaura,5,40,pilot_summary__separate,not_yet_hit,1.0000000000575112e-12,1.000000500029089e-06,1.0,0.9999989999999999,1.0000000000575112e-12,0.0
0.9,suzuki-miyaura,10,40,pilot_summary__separate,not_yet_hit,1.0000000000575112e-12,1.000000500029089e-06,1.0,0.9999990000000001,1.0000000000575112e-12,0.0
0.9,suzuki-miyaura,5,20,pilot_summary__separate_matched_penalty,all,0.0394276040091279,0.2012773065488512,0.96,0.9911682999847408,0.0009714629239387824,0.03845614108518912
0.9,suzuki-miyaura,10,20,pilot_summary__separate_matched_penalty,all,0.03770207191004759,0.1464866951509498,0.96,0.9920213546772745,0.0010253671553678008,0.03667670475467979
0.9,suzuki-miyaura,5,20,pilot_summary__separate_matched_penalty,not_yet_hit,0.06797862760122052,0.34702911473903647,0.9310344827586207,0.9847736551461046,0.0028878986488917067,0.0650907289523288
0.9,suzuki-miyaura,10,20,pilot_summary__separate_matched_penalty,not_yet_hit,0.17137305413303447,0.6658450688661807,0.8181818181818182,0.9637369758057927,0.021186303910940063,0.1501867502220944
0.9,suzuki-miyaura,5,40,pilot_summary__separate_matched_penalty,all,1.0000000000575112e-12,1.0000005000290893e-06,1.0,0.9999990000000001,1.0000000000575112e-12,0.0
0.9,suzuki-miyaura,10,40,pilot_summary__separate_matched_penalty,all,1.0000000000575112e-12,1.0000005000290893e-06,1.0,0.9999990000000001,1.0000000000575112e-12,0.0
0.9,suzuki-miyaura,5,40,pilot_summary__separate_matched_penalty,not_yet_hit,1.0000000000575112e-12,1.000000500029089e-06,1.0,0.9999989999999999,1.0000000000575112e-12,0.0
0.9,suzuki-miyaura,10,40,pilot_summary__separate_matched_penalty,not_yet_hit,1.0000000000575112e-12,1.000000500029089e-06,1.0,0.9999990000000001,1.0000000000575112e-12,0.0
0.95,additives,5,20,no_target__pooled,all,0.15142242265373548,0.4766209801327049,0.8200000000000001,0.9176621679972403,0.10751494586356235,0.043907476790173136
0.95,additives,5,20,no_target__pooled,not_yet_hit,0.1938596970861104,0.6082673460988484,0.7692307692307692,0.8970779599965504,0.17610821779616956,0.017751479289940825
0.95,additives,5,40,no_target__pooled,all,6.109575758215486e-05,0.007022107605173136,1.0,0.9930086194197459,4.9138999965195286e-05,1.1956757616959562e-05
0.95,additives,5,40,no_target__pooled,not_yet_hit,7.636969672769356e-05,0.008777384506341412,1.0,0.9912610242746825,7.636969672769356e-05,0.0
0.95,additives,10,20,no_target__pooled,all,0.12087638934411521,0.3266989926241888,0.8200000000000001,0.9211361438024925,0.08300589310155668,0.03787049624255851
0.95,additives,10,20,no_target__pooled,not_yet_hit,0.31164049485952344,0.846769069096985,0.5384615384615384,0.78969805013998,0.27613753627964155,0.03550295857988167
0.95,additives,10,40,no_target__pooled,all,0.00015079589834201252,0.007596917444464056,1.0,0.9924795038811656,0.00011328162078458865,3.751427755742387e-05
0.95,additives,10,40,no_target__pooled,not_yet_hit,0.0004021223939120334,0.02025677985107077,1.0,0.9799470103497749,0.00040212239391203345,0.0
0.95,additives,5,20,no_target__separate,all,0.15126694517602257,0.4757818792462351,0.8200000000000001,0.9170232824187324,0.10739687519111092,0.04387006998491165
0.95,additives,5,20,no_target__separate,not_yet_hit,0.19365613554312525,0.6071687391188415,0.7692307692307692,0.8962793530234157,0.17590465625318455,0.017751479289940825
0.95,additives,10,20,no_target__separate,all,0.12018786052569896,0.3246382633613121,0.8200000000000001,0.9198515041555806,0.08245315317544129,0.03773470735025769
0.95,additives,10,20,no_target__separate,not_yet_hit,0.30993090560641695,0.8416523567872423,0.5384615384615384,0.7862723444148818,0.27442794702653556,0.03550295857988165
0.95,additives,5,40,no_target__separate,all,5.721148654463524e-05,0.006794261022780853,1.0,0.9932345070221826,4.601498654827379e-05,1.1196499996361458e-05
0.95,additives,5,40,no_target__separate,not_yet_hit,7.151435793079405e-05,0.00849257627835106,1.0,0.9915433837777283,7.151435793079406e-05,0.0
0.95,additives,10,40,no_target__separate,all,9.06631711325316e-05,0.0058772715101712515,1.0,0.9941685355286782,6.810907564267876e-05,2.255409548985285e-05
0.95,additives,10,40,no_target__separate,not_yet_hit,0.00024176845468675104,0.015671057359623288,1.0,0.984451094743142,0.00024176845468675093,0.0
0.95,additives,5,20,no_target__separate_matched_penalty,all,0.15133449715262964,0.4761457476159888,0.8200000000000001,0.917301381292103,0.10744816900546576,0.04388632814716384
0.95,additives,5,20,no_target__separate_matched_penalty,not_yet_hit,0.193744586555327,0.6076451800195488,0.7692307692307692,0.8966269766151286,0.17599310726538603,0.01775147928994082
0.95,additives,10,20,no_target__separate_matched_penalty,all,0.12004304426586807,0.32420791749255845,0.8200000000000001,0.9195792002632841,0.08233683867854048,0.03770620558732756
0.95,additives,10,20,no_target__separate_matched_penalty,not_yet_hit,0.30957154037369927,0.8405844425217164,0.5384615384615384,0.7855462007020902,0.27406858179381743,0.03550295857988164
0.95,additives,5,40,no_target__separate_matched_penalty,all,5.415244244820861e-05,0.006609367147031186,1.0,0.9934178585084213,4.355467855161579e-05,1.0597763896592807e-05
0.95,additives,5,40,no_target__separate_matched_penalty,not_yet_hit,6.769055281026075e-05,0.008261458933663975,1.0,0.9917725731355267,6.769055281026075e-05,0.0
0.95,additives,10,40,no_target__separate_matched_penalty,all,9.633216771887625e-05,0.006059683268584729,1.0,0.9939890037418995,7.236771521335793e-05,2.3964452505518285e-05
0.95,additives,10,40,no_target__separate_matched_penalty,not_yet_hit,0.00025688577891700337,0.016157488715392562,1.0,0.9839723433117318,0.00025688577891700326,0.0
0.95,additives,5,20,best__pooled,all,0.17783792520287728,0.6257452438747664,0.8200000000000001,0.8847443756965637,0.11988867939460122,0.057949245808276095
0.95,additives,5,20,best__pooled,not_yet_hit,0.22647780426943714,0.7958264517905568,0.7692307692307692,0.8574833415178464,0.1946120663915792,0.03186573787785793
0.95,additives,5,40,best__pooled,all,0.0004979609423796698,0.010249301404710207,1.0,0.9900223151093723,0.00011777725007240036,0.0003801836923072695
0.95,additives,5,40,best__pooled,not_yet_hit,0.0006103470055839283,0.012656356417153432,1.0,0.9876760469779159,0.00017300460192537148,0.00043734240365855663
0.95,additives,10,20,best__pooled,all,0.14458390099707713,0.404776214402068,0.8200000000000001,0.9230175209833891,0.10081124611153702,0.04377265488554008
0.95,additives,10,20,best__pooled,not_yet_hit,0.3735722146660106,1.0499556761745663,0.5384615384615384,0.7923047073076734,0.3367086490664875,0.0368635655995231
0.95,additives,10,40,best__pooled,all,0.00010214634655822214,0.005759527380897434,1.0,0.9942922436706296,7.19239530808879e-05,3.022239347733424e-05
0.95,additives,10,40,best__pooled,not_yet_hit,0.0002795805103919909,0.015581804985971337,1.0,0.9845599095472726,0.0002689423465014405,1.0638163890550415e-05
0.95,additives,5,20,best__separate,all,0.17527601702403842,0.6109195701161768,0.8200000000000001,0.8865148847578935,0.1191144672418701,0.05616154978216833
0.95,additives,5,20,best__separate,not_yet_hit,0.2233182520088281,0.777121363418154,0.7692307692307692,0.8595894904077337,0.19349280063412483,0.02982545137470323
0.95,additives,10,20,best__separate,all,0.14228581692371828,0.39547540011231425,0.8200000000000001,0.9209453930527371,0.09903916435671822,0.04324665256700007
0.95,additives,10,20,best__separate,not_yet_hit,0.36772327774834623,1.0262330834042335,0.5384615384615384,0.7868946344048597,0.3309836213035172,0.036739656444829
0.95,additives,5,40,best__separate,all,0.001189881331983984,0.012321184026730657,1.0,0.988392188926799,0.00016821907676104598,0.0010216622552229378
0.95,additives,5,40,best__separate,not_yet_hit,0.0014545984030222895,0.015190231488218596,1.0,0.9856783052217436,0.0002453173410629198,0.0012092810619593695
0.95,additives,10,40,best__separate,all,2.510705461282827e-05,0.00272581224082313,1.0,0.9972868321426753,1.7249151207312713e-05,7.857903405515553e-06
0.95,additives,10,40,best__separate,not_yet_hit,6.903418118818714e-05,0.007400017053953233,1.0,0.9926347514057472,6.5104072440943e-05,3.930108747244134e-06
0.95,additives,5,20,best__separate_matched_penalty,all,0.17565439176517925,0.6138198734638254,0.8200000000000001,0.8867007951167609,0.11923268830651912,0.05642170345866011
0.95,additives,5,20,best__separate_matched_penalty,not_yet_hit,0.22379239074966795,0.7808180645962898,0.7692307692307692,0.8598346966944684,0.19368006625687126,0.030112324492796615
0.95,additives,10,20,best__separate_matched_penalty,all,0.14242344396073675,0.39570910754993627,0.8200000000000001,0.9204905981469007,0.09912257455859724,0.0433008694021395
0.95,additives,10,20,best__separate_matched_penalty,not_yet_hit,0.3681245876394451,1.0269509003012915,0.5384615384615384,0.7856440242201629,0.3313460447477422,0.03677854289170286
0.95,additives,5,40,best__separate_matched_penalty,all,0.0012741654864748821,0.012147981691934292,1.0,0.9886275832188096,0.0001631779350244294,0.001110987551450453
0.95,additives,5,40,best__separate_matched_penalty,not_yet_hit,0.001556437051374229,0.014972851105542013,1.0,0.9859702219648321,0.00023773597941907803,0.0013187010719551506
0.95,additives,10,40,best__separate_matched_penalty,all,2.4466069158261833e-05,0.0026684492206362036,1.0,0.997343872326562,1.673066371390707e-05,7.735405444354766e-06
0.95,additives,10,40,best__separate_matched_penalty,not_yet_hit,6.732000920683821e-05,0.007249012082706817,1.0,0.9927848929175493,6.324121309409388e-05,4.0787961127443345e-06
0.95,additives,5,20,pilot_summary__pooled,all,0.17597100484216593,0.6263936741765624,0.8200000000000001,0.891901066395097,0.11912804150000122,0.0568429633421647
0.95,additives,5,20,pilot_summary__pooled,not_yet_hit,0.22430835204078095,0.7972900904951146,0.7692307692307692,0.8662057715862601,0.19374267442689524,0.030565677613885758
0.95,additives,5,40,pilot_summary__pooled,all,0.0004028546147046909,0.00933177764809864,1.0,0.9908859884359824,9.735840108600498e-05,0.000305496213618686
0.95,additives,5,40,pilot_summary__pooled,not_yet_hit,0.0004932318736375581,0.011532851184498236,1.0,0.988733349550216,0.00014354988245379664,0.0003496819911837615
0.95,additives,10,20,pilot_summary__pooled,all,0.1468625634939615,0.4150735583805476,0.8200000000000001,0.9249873727754727,0.10261663487307864,0.04424592862088288
0.95,additives,10,20,pilot_summary__pooled,not_yet_hit,0.3793697405290548,1.0762497680758258,0.5384615384615384,0.7974344627858929,0.3425625714940389,0.03680716903501602
0.95,additives,10,40,pilot_summary__pooled,all,9.941779666210339e-05,0.005627182380557981,1.0,0.9944232103325068,6.96644673489057e-05,2.975332931319771e-05
0.95,additives,10,40,pilot_summary__pooled,not_yet_hit,0.00027242286867293754,0.015238236639335578,1.0,0.984899861905472,0.0002611818778006223,1.1240990872315218e-05
0.95,additives,5,20,pilot_summary__separate,all,0.1735170292183601,0.6119727585732113,0.8200000000000001,0.894651605326395,0.11853387998548198,0.05498314923287815
0.95,additives,5,20,pilot_summary__separate,not_yet_hit,0.22128076180142187,0.7790974618007813,0.7692307692307692,0.8695697075815078,0.19291275922702758,0.028368002574394244
0.95,additives,10,20,pilot_summary__separate,all,0.14406598093894038,0.4036142508300364,0.8200000000000001,0.9237081701579992,0.10050196263357859,0.043564018305361774
0.95,additives,10,20,pilot_summary__separate,not_yet_hit,0.37214691039181624,1.046753512898999,0.5384615384615384,0.7942291841444067,0.3355348388046987,0.03661207158711754
0.95,additives,5,40,pilot_summary__separate,all,0.0007359226875778377,0.008368435299089946,1.0,0.9920674083966402,7.849573316144474e-05,0.0006574269544163929
0.95,additives,5,40,pilot_summary__separate,not_yet_hit,0.0008858316434865822,0.010307532052025363,1.0,0.9902146044202185,0.00011434889070268217,0.0007714827527839001
0.95,additives,10,40,pilot_summary__separate,all,1.563788439030332e-05,0.001952624570304804,1.0,0.998055249215656,9.365706735813258e-06,6.272177654490064e-06
0.95,additives,10,40,pilot_summary__separate,not_yet_hit,4.3095539086889176e-05,0.005315851056597576,1.0,0.9947058486141702,3.5565254690588405e-05,7.530284396300772e-06
0.95,additives,5,20,pilot_summary__separate_matched_penalty,all,0.17378756229342204,0.6145215106510868,0.8200000000000001,0.8950664177021336,0.11863672787520628,0.05515083441821579
0.95,additives,5,20,pilot_summary__separate_matched_penalty,not_yet_hit,0.2216209001777215,0.7823521435672305,0.7692307692307692,0.8701059937120995,0.19307930196068868,0.028541598217032838
0.95,additives,10,20,pilot_summary__separate_matched_penalty,all,0.14392268518444876,0.4027910643271137,0.8200000000000001,0.9232621574694209,0.10037212711514713,0.043550558069301616
0.95,additives,10,20,pilot_summary__separate_matched_penalty,not_yet_hit,0.37181055083592973,1.044719418507478,0.5384615384615384,0.7930305488361831,0.33516403076318024,0.03664652007274946
0.95,additives,5,40,pilot_summary__separate_matched_penalty,all,0.000626760810160887,0.0070078264304505485,1.0,0.9933634371057058,5.590174109365933e-05,0.0005708590690672277
0.95,additives,5,40,pilot_summary__separate_matched_penalty,not_yet_hit,0.0007488451121504009,0.008617061002836775,1.0,0.991824465757137,8.095142700266229e-05,0.0006678936851477386
0.95,additives,10,40,pilot_summary__separate_matched_penalty,all,1.3563158389422931e-05,0.0017269184482833922,1.0,0.9982799122519574,7.419119374109404e-06,6.144039015313526e-06
0.95,additives,10,40,pilot_summary__separate_matched_penalty,not_yet_hit,3.739199315446321e-05,0.004704095522191895,1.0,0.9953147365492354,2.8205376143385314e-05,9.18661701107788e-06
0.95,buchwald-hartwig,5,20,no_target__pooled,all,0.05997511059199717,0.2262250304907077,0.9359999999999999,0.9035469655596483,0.0030950382874534916,0.056880072304543686
0.95,buchwald-hartwig,5,20,no_target__pooled,not_yet_hit,0.08126057293291529,0.3042165939284561,0.9127548601232812,0.8724169438619682,0.00492309025846644,0.07633748267444884
0.95,buchwald-hartwig,5,40,no_target__pooled,all,5.40930227915558e-05,0.006422311092498745,1.0,0.9936048889141293,4.1050816198473745e-05,1.3042206593082056e-05
0.95,buchwald-hartwig,5,40,no_target__pooled,not_yet_hit,7.155161712639655e-05,0.008494797741239072,1.0,0.9915411811033454,7.155161712639657e-05,0.0
0.95,buchwald-hartwig,10,20,no_target__pooled,all,0.05510864000265503,0.17285977520669338,0.9359999999999999,0.9032436137726927,0.0021569331013431108,0.052951706901311915
0.95,buchwald-hartwig,10,40,no_target__pooled,all,0.00017485684142115853,0.007799901699119588,1.0,0.992288871411205,6.127162705109967e-05,0.00011358521437005884
0.95,buchwald-hartwig,10,20,no_target__pooled,not_yet_hit,0.15897931619130007,0.5017656407011357,0.8189712248535779,0.7154243346255666,0.021399464934641226,0.1375798512566589
0.95,buchwald-hartwig,10,40,no_target__pooled,not_yet_hit,0.0005142848257681132,0.02293894617291049,1.0,0.9773221512094267,0.0005142848257681132,0.0
0.95,buchwald-hartwig,5,20,no_target__separate,all,0.06002415979426462,0.2264448145107852,0.9359999999999999,0.9029805978599205,0.0031345445622228394,0.05688961523204179
0.95,buchwald-hartwig,5,20,no_target__separate,not_yet_hit,0.0813215735781109,0.30448993090984805,0.9127548601232812,0.8716677802379899,0.004984090903662057,0.07633748267444884
0.95,buchwald-hartwig,10,20,no_target__separate,all,0.05544197218325079,0.17367413205830354,0.9359999999999999,0.9015570615898707,0.002265212910275976,0.053176759272974806
0.95,buchwald-hartwig,10,20,no_target__separate,not_yet_hit,0.1600312000771786,0.5043354836796842,0.8189712248535779,0.7104638870290312,0.022451348820519718,0.1375798512566589
0.95,buchwald-hartwig,5,40,no_target__separate,all,5.250909211742925e-05,0.006327190823962134,1.0,0.99369921051121,3.9848827121013325e-05,1.2660264996415932e-05
0.95,buchwald-hartwig,5,40,no_target__separate,not_yet_hit,6.945647073204925e-05,0.008368977280211807,1.0,0.9916659451206484,6.945647073204928e-05,0.0
0.95,buchwald-hartwig,10,40,no_target__separate,all,9.020510204566477e-05,0.005584284601287356,1.0,0.994461313774789,3.161081854360737e-05,5.859428350205738e-05
0.95,buchwald-hartwig,10,40,no_target__separate,not_yet_hit,0.0002653091217225434,0.01642242529693334,1.0,0.9837116875729086,0.0002653091217225434,0.0
0.95,buchwald-hartwig,5,20,no_target__separate_matched_penalty,all,0.05999441015722216,0.2263116408462659,0.9359999999999999,0.9033229434462108,0.0031105876907856094,0.05688382246643654
0.95,buchwald-hartwig,5,20,no_target__separate_matched_penalty,not_yet_hit,0.08128456705193685,0.3043242719514933,0.9127548601232812,0.8721206183150937,0.004947084377488005,0.07633748267444884
0.95,buchwald-hartwig,10,20,no_target__separate_matched_penalty,all,0.05551373135156239,0.1738483699098112,0.9359999999999999,0.9012046757638444,0.0022885771111387397,0.05322515424042364
0.95,buchwald-hartwig,10,20,no_target__separate_matched_penalty,not_yet_hit,0.16025719454362714,0.5048842190661029,0.8189712248535779,0.7094274581289539,0.02267734328696825,0.1375798512566589
0.95,buchwald-hartwig,5,40,no_target__separate_matched_penalty,all,4.913529523265893e-05,0.006119719550300565,1.0,0.9939049809416879,3.728856941071595e-05,1.1846725821942975e-05
0.95,buchwald-hartwig,5,40,no_target__separate_matched_penalty,not_yet_hit,6.499377644002502e-05,0.008094544378543065,1.0,0.9919381282297458,6.499377644002505e-05,0.0
0.95,buchwald-hartwig,10,40,no_target__separate_matched_penalty,all,9.723694677296241e-05,0.005799665102220404,1.0,0.9942495085521742,3.4074721222992196e-05,6.316222554997021e-05
0.95,buchwald-hartwig,10,40,no_target__separate_matched_penalty,not_yet_hit,0.00028599101797930124,0.01705589735850113,1.0,0.9830887310358063,0.0002859910179793012,0.0
0.95,buchwald-hartwig,5,20,best__pooled,all,0.06135399084738276,0.22668297657351935,0.9359999999999999,0.9034963652711646,0.0037819187327687125,0.05757207211461405
0.95,buchwald-hartwig,5,20,best__pooled,not_yet_hit,0.08291320439398008,0.3044730641295219,0.9127548601232812,0.8728393178738827,0.0060180223400240675,0.07689518205395601
0.95,buchwald-hartwig,5,40,best__pooled,all,6.800700165259546e-05,0.006257889787853107,1.0,0.9937764647763621,3.975961636010671e-05,2.8247385292488746e-05
0.95,buchwald-hartwig,5,40,best__pooled,not_yet_hit,8.856031475379549e-05,0.00823376281957863,1.0,0.9918109677368614,6.785876951130568e-05,2.0701545242489806e-05
0.95,buchwald-hartwig,10,20,best__pooled,all,0.05558335313151304,0.17331955164000248,0.9359999999999999,0.9045737428457237,0.0024996525261870655,0.05308370060532597
0.95,buchwald-hartwig,10,40,best__pooled,all,0.00017820246597064556,0.007402902412059464,1.0,0.9926880080631129,5.5358543008284734e-05,0.00012284392296236084
0.95,buchwald-hartwig,10,20,best__pooled,not_yet_hit,0.15921921905484013,0.5004271504392267,0.8189712248535779,0.7188840568814397,0.024146540431816455,0.13507267862302366
0.95,buchwald-hartwig,10,40,best__pooled,not_yet_hit,0.0005308008833321555,0.021851525676109946,1.0,0.9784193485842051,0.0004724656965419056,5.8335186790249964e-05
0.95,buchwald-hartwig,5,20,best__separate,all,0.06052399478771152,0.22557923544588307,0.9359999999999999,0.9028305791351604,0.003635727549681686,0.05688826723802983
0.95,buchwald-hartwig,5,20,best__separate,not_yet_hit,0.08187155129379611,0.30307811251581246,0.9127548601232812,0.8718255569202762,0.005781257254863913,0.0760902940389322
0.95,buchwald-hartwig,10,20,best__separate,all,0.05559008560261729,0.17363568983534744,0.9359999999999999,0.9024593501834678,0.0025235240970621735,0.05306656150555511
0.95,buchwald-hartwig,10,20,best__separate,not_yet_hit,0.15956161593663423,0.502131030491495,0.8189712248535779,0.7127812819878571,0.024539052040187286,0.1350225638964469
0.95,buchwald-hartwig,5,40,best__separate,all,0.00016977021332978195,0.005710943753078575,1.0,0.9943780424882853,3.6319920668903625e-05,0.00013345029266087832
0.95,buchwald-hartwig,5,40,best__separate,not_yet_hit,0.00021386650989423583,0.007418879506543634,1.0,0.9926930889660174,5.902594755350693e-05,0.0001548405623407289
0.95,buchwald-hartwig,10,40,best__separate,all,7.685220005618486e-05,0.0032574509620120332,1.0,0.996782369013863,1.170530981610257e-05,6.51468902400823e-05
0.95,buchwald-hartwig,10,40,best__separate,not_yet_hit,0.000237508218427473,0.00972981370841418,1.0,0.9903933151722963,0.0001041876405787453,0.00013332057784872772
0.95,buchwald-hartwig,5,20,best__separate_matched_penalty,all,0.06051456435966278,0.2254578751106467,0.9359999999999999,0.903250276521123,0.0036129081195225552,0.05690165624014024
0.95,buchwald-hartwig,5,20,best__separate_matched_penalty,not_yet_hit,0.0818602983912913,0.30292847414641333,0.9127548601232812,0.8723856055545852,0.005747036853282271,0.07611326153800899
0.95,buchwald-hartwig,10,20,best__separate_matched_penalty,all,0.055690043783495444,0.17386399513554565,0.9359999999999999,0.9020460166894357,0.0025557483729000546,0.05313429541059539
0.95,buchwald-hartwig,10,20,best__separate_matched_penalty,not_yet_hit,0.1598614003503447,0.502822376875165,0.8189712248535779,0.7115600006082647,0.02484669741437227,0.13501470293597245
0.95,buchwald-hartwig,5,40,best__separate_matched_penalty,all,0.0001663672054478365,0.005305939118144848,1.0,0.9947815435434233,3.1894585693475344e-05,0.00013447261975436118
0.95,buchwald-hartwig,5,40,best__separate_matched_penalty,not_yet_hit,0.00020893926938476433,0.006881573256679129,1.0,0.9932281588920648,5.1521797770352264e-05,0.00015741747161441205
0.95,buchwald-hartwig,10,40,best__separate_matched_penalty,all,8.772045017007775e-05,0.0033002909877080113,1.0,0.9967453887923003,1.2186562520946312e-05,7.553388764913143e-05
0.95,buchwald-hartwig,10,40,best__separate_matched_penalty,not_yet_hit,0.0002718259222885252,0.009874127000265902,1.0,0.990267501451151,0.00010897147466588002,0.00016285444762264518
0.95,buchwald-hartwig,5,20,pilot_summary__pooled,all,0.06711914044606314,0.24663781173245822,0.9359999999999999,0.8593516199345975,0.008163469447078284,0.058955670998984855
0.95,buchwald-hartwig,5,20,pilot_summary__pooled,not_yet_hit,0.0902047465209447,0.3296240534364291,0.9127548601232812,0.8140101984962362,0.013100628680701882,0.07710411784024282
0.95,buchwald-hartwig,5,40,pilot_summary__pooled,all,0.00014247528890972663,0.009553243602838431,1.0,0.9905188684317248,9.206743051572745e-05,5.0407858393999185e-05
0.95,buchwald-hartwig,5,40,pilot_summary__pooled,not_yet_hit,0.00018742291206966054,0.012623117796853009,1.0,0.987471734260575,0.00015995092670659938,2.7471985363061143e-05
0.95,buchwald-hartwig,10,20,pilot_summary__pooled,all,0.06501612802447702,0.19451398180430715,0.9359999999999999,0.8712651418415416,0.00550164367795889,0.05951448434651815
0.95,buchwald-hartwig,10,40,pilot_summary__pooled,all,0.0003953026554283817,0.011313745295716077,1.0,0.9888891944123772,0.00013242341217776778,0.0002628792432506139
0.95,buchwald-hartwig,10,20,pilot_summary__pooled,not_yet_hit,0.18741648149993562,0.5640576831323867,0.8189712248535779,0.6255121778884983,0.049865575526949354,0.13755090597298625
0.95,buchwald-hartwig,10,40,pilot_summary__pooled,not_yet_hit,0.0011360106558300778,0.0327705015846144,1.0,0.9678127035612404,0.001052984968932024,8.302568689805355e-05
0.95,buchwald-hartwig,5,20,pilot_summary__separate,all,0.06476599880221798,0.24082611094103182,0.9359999999999999,0.8679220487333176,0.006575672430360657,0.05819032637185735
0.95,buchwald-hartwig,5,20,pilot_summary__separate,not_yet_hit,0.087251708170991,0.32232344952498615,0.9127548601232812,0.8251495286646364,0.01053150665468236,0.07672020151630862
0.95,buchwald-hartwig,10,20,pilot_summary__separate,all,0.06395284969414437,0.1923880672264462,0.9359999999999999,0.8734719553307662,0.005091933622346499,0.058860916071797886
0.95,buchwald-hartwig,10,20,pilot_summary__separate,not_yet_hit,0.184424589843838,0.5580726570489158,0.8189712248535779,0.6326285507956191,0.04591439959207986,0.13851019025175815
0.95,buchwald-hartwig,5,40,pilot_summary__separate,all,0.003539312248285246,0.028736090407119903,1.0,0.973479788505809,0.000786954645964352,0.002752357602320893
0.95,buchwald-hartwig,5,40,pilot_summary__separate,not_yet_hit,0.0045448641259229865,0.03754164490815829,1.0,0.9652925256470691,0.0013148310025397542,0.003230033123383233
0.95,buchwald-hartwig,10,40,pilot_summary__separate,all,0.0005135352841346804,0.00809480579225011,1.0,0.9921907609706002,7.174471518592537e-05,0.0004417905689487551
0.95,buchwald-hartwig,10,40,pilot_summary__separate,not_yet_hit,0.0015137156226569964,0.023667997714499726,1.0,0.9771742162115256,0.0005968380603431051,0.0009168775623138911
0.95,buchwald-hartwig,5,20,pilot_summary__separate_matched_penalty,all,0.06478731848610973,0.24069323473033108,0.9359999999999999,0.8681230889497396,0.006537398461460768,0.05824992002464896
0.95,buchwald-hartwig,5,20,pilot_summary__separate_matched_penalty,not_yet_hit,0.08727474328237486,0.3221326172028066,0.9127548601232812,0.8254185537976596,0.01046573047921926,0.07680901280315558
0.95,buchwald-hartwig,10,20,pilot_summary__separate_matched_penalty,all,0.06442257384462283,0.19335927340084383,0.9359999999999999,0.872149616533385,0.005250188425631451,0.05917238541899137
0.95,buchwald-hartwig,10,20,pilot_summary__separate_matched_penalty,not_yet_hit,0.1857969291366425,0.5609186158836168,0.8189712248535779,0.6289979905184166,0.04710442081382078,0.1386925083228217
0.95,buchwald-hartwig,5,40,pilot_summary__separate_matched_penalty,all,0.006222904588602281,0.038143624782564216,1.0,0.9661148716386396,0.0013001531794565675,0.004922751409145713
0.95,buchwald-hartwig,5,40,pilot_summary__separate_matched_penalty,not_yet_hit,0.008040178463452419,0.04994675642372007,1.0,0.9555320275375955,0.0022009275258103667,0.005839250937642052
0.95,buchwald-hartwig,10,40,pilot_summary__separate_matched_penalty,all,0.0008675175665086041,0.009945393226210398,1.0,0.9905602433165125,0.0001096851281042379,0.0007578324384043661
0.95,buchwald-hartwig,10,40,pilot_summary__separate_matched_penalty,not_yet_hit,0.0025231053523023248,0.028746451846497666,1.0,0.9727262133900751,0.0008837884160530817,0.0016393169362492427
0.95,c2-yield,5,20,no_target__pooled,all,0.042048266458788106,0.17620416405854372,0.96,0.904919880456526,0.003033819568923397,0.039014446889864704
0.95,c2-yield,5,20,no_target__pooled,not_yet_hit,0.06006895208355445,0.25171980579770525,0.9428571428571428,0.8641716863664655,0.006191401063146267,0.05387755102040818
0.95,c2-yield,5,40,no_target__pooled,all,4.1352646821598574e-05,0.005401310812682747,1.0,0.9946194720712671,2.8950080791876338e-05,1.2402566029722241e-05
0.95,c2-yield,5,40,no_target__pooled,not_yet_hit,5.90752093165694e-05,0.007715729732189626,1.0,0.9923139601018099,5.90752093165694e-05,0.0
0.95,c2-yield,10,20,no_target__pooled,all,0.051178118256820025,0.16879257316558188,0.96,0.8850052097466314,0.005624218565146739,0.045553899691673304
0.95,c2-yield,10,20,no_target__pooled,not_yet_hit,0.1421614396005001,0.4688664810146163,0.8888888888888888,0.6805718048517542,0.043396007501734654,0.09876543209876544
0.95,c2-yield,10,40,no_target__pooled,all,0.00018397828243770433,0.008232355083682152,1.0,0.9918610443605587,6.624259890079236e-05,0.00011773568353691199
0.95,c2-yield,10,40,no_target__pooled,not_yet_hit,0.000511050782771401,0.022865875231561483,1.0,0.9773935676682188,0.000511050782771401,0.0
0.95,c2-yield,5,20,no_target__separate,all,0.042057347468751345,0.1762428366087216,0.96,0.9048622061512955,0.0030401763105022497,0.0390171711582491
0.95,c2-yield,5,20,no_target__separate,not_yet_hit,0.0600819249549305,0.2517750522979594,0.9428571428571428,0.8640892945018507,0.006204373934522326,0.05387755102040817
0.95,c2-yield,10,20,no_target__separate,all,0.051827725891644076,0.17028138231591267,0.96,0.8834619095540813,0.005858079289107644,0.04596964660253643
0.95,c2-yield,10,20,no_target__separate,not_yet_hit,0.14396590525278913,0.4730020619877574,0.8888888888888888,0.6762848598724479,0.04520047315402368,0.09876543209876544
0.95,c2-yield,5,40,no_target__separate,all,4.513241147504993e-05,0.005643725039088543,1.0,0.994378962697605,3.159606035491648e-05,1.3536351120133445e-05
0.95,c2-yield,5,40,no_target__separate,not_yet_hit,6.447487310721419e-05,0.008062035769912192,1.0,0.9919703752822928,6.447487310721418e-05,0.0
0.95,c2-yield,10,40,no_target__separate,all,0.00010769348555008411,0.006281644087335478,1.0,0.9937728317082768,3.8777624933443906e-05,6.89158606166402e-05
0.95,c2-yield,10,40,no_target__separate,not_yet_hit,0.0002991485691946781,0.017447233575042943,1.0,0.9827040880785464,0.00029914856919467805,0.0
0.95,c2-yield,5,20,no_target__separate_matched_penalty,all,0.04202472695104407,0.17610382605891567,0.96,0.9050696639038819,0.0030173418236325122,0.03900738512741156
0.95,c2-yield,5,20,no_target__separate_matched_penalty,not_yet_hit,0.060035324215348664,0.25157646579823667,0.9428571428571428,0.864385662719831,0.006157773194940518,0.05387755102040818
0.95,c2-yield,10,20,no_target__separate_matched_penalty,all,0.05193691928827539,0.17053062646769057,0.96,0.8832055390015061,0.005897389240049221,0.046039530048226175
0.95,c2-yield,10,20,no_target__separate_matched_penalty,not_yet_hit,0.14426922024343164,0.4736944068538071,0.8888888888888888,0.6755727194486277,0.04550378814466621,0.09876543209876544
0.95,c2-yield,5,40,no_target__separate_matched_penalty,all,4.2977186555586746e-05,0.005506792607190086,1.0,0.9945148088999954,3.008732140357082e-05,1.2889865152015925e-05
0.95,c2-yield,5,40,no_target__separate_matched_penalty,not_yet_hit,6.139598036512392e-05,0.007866418010057254,1.0,0.9921644412857077,6.139598036512394e-05,0.0
0.95,c2-yield,10,40,no_target__separate_matched_penalty,all,0.00011357887062783628,0.006452514265625394,1.0,0.9936049567287306,4.089657844140851e-05,7.268229218642777e-05
0.95,c2-yield,10,40,no_target__separate_matched_penalty,not_yet_hit,0.000315496861077323,0.017921872959181597,1.0,0.9822377686909183,0.00031549686107732296,0.0
0.95,c2-yield,5,20,best__pooled,all,0.03793917545696702,0.15746287107572562,0.96,0.9215478473663917,0.001478568042158311,0.03646060741480871
0.95,c2-yield,5,20,best__pooled,not_yet_hit,0.054198822080952884,0.22494653010796511,0.9428571428571428,0.8879259248091309,0.003017438716238225,0.051181383364714665
0.95,c2-yield,5,40,best__pooled,all,2.6758631292519687e-05,0.004259962079975999,1.0,0.9957534766452845,1.803296060214336e-05,8.725670690376313e-06
0.95,c2-yield,5,40,best__pooled,not_yet_hit,3.8226615703599544e-05,0.006085231542608558,1.0,0.9939339666361209,3.679676077169482e-05,1.4298549319047197e-06
0.95,c2-yield,10,20,best__pooled,all,0.045207661528038005,0.15451768375676106,0.96,0.8972162434639622,0.00394180008477646,0.04126586144326155
0.95,c2-yield,10,20,best__pooled,not_yet_hit,0.12557683757610558,0.4292140104345585,0.8888888888888888,0.7144913429554509,0.030414504027605628,0.09516233354849996
0.95,c2-yield,10,40,best__pooled,all,0.00012919683216261352,0.00687119061791341,1.0,0.993194241078342,4.631835449972841e-05,8.287847766288509e-05
0.95,c2-yield,10,40,best__pooled,not_yet_hit,0.00035888008756281535,0.019084862826648306,1.0,0.9810968918842831,0.0003573274964344787,1.552591128336643e-06
0.95,c2-yield,5,20,best__separate,all,0.03941469172631534,0.1645338775459355,0.96,0.9148669223559647,0.0020369946976225256,0.03737769702869283
0.95,c2-yield,5,20,best__separate,not_yet_hit,0.056306702465736214,0.23504796792255073,0.9428571428571428,0.8783817462228066,0.004157076771154977,0.052149625694581224
0.95,c2-yield,10,20,best__separate,all,0.04800986880085054,0.16136637440107196,0.96,0.8908559628528241,0.004780897873010049,0.0432289709278405
0.95,c2-yield,10,20,best__separate,not_yet_hit,0.13336074666725148,0.44823815111319987,0.8888888888888888,0.6968238968134002,0.03688896118095753,0.09647178548629398
0.95,c2-yield,5,40,best__separate,all,8.549934395872353e-06,0.001658393225001931,1.0,0.9983459096393148,2.736014921312535e-06,5.813919474559817e-06
0.95,c2-yield,5,40,best__separate,not_yet_hit,1.2214191565531931e-05,0.002368704606931317,1.0,0.9976374423418779,5.581678687951216e-06,6.632512877580716e-06
0.95,c2-yield,10,40,best__separate,all,8.283189450242949e-06,0.0016801221714820313,1.0,0.998324034026783,2.8088619433810183e-06,5.474327506861928e-06
0.95,c2-yield,10,40,best__separate,not_yet_hit,2.3008857806230416e-05,0.004665228253227812,1.0,0.995346316741064,2.16567678745003e-05,1.352089931730109e-06
0.95,c2-yield,5,20,best__separate_matched_penalty,all,0.03936632806997472,0.16429757798658973,0.96,0.9151745712270792,0.0020093190646762018,0.037357009005298515
0.95,c2-yield,5,20,best__separate_matched_penalty,not_yet_hit,0.056237611528106746,0.23471039712348535,0.9428571428571428,0.878821244610113,0.004100596264303952,0.05213701526380281
0.95,c2-yield,10,20,best__separate_matched_penalty,all,0.04807653449299445,0.16152584075089305,0.96,0.890659699741905,0.004808077239882767,0.04326845725311169
0.95,c2-yield,10,20,best__separate_matched_penalty,not_yet_hit,0.13354592914542904,0.4486811131960362,0.8888888888888888,0.6962787215052917,0.03709867657953731,0.09644725256589173
0.95,c2-yield,5,40,best__separate_matched_penalty,all,7.321243353457092e-06,0.0014886709421007885,1.0,0.9985150126671138,2.2051873788323863e-06,5.116055974624707e-06
0.95,c2-yield,5,40,best__separate_matched_penalty,not_yet_hit,1.0458918647795845e-05,0.0021262442027868284,1.0,0.997879018095877,4.49856423761761e-06,5.960354410178237e-06
0.95,c2-yield,10,40,best__separate_matched_penalty,all,7.861106981340873e-06,0.0016329701815134567,1.0,0.9983709739647867,2.653725823402746e-06,5.207381157938128e-06
0.95,c2-yield,10,40,best__separate_matched_penalty,not_yet_hit,2.183640650372465e-05,0.004534250503315105,1.0,0.995476705457741,2.0460193516030962e-05,1.3762129876936823e-06
0.95,c2-yield,5,20,pilot_summary__pooled,all,0.04376761720685083,0.1833321355857764,0.96,0.8832841799554587,0.005885317045106433,0.0378823001617444
0.95,c2-yield,5,20,pilot_summary__pooled,not_yet_hit,0.06252516743792975,0.2619026222651805,0.9428571428571428,0.8332635427935126,0.012010757174906949,0.05051441026302282
0.95,c2-yield,5,40,pilot_summary__pooled,all,6.730051337488006e-05,0.006730991429297326,1.0,0.9933029001377695,4.485114656468832e-05,2.244936681019176e-05
0.95,c2-yield,5,40,pilot_summary__pooled,not_yet_hit,9.614359010697154e-05,0.009615273470210453,1.0,0.9904331430539565,9.152475182606301e-05,4.618838280908552e-06
0.95,c2-yield,10,20,pilot_summary__pooled,all,0.062103749936676104,0.19271633338261257,0.96,0.8611019459025934,0.009780825104253581,0.05232292483242253
0.95,c2-yield,10,20,pilot_summary__pooled,not_yet_hit,0.17251041648898915,0.5353213705063683,0.8888888888888888,0.614173849729426,0.07546835274038526,0.09704206374860393
0.95,c2-yield,10,40,pilot_summary__pooled,all,0.00030936982201888215,0.010690663112313283,1.0,0.9894671318772486,0.00011094131089127469,0.0001984285111276075
0.95,c2-yield,10,40,pilot_summary__pooled,not_yet_hit,0.0008593606149413394,0.02969450864442573,1.0,0.9707438107701348,0.000855924608253682,3.436006687657352e-06
0.95,c2-yield,5,20,pilot_summary__separate,all,0.0512125059428374,0.20849450682356133,0.96,0.8573153226705044,0.010544142958262604,0.040668362984574796
0.95,c2-yield,5,20,pilot_summary__separate,not_yet_hit,0.07316072277505342,0.2978488668905876,0.9428571428571428,0.796165175243578,0.02151853336233919,0.05164218941271423
0.95,c2-yield,10,20,pilot_summary__separate,all,0.07569107985398554,0.2207248049154488,0.96,0.8403886965691403,0.014306863908429196,0.061384215945556334
0.95,c2-yield,10,20,pilot_summary__separate,not_yet_hit,0.21025299959262647,0.6131226803198021,0.8888888888888888,0.5566370460253898,0.11039128708619131,0.09986171250643515
0.95,c2-yield,5,40,pilot_summary__separate,all,3.641695165579844e-08,9.581133763305245e-05,1.0,0.9999042068794428,9.176321946090807e-09,2.7240629709707634e-08
0.95,c2-yield,5,40,pilot_summary__separate,not_yet_hit,5.202378807971203e-08,0.0001364447678329196,1.0,0.9998635812563468,1.8610073619907805e-08,3.3413714459804224e-08
0.95,c2-yield,10,40,pilot_summary__separate,all,5.725202902489171e-08,0.0001127803745823906,1.0,0.9998872482661496,1.2712953486293028e-08,4.453907553859868e-08
0.95,c2-yield,10,40,pilot_summary__separate,not_yet_hit,1.590316361802547e-07,0.0003115010396177,1.0,0.9996885785170821,9.698334002284158e-08,6.204829615741308e-08
0.95,c2-yield,5,20,pilot_summary__separate_matched_penalty,all,0.051086864947831524,0.20808460668160605,0.96,0.8576434095743367,0.010476871603566978,0.04060999334426454
0.95,c2-yield,5,20,pilot_summary__separate_matched_penalty,not_yet_hit,0.07298123563933075,0.2972632952592229,0.9428571428571428,0.796633870820481,0.021381245285107594,0.05159999035422313
0.95,c2-yield,10,20,pilot_summary__separate_matched_penalty,all,0.0758253814888041,0.22099727807663125,0.96,0.8401517058989202,0.014363613598938927,0.0614617678898652
0.95,c2-yield,10,20,pilot_summary__separate_matched_penalty,not_yet_hit,0.21062605968934472,0.6138795502119756,0.8888888888888888,0.5559787386081118,0.11082916815996965,0.09979689152937513
0.95,c2-yield,5,40,pilot_summary__separate_matched_penalty,all,5.481141007866658e-09,3.4744188485493474e-05,1.0,0.9999652585526091,1.2069681668176204e-09,4.274172841049037e-09
0.95,c2-yield,5,40,pilot_summary__separate_matched_penalty,not_yet_hit,7.829772868380914e-09,4.920598333640678e-05,1.0,0.9999507979322989,2.4208434660866545e-09,5.40892940229426e-09
0.95,c2-yield,10,40,pilot_summary__separate_matched_penalty,all,1.3910660183991506e-08,4.980376626033134e-05,1.0,0.9999502031912207,2.479722164602052e-09,1.1430938019389453e-08
0.95,c2-yield,10,40,pilot_summary__separate_matched_penalty,not_yet_hit,3.8638944955531854e-08,0.0001365660165008687,1.0,0.9998634533089464,1.864499883767546e-08,1.9993946117856392e-08
0.95,suzuki-miyaura,5,20,no_target__pooled,all,0.12041370429374165,0.3961906103568046,0.86,0.9161025280515416,0.0031474936537739945,0.11726621063996763
0.95,suzuki-miyaura,5,20,no_target__pooled,not_yet_hit,0.14334964796854957,0.47165529804371975,0.8333333333333334,0.9001222476804065,0.0044607590796606755,0.1388888888888889
0.95,suzuki-miyaura,5,40,no_target__pooled,all,0.01994905440156169,0.13383454917671342,0.98,0.9988997261683721,0.00035719964923944453,0.01959185475232224
0.95,suzuki-miyaura,5,40,no_target__pooled,not_yet_hit,0.023748874287382968,0.1593266537817064,0.9761904761904762,0.9986903406766332,0.0005062439018954345,0.023242630385487524
0.95,suzuki-miyaura,10,20,no_target__pooled,all,0.09670919299111869,0.2735667486056597,0.86,0.9077872352324887,0.0022836198511651993,0.09442557313995348
0.95,suzuki-miyaura,10,20,no_target__pooled,not_yet_hit,0.2417729824762968,0.6839153715133994,0.65,0.7694695880812217,0.014272982476296754,0.22749999999999998
0.95,suzuki-miyaura,10,40,no_target__pooled,all,0.0198638486275186,0.11428265875841748,0.98,0.9985880914753955,0.0003455171446976689,0.019518331482820936
0.95,suzuki-miyaura,10,40,no_target__pooled,not_yet_hit,0.049659621567296496,0.2857051468952936,0.95,0.9964717286884884,0.0021596215672964997,0.04749999999999999
0.95,suzuki-miyaura,5,20,no_target__separate,all,0.12026787782957932,0.39538426248430464,0.86,0.9149999979698843,0.003024999776687257,0.11724287805289203
0.95,suzuki-miyaura,5,20,no_target__separate,not_yet_hit,0.143176045035023,0.4706953601002673,0.8333333333333334,0.8988097118689096,0.004287156146134082,0.1388888888888889
0.95,suzuki-miyaura,10,20,no_target__separate,all,0.09637757947302206,0.2726369455160117,0.86,0.9063786172095307,0.0021509761342681684,0.0942266033387539
0.95,suzuki-miyaura,10,20,no_target__separate,not_yet_hit,0.24094394868105512,0.6815908637892792,0.65,0.7659480430238265,0.01344394868105514,0.22749999999999998
0.95,suzuki-miyaura,5,40,no_target__separate,all,0.019999960000999996,0.2763111911592004,0.98,0.9999990000000001,0.00039996000099999884,0.019599999999999996
0.95,suzuki-miyaura,5,40,no_target__separate,not_yet_hit,0.02380947619147619,0.32894170376085763,0.9761904761904762,0.9999990000000002,0.0005668458059886608,0.023242630385487524
0.95,suzuki-miyaura,10,40,no_target__separate,all,0.019999960000999996,0.2763111911592004,0.98,0.9999990000000001,0.00039996000099999884,0.019599999999999996
0.95,suzuki-miyaura,10,40,no_target__separate,not_yet_hit,0.04999990000099999,0.6907764778972509,0.95,0.9999989999999999,0.0024999000009999976,0.04749999999999999
0.95,suzuki-miyaura,5,20,no_target__separate_matched_penalty,all,0.12029793292091676,0.395549687696238,0.86,0.9152290320404026,0.0030502459801198087,0.11724768694079694
0.95,suzuki-miyaura,5,20,no_target__separate_matched_penalty,not_yet_hit,0.1432118249056628,0.4708922948763785,0.8333333333333334,0.8990823714766695,0.0043229360167739,0.1388888888888889
0.95,suzuki-miyaura,10,20,no_target__separate_matched_penalty,all,0.09631860154534362,0.27247260744666557,0.86,0.9061235869077109,0.0021273852692331612,0.09419121627611045
0.95,suzuki-miyaura,10,20,no_target__separate_matched_penalty,not_yet_hit,0.24079650386185905,0.6811800186159139,0.65,0.7653104672692772,0.01329650386185908,0.22749999999999998
0.95,suzuki-miyaura,5,40,no_target__separate_matched_penalty,all,0.019999960000999996,0.2763111911592004,0.98,0.9999990000000001,0.00039996000099999884,0.019599999999999996
0.95,suzuki-miyaura,5,40,no_target__separate_matched_penalty,not_yet_hit,0.02380947619147619,0.32894170376085763,0.9761904761904762,0.9999990000000002,0.0005668458059886608,0.023242630385487524
0.95,suzuki-miyaura,10,40,no_target__separate_matched_penalty,all,0.019999960000999996,0.2763111911592004,0.98,0.9999990000000001,0.00039996000099999884,0.019599999999999996
0.95,suzuki-miyaura,10,40,no_target__separate_matched_penalty,not_yet_hit,0.04999990000099999,0.6907764778972509,0.95,0.9999989999999999,0.0024999000009999976,0.04749999999999999
0.95,suzuki-miyaura,5,20,best__pooled,all,0.12458865842109225,0.42671046624615205,0.86,0.9170682751687289,0.003256788030733739,0.12133187039035849
0.95,suzuki-miyaura,5,20,best__pooled,not_yet_hit,0.14831983145349076,0.5079884598167526,0.8333333333333334,0.901271946629439,0.0046156551765977796,0.14370417627689294
0.95,suzuki-miyaura,5,40,best__pooled,all,0.01996858825017757,0.14315007722378162,0.98,0.9989116735899524,0.00035765139797289537,0.019610936852204677
0.95,suzuki-miyaura,5,40,best__pooled,not_yet_hit,0.023772128869068536,0.1704165681234543,0.9761904761904762,0.9987045637975621,0.0005068841407795411,0.023265244728288993
0.95,suzuki-miyaura,10,20,best__pooled,all,0.10511435113828589,0.3023596698287046,0.86,0.9136369404609007,0.0028769213820061864,0.10223742975627971
0.95,suzuki-miyaura,10,20,best__pooled,not_yet_hit,0.2627858778442147,0.7558976745710116,0.65,0.7840938511522513,0.017981160916842143,0.24480471692737255
0.95,suzuki-miyaura,10,40,best__pooled,all,0.019917976560398985,0.12400179611301183,0.98,0.9986919084873784,0.00034938744290053184,0.019568589117498453
0.95,suzuki-miyaura,10,40,best__pooled,not_yet_hit,0.04979494139949746,0.31000299028177947,0.95,0.9967312712184462,0.002183811709691983,0.04761112968980548
0.95,suzuki-miyaura,5,20,best__separate,all,0.12450764015814014,0.4260091399412512,0.86,0.9159794298192474,0.003133696562888044,0.12137394359525208
0.95,suzuki-miyaura,5,20,best__separate,not_yet_hit,0.14822338114045253,0.5071535475490134,0.8333333333333334,0.8999757021657706,0.00444120532359862,0.14378217581685396
0.95,suzuki-miyaura,10,20,best__separate,all,0.10488060970142252,0.3014262253326645,0.86,0.9123187451081446,0.0027372510896910077,0.1021433586117315
0.95,suzuki-miyaura,10,20,best__separate,not_yet_hit,0.2622015242520563,0.7535640633309111,0.65,0.7807983627703617,0.017108211703407126,0.2450933125486492
0.95,suzuki-miyaura,5,40,best__separate,all,0.019999960000999996,0.2763111911592004,0.98,0.9999990000000001,0.00039996000099999884,0.019599999999999996
0.95,suzuki-miyaura,5,40,best__separate,not_yet_hit,0.02380947619147619,0.32894170376085763,0.9761904761904762,0.9999990000000002,0.0005668458059886608,0.023242630385487524
0.95,suzuki-miyaura,10,40,best__separate,all,0.019999960000999996,0.2763111911592004,0.98,0.9999990000000001,0.00039996000099999884,0.019599999999999996
0.95,suzuki-miyaura,10,40,best__separate,not_yet_hit,0.04999990000099999,0.6907764778972509,0.95,0.9999989999999999,0.0024999000009999976,0.04749999999999999
0.95,suzuki-miyaura,5,20,best__separate_matched_penalty,all,0.12454391772981743,0.4263452308306572,0.86,0.9161850748930097,0.003156762640733098,0.12138715508908432
0.95,suzuki-miyaura,5,20,best__separate_matched_penalty,not_yet_hit,0.14826656872578264,0.5075536557506871,0.8333333333333334,0.9002205177297734,0.00447389543648337,0.1437926732892993
0.95,suzuki-miyaura,10,20,best__separate_matched_penalty,all,0.1048807989102574,0.301434027444084,0.86,0.9121297707168131,0.0027175129949874918,0.10216328591526988
0.95,suzuki-miyaura,10,20,best__separate_matched_penalty,not_yet_hit,0.2622019972741435,0.7535835686094599,0.65,0.7803259267920325,0.01698484719420222,0.24521715007994124
0.95,suzuki-miyaura,5,40,best__separate_matched_penalty,all,0.019999960000999996,0.2763111911592004,0.98,0.9999990000000001,0.00039996000099999884,0.019599999999999996
0.95,suzuki-miyaura,5,40,best__separate_matched_penalty,not_yet_hit,0.02380947619147619,0.32894170376085763,0.9761904761904762,0.9999990000000002,0.0005668458059886608,0.023242630385487524
0.95,suzuki-miyaura,10,40,best__separate_matched_penalty,all,0.019999960000999996,0.2763111911592004,0.98,0.9999990000000001,0.00039996000099999884,0.019599999999999996
0.95,suzuki-miyaura,10,40,best__separate_matched_penalty,not_yet_hit,0.04999990000099999,0.6907764778972509,0.95,0.9999989999999999,0.0024999000009999976,0.04749999999999999
0.95,suzuki-miyaura,5,20,pilot_summary__pooled,all,0.13154720628027985,0.4961886025773218,0.86,0.9334462220333382,0.0053943475309703994,0.12615285874930945
0.95,suzuki-miyaura,5,20,pilot_summary__pooled,not_yet_hit,0.15660381700014267,0.5907005268776688,0.8333333333333334,0.9207695024206405,0.007645083664664187,0.14895873333547852
0.95,suzuki-miyaura,5,40,pilot_summary__pooled,all,0.019986444821656225,0.15911359545577394,0.98,0.9991689134925628,0.0003674472444853501,0.019618997577170873
0.95,suzuki-miyaura,5,40,pilot_summary__pooled,not_yet_hit,0.023793386692257407,0.18942075649487375,0.9761904761904762,0.9990108017768603,0.000520767259868577,0.023272619432388824
0.95,suzuki-miyaura,10,20,pilot_summary__pooled,all,0.11419863352034718,0.34429820031962505,0.86,0.9288372587877156,0.004738568197406907,0.10946006532294027
0.95,suzuki-miyaura,10,20,pilot_summary__pooled,not_yet_hit,0.28549658379936793,0.8607440007983127,0.65,0.8220946469692887,0.029616567515484107,0.2558800162838838
0.95,suzuki-miyaura,10,40,pilot_summary__pooled,all,0.01994443298370839,0.1315635240365239,0.98,0.9990036405663595,0.00036113835477538073,0.01958329462893301
0.95,suzuki-miyaura,10,40,pilot_summary__pooled,not_yet_hit,0.049861082457770975,0.32890731009055973,0.95,0.9975106014158985,0.0022572572469003807,0.04760382521087059
0.95,suzuki-miyaura,5,20,pilot_summary__separate,all,0.13156410595552726,0.49585613282861457,0.86,0.9326571067089895,0.005279055155321465,0.12628505080020577
0.95,suzuki-miyaura,5,20,pilot_summary__separate,not_yet_hit,0.15662393566115146,0.5903047295577795,0.8333333333333334,0.9198300794154636,0.0074816870827965065,0.14914224857835498
0.95,suzuki-miyaura,10,20,pilot_summary__separate,all,0.11405110535943191,0.34336572823995787,0.86,0.9277328480690943,0.004587738707550993,0.10946336665188092
0.95,suzuki-miyaura,10,20,pilot_summary__separate,not_yet_hit,0.28512776339707974,0.8584128205991448,0.65,0.8193336201727355,0.02867387492080425,0.25645388847627554
0.95,suzuki-miyaura,5,40,pilot_summary__separate,all,0.019999960000999996,0.2763111911592004,0.98,0.9999990000000001,0.00039996000099999884,0.019599999999999996
0.95,suzuki-miyaura,5,40,pilot_summary__separate,not_yet_hit,0.02380947619147619,0.32894170376085763,0.9761904761904762,0.9999990000000002,0.0005668458059886608,0.023242630385487524
0.95,suzuki-miyaura,10,40,pilot_summary__separate,all,0.019999960000999996,0.2763111911592004,0.98,0.9999990000000001,0.00039996000099999884,0.019599999999999996
0.95,suzuki-miyaura,10,40,pilot_summary__separate,not_yet_hit,0.04999990000099999,0.6907764778972509,0.95,0.9999989999999999,0.0024999000009999976,0.04749999999999999
0.95,suzuki-miyaura,5,20,pilot_summary__separate_matched_penalty,all,0.13166407641314234,0.49695689592882003,0.86,0.9332958049694758,0.00537227502612342,0.12629180138701887
0.95,suzuki-miyaura,5,20,pilot_summary__separate_matched_penalty,not_yet_hit,0.15674294811069323,0.5916151618199287,0.8333333333333334,0.9205904344874711,0.007613801701823429,0.14912914640886982
0.95,suzuki-miyaura,10,20,pilot_summary__separate_matched_penalty,all,0.11399641770637631,0.3432724179693523,0.86,0.9279774142037839,0.004620928841832791,0.10937548886454351
0.95,suzuki-miyaura,10,20,pilot_summary__separate_matched_penalty,not_yet_hit,0.2849910442644408,0.8581795449226309,0.65,0.8199450355094596,0.028881315094311476,0.2561097291701292
0.95,suzuki-miyaura,5,40,pilot_summary__separate_matched_penalty,all,0.019999960000999996,0.2763111911592004,0.98,0.9999990000000001,0.00039996000099999884,0.019599999999999996
0.95,suzuki-miyaura,5,40,pilot_summary__separate_matched_penalty,not_yet_hit,0.02380947619147619,0.32894170376085763,0.9761904761904762,0.9999990000000002,0.0005668458059886608,0.023242630385487524
0.95,suzuki-miyaura,10,40,pilot_summary__separate_matched_penalty,all,0.019999960000999996,0.2763111911592004,0.98,0.9999990000000001,0.00039996000099999884,0.019599999999999996
0.95,suzuki-miyaura,10,40,pilot_summary__separate_matched_penalty,not_yet_hit,0.04999990000099999,0.6907764778972509,0.95,0.9999989999999999,0.0024999000009999976,0.04749999999999999
0.99,additives,5,20,no_target__pooled,all,0.23119108757466109,0.6439403639434861,0.12,0.525610125177992,0.16451957364690634,0.06667151392775468
0.99,additives,5,20,no_target__pooled,not_yet_hit,0.24594796550489473,0.6850428765355914,0.06382978723404255,0.4953299842319062,0.18619242000919517,0.05975554549569941
0.99,additives,5,40,no_target__pooled,all,0.05760104325740143,0.2673472270260836,1.0,0.7673091996128909,0.05414500858479339,0.003456034672608039
0.99,additives,5,40,no_target__pooled,not_yet_hit,0.06127770559291644,0.2844118798149506,1.0,0.7524566591626497,0.061277705592916405,7.703719777548943e-34
0.99,additives,10,20,no_target__pooled,all,0.16945024404810197,0.5191273814992308,0.12,0.44631762172313216,0.10648319024704121,0.06296705380106075
0.99,additives,10,20,no_target__pooled,not_yet_hit,0.18026621707238508,0.552263107977873,0.06382978723404255,0.41097625715226815,0.12051067157668569,0.05975554549569943
0.99,additives,10,40,no_target__pooled,all,0.09408421109282773,0.3575173479028966,1.0,0.7026127203230246,0.08843919411367168,0.005645016979156101
0.99,additives,10,40,no_target__pooled,not_yet_hit,0.1000895862689018,0.3803375403221985,1.0,0.6836306173649196,0.10008958626890192,1.232595164407831e-32
0.99,additives,5,20,no_target__separate,all,0.2369700365677735,0.6554985130600646,0.12,0.5322520890224771,0.1699517849033963,0.0670182516643771
0.99,additives,5,20,no_target__separate,not_yet_hit,0.25209578358267404,0.6973387798511005,0.06382978723404255,0.5023959032154012,0.19234023808697448,0.05975554549569943
0.99,additives,10,20,no_target__separate,all,0.16328928690984562,0.5063556551038659,0.12,0.43731985695321995,0.10069189161681201,0.06259739529303357
0.99,additives,10,20,no_target__separate,not_yet_hit,0.17371200735083572,0.5386761650040808,0.06382978723404255,0.4014041669715105,0.11395646185513622,0.05975554549569941
0.99,additives,5,40,no_target__separate,all,0.06105569848522294,0.27653037587915696,1.0,0.760432921034423,0.057392385324099016,0.003663313161123899
0.99,additives,5,40,no_target__separate,not_yet_hit,0.06495287072889674,0.2941811871054543,1.0,0.7451414691855562,0.06495287072889669,3.0814879110195774e-33
0.99,additives,10,40,no_target__separate,all,0.08830401563313722,0.34403985943886567,1.0,0.7118927122269144,0.0830058092679635,0.0052982063651736975
0.99,additives,10,40,no_target__separate,not_yet_hit,0.09394044216284812,0.36599978663705923,1.0,0.6935029491775684,0.09394044216284805,3.0814879110195774e-33
0.99,additives,5,20,no_target__separate_matched_penalty,all,0.23709928993580337,0.6557570261287544,0.12,0.532399421740216,0.17007328305166458,0.0670260068841388
0.99,additives,5,20,no_target__separate_matched_penalty,not_yet_hit,0.2522332871656845,0.6976137937539623,0.06382978723404255,0.5025526401491659,0.19247774166998502,0.05975554549569943
0.99,additives,10,20,no_target__separate_matched_penalty,all,0.16316950909501143,0.5061063882754047,0.12,0.4371423978154971,0.10057930049216302,0.06259020860284842
0.99,additives,10,20,no_target__separate_matched_penalty,not_yet_hit,0.17358458414356534,0.5384109875269943,0.06382978723404255,0.40121538065478396,0.11382903864786599,0.05975554549569943
0.99,additives,5,40,no_target__separate_matched_penalty,all,0.06100870174452872,0.27640662313321734,1.0,0.7605251404076407,0.05734820837678015,0.0036604933677485724
0.99,additives,5,40,no_target__separate_matched_penalty,not_yet_hit,0.06490287419624334,0.2940495352480716,1.0,0.7452395749017455,0.06490287419624333,0.0
0.99,additives,10,40,no_target__separate_matched_penalty,all,0.0883721178640967,0.3442000400783787,1.0,0.7117816359452531,0.08306982537839454,0.005302292485702112
0.99,additives,10,40,no_target__separate_matched_penalty,not_yet_hit,0.0940128913447199,0.3661701915727113,1.0,0.6933847829204821,0.09401289134471984,3.0814879110195774e-33
0.99,additives,5,20,best__pooled,all,0.27194660698222284,0.7262523742943474,0.12,0.5685033186596412,0.2022981039203542,0.06964850306186869
0.99,additives,5,20,best__pooled,not_yet_hit,0.28930490104485407,0.7726088449939548,0.06382978723404255,0.5409610411272779,0.22894766607147585,0.060357234973378304
0.99,additives,5,40,best__pooled,all,0.04461397755580901,0.22923690000580532,1.0,0.7970981306810082,0.041700750690129955,0.0029132268656790502
0.99,additives,5,40,best__pooled,not_yet_hit,0.04746167825079682,0.2438689787295482,1.0,0.7841470113627749,0.04719412216150887,0.0002675560892879454
0.99,additives,10,20,best__pooled,all,0.1970376126016863,0.5751859892858091,0.12,0.48378112932282097,0.1328238553628663,0.06421375723882
0.99,additives,10,20,best__pooled,not_yet_hit,0.2096144814910918,0.6118999247721055,0.06382978723404255,0.4508310524710861,0.15032129811748013,0.05929318337361169
0.99,additives,10,40,best__pooled,all,0.07535456008949047,0.3122565365167227,1.0,0.734613574652528,0.07076283446631115,0.004591725623179326
0.99,additives,10,40,best__pooled,not_yet_hit,0.0801644256270537,0.332187740975205,1.0,0.7176740794175829,0.08008465665453113,7.976897252256713e-05
0.99,additives,5,20,best__separate,all,0.21096914425043264,0.6032313764750734,0.12,0.5002818023151346,0.14525180369000512,0.06571734056042751
0.99,additives,5,20,best__separate,not_yet_hit,0.22443525984082197,0.6417354430585566,0.06382978723404255,0.4683849599097176,0.16438642974629356,0.060048830094528396
0.99,additives,10,20,best__separate,all,0.146583766134009,0.4709382223699043,0.12,0.4104027494901298,0.08457676681310439,0.06200699932090463
0.99,additives,10,20,best__separate,not_yet_hit,0.15594017673824362,0.5009980450743343,0.06382978723404255,0.37276894626609547,0.09571842650683329,0.060221750231410305
0.99,additives,5,40,best__separate,all,0.030246451551520313,0.16708219453946588,1.0,0.8510548296524438,0.026441437388126952,0.0038050141633933624
0.99,additives,5,40,best__separate,not_yet_hit,0.0321770761185748,0.17774695163769777,1.0,0.8415477549494084,0.029924648613297997,0.002252427505276807
0.99,additives,10,40,best__separate,all,0.04016585607898067,0.20874750730537917,1.0,0.8153276356143546,0.037058830012446836,0.003107026066533826
0.99,additives,10,40,best__separate,not_yet_hit,0.042729634126511346,0.2220717524524991,1.0,0.8035401017173986,0.04194070603414068,0.0007889280923706575
0.99,additives,5,20,best__separate_matched_penalty,all,0.2109310922416524,0.6031516660106377,0.12,0.5002175035198232,0.1452120784457364,0.06571901379591605
0.99,additives,5,20,best__separate_matched_penalty,not_yet_hit,0.22439477898041746,0.6416506446921358,0.06382978723404255,0.468316556935982,0.16434147133526528,0.06005330764515219
0.99,additives,10,20,best__separate_matched_penalty,all,0.1463530209356248,0.4704415981944262,0.12,0.41001788447480536,0.08435669882194788,0.06199632211367695
0.99,additives,10,20,best__separate_matched_penalty,not_yet_hit,0.15569470312294129,0.5004697214834003,0.06382978723404255,0.372359515398729,0.09546936806710911,0.06022533505583218
0.99,additives,5,40,best__separate_matched_penalty,all,0.03016259660759726,0.16659212133554793,1.0,0.8515003864593715,0.02634440870566676,0.003818187901930502
0.99,additives,5,40,best__separate_matched_penalty,not_yet_hit,0.03208786873142262,0.17722559716544461,1.0,0.842021751552523,0.02981483803272605,0.002273030698696572
0.99,additives,10,40,best__separate_matched_penalty,all,0.03997197310158578,0.20803571481697888,1.0,0.81592227678537,0.036868804006331954,0.0031031690952538276
0.99,additives,10,40,best__separate_matched_penalty,not_yet_hit,0.04252337563992105,0.22131452640100946,1.0,0.8041726987078406,0.04172564725781887,0.0007977283821021579
0.99,additives,5,20,pilot_summary__pooled,all,0.057681918102371506,0.23360910135732105,0.12,0.12043588919227391,0.0008932638284115925,0.05678865427395991
0.99,additives,5,20,pilot_summary__pooled,not_yet_hit,0.06136374266203352,0.2485202567630756,0.06382978723404255,0.06429356297050416,0.0010109369406087548,0.06035280572142477
0.99,additives,5,40,pilot_summary__pooled,all,0.46636739178652864,1.196730607973772,1.0,0.34963968651217736,0.43341287193411815,0.032954519852410505
0.99,additives,5,40,pilot_summary__pooled,not_yet_hit,0.4961355231770943,1.273117604227385,1.0,0.3081273899065716,0.4905079152228204,0.005627607954273891
0.99,additives,10,20,pilot_summary__pooled,all,0.058296369538424986,0.2349630113338884,0.12,0.13823196805749094,0.0013850522404902591,0.056911317297934715
0.99,additives,10,20,pilot_summary__pooled,not_yet_hit,0.06201741440251593,0.24996058652538122,0.06382978723404255,0.08322556176328826,0.0015675129338275538,0.06044990146868838
0.99,additives,10,40,pilot_summary__pooled,all,0.37167655543487044,0.9431894870512626,1.0,0.41704025247685095,0.3485117717760331,0.023164783658837403
0.99,additives,10,40,pilot_summary__pooled,not_yet_hit,0.39540059088809626,1.0033930075013113,1.0,0.3798301196562245,0.39442247829432664,0.000978112593769668
0.99,additives,5,20,pilot_summary__separate,all,0.06562697909904237,0.25586166797585036,0.12,0.17999132339398013,0.0071023327229513405,0.05852464637609105
0.99,additives,5,20,pilot_summary__separate,not_yet_hit,0.06981593521168337,0.27219319997427693,0.06382978723404255,0.12765040786593632,0.008037958263822706,0.06177797694786066
0.99,additives,10,20,pilot_summary__separate,all,0.06521779181313592,0.25986481048504356,0.12,0.18896605126119848,0.0070614948166519715,0.05815629699648395
0.99,additives,10,20,pilot_summary__separate,not_yet_hit,0.06938062958837865,0.27645186221809953,0.06382978723404255,0.13719799070340266,0.007991741843121007,0.06138888774525763
0.99,additives,5,40,pilot_summary__separate,all,0.5921909722261137,1.5920760913743939,1.0,0.2637542836691643,0.5502511021517026,0.041939870074411086
0.99,additives,5,40,pilot_summary__separate,not_yet_hit,0.6299903959851635,1.6936979057174084,1.0,0.21675994007357907,0.6227376797218428,0.007252716263320764
0.99,additives,10,40,pilot_summary__separate,all,0.4880288661480458,1.2429975195638048,1.0,0.33354936321419976,0.45712977658598053,0.03089908956206521
0.99,additives,10,40,pilot_summary__separate,not_yet_hit,0.5191796448382828,1.322337722940186,1.0,0.29101002469595727,0.5173491360478812,0.0018305087904016298
0.99,additives,5,20,pilot_summary__separate_matched_penalty,all,0.06535572125817032,0.2550728980969566,0.12,0.17829112537409622,0.006854640232370088,0.05850108102580023
0.99,additives,5,20,pilot_summary__separate_matched_penalty,not_yet_hit,0.0695273630405429,0.27135408308183684,0.06382978723404255,0.12584168656818748,0.007757636065310921,0.061769726975231976
0.99,additives,10,20,pilot_summary__separate_matched_penalty,all,0.06492623374699721,0.25885452099997364,0.12,0.18721922018689138,0.006797122002265298,0.058129111744731926
0.99,additives,10,20,pilot_summary__separate_matched_penalty,not_yet_hit,0.06907046143291193,0.2753770861701528,0.06382978723404255,0.1353396597732887,0.0076925419517602095,0.06137791948115173
0.99,additives,5,40,pilot_summary__separate_matched_penalty,all,0.6124328376050425,1.6746616789673734,1.0,0.2514546640364911,0.5683684537307996,0.04406438387424294
0.99,additives,5,40,pilot_summary__separate_matched_penalty,not_yet_hit,0.6515242953244496,1.7815549137950462,1.0,0.20367523833669263,0.6432416974936201,0.008282597830829234
0.99,additives,10,40,pilot_summary__separate_matched_penalty,all,0.5143329413111496,1.323952813203216,1.0,0.316383456361332,0.4813502661008264,0.03298267521032312
0.99,additives,10,40,pilot_summary__separate_matched_penalty,not_yet_hit,0.5471627035224358,1.40846037574807,1.0,0.27274842166099156,0.544760280745637,0.002402422776798762
0.99,buchwald-hartwig,5,20,no_target__pooled,all,0.31754242317532505,0.826586409660754,0.66,0.3523157783629632,0.10412731365667513,0.21341510951865
0.99,buchwald-hartwig,5,20,no_target__pooled,not_yet_hit,0.3408017714774794,0.8870874187130795,0.6354265816998735,0.305059920990304,0.1202907007329759,0.22051107074450355
0.99,buchwald-hartwig,5,40,no_target__pooled,all,0.06949315637793531,0.29246329143571814,0.976,0.7686943079948315,0.043458373385199076,0.026034782992736226
0.99,buchwald-hartwig,5,40,no_target__pooled,not_yet_hit,0.07460686536550243,0.3138972348366578,0.974162767873948,0.7518179999944543,0.04989370483141152,0.024713160534090912
0.99,buchwald-hartwig,10,20,no_target__pooled,all,0.2225992551977701,0.5934622469912842,0.66,0.47847869789045416,0.03961521626430113,0.18298403893346898
0.99,buchwald-hartwig,10,40,no_target__pooled,all,0.0703226091975053,0.26511169157461073,0.976,0.7938263885148957,0.0334913676741152,0.0368312415233901
0.99,buchwald-hartwig,10,20,no_target__pooled,not_yet_hit,0.31825135464935334,0.847475875495651,0.5213213213213214,0.259203116321668,0.0842256622903276,0.23402569235902568
0.99,buchwald-hartwig,10,40,no_target__pooled,not_yet_hit,0.09945181261493435,0.375646132293047,0.9669669669669669,0.7071401768677495,0.0682541735344124,0.031197639080521967
0.99,buchwald-hartwig,5,20,no_target__separate,all,0.31235552941321176,0.8144463659889005,0.66,0.3602744685954872,0.09928971433487724,0.21306581507833458
0.99,buchwald-hartwig,5,20,no_target__separate,not_yet_hit,0.33523244781531536,0.8740522894100611,0.6354265816998735,0.3135992881925827,0.1147213770708118,0.22051107074450355
0.99,buchwald-hartwig,10,20,no_target__separate,all,0.22675000770761158,0.6044287077360749,0.66,0.4706006400478511,0.0425140287971852,0.18423597891042637
0.99,buchwald-hartwig,10,20,no_target__separate,not_yet_hit,0.32424300743545637,0.8633060452501224,0.5213213213213214,0.24801269324978858,0.09021731507643063,0.23402569235902568
0.99,buchwald-hartwig,5,40,no_target__separate,all,0.07318481315235714,0.30224163944961224,0.976,0.760555633263799,0.04690520037108007,0.02627961278127709
0.99,buchwald-hartwig,5,40,no_target__separate,not_yet_hit,0.07856636572128464,0.3243850384773228,0.974162767873948,0.7430855163774667,0.05385320518719374,0.024713160534090912
0.99,buchwald-hartwig,10,40,no_target__separate,all,0.06625979523238405,0.25518769191248303,0.976,0.8018535129897171,0.030625316589293544,0.03563447864309051
0.99,buchwald-hartwig,10,40,no_target__separate,not_yet_hit,0.09365664589517265,0.36149060994269744,0.9669669669669669,0.718542342314939,0.062459006814650705,0.031197639080521967
0.99,buchwald-hartwig,5,20,no_target__separate_matched_penalty,all,0.31227168752744094,0.8142516392191693,0.66,0.3604048506393214,0.09921151923895002,0.21306016828849095
0.99,buchwald-hartwig,5,20,no_target__separate_matched_penalty,not_yet_hit,0.3351424233938608,0.8738432034069792,0.6354265816998735,0.3137391830894008,0.11463135264935724,0.22051107074450355
0.99,buchwald-hartwig,10,20,no_target__separate_matched_penalty,all,0.22680812723505683,0.6045845544710926,0.66,0.4704926551251057,0.042554630178205426,0.1842534970568514
0.99,buchwald-hartwig,10,20,no_target__separate_matched_penalty,not_yet_hit,0.3243268753129169,0.8635309358410407,0.5213213213213214,0.24785930557543412,0.0903011829538912,0.23402569235902576
0.99,buchwald-hartwig,5,40,no_target__separate_matched_penalty,all,0.07316172880499563,0.3021811764273089,0.976,0.7606055698495655,0.046883647134826505,0.02627808167016916
0.99,buchwald-hartwig,5,40,no_target__separate_matched_penalty,not_yet_hit,0.07854160634105668,0.32432018817267705,0.974162767873948,0.7431390964051132,0.05382844580696579,0.024713160534090912
0.99,buchwald-hartwig,10,40,no_target__separate_matched_penalty,all,0.06628025906935184,0.2552382818414139,0.976,0.8018121545465006,0.030639751313653783,0.03564050775569806
0.99,buchwald-hartwig,10,40,no_target__separate_matched_penalty,not_yet_hit,0.09368583814116911,0.36156277791650604,0.9669669669669669,0.7184835945262793,0.062488199060647155,0.031197639080521967
0.99,buchwald-hartwig,5,20,best__pooled,all,0.32087807585615646,0.8347448369894958,0.66,0.35056023159332356,0.10551500100000002,0.2153630748561565
0.99,buchwald-hartwig,5,20,best__pooled,not_yet_hit,0.3442829888514609,0.8956108334382812,0.6354265816998735,0.3032821337760549,0.12175943977779469,0.22252354907366625
0.99,buchwald-hartwig,5,40,best__pooled,all,0.07089188644423736,0.29596259945705944,0.976,0.7673995396635274,0.04410321669279001,0.02678866975144733
0.99,buchwald-hartwig,5,40,best__pooled,not_yet_hit,0.07607397714263738,0.31756336042079847,0.974162767873948,0.7505234088884427,0.05055180774632371,0.025522169396313642
0.99,buchwald-hartwig,10,20,best__pooled,all,0.22456429604777686,0.5987309867865652,0.66,0.4759213915764279,0.04016582989716365,0.18439846615061323
0.99,buchwald-hartwig,10,40,best__pooled,all,0.07196492505556983,0.26895690019129825,0.976,0.7914272714998598,0.03428851209137015,0.03767641296419968
0.99,buchwald-hartwig,10,20,best__pooled,not_yet_hit,0.3213077742311458,0.8556551168671721,0.5213213213213214,0.2553649907826762,0.08571767218803603,0.2355901020431098
0.99,buchwald-hartwig,10,40,best__pooled,not_yet_hit,0.10190155773975962,0.3813912486553826,0.9669669669669669,0.7035126203177049,0.07011244585297086,0.031789111886788755
0.99,buchwald-hartwig,5,20,best__separate,all,0.3086365860038528,0.8187768662992834,0.66,0.3613069868885941,0.09777849540669788,0.21085809059715488
0.99,buchwald-hartwig,5,20,best__separate,not_yet_hit,0.3318301973618327,0.8801837909758691,0.6354265816998735,0.31398937784432807,0.11388648419268636,0.21794371316914632
0.99,buchwald-hartwig,10,20,best__separate,all,0.22042872672209285,0.5938842651040684,0.66,0.4808142755826724,0.04191090947358128,0.1785178172485115
0.99,buchwald-hartwig,10,20,best__separate,not_yet_hit,0.3136141588629768,0.8438453833222793,0.5213213213213214,0.26374463579678353,0.08676944919534876,0.22684470966762804
0.99,buchwald-hartwig,5,40,best__separate,all,0.09010692248360104,0.3303614112194893,0.976,0.7700669391256593,0.04547852709431257,0.044628395389288464
0.99,buchwald-hartwig,5,40,best__separate,not_yet_hit,0.09631107013314369,0.3536011197670629,0.974162767873948,0.7543383514160465,0.05141083458084779,0.0449002355522959
0.99,buchwald-hartwig,10,40,best__separate,all,0.08512376852807546,0.29123604628922956,0.976,0.7882938847948702,0.036549023504495015,0.04857474502358043
0.99,buchwald-hartwig,10,40,best__separate,not_yet_hit,0.1214034392419892,0.41513647761000705,0.9669669669669669,0.6971178799025373,0.07670026757771828,0.044703171664270916
0.99,buchwald-hartwig,5,20,best__separate_matched_penalty,all,0.3085875905602653,0.8189137893699527,0.66,0.36146183606275234,0.0976865934645929,0.2109009970956724
0.99,buchwald-hartwig,5,20,best__separate_matched_penalty,not_yet_hit,0.3317824480245009,0.8803441081994732,0.6354265816998735,0.31414875689630756,0.11378930506437417,0.21799314296012673
0.99,buchwald-hartwig,10,20,best__separate_matched_penalty,all,0.2205165436273769,0.5942392077612173,0.66,0.4806632555406639,0.0419955863973004,0.1785209572300765
0.99,buchwald-hartwig,10,20,best__separate_matched_penalty,not_yet_hit,0.3137275713164065,0.8443127885375766,0.5213213213213214,0.26353939481466876,0.086925801860429,0.22680176945597746
0.99,buchwald-hartwig,5,40,best__separate_matched_penalty,all,0.09038622275939581,0.33082150442785424,0.976,0.7703766526498635,0.04540347154950269,0.044982751209893125
0.99,buchwald-hartwig,5,40,best__separate_matched_penalty,not_yet_hit,0.09660550663816594,0.35408418286555987,0.974162767873948,0.7546842685863464,0.05131721195541274,0.04528829468275318
0.99,buchwald-hartwig,10,40,best__separate_matched_penalty,all,0.08534221791297229,0.2915522448495138,0.976,0.7883815238744326,0.0365572971382182,0.048784920774754104
0.99,buchwald-hartwig,10,40,best__separate_matched_penalty,not_yet_hit,0.12172181105652498,0.4156077569744868,0.9669669669669669,0.6972163975604211,0.07673964683353791,0.04498216422298707
0.99,buchwald-hartwig,5,20,pilot_summary__pooled,all,0.25747398836949453,0.7451643674063646,0.66,0.8406191020392466,0.040589701480865346,0.21688428688862924
0.99,buchwald-hartwig,5,20,pilot_summary__pooled,not_yet_hit,0.27643520982260833,0.8003786114222367,0.6354265816998735,0.8297684453055683,0.04731089699353095,0.22912431282907733
0.99,buchwald-hartwig,5,40,pilot_summary__pooled,all,0.023774197833793066,0.1284360423210946,0.976,0.9911277315740483,0.0006002144446658369,0.02317398338912723
0.99,buchwald-hartwig,5,40,pilot_summary__pooled,not_yet_hit,0.025596714502979134,0.13845442820594117,0.974162767873948,0.9905292062806323,0.0007086865627249636,0.024888027940254166
0.99,buchwald-hartwig,10,20,pilot_summary__pooled,all,0.206262328502644,0.5605291090598901,0.66,0.782252488017004,0.023193754301423918,0.18306857420122008
0.99,buchwald-hartwig,10,40,pilot_summary__pooled,all,0.023481834216514903,0.1151072229711323,0.976,0.9856039888360424,0.000482413527810287,0.02299942068870462
0.99,buchwald-hartwig,10,20,pilot_summary__pooled,not_yet_hit,0.2914279252014293,0.7926115005119614,0.5213213213213214,0.6912979799723606,0.044504678181305386,0.24692324702012397
0.99,buchwald-hartwig,10,40,pilot_summary__pooled,not_yet_hit,0.03232910905638631,0.1589092122987809,0.9669669669669669,0.979609840624214,0.0009484742079734158,0.031380634848412886
0.99,buchwald-hartwig,5,20,pilot_summary__separate,all,0.23840711253302976,0.6802739346707458,0.66,0.7749152119479283,0.02177142394940574,0.21663568858362403
0.99,buchwald-hartwig,5,20,pilot_summary__separate,not_yet_hit,0.25577829862333307,0.7297038740100524,0.6354265816998735,0.7577420280003809,0.024768585346312044,0.23100971327702108
0.99,buchwald-hartwig,10,20,pilot_summary__separate,all,0.20088553292035236,0.5455612295430304,0.66,0.7701763401969891,0.02258469293348678,0.17830083998686558
0.99,buchwald-hartwig,10,20,pilot_summary__separate,not_yet_hit,0.2828341940929958,0.7692338946421498,0.5213213213213214,0.674985386654128,0.04352059278182096,0.23931360131117488
0.99,buchwald-hartwig,5,40,pilot_summary__separate,all,0.023985922354340078,0.1576614246070672,0.976,0.9938465535487812,0.0007003089852447581,0.023285613369095324
0.99,buchwald-hartwig,5,40,pilot_summary__separate,not_yet_hit,0.025824419594390368,0.17027593742524977,0.974162767873948,0.9934773185936756,0.0008274952618490986,0.024996924332541276
0.99,buchwald-hartwig,10,40,pilot_summary__separate,all,0.023846887466805466,0.13267233722053176,0.976,0.9864610102786688,0.0005168804780404683,0.023330006988765
0.99,buchwald-hartwig,10,40,pilot_summary__separate,not_yet_hit,0.0328396723212197,0.18311677837157728,0.9669669669669669,0.9807211510785298,0.0010137478546885803,0.03182592446653112
0.99,buchwald-hartwig,5,20,pilot_summary__separate_matched_penalty,all,0.23875541879450318,0.6815984951821327,0.66,0.7757642212257805,0.022003406821728484,0.21675201197277466
0.99,buchwald-hartwig,5,20,pilot_summary__separate_matched_penalty,not_yet_hit,0.25615180562997997,0.7311207128118763,0.6354265816998735,0.7586429018090814,0.025026578990155878,0.23112522663982404
0.99,buchwald-hartwig,10,20,pilot_summary__separate_matched_penalty,all,0.20128304928162555,0.5465833552398521,0.66,0.7708962677872903,0.022801758024236018,0.17848129125738957
0.99,buchwald-hartwig,10,20,pilot_summary__separate_matched_penalty,not_yet_hit,0.2833858278790916,0.7706499997654186,0.5213213213213214,0.6759914227913917,0.04393799000892269,0.2394478378701689
0.99,buchwald-hartwig,5,40,pilot_summary__separate_matched_penalty,all,0.02398496058056096,0.1588737795093907,0.976,0.9941030311048152,0.0007088153740437269,0.023276145206517235
0.99,buchwald-hartwig,5,40,pilot_summary__separate_matched_penalty,not_yet_hit,0.025823391768774122,0.1715918980098096,0.974162767873948,0.9937492808345911,0.0008372727426335482,0.024986119026140573
0.99,buchwald-hartwig,10,40,pilot_summary__separate_matched_penalty,all,0.023838822493021196,0.1333635469392717,0.976,0.9869361377363164,0.000525110183189395,0.023313712309831803
0.99,buchwald-hartwig,10,40,pilot_summary__separate_matched_penalty,not_yet_hit,0.0328273593835652,0.18404457794854215,0.9669669669669669,0.9813965178130672,0.0010279075314737032,0.0317994518520915
0.99,c2-yield,5,20,no_target__pooled,all,0.22461494948833544,0.630782020141842,0.18,0.5157648168394021,0.11273801222719722,0.11187693726113812
0.99,c2-yield,5,20,no_target__pooled,not_yet_hit,0.23895207392369722,0.6710446384487363,0.1276595744680851,0.48485625195681065,0.12758946640898475,0.11136260751471252
0.99,c2-yield,5,40,no_target__pooled,all,0.697932561280778,3.004491986181125,0.28,0.9854477464349446,0.497656522950142,0.20027603833063626
0.99,c2-yield,5,40,no_target__pooled,not_yet_hit,0.7424814481709765,3.196268006575633,0.23404255319148937,0.9845189430158987,0.5632148116838788,0.17926663648709823
0.99,c2-yield,10,20,no_target__pooled,all,0.15610302947118207,0.4840373091301904,0.18,0.45366525499396665,0.07489267179091286,0.08121035768026917
0.99,c2-yield,10,20,no_target__pooled,not_yet_hit,0.17344781052342448,0.5378191212557115,0.08888888888888889,0.3929615055488518,0.09246015620243687,0.08098765432098763
0.99,c2-yield,10,40,no_target__pooled,all,0.6882632320795831,2.7406840860987485,0.28,0.9798833966417873,0.4898367688948453,0.1984264631847377
0.99,c2-yield,10,40,no_target__pooled,not_yet_hit,0.7647369245327588,3.0452044289985527,0.2,0.9776483296019857,0.6047369245327586,0.16
0.99,c2-yield,5,20,no_target__separate,all,0.22498599802288402,0.6315247740180727,0.18,0.5162838054194617,0.1130867977873944,0.11189920023548967
0.99,c2-yield,5,20,no_target__separate,not_yet_hit,0.23934680640725964,0.671834802146854,0.1276595744680851,0.4854083674675126,0.12798419889254706,0.11136260751471252
0.99,c2-yield,10,20,no_target__separate,all,0.1543065990949845,0.4802662486950839,0.18,0.45069518844329015,0.07327588504634837,0.08103071404863617
0.99,c2-yield,10,20,no_target__separate,not_yet_hit,0.1714517767720939,0.5336290541055932,0.08888888888888889,0.3896614316036558,0.09046412245110627,0.08098765432098766
0.99,c2-yield,5,40,no_target__separate,all,0.6970207325628829,2.9751772162897665,0.28,0.9848399846974146,0.4967994040282516,0.20022132853463112
0.99,c2-yield,5,40,no_target__separate,not_yet_hit,0.7415114176200243,3.1650820811592926,0.23404255319148937,0.9838723879759728,0.5622447811329256,0.17926663648709817
0.99,c2-yield,10,40,no_target__separate,all,0.6930499602022424,2.8593260939141114,0.28,0.9829543538459998,0.4941448235910471,0.198905136611195
0.99,c2-yield,10,40,no_target__separate,not_yet_hit,0.7700555113357138,3.177028882126734,0.2,0.9810605042733329,0.610055511335713,0.16
0.99,c2-yield,5,20,no_target__separate_matched_penalty,all,0.22505485377703466,0.6316626020878618,0.18,0.5163800264355026,0.11315152218474946,0.11190333159228524
0.99,c2-yield,5,20,no_target__separate_matched_penalty,not_yet_hit,0.23942005720954745,0.6719814277530126,0.1276595744680851,0.4855107302505348,0.12805744969483507,0.11136260751471252
0.99,c2-yield,10,20,no_target__separate_matched_penalty,all,0.15424083033473196,0.4801279697957538,0.18,0.45058583330247,0.07321669318399211,0.08102413715073986
0.99,c2-yield,10,20,no_target__separate_matched_penalty,not_yet_hit,0.1713787003718133,0.5334754108841154,0.08888888888888889,0.38953992589163333,0.0903910460508256,0.08098765432098763
0.99,c2-yield,5,40,no_target__separate_matched_penalty,all,0.6970793895431991,2.977027901369931,0.28,0.9848790971401092,0.49685454158505554,0.2002248479581436
0.99,c2-yield,5,40,no_target__separate_matched_penalty,not_yet_hit,0.7415738186629138,3.1670508950743628,0.23404255319148937,0.9839139969575628,0.5623071821758153,0.17926663648709817
0.99,c2-yield,10,40,no_target__separate_matched_penalty,all,0.6929805241297986,2.8574599882947065,0.28,0.9829099025726827,0.49408233113473815,0.19889819299506037
0.99,c2-yield,10,40,no_target__separate_matched_penalty,not_yet_hit,0.7699783601441096,3.1749554314385073,0.2,0.9810111139696476,0.6099783601441098,0.16000000000000003
0.99,c2-yield,5,20,best__pooled,all,0.3630562104586441,0.9252217790267706,0.18,0.6726698727072588,0.24272360347338656,0.12033260698525751
0.99,c2-yield,5,20,best__pooled,not_yet_hit,0.38623001112615335,0.9842784244965324,0.1276595744680851,0.6517765241566582,0.2746985769508543,0.11153143417529895
0.99,c2-yield,5,40,best__pooled,all,0.7121002061018451,3.8374096810036993,0.28,0.9950145787843121,0.5112458478741072,0.2008543582277378
0.99,c2-yield,5,40,best__pooled,not_yet_hit,0.7575534107465798,4.082350660642202,0.23404255319148937,0.9946964242386301,0.5785943115390001,0.17895909920758
0.99,c2-yield,10,20,best__pooled,all,0.24218674272304386,0.6583722409433449,0.18,0.5738983733441583,0.1551559285231739,0.08703081419986992
0.99,c2-yield,10,20,best__pooled,not_yet_hit,0.269096380803271,0.7315246010481053,0.08888888888888889,0.5265538592712871,0.1915506262998255,0.0775457545034455
0.99,c2-yield,10,40,best__pooled,all,0.7079282019439006,3.4538302022499052,0.28,0.9925505663997776,0.5077283096766436,0.200199892267257
0.99,c2-yield,10,40,best__pooled,not_yet_hit,0.7865868910486674,3.83758900249984,0.2,0.9917229626664193,0.6268252496132926,0.1597616414353749
0.99,c2-yield,5,20,best__separate,all,0.3673729259598966,0.9357196613765746,0.18,0.6764863885012652,0.2464987339670293,0.12087419199286742
0.99,c2-yield,5,20,best__separate,not_yet_hit,0.39082226165940065,0.9954463844431325,0.1276595744680851,0.6558366473417714,0.27897102030941534,0.11185124134998531
0.99,c2-yield,10,20,best__separate,all,0.2440629232804209,0.6621733571746989,0.18,0.5760856561287284,0.15688384699092525,0.08717907628949562
0.99,c2-yield,10,20,best__separate,not_yet_hit,0.27118102586702325,0.7357480635273876,0.08888888888888889,0.528984173476365,0.19368385951613148,0.07749716635089174
0.99,c2-yield,5,40,best__separate,all,0.7092490370546821,3.5728203582358566,0.28,0.9931147264422809,0.5085326130688491,0.20071642398583303
0.99,c2-yield,5,40,best__separate,not_yet_hit,0.7545202521857682,3.800872657697688,0.23404255319148937,0.9926753047258308,0.5755236517005657,0.1789966004852025
0.99,c2-yield,10,40,best__separate,all,0.7056747538651355,3.324279455099577,0.28,0.9911106157397801,0.5056783078178093,0.1999964460473262
0.99,c2-yield,10,40,best__separate,not_yet_hit,0.7840830598500393,3.6936437278883636,0.2,0.9901230174886447,0.6242943827653611,0.15978867708467837
0.99,c2-yield,5,20,best__separate_matched_penalty,all,0.3682367588450826,0.9377933237135956,0.18,0.6772703309284799,0.2472777820217198,0.12095897682336285
0.99,c2-yield,5,20,best__separate_matched_penalty,not_yet_hit,0.3917412328138538,0.9976524082059207,0.1276595744680851,0.6566706286473188,0.2798526954438241,0.11188853737002964
0.99,c2-yield,10,20,best__separate_matched_penalty,all,0.2442347880575839,0.662522086055226,0.18,0.5762863886288467,0.1570429018124933,0.08719188624509062
0.99,c2-yield,10,20,best__separate_matched_penalty,not_yet_hit,0.27137198673053764,0.7361355400613068,0.08888888888888889,0.5292072095876074,0.19388022354293952,0.07749176318759815
0.99,c2-yield,5,40,best__separate_matched_penalty,all,0.7096723617179355,3.6052009776759677,0.28,0.9933947669351271,0.5089320934904242,0.20074026822751076
0.99,c2-yield,5,40,best__separate_matched_penalty,not_yet_hit,0.7549705975722081,3.8353201251871685,0.23404255319148937,0.9929732201437523,0.5759757572406067,0.17899484033160099
0.99,c2-yield,10,40,best__separate_matched_penalty,all,0.7059042361198533,3.336434908312065,0.28,0.9912576689813517,0.505887471684786,0.200016764435067
0.99,c2-yield,10,40,best__separate_matched_penalty,not_yet_hit,0.7843380401330595,3.7071497870133494,0.2,0.9902864099792796,0.6245526097979381,0.15978543033512077
0.99,c2-yield,5,20,pilot_summary__pooled,all,0.10789109357695599,0.3612964180870532,0.18,0.23483017678767978,0.0030063482865682173,0.10488474529038776
0.99,c2-yield,5,20,pilot_summary__pooled,not_yet_hit,0.11477775912435743,0.3843578277521524,0.1276595744680851,0.18598961360391467,0.0034023934655874077,0.11137536565877003
0.99,c2-yield,5,40,pilot_summary__pooled,all,0.6730761884854581,2.556324606804118,0.28,0.969274051725965,0.47509871838272844,0.19797747010272984
0.99,c2-yield,5,40,pilot_summary__pooled,not_yet_hit,0.7160384983887215,2.7194941987277534,0.23404255319148937,0.9673128848148564,0.5376853792390427,0.1783531191496788
0.99,c2-yield,10,20,pilot_summary__pooled,all,0.0754568332356815,0.2778727422614599,0.18,0.23142298049267832,0.002644322922750379,0.07281251031293114
0.99,c2-yield,10,20,pilot_summary__pooled,not_yet_hit,0.0838409258173128,0.3087473802904555,0.08888888888888889,0.14602564499186485,0.00326460889797096,0.08057631691934183
0.99,c2-yield,10,40,pilot_summary__pooled,all,0.6640596756177787,2.367640193751066,0.28,0.9652232951104142,0.46953096416197354,0.19452871145580503
0.99,c2-yield,10,40,pilot_summary__pooled,not_yet_hit,0.7378440840196429,2.6307112152789065,0.2,0.96135932790046,0.5796680261810401,0.1581760578386026
0.99,c2-yield,5,20,pilot_summary__separate,all,0.10532412793873329,0.35479446100957873,0.18,0.1601713555403091,0.000393175141108832,0.10493095279762446
0.99,c2-yield,5,20,pilot_summary__separate,not_yet_hit,0.11204694461560988,0.37744085213781775,0.1276595744680851,0.10656533568117986,0.0004449669099989779,0.11160197770561091
0.99,c2-yield,10,20,pilot_summary__separate,all,0.07282428430644798,0.2661826461390111,0.18,0.18013765093203205,1.8947779089289794e-08,0.0728242653586689
0.99,c2-yield,10,20,pilot_summary__separate,not_yet_hit,0.08091587145149776,0.2957583845988457,0.08888888888888889,0.0890419454800356,2.3426320093452325e-08,0.08091584802517769
0.99,c2-yield,5,40,pilot_summary__separate,all,0.7199246576381735,7.380691376056097,0.28,0.9999546669938865,0.5183347225262779,0.20158993511189544
0.99,c2-yield,5,40,pilot_summary__separate,not_yet_hit,0.7658772953596951,7.851799272400072,0.23404255319148937,0.9999518372275389,0.586617031372614,0.17926026398708125
0.99,c2-yield,10,40,pilot_summary__separate,all,0.7197639946141908,6.527644385710077,0.28,0.9998585280416399,0.5181963003942764,0.20156769421991452
0.99,c2-yield,10,40,pilot_summary__separate,not_yet_hit,0.799737771793434,7.252938095233362,0.2,0.9998429200462666,0.6397486967481385,0.15998907504529608
0.99,c2-yield,5,20,pilot_summary__separate_matched_penalty,all,0.10537475543001644,0.35517160800587605,0.18,0.15882102976584725,0.00044854878017912866,0.10492620664983733
0.99,c2-yield,5,20,pilot_summary__separate_matched_penalty,not_yet_hit,0.11210080364888984,0.3778420723466447,0.1276595744680851,0.10512881889983748,0.0005076349464761211,0.11159316870241373
0.99,c2-yield,10,20,pilot_summary__separate_matched_penalty,all,0.07282429148814981,0.26622071020928123,0.18,0.17917120793188612,6.86896292168438e-07,0.07282360459185766
0.99,c2-yield,10,20,pilot_summary__separate_matched_penalty,not_yet_hit,0.08091587943116647,0.29580067801025695,0.08888888888888889,0.08796811992431795,8.478154861170592e-07,0.08091503161568034
0.99,c2-yield,5,40,pilot_summary__separate_matched_penalty,all,0.7199679132099785,8.059708211578961,0.28,0.9999807559680943,0.5183722889643884,0.20159562424559005
0.99,c2-yield,5,40,pilot_summary__separate_matched_penalty,not_yet_hit,0.7659233119254455,8.574157608062695,0.23404255319148937,0.9999795914554191,0.5866595465845208,0.1792637653409242
0.99,c2-yield,10,40,pilot_summary__separate_matched_penalty,all,0.7198704159795768,7.033459060142397,0.28,0.9999228967321909,0.5182889772392688,0.2015814387403082
0.99,c2-yield,10,40,pilot_summary__separate_matched_penalty,not_yet_hit,0.7998560177549744,7.814954400158164,0.2,0.9999144408135453,0.639863112622047,0.15999290513292738
0.99,suzuki-miyaura,5,20,no_target__pooled,all,0.37530579877245474,0.9596879702093366,0.72,0.3078184868337281,0.16989359979603766,0.20541219897641713
0.99,suzuki-miyaura,5,20,no_target__pooled,not_yet_hit,0.39094354038793205,0.9996749273013714,0.7083333333333334,0.2789776321184667,0.18434631816570982,0.2065972222222222
0.99,suzuki-miyaura,5,40,no_target__pooled,all,0.06760141037113804,0.2917031544235047,0.98,0.765297016479763,0.046097371132491176,0.021504039238646834
0.99,suzuki-miyaura,5,40,no_target__pooled,not_yet_hit,0.07041813580322713,0.30385741085779655,0.9791666666666666,0.7555177671664196,0.05001883024767156,0.020399305555555556
0.99,suzuki-miyaura,10,20,no_target__pooled,all,0.302213282477705,0.786614466911765,0.72,0.4113217810593677,0.0952822428483609,0.20693103962934414
0.99,suzuki-miyaura,10,20,no_target__pooled,not_yet_hit,0.3976490558914013,1.0350187196205851,0.631578947368421,0.22542371192022076,0.16496207528198295,0.23268698060941825
0.99,suzuki-miyaura,10,40,no_target__pooled,all,0.07673560114335345,0.28881759306802296,0.98,0.7713875435102503,0.043519157002687756,0.03321644414066571
0.99,suzuki-miyaura,10,40,no_target__pooled,not_yet_hit,0.1009678962409388,0.38002283298408274,0.9736842105263158,0.6991944519871713,0.07534462754287781,0.025623268698060947
0.99,suzuki-miyaura,5,20,no_target__separate,all,0.3654629091097139,0.9355340518020084,0.72,0.31944485424638835,0.1604444247896971,0.2050184843200169
0.99,suzuki-miyaura,5,20,no_target__separate,not_yet_hit,0.3806905303225771,0.9745145956270713,0.7083333333333334,0.2910884315066546,0.17409330810035487,0.2065972222222222
0.99,suzuki-miyaura,10,20,no_target__separate,all,0.3114817843944821,0.8138062931631012,0.72,0.4001151618405638,0.10232630968428869,0.20915547471019338
0.99,suzuki-miyaura,10,20,no_target__separate,not_yet_hit,0.4098444531503184,1.0707974383723438,0.631578947368421,0.2106781603165313,0.17715747254090025,0.23268698060941825
0.99,suzuki-miyaura,5,40,no_target__separate,all,0.07301420357532844,0.30611375131213814,0.98,0.7535189775041691,0.05129365355075708,0.02172055002457134
0.99,suzuki-miyaura,5,40,no_target__separate,not_yet_hit,0.0760564620575921,0.3188684492834564,0.9791666666666666,0.7432489765668427,0.055657156502036544,0.020399305555555556
0.99,suzuki-miyaura,10,40,no_target__separate,all,0.07067917063811352,0.2742088933301361,0.98,0.7827279432476218,0.03891626437531351,0.031762906262800004
0.99,suzuki-miyaura,10,40,no_target__separate,not_yet_hit,0.09299890873404408,0.360800859644758,0.9736842105263158,0.714116030588976,0.0673756400359832,0.02562326869806095
0.99,suzuki-miyaura,5,20,no_target__separate_matched_penalty,all,0.3653703052057822,0.9353096990110827,0.72,0.31955584030598755,0.16035552503304376,0.2050147801727385
0.99,suzuki-miyaura,5,20,no_target__separate_matched_penalty,not_yet_hit,0.3805940679226481,0.9742808948031904,0.7083333333333334,0.29120404198540367,0.17399684570042592,0.2065972222222222
0.99,suzuki-miyaura,10,20,no_target__separate_matched_penalty,all,0.3115642045262351,0.8140541649154401,0.72,0.40001726760431233,0.10238894903141028,0.2091752554948249
0.99,suzuki-miyaura,10,20,no_target__separate_matched_penalty,not_yet_hit,0.40995290069209894,1.0711235854148946,0.631578947368421,0.2105493521109373,0.17726592008268047,0.23268698060941825
0.99,suzuki-miyaura,5,40,no_target__separate_matched_penalty,all,0.07299627292987956,0.30606676824751955,0.98,0.7535569826024971,0.05127644012808576,0.021719832801793792
0.99,suzuki-miyaura,5,40,no_target__separate_matched_penalty,not_yet_hit,0.07603778430191621,0.3188195085911454,0.9791666666666666,0.7432885652109346,0.05563847874636063,0.020399305555555556
0.99,suzuki-miyaura,10,40,no_target__separate_matched_penalty,all,0.07069657463098547,0.27425151595839514,0.98,0.7826944211990274,0.03892949142598678,0.031767083204998686
0.99,suzuki-miyaura,10,40,no_target__separate_matched_penalty,not_yet_hit,0.09302180872466509,0.36085694205036206,0.9736842105263158,0.7140719226302994,0.06739854002660411,0.02562326869806095
0.99,suzuki-miyaura,5,20,best__pooled,all,0.40552495166514213,1.0394419289844121,0.72,0.292529184884876,0.1827312977751885,0.22279365388995356
0.99,suzuki-miyaura,5,20,best__pooled,not_yet_hit,0.422421824651148,1.0827519676920747,0.7083333333333334,0.2630512759217458,0.1982761106526963,0.22414571399845173
0.99,suzuki-miyaura,5,40,best__pooled,all,0.07989558308416807,0.3219639691562242,0.98,0.7514304972249833,0.05224401759881837,0.0276515654853497
0.99,suzuki-miyaura,5,40,best__pooled,not_yet_hit,0.08322456571263341,0.33537909287104606,0.9791666666666666,0.7410734762760244,0.056688367310394686,0.026536198402238722
0.99,suzuki-miyaura,10,20,best__pooled,all,0.32656585856346526,0.8585207482712391,0.72,0.4005036963973764,0.1020778880157398,0.22448797054772548
0.99,suzuki-miyaura,10,20,best__pooled,not_yet_hit,0.4296919191621386,1.1296322477251566,0.631578947368421,0.21118938999654793,0.17672737994731935,0.25296453921481915
0.99,suzuki-miyaura,10,40,best__pooled,all,0.09013058290511462,0.31912885251313095,0.98,0.7589501252588267,0.048863047123088456,0.04126753578202615
0.99,suzuki-miyaura,10,40,best__pooled,not_yet_hit,0.11859287224325611,0.419906069096067,0.9736842105263158,0.6828294279721403,0.08459650453463678,0.033996367708619336
0.99,suzuki-miyaura,5,20,best__separate,all,0.3419995130432221,0.8826344015306548,0.72,0.33635466797660774,0.14718374078333887,0.19481577225988328
0.99,suzuki-miyaura,5,20,best__separate,not_yet_hit,0.3562494927533148,0.9194107932610778,0.7083333333333334,0.30870282080896644,0.15970454654048816,0.1965449462128266
0.99,suzuki-miyaura,10,20,best__separate,all,0.29067920008436254,0.7541716120734273,0.72,0.4127465470184714,0.09440468436907232,0.19627451571529023
0.99,suzuki-miyaura,10,20,best__separate,not_yet_hit,0.3824726316896349,0.9923307527280357,0.631578947368421,0.22729840397167303,0.16344275776916986,0.21902987392046513
0.99,suzuki-miyaura,5,40,best__separate,all,0.1377811727061743,0.45647917917732994,0.98,0.7129336434207513,0.07132443881651451,0.0664567338896598
0.99,suzuki-miyaura,5,40,best__separate,not_yet_hit,0.14352205490222322,0.4754991033096978,0.9791666666666666,0.7009725868966158,0.07739194601910544,0.06613010888311778
0.99,suzuki-miyaura,10,40,best__separate,all,0.1406920319867857,0.4446940830125187,0.98,0.7222261081826369,0.06644737930266964,0.07424465268411604
0.99,suzuki-miyaura,10,40,best__separate,not_yet_hit,0.18512109471913907,0.5851234776478931,0.9736842105263158,0.6345083528718906,0.11504026241561495,0.07008083230352413
0.99,suzuki-miyaura,5,20,best__separate_matched_penalty,all,0.3417957561262949,0.8821883152844261,0.72,0.3365819143991902,0.14700942836578987,0.19478632776050506
0.99,suzuki-miyaura,5,20,best__separate_matched_penalty,not_yet_hit,0.3560372459648489,0.9189461200879229,0.7083333333333334,0.30893953583248984,0.15951540548214477,0.19652184048270413
0.99,suzuki-miyaura,10,20,best__separate_matched_penalty,all,0.2907128557155453,0.7542675010586227,0.72,0.4126688035781777,0.09445246429406867,0.1962603914214766
0.99,suzuki-miyaura,10,20,best__separate_matched_penalty,not_yet_hit,0.3825169154148754,0.9924569224453984,0.631578947368421,0.22719610997128648,0.1635254791813574,0.21899143623351802
0.99,suzuki-miyaura,5,40,best__separate_matched_penalty,all,0.13853763417989426,0.4584491645609331,0.98,0.712629227518706,0.07148712997724387,0.06705050420265037
0.99,suzuki-miyaura,5,40,best__separate_matched_penalty,not_yet_hit,0.14431003560401487,0.47755117141761777,0.9791666666666666,0.700655486998652,0.07756847720006914,0.06674155840394574
0.99,suzuki-miyaura,10,40,best__separate_matched_penalty,all,0.14138668813562658,0.446675573299067,0.98,0.7217375596012596,0.06669948812071302,0.07468720001491354
0.99,suzuki-miyaura,10,40,best__separate_matched_penalty,not_yet_hit,0.1860351159676139,0.587730701709141,0.9736842105263158,0.6338655257911309,0.11547673849515103,0.07055837747246291
0.99,suzuki-miyaura,5,20,pilot_summary__pooled,all,0.236496640853323,0.6597415968086701,0.72,0.5703385398470873,0.022398552655101885,0.21409808819822107
0.99,suzuki-miyaura,5,20,pilot_summary__pooled,not_yet_hit,0.24635066755550308,0.6872307883423437,0.7083333333333334,0.5524360206740493,0.02430397209438658,0.22204669546111652
0.99,suzuki-miyaura,5,40,pilot_summary__pooled,all,0.020437555840464174,0.1086340999185145,0.98,0.9673208578467205,0.0001607606457430735,0.020276795194721097
0.99,suzuki-miyaura,5,40,pilot_summary__pooled,not_yet_hit,0.021289120667108512,0.11316047908176512,0.9791666666666666,0.9659592685903338,0.0001744353639467244,0.021114685303161785
0.99,suzuki-miyaura,10,20,pilot_summary__pooled,all,0.2423108851065875,0.6409958667078302,0.72,0.5312383833315368,0.03563094792729182,0.20667993717929561
0.99,suzuki-miyaura,10,20,pilot_summary__pooled,not_yet_hit,0.3188301119820361,0.8434152982996184,0.631578947368421,0.3832087149099169,0.06168777237149139,0.2571423396105447
0.99,suzuki-miyaura,10,40,pilot_summary__pooled,all,0.02270183157284562,0.12431127458325776,0.98,0.9502131259081156,0.0008872578681657843,0.02181457370467983
0.99,suzuki-miyaura,10,40,pilot_summary__pooled,not_yet_hit,0.02987083101658634,0.16356715076728645,0.9736842105263158,0.9344912709317308,0.001536086514064785,0.028334744502521558
0.99,suzuki-miyaura,5,20,pilot_summary__separate,all,0.20761533303577298,0.5975969290670747,0.72,0.5871349393694703,0.017653124336354322,0.18996220869941866
0.99,suzuki-miyaura,5,20,pilot_summary__separate,not_yet_hit,0.21626597191222183,0.6224967594448486,0.7083333333333334,0.5699322701765316,0.019154854282933013,0.1971111176292888
0.99,suzuki-miyaura,10,20,pilot_summary__separate,all,0.1985749858283437,0.5411195585808349,0.72,0.5604924783415188,0.02544264946563083,0.17313233636271289
0.99,suzuki-miyaura,10,20,pilot_summary__separate,not_yet_hit,0.26128287608961004,0.7119991033956776,0.631578947368421,0.421700945186209,0.044048775799996595,0.21723410028961357
0.99,suzuki-miyaura,5,40,pilot_summary__separate,all,0.02078049036366062,0.14168544936033534,0.98,0.9774805514433692,6.347621029509251e-06,0.020774142742631115
0.99,suzuki-miyaura,5,40,pilot_summary__separate,not_yet_hit,0.021646344128771478,0.1475889680836618,0.9791666666666666,0.9765422827535096,6.887390923637927e-06,0.02163945673784784
0.99,suzuki-miyaura,10,40,pilot_summary__separate,all,0.024289313643428304,0.16307781336289348,0.98,0.9531524471617141,0.0007207910934045643,0.02356852255002373
0.99,suzuki-miyaura,10,40,pilot_summary__separate,not_yet_hit,0.031959623214721455,0.21457575442470195,0.9736842105263158,0.9383587988969921,0.0012478847067811658,0.03071173850794029
0.99,suzuki-miyaura,5,20,pilot_summary__separate_matched_penalty,all,0.20741451016081394,0.5971825110051207,0.72,0.5880697917403841,0.01740557985142562,0.19000893030938837
0.99,suzuki-miyaura,5,20,pilot_summary__separate_matched_penalty,not_yet_hit,0.2160567814174729,0.6220650739636465,0.7083333333333334,0.5709060747295668,0.018886251407346514,0.19717053001012638
0.99,suzuki-miyaura,10,20,pilot_summary__separate_matched_penalty,all,0.19839442843987784,0.5407517939081952,0.72,0.5609947128304025,0.025282681347886183,0.17311174709199165
0.99,suzuki-miyaura,10,20,pilot_summary__separate_matched_penalty,not_yet_hit,0.26104530057847086,0.7115152025106253,0.631578947368421,0.4223617800400032,0.04377182310492716,0.21727347747354367
0.99,suzuki-miyaura,5,40,pilot_summary__separate_matched_penalty,all,0.02073197120303301,0.14209090547054257,0.98,0.9781837521958682,3.2987560860138704e-06,0.020728672446946997
0.99,suzuki-miyaura,5,40,pilot_summary__separate_matched_penalty,not_yet_hit,0.021595803336451048,0.14801131819846097,0.9791666666666666,0.9772747835373625,3.5792217749452434e-06,0.021592224114676106
0.99,suzuki-miyaura,10,40,pilot_summary__separate_matched_penalty,all,0.024052712671509616,0.16281235796173463,0.98,0.954483548225416,0.0006510893111646685,0.023401623360344938
0.99,suzuki-miyaura,10,40,pilot_summary__separate_matched_penalty,not_yet_hit,0.03164830614640738,0.2142264710021245,0.9736842105263158,0.9401102476650213,0.0011272109822115927,0.030521095164195777
