quantile,family,table,pilot,budget,predictor,stratum,campaigns,brier,log_loss,hit_rate,mean_prediction,bias_squared,residual_variance
0.9,additives,additive_rxn_screening_plate_1,5,20,no_target__pooled,all,50,0.000887307130917479,0.021936959358255254,1.0,0.9785193033384416,0.0004614203290658848,0.0004258868018515942
0.9,additives,additive_rxn_screening_plate_1,5,20,no_target__pooled,not_yet_hit,26,0.0017063598662259215,0.04218553722695238,1.0,0.9586918910354646,0.0017063598662259212,0.0
0.9,additives,additive_rxn_screening_plate_1,5,40,no_target__pooled,all,50,1.8740586333033189e-06,0.0009885910689134722,1.0,0.9990123471480041,9.754581560556688e-07,8.986004772476495e-07
0.9,additives,additive_rxn_screening_plate_1,5,40,no_target__pooled,not_yet_hit,26,3.603957987121767e-06,0.0019002135936028045,1.0,0.9981015906692388,3.6039579871217664e-06,0.0
0.9,additives,additive_rxn_screening_plate_1,10,20,no_target__pooled,all,50,0.00707347279623299,0.0644869678459847,1.0,0.9393513060626418,0.003678264076307337,0.003395208719925654
0.9,additives,additive_rxn_screening_plate_1,10,20,no_target__pooled,not_yet_hit,26,0.01360283229952498,0.1240124766264321,1.0,0.8833688193512343,0.013602832299524985,1.925929944387236e-34
0.9,additives,additive_rxn_screening_plate_1,10,40,no_target__pooled,all,50,1.7458972934039704e-05,0.0030223257761165323,1.0,0.9969864375789402,9.081558465624948e-06,8.377414468414758e-06
0.9,additives,additive_rxn_screening_plate_1,10,40,no_target__pooled,not_yet_hit,26,3.357494702699943e-05,0.005811241876685612,1.0,0.9942056107287308,3.357494702699943e-05,0.0
0.9,additives,additive_rxn_screening_plate_2,5,20,no_target__pooled,all,50,0.0009555615255265159,0.02362434084731335,1.0,0.9768670189798603,0.0005351348108781472,0.0004204267146483688
0.9,additives,additive_rxn_screening_plate_2,5,20,no_target__pooled,not_yet_hit,28,0.0017063598662259215,0.04218553722695238,1.0,0.9586918910354646,0.0017063598662259212,0.0
0.9,additives,additive_rxn_screening_plate_2,5,40,no_target__pooled,all,50,2.0182169127881895e-06,0.0010645596126375833,1.0,0.9989364507747736,1.1311369544796121e-06,8.87079958308577e-07
0.9,additives,additive_rxn_screening_plate_2,5,40,no_target__pooled,not_yet_hit,28,3.6039579871217672e-06,0.0019002135936028043,1.0,0.9981015906692389,3.6039579871217664e-06,0.0
0.9,additives,additive_rxn_screening_plate_2,10,20,no_target__pooled,all,50,0.007617586088173989,0.06944742691102199,1.0,0.9346860988366913,0.004265905685170461,0.0033516804030035304
0.9,additives,additive_rxn_screening_plate_2,10,20,no_target__pooled,not_yet_hit,28,0.01360283229952498,0.1240124766264321,1.0,0.8833688193512342,0.013602832299524985,1.925929944387236e-34
0.9,additives,additive_rxn_screening_plate_2,10,40,no_target__pooled,all,50,1.8801970775119682e-05,0.003254735451163956,1.0,0.9967547020080895,1.0531959056299986e-05,8.270011718819698e-06
0.9,additives,additive_rxn_screening_plate_2,10,40,no_target__pooled,not_yet_hit,28,3.357494702699943e-05,0.005811241876685612,1.0,0.9942056107287308,3.357494702699943e-05,0.0
0.9,additives,additive_rxn_screening_plate_3,5,20,no_target__pooled,all,50,0.0012285791039626634,0.030373866803545722,1.0,0.9702578815455345,0.0008845936101594526,0.0003439854938032107
0.9,additives,additive_rxn_screening_plate_3,5,20,no_target__pooled,not_yet_hit,36,0.0017063598662259212,0.04218553722695238,1.0,0.9586918910354646,0.0017063598662259212,0.0
0.9,additives,additive_rxn_screening_plate_3,5,40,no_target__pooled,all,50,2.5948500307276713e-06,0.0013684337875340274,1.0,0.9986328652818517,1.8690573375661087e-06,7.25792693161563e-07
0.9,additives,additive_rxn_screening_plate_3,5,40,no_target__pooled,not_yet_hit,36,3.603957987121766e-06,0.0019002135936028045,1.0,0.9981015906692385,3.6039579871217664e-06,0.0
0.9,additives,additive_rxn_screening_plate_3,10,20,no_target__pooled,all,50,1.0000000000575112e-12,1.0000005000290893e-06,1.0,0.9999990000000001,1.0000000000575112e-12,0.0
0.9,additives,additive_rxn_screening_plate_3,10,40,no_target__pooled,all,50,1.0000000000575112e-12,1.0000005000290893e-06,1.0,0.9999990000000001,1.0000000000575112e-12,0.0
0.9,additives,additive_rxn_screening_plate_4,5,20,no_target__pooled,all,50,0.0011944519066581448,0.029530176059016675,1.0,0.9710840237248253,0.000836133683946467,0.0003583182227116778
0.9,additives,additive_rxn_screening_plate_4,5,20,no_target__pooled,not_yet_hit,35,0.0017063598662259212,0.04218553722695238,1.0,0.9586918910354646,0.0017063598662259212,0.0
0.9,additives,additive_rxn_screening_plate_4,5,40,no_target__pooled,all,50,2.522770890985236e-06,0.0013304495156719717,1.0,0.998670813468467,1.7667368356086083e-06,7.560340553766281e-07
0.9,additives,additive_rxn_screening_plate_4,5,40,no_target__pooled,not_yet_hit,35,3.603957987121766e-06,0.0019002135936028045,1.0,0.9981015906692385,3.6039579871217664e-06,0.0
0.9,additives,additive_rxn_screening_plate_4,10,20,no_target__pooled,all,50,1.0000000000575112e-12,1.0000005000290893e-06,1.0,0.9999990000000001,1.0000000000575112e-12,0.0
0.9,additives,additive_rxn_screening_plate_4,10,40,no_target__pooled,all,50,1.0000000000575112e-12,1.0000005000290893e-06,1.0,0.9999990000000001,1.0000000000575112e-12,0.0
0.9,additives,additive_rxn_screening_plate_1,5,20,no_target__separate,all,50,0.0009710585834801296,0.02297156940592664,1.0,0.9775284171530084,0.0005049720356492012,0.0004660865478309285
0.9,additives,additive_rxn_screening_plate_1,5,20,no_target__separate,not_yet_hit,26,0.0018674203519233258,0.04417517193401274,1.0,0.9567863406788627,0.001867420351923326,0.0
0.9,additives,additive_rxn_screening_plate_1,10,20,no_target__separate,all,50,0.007791065790751584,0.0678965152064243,1.0,0.9363492708964717,0.004051415315410764,0.003739650475340819
0.9,additives,additive_rxn_screening_plate_1,10,20,no_target__separate,not_yet_hit,26,0.014982818827445352,0.1305692984734313,1.0,0.8775956748009068,0.01498281882744535,1.925929944387236e-34
0.9,additives,additive_rxn_screening_plate_2,5,20,no_target__separate,all,50,0.0010457553975170627,0.024738536283267144,1.0,0.9757999107801629,0.0005856443182480691,0.00046011107926899347
0.9,additives,additive_rxn_screening_plate_2,5,20,no_target__separate,not_yet_hit,28,0.0018674203519233258,0.044175171934012734,1.0,0.9567863406788628,0.001867420351923326,0.0
0.9,additives,additive_rxn_screening_plate_2,10,20,no_target__separate,all,50,0.008390378543809397,0.07311924714534154,1.0,0.9314531378885078,0.004698672305331921,0.0036917062384774755
0.9,additives,additive_rxn_screening_plate_2,10,20,no_target__separate,not_yet_hit,28,0.014982818827445352,0.1305692984734313,1.0,0.8775956748009069,0.014982818827445347,7.703719777548943e-34
0.9,additives,additive_rxn_screening_plate_3,5,20,no_target__separate,all,50,0.0013445426536647948,0.03180640379262918,1.0,0.9688858852887811,0.000968088134262891,0.0003764545194019039
0.9,additives,additive_rxn_screening_plate_3,5,20,no_target__separate,not_yet_hit,36,0.0018674203519233265,0.04417517193401274,1.0,0.9567863406788626,0.001867420351923326,0.0
0.9,additives,additive_rxn_screening_plate_3,10,20,no_target__separate,all,50,1.0000000000575112e-12,1.0000005000290893e-06,1.0,0.9999990000000001,1.0000000000575112e-12,0.0
0.9,additives,additive_rxn_screening_plate_4,5,20,no_target__separate,all,50,0.0013071942466463286,0.030922920353958928,1.0,0.9697501384752039,0.000915054122269345,0.00039214012437698313
0.9,additives,additive_rxn_screening_plate_4,5,20,no_target__separate,not_yet_hit,35,0.0018674203519233265,0.04417517193401274,1.0,0.9567863406788626,0.001867420351923326,0.0
0.9,additives,additive_rxn_screening_plate_4,10,20,no_target__separate,all,50,1.0000000000575112e-12,1.0000005000290893e-06,1.0,0.9999990000000001,1.0000000000575112e-12,0.0
0.9,additives,additive_rxn_screening_plate_1,5,40,no_target__separate,all,50,1.0000000000575112e-12,1.0000005000290893e-06,1.0,0.9999990000000001,1.0000000000575112e-12,0.0
0.9,additives,additive_rxn_screening_plate_1,5,40,no_target__separate,not_yet_hit,26,1.0000000000575112e-12,1.000000500029089e-06,1.0,0.999999,1.0000000000575112e-12,0.0
0.9,additives,additive_rxn_screening_plate_1,10,40,no_target__separate,all,50,1.0000000000575112e-12,1.0000005000290893e-06,1.0,0.9999990000000001,1.0000000000575112e-12,0.0
0.9,additives,additive_rxn_screening_plate_1,10,40,no_target__separate,not_yet_hit,26,1.0000000000575112e-12,1.000000500029089e-06,1.0,0.999999,1.0000000000575112e-12,0.0
0.9,additives,additive_rxn_screening_plate_2,5,40,no_target__separate,all,50,1.0000000000575112e-12,1.0000005000290893e-06,1.0,0.9999990000000001,1.0000000000575112e-12,0.0
0.9,additives,additive_rxn_screening_plate_2,5,40,no_target__separate,not_yet_hit,28,1.0000000000575112e-12,1.000000500029089e-06,1.0,0.9999989999999999,1.0000000000575112e-12,0.0
0.9,additives,additive_rxn_screening_plate_2,10,40,no_target__separate,all,50,1.0000000000575112e-12,1.0000005000290893e-06,1.0,0.9999990000000001,1.0000000000575112e-12,0.0
0.9,additives,additive_rxn_screening_plate_2,10,40,no_target__separate,not_yet_hit,28,1.0000000000575112e-12,1.000000500029089e-06,1.0,0.9999989999999999,1.0000000000575112e-12,0.0
0.9,additives,additive_rxn_screening_plate_3,5,40,no_target__separate,all,50,1.0000000000575112e-12,1.0000005000290893e-06,1.0,0.9999990000000001,1.0000000000575112e-12,0.0
0.9,additives,additive_rxn_screening_plate_3,5,40,no_target__separate,not_yet_hit,36,1.0000000000575112e-12,1.0000005000290895e-06,1.0,0.9999990000000002,1.0000000000575112e-12,0.0
0.9,additives,additive_rxn_screening_plate_3,10,40,no_target__separate,all,50,1.0000000000575112e-12,1.0000005000290893e-06,1.0,0.9999990000000001,1.0000000000575112e-12,0.0
0.9,additives,additive_rxn_screening_plate_4,5,40,no_target__separate,all,50,1.0000000000575112e-12,1.0000005000290893e-06,1.0,0.9999990000000001,1.0000000000575112e-12,0.0
0.9,additives,additive_rxn_screening_plate_4,5,40,no_target__separate,not_yet_hit,35,1.0000000000575112e-12,1.0000005000290893e-06,1.0,0.9999990000000001,1.0000000000575112e-12,0.0
0.9,additives,additive_rxn_screening_plate_4,10,40,no_target__separate,all,50,1.0000000000575112e-12,1.0000005000290893e-06,1.0,0.9999990000000001,1.0000000000575112e-12,0.0
0.9,additives,additive_rxn_screening_plate_1,5,20,no_target__separate_matched_penalty,all,50,0.0009484822563333909,0.022697020843061598,1.0,0.977791170825787,0.0004932320932893709,0.0004552501630440196
0.9,additives,additive_rxn_screening_plate_1,5,20,no_target__separate_matched_penalty,not_yet_hit,26,0.0018240043381795976,0.04364719392850305,1.0,0.9572916362034367,0.0018240043381795976,0.0
0.9,additives,additive_rxn_screening_plate_1,10,20,no_target__separate_matched_penalty,all,50,0.007983605571435877,0.06878799770623584,1.0,0.9355675799632678,0.004151536751789893,0.003832068819645984
0.9,additives,additive_rxn_screening_plate_1,10,20,no_target__separate_matched_penalty,not_yet_hit,26,0.015353087636453608,0.1322836878961458,1.0,0.8760924230062842,0.015353087636453612,1.925929944387236e-34
0.9,additives,additive_rxn_screening_plate_2,5,20,no_target__separate_matched_penalty,all,50,0.0010214424298205748,0.024442868600181723,1.0,0.9760828762739244,0.0005720288073284013,0.0004494136224921733
0.9,additives,additive_rxn_screening_plate_2,5,20,no_target__separate_matched_penalty,not_yet_hit,28,0.0018240043381795978,0.043647193928503046,1.0,0.9572916362034366,0.0018240043381795976,0.0
0.9,additives,additive_rxn_screening_plate_2,10,20,no_target__separate_matched_penalty,all,50,0.00859772907685402,0.07407930522206167,1.0,0.9306113168835192,0.004814789344639396,0.003782939732214624
0.9,additives,additive_rxn_screening_plate_2,10,20,no_target__separate_matched_penalty,not_yet_hit,28,0.015353087636453608,0.13228368789614584,1.0,0.8760924230062842,0.015353087636453612,1.925929944387236e-34
0.9,additives,additive_rxn_screening_plate_3,5,20,no_target__separate_matched_penalty,all,50,0.00131328312376931,0.03142625962866221,1.0,0.9692496980664744,0.0009455810690029866,0.0003677020547663237
0.9,additives,additive_rxn_screening_plate_3,5,20,no_target__separate_matched_penalty,not_yet_hit,36,0.0018240043381795976,0.04364719392850305,1.0,0.9572916362034367,0.0018240043381795976,0.0
0.9,additives,additive_rxn_screening_plate_3,10,20,no_target__separate_matched_penalty,all,50,1.0000000000575112e-12,1.0000005000290893e-06,1.0,0.9999990000000001,1.0000000000575112e-12,0.0
0.9,additives,additive_rxn_screening_plate_4,5,20,no_target__separate_matched_penalty,all,50,0.0012768030370257184,0.03055333575010214,1.0,0.9701038453424057,0.0008937800633107977,0.00038302297371492044
0.9,additives,additive_rxn_screening_plate_4,5,20,no_target__separate_matched_penalty,not_yet_hit,35,0.0018240043381795976,0.04364719392850305,1.0,0.9572916362034367,0.0018240043381795976,0.0
0.9,additives,additive_rxn_screening_plate_4,10,20,no_target__separate_matched_penalty,all,50,1.0000000000575112e-12,1.0000005000290893e-06,1.0,0.9999990000000001,1.0000000000575112e-12,0.0
0.9,additives,additive_rxn_screening_plate_1,5,40,no_target__separate_matched_penalty,all,50,1.0000000000575112e-12,1.0000005000290893e-06,1.0,0.9999990000000001,1.0000000000575112e-12,0.0
0.9,additives,additive_rxn_screening_plate_1,5,40,no_target__separate_matched_penalty,not_yet_hit,26,1.0000000000575112e-12,1.000000500029089e-06,1.0,0.999999,1.0000000000575112e-12,0.0
0.9,additives,additive_rxn_screening_plate_1,10,40,no_target__separate_matched_penalty,all,50,1.0000000000575112e-12,1.0000005000290893e-06,1.0,0.9999990000000001,1.0000000000575112e-12,0.0
0.9,additives,additive_rxn_screening_plate_1,10,40,no_target__separate_matched_penalty,not_yet_hit,26,1.0000000000575112e-12,1.000000500029089e-06,1.0,0.999999,1.0000000000575112e-12,0.0
0.9,additives,additive_rxn_screening_plate_2,5,40,no_target__separate_matched_penalty,all,50,1.0000000000575112e-12,1.0000005000290893e-06,1.0,0.9999990000000001,1.0000000000575112e-12,0.0
0.9,additives,additive_rxn_screening_plate_2,5,40,no_target__separate_matched_penalty,not_yet_hit,28,1.0000000000575112e-12,1.000000500029089e-06,1.0,0.9999989999999999,1.0000000000575112e-12,0.0
0.9,additives,additive_rxn_screening_plate_2,10,40,no_target__separate_matched_penalty,all,50,1.0000000000575112e-12,1.0000005000290893e-06,1.0,0.9999990000000001,1.0000000000575112e-12,0.0
0.9,additives,additive_rxn_screening_plate_2,10,40,no_target__separate_matched_penalty,not_yet_hit,28,1.0000000000575112e-12,1.000000500029089e-06,1.0,0.9999989999999999,1.0000000000575112e-12,0.0
0.9,additives,additive_rxn_screening_plate_3,5,40,no_target__separate_matched_penalty,all,50,1.0000000000575112e-12,1.0000005000290893e-06,1.0,0.9999990000000001,1.0000000000575112e-12,0.0
0.9,additives,additive_rxn_screening_plate_3,5,40,no_target__separate_matched_penalty,not_yet_hit,36,1.0000000000575112e-12,1.0000005000290895e-06,1.0,0.9999990000000002,1.0000000000575112e-12,0.0
0.9,additives,additive_rxn_screening_plate_3,10,40,no_target__separate_matched_penalty,all,50,1.0000000000575112e-12,1.0000005000290893e-06,1.0,0.9999990000000001,1.0000000000575112e-12,0.0
0.9,additives,additive_rxn_screening_plate_4,5,40,no_target__separate_matched_penalty,all,50,1.0000000000575112e-12,1.0000005000290893e-06,1.0,0.9999990000000001,1.0000000000575112e-12,0.0
0.9,additives,additive_rxn_screening_plate_4,5,40,no_target__separate_matched_penalty,not_yet_hit,35,1.0000000000575112e-12,1.0000005000290893e-06,1.0,0.9999990000000001,1.0000000000575112e-12,0.0
0.9,additives,additive_rxn_screening_plate_4,10,40,no_target__separate_matched_penalty,all,50,1.0000000000575112e-12,1.0000005000290893e-06,1.0,0.9999990000000001,1.0000000000575112e-12,0.0
0.9,additives,additive_rxn_screening_plate_1,5,20,best__pooled,all,50,0.0015429014460252735,0.02197855214919102,1.0,0.9788628819087352,0.0004467777612040749,0.0010961236848211983
0.9,additives,additive_rxn_screening_plate_1,5,20,best__pooled,not_yet_hit,26,0.002967118164510141,0.04226552336336731,1.0,0.9593526190552599,0.0016522095776668152,0.0013149085868433264
0.9,additives,additive_rxn_screening_plate_1,5,40,best__pooled,all,50,3.5996444277454793e-06,0.0009713860371622069,1.0,0.9990304214542357,9.400825564066563e-07,2.6595618713388227e-06
0.9,additives,additive_rxn_screening_plate_1,5,40,best__pooled,not_yet_hit,26,6.922392207202845e-06,0.0018671269940811403,1.0,0.998136348950453,3.4731952344774254e-06,3.4491969727254193e-06
0.9,additives,additive_rxn_screening_plate_1,10,20,best__pooled,all,50,0.00330254390905918,0.04316373004945651,1.0,0.9585810362175973,0.0017155305608079856,0.0015870133482511943
0.9,additives,additive_rxn_screening_plate_1,10,20,best__pooled,not_yet_hit,26,0.006351045978036884,0.08300625009464711,1.0,0.9203490696492256,0.006344270705743913,6.775272292973992e-06
0.9,additives,additive_rxn_screening_plate_1,10,40,best__pooled,all,50,6.986719345535495e-06,0.0019088637756068515,1.0,0.9980946381599383,3.630403741562906e-06,3.3563156039725877e-06
0.9,additives,additive_rxn_screening_plate_1,10,40,best__pooled,not_yet_hit,26,1.3435997818337489e-05,0.00366996879878238,1.0,0.9963367656921894,1.3419285593921574e-05,1.6712224415913555e-08
0.9,additives,additive_rxn_screening_plate_2,5,20,best__pooled,all,50,0.0017057403040306354,0.025679155640021628,1.0,0.9752455242866778,0.0006127840678414557,0.0010929562361891802
0.9,additives,additive_rxn_screening_plate_2,5,20,best__pooled,not_yet_hit,28,0.0030459648278404207,0.04585484935678859,1.0,0.9557963647976392,0.0019539613651034025,0.0010920034627370184
0.9,additives,additive_rxn_screening_plate_2,5,40,best__pooled,all,50,3.9152318326621965e-06,0.0011320143823924209,1.0,0.9988699511254623,1.2770104588436643e-06,2.6382213738185323e-06
0.9,additives,additive_rxn_screening_plate_2,5,40,best__pooled,not_yet_hit,28,6.991484629753924e-06,0.002020668539593586,1.0,0.9979828412954685,4.068929239266717e-06,2.9225553904872057e-06
0.9,additives,additive_rxn_screening_plate_2,10,20,best__pooled,all,50,0.004233846392303976,0.05091134801758228,1.0,0.9513371468223716,0.0023680732793874303,0.0018657731129165466
0.9,additives,additive_rxn_screening_plate_2,10,20,best__pooled,not_yet_hit,28,0.0075604399854713854,0.09091233574528974,1.0,0.9131028336113776,0.007551117526371912,9.322459099473246e-06
0.9,additives,additive_rxn_screening_plate_2,10,40,best__pooled,all,50,9.09383513211741e-06,0.002260034080621488,1.0,0.997744525114524,5.087166959011857e-06,4.006668173105554e-06
0.9,additives,additive_rxn_screening_plate_2,10,40,best__pooled,not_yet_hit,28,1.6238990521638235e-05,0.004034989429288348,1.0,0.9959731519902218,1.6215504893853898e-05,2.3485627784337e-08
0.9,additives,additive_rxn_screening_plate_3,5,20,best__pooled,all,50,0.0025275258996532075,0.035410725765966045,1.0,0.9659788742584999,0.0011574369967189571,0.00137008890293425
0.9,additives,additive_rxn_screening_plate_3,5,20,best__pooled,not_yet_hit,36,0.003510452638018343,0.04918117467475838,1.0,0.9527488253590278,0.002232673504951662,0.0012777791330666815
0.9,additives,additive_rxn_screening_plate_3,5,40,best__pooled,all,50,6.080890681609603e-06,0.0015667169281527726,1.0,0.9984363389065009,2.4450360153230725e-06,3.6358546662865308e-06
0.9,additives,additive_rxn_screening_plate_3,5,40,best__pooled,not_yet_hit,36,8.44568111334667e-06,0.0021756068444621734,1.0,0.99782863737014,4.714815670352408e-06,3.7308654429942637e-06
0.9,additives,additive_rxn_screening_plate_3,10,20,best__pooled,all,50,1.0000000000575112e-12,1.0000005000290893e-06,1.0,0.9999990000000001,1.0000000000575112e-12,0.0
0.9,additives,additive_rxn_screening_plate_3,10,40,best__pooled,all,50,1.0000000000575112e-12,1.0000005000290893e-06,1.0,0.9999990000000001,1.0000000000575112e-12,0.0
0.9,additives,additive_rxn_screening_plate_4,5,20,best__pooled,all,50,0.0012249517280716429,0.027799009796988444,1.0,0.9728361752366087,0.0007378733757762383,0.00048707835229540476
0.9,additives,additive_rxn_screening_plate_4,5,20,best__pooled,not_yet_hit,35,0.0017499310396737755,0.03971244256691205,1.0,0.9611949646237266,0.0015058307705538361,0.0002441002691199394
0.9,additives,additive_rxn_screening_plate_4,5,40,best__pooled,all,50,2.4566707556347072e-06,0.0012079359130487764,1.0,0.998793294424348,1.4561383463095352e-06,1.0005324093251723e-06
0.9,additives,additive_rxn_screening_plate_4,5,40,best__pooled,not_yet_hit,35,3.5095292223352962e-06,0.0017251941612839538,1.0,0.9982765634633541,2.9702334958451496e-06,5.392957264901467e-07
0.9,additives,additive_rxn_screening_plate_4,10,20,best__pooled,all,50,1.0000000000575112e-12,1.0000005000290893e-06,1.0,0.9999990000000001,1.0000000000575112e-12,0.0
0.9,additives,additive_rxn_screening_plate_4,10,40,best__pooled,all,50,1.0000000000575112e-12,1.0000005000290893e-06,1.0,0.9999990000000001,1.0000000000575112e-12,0.0
0.9,additives,additive_rxn_screening_plate_1,5,20,best__separate,all,50,0.0017217161802548704,0.02306307535199478,1.0,0.9778822383703253,0.0004891953795071165,0.0012325208007477537
0.9,additives,additive_rxn_screening_plate_1,5,20,best__separate,not_yet_hit,26,0.0033109926534132116,0.0443511449072207,1.0,0.9574667660967792,0.0018090759862660918,0.0015019166671471189
0.9,additives,additive_rxn_screening_plate_1,10,20,best__separate,all,50,0.003621892303445566,0.045293232899030346,1.0,0.956625424378599,0.0018813538103366345,0.0017405384931089322
0.9,additives,additive_rxn_screening_plate_1,10,20,best__separate,not_yet_hit,26,0.006965177505703011,0.0871014478822891,1.0,0.9165882776511519,0.006957515425201318,7.66208050169425e-06
0.9,additives,additive_rxn_screening_plate_2,5,20,best__separate,all,50,0.0018982257656722202,0.026951728571721324,1.0,0.9740838692932731,0.0006716458308081534,0.0012265799348640664
0.9,additives,additive_rxn_screening_plate_2,5,20,best__separate,not_yet_hit,28,0.0033896888664861073,0.04812730102053806,1.0,0.9537219808808449,0.0021416550535928915,0.0012480338128932152
0.9,additives,additive_rxn_screening_plate_2,10,20,best__separate,all,50,0.004655714265993525,0.05350887261155945,1.0,0.9489712352044424,0.0026039348365603445,0.002051779429433181
0.9,additives,additive_rxn_screening_plate_2,10,20,best__separate,not_yet_hit,28,0.008313775474202723,0.09555077252024902,1.0,0.9088779914365043,0.008303220444645803,1.055502955692433e-05
0.9,additives,additive_rxn_screening_plate_3,5,20,best__separate,all,50,0.0028155537328964936,0.03721197507523026,1.0,0.9643481287265145,0.0012710559253011865,0.0015444978075953063
0.9,additives,additive_rxn_screening_plate_3,5,20,best__separate,not_yet_hit,36,0.003910491295300685,0.051682909826514245,1.0,0.9504839010090479,0.0024518440592817756,0.0014586472360189088
0.9,additives,additive_rxn_screening_plate_3,10,20,best__separate,all,50,1.0000000000575112e-12,1.0000005000290893e-06,1.0,0.9999990000000001,1.0000000000575112e-12,0.0
0.9,additives,additive_rxn_screening_plate_4,5,20,best__separate,all,50,0.0013411838130723195,0.029041315850195884,1.0,0.9716555832860928,0.0008034059588516226,0.000537777854220697
0.9,additives,additive_rxn_screening_plate_4,5,20,best__separate,not_yet_hit,35,0.0019159768753890282,0.041487165500065544,1.0,0.9595084046944184,0.0016395692903910075,0.0002764075849980204
0.9,additives,additive_rxn_screening_plate_4,10,20,best__separate,all,50,1.0000000000575112e-12,1.0000005000290893e-06,1.0,0.9999990000000001,1.0000000000575112e-12,0.0
0.9,additives,additive_rxn_screening_plate_1,5,40,best__separate,all,50,1.0000000000575112e-12,1.0000005000290893e-06,1.0,0.9999990000000001,1.0000000000575112e-12,0.0
0.9,additives,additive_rxn_screening_plate_1,5,40,best__separate,not_yet_hit,26,1.0000000000575112e-12,1.000000500029089e-06,1.0,0.999999,1.0000000000575112e-12,0.0
0.9,additives,additive_rxn_screening_plate_1,10,40,best__separate,all,50,1.0000000000575112e-12,1.0000005000290893e-06,1.0,0.9999990000000001,1.0000000000575112e-12,0.0
0.9,additives,additive_rxn_screening_plate_1,10,40,best__separate,not_yet_hit,26,1.0000000000575112e-12,1.000000500029089e-06,1.0,0.999999,1.0000000000575112e-12,0.0
0.9,additives,additive_rxn_screening_plate_2,5,40,best__separate,all,50,1.0000000000575112e-12,1.0000005000290893e-06,1.0,0.9999990000000001,1.0000000000575112e-12,0.0
0.9,additives,additive_rxn_screening_plate_2,5,40,best__separate,not_yet_hit,28,1.0000000000575112e-12,1.000000500029089e-06,1.0,0.9999989999999999,1.0000000000575112e-12,0.0
0.9,additives,additive_rxn_screening_plate_2,10,40,best__separate,all,50,1.0000000000575112e-12,1.0000005000290893e-06,1.0,0.9999990000000001,1.0000000000575112e-12,0.0
0.9,additives,additive_rxn_screening_plate_2,10,40,best__separate,not_yet_hit,28,1.0000000000575112e-12,1.000000500029089e-06,1.0,0.9999989999999999,1.0000000000575112e-12,0.0
0.9,additives,additive_rxn_screening_plate_3,5,40,best__separate,all,50,1.0000000000575112e-12,1.0000005000290893e-06,1.0,0.9999990000000001,1.0000000000575112e-12,0.0
0.9,additives,additive_rxn_screening_plate_3,5,40,best__separate,not_yet_hit,36,1.0000000000575112e-12,1.0000005000290895e-06,1.0,0.9999990000000002,1.0000000000575112e-12,0.0
0.9,additives,additive_rxn_screening_plate_3,10,40,best__separate,all,50,1.0000000000575112e-12,1.0000005000290893e-06,1.0,0.9999990000000001,1.0000000000575112e-12,0.0
0.9,additives,additive_rxn_screening_plate_4,5,40,best__separate,all,50,1.0000000000575112e-12,1.0000005000290893e-06,1.0,0.9999990000000001,1.0000000000575112e-12,0.0
0.9,additives,additive_rxn_screening_plate_4,5,40,best__separate,not_yet_hit,35,1.0000000000575112e-12,1.0000005000290893e-06,1.0,0.9999990000000001,1.0000000000575112e-12,0.0
0.9,additives,additive_rxn_screening_plate_4,10,40,best__separate,all,50,1.0000000000575112e-12,1.0000005000290893e-06,1.0,0.9999990000000001,1.0000000000575112e-12,0.0
0.9,additives,additive_rxn_screening_plate_1,5,20,best__separate_matched_penalty,all,50,0.001727577688428101,0.02282668049355606,1.0,0.9781238659324761,0.0004785652417402712,0.0012490124466878303
0.9,additives,additive_rxn_screening_plate_1,5,20,best__separate_matched_penalty,not_yet_hit,26,0.0033222647845155785,0.04389653941022317,1.0,0.9579314344855315,0.0017697642044451393,0.00155250058007044
0.9,additives,additive_rxn_screening_plate_1,10,20,best__separate_matched_penalty,all,50,0.003662318744202536,0.04555578573532916,1.0,0.9563849417321628,0.0019022733077068428,0.0017600454364956933
0.9,additives,additive_rxn_screening_plate_1,10,20,best__separate_matched_penalty,not_yet_hit,26,0.007042920661004876,0.08760635718286373,1.0,0.91612581102339,0.007034879576484113,8.04108452076303e-06
0.9,additives,additive_rxn_screening_plate_2,5,20,best__separate_matched_penalty,all,50,0.0018973456483225171,0.026675164340734053,1.0,0.974362186806535,0.0006572974653430138,0.0012400481829795032
0.9,additives,additive_rxn_screening_plate_2,5,20,best__separate_matched_penalty,not_yet_hit,28,0.003388117228361638,0.0476334363223465,1.0,0.9542189764402408,0.0020959021181792196,0.0012922151101824194
0.9,additives,additive_rxn_screening_plate_2,10,20,best__separate_matched_penalty,all,50,0.004723511699482366,0.053915208898101946,1.0,0.9486022305496892,0.0026417307044673075,0.0020817809950150583
0.9,additives,additive_rxn_screening_plate_2,10,20,best__separate_matched_penalty,not_yet_hit,28,0.00843484231971851,0.09627637303193202,1.0,0.9082190545530165,0.008423741947142188,1.1100372576321488e-05
0.9,additives,additive_rxn_screening_plate_3,5,20,best__separate_matched_penalty,all,50,0.0028227676743895038,0.03688384378684105,1.0,0.9646853868771769,0.0012471219000146734,0.00157564577437483
0.9,additives,additive_rxn_screening_plate_3,5,20,best__separate_matched_penalty,not_yet_hit,36,0.003920510658485422,0.051227171925973675,1.0,0.95095231510719,0.0024056753933443748,0.0015148352651410465
0.9,additives,additive_rxn_screening_plate_3,10,20,best__separate_matched_penalty,all,50,1.0000000000575112e-12,1.0000005000290893e-06,1.0,0.9999990000000001,1.0000000000575112e-12,0.0
0.9,additives,additive_rxn_screening_plate_4,5,20,best__separate_matched_penalty,all,50,0.0013084153145827252,0.028581439701465264,1.0,0.9720983754151138,0.000778500654475929,0.0005299146601067962
0.9,additives,additive_rxn_screening_plate_4,5,20,best__separate_matched_penalty,not_yet_hit,35,0.0018691647346896069,0.04083019957330752,1.0,0.9601409648787339,0.0015887426807983207,0.00028042205389128586
0.9,additives,additive_rxn_screening_plate_4,10,20,best__separate_matched_penalty,all,50,1.0000000000575112e-12,1.0000005000290893e-06,1.0,0.9999990000000001,1.0000000000575112e-12,0.0
0.9,additives,additive_rxn_screening_plate_1,5,40,best__separate_matched_penalty,all,50,1.0000000000575112e-12,1.0000005000290893e-06,1.0,0.9999990000000001,1.0000000000575112e-12,0.0
0.9,additives,additive_rxn_screening_plate_1,5,40,best__separate_matched_penalty,not_yet_hit,26,1.0000000000575112e-12,1.000000500029089e-06,1.0,0.999999,1.0000000000575112e-12,0.0
0.9,additives,additive_rxn_screening_plate_1,10,40,best__separate_matched_penalty,all,50,1.0000000000575112e-12,1.0000005000290893e-06,1.0,0.9999990000000001,1.0000000000575112e-12,0.0
0.9,additives,additive_rxn_screening_plate_1,10,40,best__separate_matched_penalty,not_yet_hit,26,1.0000000000575112e-12,1.000000500029089e-06,1.0,0.999999,1.0000000000575112e-12,0.0
0.9,additives,additive_rxn_screening_plate_2,5,40,best__separate_matched_penalty,all,50,1.0000000000575112e-12,1.0000005000290893e-06,1.0,0.9999990000000001,1.0000000000575112e-12,0.0
0.9,additives,additive_rxn_screening_plate_2,5,40,best__separate_matched_penalty,not_yet_hit,28,1.0000000000575112e-12,1.000000500029089e-06,1.0,0.9999989999999999,1.0000000000575112e-12,0.0
0.9,additives,additive_rxn_screening_plate_2,10,40,best__separate_matched_penalty,all,50,1.0000000000575112e-12,1.0000005000290893e-06,1.0,0.9999990000000001,1.0000000000575112e-12,0.0
0.9,additives,additive_rxn_screening_plate_2,10,40,best__separate_matched_penalty,not_yet_hit,28,1.0000000000575112e-12,1.000000500029089e-06,1.0,0.9999989999999999,1.0000000000575112e-12,0.0
0.9,additives,additive_rxn_screening_plate_3,5,40,best__separate_matched_penalty,all,50,1.0000000000575112e-12,1.0000005000290893e-06,1.0,0.9999990000000001,1.0000000000575112e-12,0.0
0.9,additives,additive_rxn_screening_plate_3,5,40,best__separate_matched_penalty,not_yet_hit,36,1.0000000000575112e-12,1.0000005000290895e-06,1.0,0.9999990000000002,1.0000000000575112e-12,0.0
0.9,additives,additive_rxn_screening_plate_3,10,40,best__separate_matched_penalty,all,50,1.0000000000575112e-12,1.0000005000290893e-06,1.0,0.9999990000000001,1.0000000000575112e-12,0.0
0.9,additives,additive_rxn_screening_plate_4,5,40,best__separate_matched_penalty,all,50,1.0000000000575112e-12,1.0000005000290893e-06,1.0,0.9999990000000001,1.0000000000575112e-12,0.0
0.9,additives,additive_rxn_screening_plate_4,5,40,best__separate_matched_penalty,not_yet_hit,35,1.0000000000575112e-12,1.0000005000290893e-06,1.0,0.9999990000000001,1.0000000000575112e-12,0.0
0.9,additives,additive_rxn_screening_plate_4,10,40,best__separate_matched_penalty,all,50,1.0000000000575112e-12,1.0000005000290893e-06,1.0,0.9999990000000001,1.0000000000575112e-12,0.0
0.9,additives,additive_rxn_screening_plate_1,5,20,pilot_summary__pooled,all,50,0.002835886854884001,0.028940342332447907,1.0,0.972666180309471,0.0007471376988743439,0.002088749156009657
0.9,additives,additive_rxn_screening_plate_1,5,20,pilot_summary__pooled,not_yet_hit,26,0.00545362856616154,0.0556535814080921,1.0,0.9474358852105215,0.0027629861636014803,0.0026906424025600587
0.9,additives,additive_rxn_screening_plate_1,5,40,pilot_summary__pooled,all,50,7.3147294832585855e-06,0.0012927499415445031,1.0,0.9987109311738621,1.6616984385206643e-06,5.653031044737921e-06
0.9,additives,additive_rxn_screening_plate_1,5,40,pilot_summary__pooled,not_yet_hit,26,1.4066786544728048e-05,0.0024851345025086327,1.0,0.9975219445651194,6.14075873834148e-06,7.92602780638657e-06
0.9,additives,additive_rxn_screening_plate_1,10,20,pilot_summary__pooled,all,50,0.0064313927621136935,0.060138035581553353,1.0,0.9433560328704127,0.0032085390121777708,0.0032228537499359227
0.9,additives,additive_rxn_screening_plate_1,10,20,pilot_summary__pooled,not_yet_hit,26,0.012368063003141718,0.11564914534867951,1.0,0.8910702170584859,0.011865697611685374,0.0005023653914563434
0.9,additives,additive_rxn_screening_plate_1,10,40,pilot_summary__pooled,all,50,1.4519505456475108e-05,0.002685986399237355,1.0,0.9973213009407457,7.175428650049904e-06,7.344076806425201e-06
0.9,additives,additive_rxn_screening_plate_1,10,40,pilot_summary__pooled,not_yet_hit,26,2.7922124954759818e-05,0.005164435382687195,1.0,0.9948495787322033,2.652683923577273e-05,1.3952857189870903e-06
0.9,additives,additive_rxn_screening_plate_2,5,20,pilot_summary__pooled,all,50,0.002706573028763794,0.031022799648546998,1.0,0.9704909725437919,0.0008707827014112428,0.001835790327352551
0.9,additives,additive_rxn_screening_plate_2,5,20,pilot_summary__pooled,not_yet_hit,28,0.004833166122006777,0.05539707080058391,1.0,0.9473060938281999,0.002776647747642476,0.0020565183743642993
0.9,additives,additive_rxn_screening_plate_2,5,40,pilot_summary__pooled,all,50,6.72968398833151e-06,0.0013753322553868,1.0,0.9986280523637828,1.8822403165222092e-06,4.847443671809299e-06
0.9,additives,additive_rxn_screening_plate_2,5,40,pilot_summary__pooled,not_yet_hit,28,1.2017292050591981e-05,0.002455164741369263,1.0,0.9975508792210406,5.998192589930815e-06,6.019099460661167e-06
0.9,additives,additive_rxn_screening_plate_2,10,20,pilot_summary__pooled,all,50,0.0050055982703964465,0.05492168723409603,1.0,0.9477586404585874,0.0027291596467351395,0.002276438623661308
0.9,additives,additive_rxn_screening_plate_2,10,20,pilot_summary__pooled,not_yet_hit,28,0.008938568339207942,0.0980736557747786,1.0,0.9067126436760489,0.008702530849911804,0.00023603748929613765
0.9,additives,additive_rxn_screening_plate_2,10,40,pilot_summary__pooled,all,50,1.0829067074398227e-05,0.002429023766568142,1.0,0.9975764074647182,5.873800777073845e-06,4.95526629732438e-06
0.9,additives,additive_rxn_screening_plate_2,10,40,pilot_summary__pooled,not_yet_hit,28,1.9337618989996834e-05,0.00433675672562166,1.0,0.9956729419012824,1.872343178967709e-05,6.141872003197378e-07
0.9,additives,additive_rxn_screening_plate_3,5,20,pilot_summary__pooled,all,50,0.004658342629821066,0.04863306851575849,1.0,0.9539774082945182,0.0021180789472894854,0.0025402636825315795
0.9,additives,additive_rxn_screening_plate_3,5,20,pilot_summary__pooled,not_yet_hit,36,0.006469920318807036,0.06754553960502567,1.0,0.9360801226312753,0.004085750722832815,0.0023841695959742233
0.9,additives,additive_rxn_screening_plate_3,5,40,pilot_summary__pooled,all,50,1.1662673971181779e-05,0.0021666439870804436,1.0,0.9978392226859265,4.66895860101547e-06,6.993715370166307e-06
0.9,additives,additive_rxn_screening_plate_3,5,40,pilot_summary__pooled,not_yet_hit,36,1.6198157904419137e-05,0.003008838870750605,1.0,0.996999309286009,9.00414476103309e-06,7.194013143386049e-06
0.9,additives,additive_rxn_screening_plate_3,10,20,pilot_summary__pooled,all,50,1.0000000000575112e-12,1.0000005000290893e-06,1.0,0.9999990000000001,1.0000000000575112e-12,0.0
0.9,additives,additive_rxn_screening_plate_3,10,40,pilot_summary__pooled,all,50,1.0000000000575112e-12,1.0000005000290893e-06,1.0,0.9999990000000001,1.0000000000575112e-12,0.0
0.9,additives,additive_rxn_screening_plate_4,5,20,pilot_summary__pooled,all,50,0.0020936858310368817,0.03642486039577906,1.0,0.9646709777768365,0.0012481398112447924,0.0008455460197920888
0.9,additives,additive_rxn_screening_plate_4,5,20,pilot_summary__pooled,not_yet_hit,35,0.002990979758195545,0.05203508627947008,1.0,0.9495303968240518,0.0025471808447376696,0.00044379891345787544
0.9,additives,additive_rxn_screening_plate_4,5,40,pilot_summary__pooled,all,50,4.240002932881221e-06,0.00158055437515703,1.0,0.998421569932152,2.4914414790868664e-06,1.7485614537943546e-06
0.9,additives,additive_rxn_screening_plate_4,5,40,pilot_summary__pooled,not_yet_hit,35,6.057146618401745e-06,0.0022575062500100303,1.0,0.9977455284745028,5.082641859277817e-06,9.745047591239272e-07
0.9,additives,additive_rxn_screening_plate_4,10,20,pilot_summary__pooled,all,50,1.0000000000575112e-12,1.0000005000290893e-06,1.0,0.9999990000000001,1.0000000000575112e-12,0.0
0.9,additives,additive_rxn_screening_plate_4,10,40,pilot_summary__pooled,all,50,1.0000000000575112e-12,1.0000005000290893e-06,1.0,0.9999990000000001,1.0000000000575112e-12,0.0
0.9,additives,additive_rxn_screening_plate_1,5,20,pilot_summary__separate,all,50,0.003175673131495435,0.030480447523979638,1.0,0.971337061359198,0.0008215640515263741,0.0023541090799690614
0.9,additives,additive_rxn_screening_plate_1,5,20,pilot_summary__separate,not_yet_hit,26,0.006107063713491221,0.05861532216103774,1.0,0.9448798872292271,0.003038226831862715,0.0030688368816285064
0.9,additives,additive_rxn_screening_plate_1,10,20,pilot_summary__separate,all,50,0.007055259960317953,0.06318633434178193,1.0,0.9406625430697185,0.0035209337949529966,0.003534326165364956
0.9,additives,additive_rxn_screening_plate_1,10,20,pilot_summary__separate,not_yet_hit,26,0.013567807615072987,0.12151125834911906,1.0,0.8858904289802282,0.013020994198316354,0.0005468134167566312
0.9,additives,additive_rxn_screening_plate_2,5,20,pilot_summary__separate,all,50,0.0030304820551208893,0.03269288852131209,1.0,0.9690180500482423,0.0009598812228132317,0.0020706008323076587
0.9,additives,additive_rxn_screening_plate_2,5,20,pilot_summary__separate,not_yet_hit,28,0.005411575097644445,0.05837937235909298,1.0,0.9446758750861466,0.003060758797483652,0.0023508163001607937
0.9,additives,additive_rxn_screening_plate_2,10,20,pilot_summary__separate,all,50,0.00552121037076354,0.05783971356589929,1.0,0.9451273218411343,0.0030110108083264467,0.0025101995624370915
0.9,additives,additive_rxn_screening_plate_2,10,20,pilot_summary__separate,not_yet_hit,28,0.009859304232720604,0.10328441708157013,1.0,0.9020138604305971,0.009601283547714496,0.0002580206850061079
0.9,additives,additive_rxn_screening_plate_3,5,20,pilot_summary__separate,all,50,0.0052026867458570755,0.051279139358403204,1.0,0.9516639912619711,0.0023363697407228217,0.0028663170051342547
0.9,additives,additive_rxn_screening_plate_3,5,20,pilot_summary__separate,not_yet_hit,36,0.007225953813301495,0.07122063799758777,1.0,0.9328670434194041,0.004506833859252176,0.00271911995404932
0.9,additives,additive_rxn_screening_plate_3,10,20,pilot_summary__separate,all,50,1.0000000000575112e-12,1.0000005000290893e-06,1.0,0.9999990000000001,1.0000000000575112e-12,0.0
0.9,additives,additive_rxn_screening_plate_4,5,20,pilot_summary__separate,all,50,0.0022969464654424166,0.03813968295246113,1.0,0.963065522727646,0.0013641556113820326,0.0009327908540603836
0.9,additives,additive_rxn_screening_plate_4,5,20,pilot_summary__separate,not_yet_hit,35,0.003281352093060595,0.0544848327890159,1.0,0.9472368896109229,0.002783945817929935,0.000497406275130659
0.9,additives,additive_rxn_screening_plate_4,10,20,pilot_summary__separate,all,50,1.0000000000575112e-12,1.0000005000290893e-06,1.0,0.9999990000000001,1.0000000000575112e-12,0.0
0.9,additives,additive_rxn_screening_plate_1,5,40,pilot_summary__separate,all,50,1.0000000000575112e-12,1.0000005000290893e-06,1.0,0.9999990000000001,1.0000000000575112e-12,0.0
0.9,additives,additive_rxn_screening_plate_1,5,40,pilot_summary__separate,not_yet_hit,26,1.0000000000575112e-12,1.000000500029089e-06,1.0,0.999999,1.0000000000575112e-12,0.0
0.9,additives,additive_rxn_screening_plate_1,10,40,pilot_summary__separate,all,50,1.0000000000575112e-12,1.0000005000290893e-06,1.0,0.9999990000000001,1.0000000000575112e-12,0.0
0.9,additives,additive_rxn_screening_plate_1,10,40,pilot_summary__separate,not_yet_hit,26,1.0000000000575112e-12,1.000000500029089e-06,1.0,0.999999,1.0000000000575112e-12,0.0
0.9,additives,additive_rxn_screening_plate_2,5,40,pilot_summary__separate,all,50,1.0000000000575112e-12,1.0000005000290893e-06,1.0,0.9999990000000001,1.0000000000575112e-12,0.0
0.9,additives,additive_rxn_screening_plate_2,5,40,pilot_summary__separate,not_yet_hit,28,1.0000000000575112e-12,1.000000500029089e-06,1.0,0.9999989999999999,1.0000000000575112e-12,0.0
0.9,additives,additive_rxn_screening_plate_2,10,40,pilot_summary__separate,all,50,1.0000000000575112e-12,1.0000005000290893e-06,1.0,0.9999990000000001,1.0000000000575112e-12,0.0
0.9,additives,additive_rxn_screening_plate_2,10,40,pilot_summary__separate,not_yet_hit,28,1.0000000000575112e-12,1.000000500029089e-06,1.0,0.9999989999999999,1.0000000000575112e-12,0.0
0.9,additives,additive_rxn_screening_plate_3,5,40,pilot_summary__separate,all,50,1.0000000000575112e-12,1.0000005000290893e-06,1.0,0.9999990000000001,1.0000000000575112e-12,0.0
0.9,additives,additive_rxn_screening_plate_3,5,40,pilot_summary__separate,not_yet_hit,36,1.0000000000575112e-12,1.0000005000290895e-06,1.0,0.9999990000000002,1.0000000000575112e-12,0.0
0.9,additives,additive_rxn_screening_plate_3,10,40,pilot_summary__separate,all,50,1.0000000000575112e-12,1.0000005000290893e-06,1.0,0.9999990000000001,1.0000000000575112e-12,0.0
0.9,additives,additive_rxn_screening_plate_4,5,40,pilot_summary__separate,all,50,1.0000000000575112e-12,1.0000005000290893e-06,1.0,0.9999990000000001,1.0000000000575112e-12,0.0
0.9,additives,additive_rxn_screening_plate_4,5,40,pilot_summary__separate,not_yet_hit,35,1.0000000000575112e-12,1.0000005000290893e-06,1.0,0.9999990000000001,1.0000000000575112e-12,0.0
0.9,additives,additive_rxn_screening_plate_4,10,40,pilot_summary__separate,all,50,1.0000000000575112e-12,1.0000005000290893e-06,1.0,0.9999990000000001,1.0000000000575112e-12,0.0
0.9,additives,additive_rxn_screening_plate_1,5,20,pilot_summary__separate_matched_penalty,all,50,0.0033437839162603965,0.0303801924206339,1.0,0.9715438446403196,0.0008097527778542674,0.00253403113840613
0.9,additives,additive_rxn_screening_plate_1,5,20,pilot_summary__separate_matched_penalty,not_yet_hit,26,0.006430353684193072,0.05842252388537286,1.0,0.9452775473852301,0.0029945468201757444,0.0034358068640173265
0.9,additives,additive_rxn_screening_plate_1,10,20,pilot_summary__separate_matched_penalty,all,50,0.008003567812350294,0.06633012110218332,1.0,0.9380872457884066,0.003833189134065176,0.0041703786782851205
0.9,additives,additive_rxn_screening_plate_1,10,20,pilot_summary__separate_matched_penalty,not_yet_hit,26,0.01539147656128903,0.12755700211912174,1.0,0.8809379342084743,0.014175775510545597,0.0012157010507434312
0.9,additives,additive_rxn_screening_plate_2,5,20,pilot_summary__separate_matched_penalty,all,50,0.0029916725565216156,0.031314413645555,1.0,0.9703799750974369,0.0008773458752284526,0.002114326681293163
0.9,additives,additive_rxn_screening_plate_2,5,20,pilot_summary__separate_matched_penalty,not_yet_hit,28,0.005342272421574313,0.05591781008095532,1.0,0.9471078841025661,0.002797575924107582,0.0025446964974667322
0.9,additives,additive_rxn_screening_plate_2,10,20,pilot_summary__separate_matched_penalty,all,50,0.005092294953852987,0.05462549597620881,1.0,0.9481121065370003,0.0026923534880275847,0.002399941465825402
0.9,additives,additive_rxn_screening_plate_2,10,20,pilot_summary__separate_matched_penalty,not_yet_hit,28,0.009093383845380333,0.09754474281426571,1.0,0.9073438331017867,0.008585165264269567,0.0005082185811107667
0.9,additives,additive_rxn_screening_plate_3,5,20,pilot_summary__separate_matched_penalty,all,50,0.005545048161594749,0.05159818860883418,1.0,0.9515476402547963,0.0023476311648786222,0.0031974169967161252
0.9,additives,additive_rxn_screening_plate_3,5,20,pilot_summary__separate_matched_penalty,not_yet_hit,36,0.0077014557796038175,0.0716637619565197,1.0,0.9327054447983283,0.004528557159790826,0.0031728986198129912
0.9,additives,additive_rxn_screening_plate_3,10,20,pilot_summary__separate_matched_penalty,all,50,1.0000000000575112e-12,1.0000005000290893e-06,1.0,0.9999990000000001,1.0000000000575112e-12,0.0
0.9,additives,additive_rxn_screening_plate_4,5,20,pilot_summary__separate_matched_penalty,all,50,0.0022989785269727342,0.03732340372039329,1.0,0.9638856234213362,0.0013042481956655426,0.000994730331307191
0.9,additives,additive_rxn_screening_plate_4,5,20,pilot_summary__separate_matched_penalty,not_yet_hit,35,0.0032842550381039053,0.05331871960034755,1.0,0.9484084620304801,0.0026616867900603964,0.0006225682480435076
0.9,additives,additive_rxn_screening_plate_4,10,20,pilot_summary__separate_matched_penalty,all,50,1.0000000000575112e-12,1.0000005000290893e-06,1.0,0.9999990000000001,1.0000000000575112e-12,0.0
0.9,additives,additive_rxn_screening_plate_1,5,40,pilot_summary__separate_matched_penalty,all,50,1.0000000000575112e-12,1.0000005000290893e-06,1.0,0.9999990000000001,1.0000000000575112e-12,0.0
0.9,additives,additive_rxn_screening_plate_1,5,40,pilot_summary__separate_matched_penalty,not_yet_hit,26,1.0000000000575112e-12,1.000000500029089e-06,1.0,0.999999,1.0000000000575112e-12,0.0
0.9,additives,additive_rxn_screening_plate_1,10,40,pilot_summary__separate_matched_penalty,all,50,1.0000000000575112e-12,1.0000005000290893e-06,1.0,0.9999990000000001,1.0000000000575112e-12,0.0
0.9,additives,additive_rxn_screening_plate_1,10,40,pilot_summary__separate_matched_penalty,not_yet_hit,26,1.0000000000575112e-12,1.000000500029089e-06,1.0,0.999999,1.0000000000575112e-12,0.0
0.9,additives,additive_rxn_screening_plate_2,5,40,pilot_summary__separate_matched_penalty,all,50,1.0000000000575112e-12,1.0000005000290893e-06,1.0,0.9999990000000001,1.0000000000575112e-12,0.0
0.9,additives,additive_rxn_screening_plate_2,5,40,pilot_summary__separate_matched_penalty,not_yet_hit,28,1.0000000000575112e-12,1.000000500029089e-06,1.0,0.9999989999999999,1.0000000000575112e-12,0.0
0.9,additives,additive_rxn_screening_plate_2,10,40,pilot_summary__separate_matched_penalty,all,50,1.0000000000575112e-12,1.0000005000290893e-06,1.0,0.9999990000000001,1.0000000000575112e-12,0.0
0.9,additives,additive_rxn_screening_plate_2,10,40,pilot_summary__separate_matched_penalty,not_yet_hit,28,1.0000000000575112e-12,1.000000500029089e-06,1.0,0.9999989999999999,1.0000000000575112e-12,0.0
0.9,additives,additive_rxn_screening_plate_3,5,40,pilot_summary__separate_matched_penalty,all,50,1.0000000000575112e-12,1.0000005000290893e-06,1.0,0.9999990000000001,1.0000000000575112e-12,0.0
0.9,additives,additive_rxn_screening_plate_3,5,40,pilot_summary__separate_matched_penalty,not_yet_hit,36,1.0000000000575112e-12,1.0000005000290895e-06,1.0,0.9999990000000002,1.0000000000575112e-12,0.0
0.9,additives,additive_rxn_screening_plate_3,10,40,pilot_summary__separate_matched_penalty,all,50,1.0000000000575112e-12,1.0000005000290893e-06,1.0,0.9999990000000001,1.0000000000575112e-12,0.0
0.9,additives,additive_rxn_screening_plate_4,5,40,pilot_summary__separate_matched_penalty,all,50,1.0000000000575112e-12,1.0000005000290893e-06,1.0,0.9999990000000001,1.0000000000575112e-12,0.0
0.9,additives,additive_rxn_screening_plate_4,5,40,pilot_summary__separate_matched_penalty,not_yet_hit,35,1.0000000000575112e-12,1.0000005000290893e-06,1.0,0.9999990000000001,1.0000000000575112e-12,0.0
0.9,additives,additive_rxn_screening_plate_4,10,40,pilot_summary__separate_matched_penalty,all,50,1.0000000000575112e-12,1.0000005000290893e-06,1.0,0.9999990000000001,1.0000000000575112e-12,0.0
0.9,buchwald-hartwig,bh_reaction_1,5,20,no_target__pooled,all,50,0.0379154773127873,0.1527236756323452,0.96,0.9817792954774324,0.00047433771149330196,0.037441139601294
0.9,buchwald-hartwig,bh_reaction_1,5,40,no_target__pooled,all,50,1.980722423929956e-06,0.00103566140340443,1.0,0.9989653302241218,1.070541545116012e-06,9.101808788139445e-07
0.9,buchwald-hartwig,bh_reaction_1,10,20,no_target__pooled,all,50,0.0336878621735128,0.10335356915441961,0.96,0.989025719193084,0.0008424923746757545,0.03284536979883705
0.9,buchwald-hartwig,bh_reaction_1,10,40,no_target__pooled,all,50,3.630521889227865e-06,0.0006627493077344521,1.0,0.9993390726372243,4.3682497886586267e-07,3.1936969103620016e-06
0.9,buchwald-hartwig,bh_reaction_1,5,20,no_target__pooled,not_yet_hit,27,0.07021384687468017,0.2828207696891022,0.9259259259259259,0.9662588064396894,0.0016267412505375238,0.06858710562414268
0.9,buchwald-hartwig,bh_reaction_1,5,40,no_target__pooled,not_yet_hit,27,3.6680036369073264e-06,0.0019170396355081788,1.0,0.9980847967113364,3.668003636907327e-06,0.0
0.9,buchwald-hartwig,bh_reaction_1,10,20,no_target__pooled,not_yet_hit,6,0.28073218477194,0.8612724096164963,0.6666666666666666,0.9085549932756988,0.05850996254971777,0.22222222222222224
0.9,buchwald-hartwig,bh_reaction_1,10,40,no_target__pooled,not_yet_hit,6,3.0254341743565536e-05,0.005515577560786887,1.0,0.9944996053102013,3.025434174356554e-05,0.0
0.9,buchwald-hartwig,bh_reaction_2,5,20,no_target__pooled,all,50,0.0006830808861246063,0.020594539050329725,1.0,0.9797548838638136,0.0004098647273676732,0.00027321615875693317
0.9,buchwald-hartwig,bh_reaction_2,5,40,no_target__pooled,all,50,2.200802582144396e-06,0.001150623781504919,1.0,0.998850478026802,1.3214007668652223e-06,8.794018152791735e-07
0.9,buchwald-hartwig,bh_reaction_2,10,20,no_target__pooled,all,50,0.0020069254219137996,0.023016726647306456,1.0,0.9780524383861677,0.00048169546079296593,0.001525229961120833
0.9,buchwald-hartwig,bh_reaction_2,10,40,no_target__pooled,all,50,7.2610427784557295e-06,0.0013244986149688754,1.0,0.9986791452744483,1.7446572060122714e-06,5.516385572443461e-06
0.9,buchwald-hartwig,bh_reaction_2,5,20,no_target__pooled,not_yet_hit,30,0.0011384681428743438,0.03432356508354952,1.0,0.9662588064396895,0.001138468142874344,0.0
0.9,buchwald-hartwig,bh_reaction_2,5,40,no_target__pooled,not_yet_hit,30,3.668003636907326e-06,0.0019170396355081786,1.0,0.9980847967113363,3.668003636907327e-06,0.0
0.9,buchwald-hartwig,bh_reaction_2,10,20,no_target__pooled,not_yet_hit,12,0.008362189254807499,0.09589986102886015,1.0,0.9085549932756988,0.008362189254807497,0.0
0.9,buchwald-hartwig,bh_reaction_2,10,40,no_target__pooled,not_yet_hit,12,3.0254341743565536e-05,0.005515577560786887,1.0,0.9944996053102013,3.025434174356554e-05,0.0
0.9,buchwald-hartwig,bh_reaction_3,5,20,no_target__pooled,all,50,0.0006603115232871196,0.019908087748668743,1.0,0.9804296877350199,0.00038299712214883244,0.00027731440113828716
0.9,buchwald-hartwig,bh_reaction_3,5,20,no_target__pooled,not_yet_hit,29,0.0011384681428743438,0.03432356508354952,1.0,0.9662588064396895,0.001138468142874344,0.0
0.9,buchwald-hartwig,bh_reaction_3,5,40,no_target__pooled,all,50,2.1274425294062495e-06,0.0011123029888047563,1.0,0.9988887620925753,1.2348496868978882e-06,8.925928425083613e-07
0.9,buchwald-hartwig,bh_reaction_3,5,40,no_target__pooled,not_yet_hit,29,3.6680036369073264e-06,0.0019170396355081786,1.0,0.9980847967113364,3.668003636907327e-06,0.0
0.9,buchwald-hartwig,bh_reaction_3,10,20,no_target__pooled,all,50,0.002508656777142249,0.02877065830900806,1.0,0.9725657979827096,0.0007526354403255002,0.0017560213368167487
0.9,buchwald-hartwig,bh_reaction_3,10,40,no_target__pooled,all,50,9.076303223069662e-06,0.0016553732685860867,1.0,0.9983491815930604,2.725201412690681e-06,6.351101810378982e-06
0.9,buchwald-hartwig,bh_reaction_3,10,20,no_target__pooled,not_yet_hit,15,0.008362189254807499,0.09589986102886015,1.0,0.9085549932756988,0.008362189254807502,7.703719777548943e-34
0.9,buchwald-hartwig,bh_reaction_3,10,40,no_target__pooled,not_yet_hit,15,3.0254341743565536e-05,0.005515577560786886,1.0,0.9944996053102013,3.025434174356554e-05,0.0
0.9,buchwald-hartwig,bh_reaction_4,5,20,no_target__pooled,all,50,0.019310663780874694,0.08700233299216796,0.98,0.9804296877350198,1.8463154962649097e-07,0.019310479149325065
0.9,buchwald-hartwig,bh_reaction_4,5,20,no_target__pooled,not_yet_hit,29,0.03329424789733568,0.1500032982619964,0.9655172413793104,0.9662588064396895,5.499187387750237e-07,0.03329369797859692
0.9,buchwald-hartwig,bh_reaction_4,5,40,no_target__pooled,all,50,2.127442529406249e-06,0.0011123029888047563,1.0,0.9988887620925753,1.2348496868978882e-06,8.925928425083612e-07
0.9,buchwald-hartwig,bh_reaction_4,5,40,no_target__pooled,not_yet_hit,29,3.6680036369073264e-06,0.0019170396355081786,1.0,0.9980847967113364,3.668003636907327e-06,0.0
0.9,buchwald-hartwig,bh_reaction_4,10,20,no_target__pooled,all,50,0.017512906227560996,0.05934919345972864,0.98,0.987196839058598,5.179449243535892e-05,0.017461111735125635
0.9,buchwald-hartwig,bh_reaction_4,10,40,no_target__pooled,all,50,4.235608704099176e-06,0.0007730408589401894,1.0,0.9992290847434283,5.943103328152262e-07,3.641298371283949e-06
0.9,buchwald-hartwig,bh_reaction_4,10,20,no_target__pooled,not_yet_hit,7,0.12509218733357858,0.42391666756641844,0.8571428571428571,0.9085549932756988,0.00264320774174184,0.12244897959183673
0.9,buchwald-hartwig,bh_reaction_4,10,40,no_target__pooled,not_yet_hit,7,3.0254341743565536e-05,0.005515577560786888,1.0,0.9944996053102013,3.025434174356554e-05,0.0
0.9,buchwald-hartwig,bh_reaction_5,5,20,no_target__pooled,all,50,0.00072861961179958,0.02196744165365171,1.0,0.9784052761214014,0.0004663320993929242,0.0002622875124066559
0.9,buchwald-hartwig,bh_reaction_5,5,40,no_target__pooled,all,50,2.347522687620689e-06,0.001227265366905245,1.0,0.9987739098952555,1.5032969449526825e-06,8.442257426680064e-07
0.9,buchwald-hartwig,bh_reaction_5,10,20,no_target__pooled,all,50,0.0011707064965330498,0.013426840544470447,1.0,0.987196839058598,0.00016392093009144677,0.0010067855664416027
0.9,buchwald-hartwig,bh_reaction_5,10,40,no_target__pooled,all,50,4.235608704099176e-06,0.0007730408589401893,1.0,0.9992290847434283,5.943103328152262e-07,3.641298371283949e-06
0.9,buchwald-hartwig,bh_reaction_5,5,20,no_target__pooled,not_yet_hit,32,0.001138468142874344,0.03432356508354953,1.0,0.9662588064396894,0.001138468142874344,0.0
0.9,buchwald-hartwig,bh_reaction_5,5,40,no_target__pooled,not_yet_hit,32,3.668003636907327e-06,0.0019170396355081792,1.0,0.9980847967113365,3.668003636907327e-06,0.0
0.9,buchwald-hartwig,bh_reaction_5,10,20,no_target__pooled,not_yet_hit,7,0.008362189254807499,0.09589986102886015,1.0,0.9085549932756988,0.008362189254807497,0.0
0.9,buchwald-hartwig,bh_reaction_5,10,40,no_target__pooled,not_yet_hit,7,3.0254341743565536e-05,0.005515577560786888,1.0,0.9944996053102013,3.025434174356554e-05,0.0
0.9,buchwald-hartwig,bh_reaction_1,5,20,no_target__separate,all,50,0.037833726928013026,0.15150288898794248,0.96,0.9807411055358662,0.00043019345884994333,0.03740353346916309
0.9,buchwald-hartwig,bh_reaction_1,10,20,no_target__separate,all,50,0.03337339201852914,0.10150989317976722,0.96,0.9883682412785645,0.0008047571132388451,0.0325686349052903
0.9,buchwald-hartwig,bh_reaction_1,5,20,no_target__separate,not_yet_hit,27,0.07006245727324635,0.280560053680949,0.9259259259259259,0.9643362324738265,0.0014753516491036935,0.06858710562414268
0.9,buchwald-hartwig,bh_reaction_1,10,20,no_target__separate,not_yet_hit,6,0.2781116001470762,0.8459084431610598,0.6666666666666666,0.9030760106547034,0.055889377924853954,0.22222222222222224
0.9,buchwald-hartwig,bh_reaction_2,5,20,no_target__separate,all,50,0.000763142588896569,0.021789553786815838,1.0,0.978601339484296,0.00045790267186635427,0.00030523991703021447
0.9,buchwald-hartwig,bh_reaction_2,10,20,no_target__separate,all,50,0.0022546223313057133,0.02446841281887139,1.0,0.9767374825571289,0.0005411447177798856,0.001713477613525828
0.9,buchwald-hartwig,bh_reaction_2,5,20,no_target__separate,not_yet_hit,30,0.0012719043141609487,0.036315256311026375,1.0,0.9643362324738265,0.001271904314160948,0.0
0.9,buchwald-hartwig,bh_reaction_2,10,20,no_target__separate,not_yet_hit,12,0.009394259710607141,0.10194855341038073,1.0,0.9030760106547038,0.00939425971060714,0.0
0.9,buchwald-hartwig,bh_reaction_3,5,20,no_target__separate,all,50,0.0007377045026333498,0.021063268660605313,1.0,0.9793145948348194,0.0004278859868476824,0.00030981851578566766
0.9,buchwald-hartwig,bh_reaction_3,5,20,no_target__separate,not_yet_hit,29,0.0012719043141609487,0.036315256311026375,1.0,0.9643362324738265,0.001271904314160948,0.0
0.9,buchwald-hartwig,bh_reaction_3,10,20,no_target__separate,all,50,0.002818277913882142,0.03058526602346423,1.0,0.9709221031964111,0.0008455240825201687,0.0019727538313619735
0.9,buchwald-hartwig,bh_reaction_3,10,20,no_target__separate,not_yet_hit,15,0.009394259710607141,0.10194855341038074,1.0,0.9030760106547039,0.00939425971060714,0.0
0.9,buchwald-hartwig,bh_reaction_4,5,20,no_target__separate,all,50,0.019311153801586406,0.08700936395048445,0.98,0.9793145948348194,4.697802404563085e-07,0.01931068402134595
0.9,buchwald-hartwig,bh_reaction_4,5,20,no_target__separate,not_yet_hit,29,0.03329509276063173,0.15001542060392145,0.9655172413793104,0.9643362324738265,1.3947820348321646e-06,0.03329369797859692
0.9,buchwald-hartwig,bh_reaction_4,10,20,no_target__separate,all,50,0.01743823678653314,0.05891125086292408,0.98,0.9864297814916586,4.134209003047385e-05,0.017396894696502664
0.9,buchwald-hartwig,bh_reaction_4,10,20,no_target__separate,not_yet_hit,7,0.12455883418337958,0.4207885061606718,0.8571428571428571,0.9030760106547034,0.002109854591542848,0.12244897959183673
0.9,buchwald-hartwig,bh_reaction_5,5,20,no_target__separate,all,50,0.0008140187614230068,0.023242124039236894,1.0,0.9771748287832489,0.0005209884410740008,0.00029303032034900584
0.9,buchwald-hartwig,bh_reaction_5,10,20,no_target__separate,all,50,0.0013151963603449997,0.014273657477883325,1.0,0.9864297814916586,0.00018415083036413493,0.0011310455299808643
0.9,buchwald-hartwig,bh_reaction_5,5,20,no_target__separate,not_yet_hit,32,0.001271904314160948,0.03631525631102638,1.0,0.9643362324738265,0.001271904314160948,0.0
0.9,buchwald-hartwig,bh_reaction_5,10,20,no_target__separate,not_yet_hit,7,0.00939425971060714,0.1019485534103807,1.0,0.9030760106547034,0.00939425971060714,0.0
0.9,buchwald-hartwig,bh_reaction_1,5,40,no_target__separate,all,50,1.0000000000575112e-12,1.0000005000290893e-06,1.0,0.9999990000000001,1.0000000000575112e-12,0.0
0.9,buchwald-hartwig,bh_reaction_1,10,40,no_target__separate,all,50,1.0000000000575112e-12,1.0000005000290893e-06,1.0,0.9999990000000001,1.0000000000575112e-12,0.0
0.9,buchwald-hartwig,bh_reaction_1,5,40,no_target__separate,not_yet_hit,27,1.0000000000575112e-12,1.000000500029089e-06,1.0,0.9999989999999999,1.0000000000575112e-12,0.0
0.9,buchwald-hartwig,bh_reaction_1,10,40,no_target__separate,not_yet_hit,6,1.0000000000575112e-12,1.000000500029089e-06,1.0,0.999999,1.0000000000575112e-12,0.0
0.9,buchwald-hartwig,bh_reaction_2,5,40,no_target__separate,all,50,1.0000000000575112e-12,1.0000005000290893e-06,1.0,0.9999990000000001,1.0000000000575112e-12,0.0
0.9,buchwald-hartwig,bh_reaction_2,10,40,no_target__separate,all,50,1.0000000000575112e-12,1.0000005000290893e-06,1.0,0.9999990000000001,1.0000000000575112e-12,0.0
0.9,buchwald-hartwig,bh_reaction_2,5,40,no_target__separate,not_yet_hit,30,1.0000000000575112e-12,1.000000500029089e-06,1.0,0.9999989999999997,1.0000000000575112e-12,0.0
0.9,buchwald-hartwig,bh_reaction_2,10,40,no_target__separate,not_yet_hit,12,1.0000000000575112e-12,1.000000500029089e-06,1.0,0.9999990000000002,1.0000000000575112e-12,0.0
0.9,buchwald-hartwig,bh_reaction_3,5,40,no_target__separate,all,50,1.0000000000575112e-12,1.0000005000290893e-06,1.0,0.9999990000000001,1.0000000000575112e-12,0.0
0.9,buchwald-hartwig,bh_reaction_3,5,40,no_target__separate,not_yet_hit,29,1.0000000000575112e-12,1.000000500029089e-06,1.0,0.9999989999999999,1.0000000000575112e-12,0.0
0.9,buchwald-hartwig,bh_reaction_3,10,40,no_target__separate,all,50,1.0000000000575112e-12,1.0000005000290893e-06,1.0,0.9999990000000001,1.0000000000575112e-12,0.0
0.9,buchwald-hartwig,bh_reaction_3,10,40,no_target__separate,not_yet_hit,15,1.0000000000575112e-12,1.000000500029089e-06,1.0,0.9999990000000003,1.0000000000575112e-12,0.0
0.9,buchwald-hartwig,bh_reaction_4,5,40,no_target__separate,all,50,1.0000000000575112e-12,1.0000005000290893e-06,1.0,0.9999990000000001,1.0000000000575112e-12,0.0
0.9,buchwald-hartwig,bh_reaction_4,5,40,no_target__separate,not_yet_hit,29,1.0000000000575112e-12,1.000000500029089e-06,1.0,0.9999989999999999,1.0000000000575112e-12,0.0
0.9,buchwald-hartwig,bh_reaction_4,10,40,no_target__separate,all,50,1.0000000000575112e-12,1.0000005000290893e-06,1.0,0.9999990000000001,1.0000000000575112e-12,0.0
0.9,buchwald-hartwig,bh_reaction_4,10,40,no_target__separate,not_yet_hit,7,1.0000000000575112e-12,1.000000500029089e-06,1.0,0.999999,1.0000000000575112e-12,0.0
0.9,buchwald-hartwig,bh_reaction_5,5,40,no_target__separate,all,50,1.0000000000575112e-12,1.0000005000290893e-06,1.0,0.9999990000000001,1.0000000000575112e-12,0.0
0.9,buchwald-hartwig,bh_reaction_5,10,40,no_target__separate,all,50,1.0000000000575112e-12,1.0000005000290893e-06,1.0,0.9999990000000001,1.0000000000575112e-12,0.0
0.9,buchwald-hartwig,bh_reaction_5,5,40,no_target__separate,not_yet_hit,32,1.0000000000575112e-12,1.000000500029089e-06,1.0,0.999999,1.0000000000575112e-12,0.0
0.9,buchwald-hartwig,bh_reaction_5,10,40,no_target__separate,not_yet_hit,7,1.0000000000575112e-12,1.000000500029089e-06,1.0,0.999999,1.0000000000575112e-12,0.0
0.9,buchwald-hartwig,bh_reaction_1,5,20,no_target__separate_matched_penalty,all,50,0.037856965522967974,0.1518433089948897,0.96,0.9810414358783258,0.00044274202382169644,0.037414223499146276
0.9,buchwald-hartwig,bh_reaction_1,10,20,no_target__separate_matched_penalty,all,50,0.033282034799647,0.1009918644846986,0.96,0.9881743604754962,0.0007937945882032025,0.0324882402114438
0.9,buchwald-hartwig,bh_reaction_1,5,20,no_target__separate_matched_penalty,not_yet_hit,27,0.07010549170834811,0.2811904611012216,0.9259259259259259,0.9648923997746773,0.0015183860842054363,0.06858710562414268
0.9,buchwald-hartwig,bh_reaction_1,10,20,no_target__separate_matched_penalty,not_yet_hit,6,0.27735028998972505,0.8415915373688213,0.6666666666666666,0.901460337295802,0.055128067767502835,0.22222222222222224
0.9,buchwald-hartwig,bh_reaction_2,5,20,no_target__separate_matched_penalty,all,50,0.000739526156548641,0.021443612010732974,1.0,0.9789350398648063,0.00044373254549729324,0.00029579361105134774
0.9,buchwald-hartwig,bh_reaction_2,10,20,no_target__separate_matched_penalty,all,50,0.0023304156309657126,0.02489817607655371,1.0,0.9763497209509925,0.0005593356990959267,0.0017710799318697856
0.9,buchwald-hartwig,bh_reaction_2,5,20,no_target__separate_matched_penalty,not_yet_hit,30,0.0012325435935810684,0.035738686684221616,1.0,0.9648923997746773,0.0012325435935810684,0.0
0.9,buchwald-hartwig,bh_reaction_2,10,20,no_target__separate_matched_penalty,not_yet_hit,12,0.009710065125857134,0.1037392336507237,1.0,0.901460337295802,0.009710065125857134,0.0
0.9,buchwald-hartwig,bh_reaction_3,5,20,no_target__separate_matched_penalty,all,50,0.0007148752846970197,0.020728858277058546,1.0,0.9796371718693129,0.00041464476947990187,0.00030023051521711796
0.9,buchwald-hartwig,bh_reaction_3,5,20,no_target__separate_matched_penalty,not_yet_hit,29,0.0012325435935810684,0.035738686684221616,1.0,0.9648923997746773,0.0012325435935810684,0.0
0.9,buchwald-hartwig,bh_reaction_3,10,20,no_target__separate_matched_penalty,all,50,0.00291301953845714,0.031122470095567126,1.0,0.9704374011887407,0.0008739472484754792,0.002039072289981661
0.9,buchwald-hartwig,bh_reaction_3,10,20,no_target__separate_matched_penalty,not_yet_hit,15,0.009710065125857138,0.1037392336507237,1.0,0.901460337295802,0.009710065125857134,0.0
0.9,buchwald-hartwig,bh_reaction_4,5,20,no_target__separate_matched_penalty,all,50,0.019310571275684113,0.08700083736964855,0.98,0.9796371718693129,1.3164425241789093e-07,0.019310439631431697
0.9,buchwald-hartwig,bh_reaction_4,5,20,no_target__separate_matched_penalty,not_yet_hit,29,0.03329408840562778,0.15000071960248026,0.9655172413793104,0.9648923997746773,3.904270308802171e-07,0.03329369797859692
0.9,buchwald-hartwig,bh_reaction_4,10,20,no_target__separate_matched_penalty,all,50,0.01741782261031207,0.058795490934617216,0.98,0.9862035872214124,3.8484494413669225e-05,0.017379338115898403
0.9,buchwald-hartwig,bh_reaction_4,10,20,no_target__separate_matched_penalty,not_yet_hit,7,0.1244130186389434,0.4199616495299084,0.8571428571428571,0.901460337295802,0.001964039047106651,0.12244897959183673
0.9,buchwald-hartwig,bh_reaction_5,5,20,no_target__separate_matched_penalty,all,50,0.0007888279002518839,0.022873119478081842,1.0,0.9775307758557935,0.0005048660336425899,0.0002839618666092938
0.9,buchwald-hartwig,bh_reaction_5,10,20,no_target__separate_matched_penalty,all,50,0.0013594091184799988,0.014524352711531343,1.0,0.9862035872214122,0.00019034100555717967,0.001169068112922819
0.9,buchwald-hartwig,bh_reaction_5,5,20,no_target__separate_matched_penalty,not_yet_hit,32,0.0012325435935810684,0.035738686684221616,1.0,0.9648923997746774,0.0012325435935810684,0.0
0.9,buchwald-hartwig,bh_reaction_5,10,20,no_target__separate_matched_penalty,not_yet_hit,7,0.009710065125857134,0.1037392336507237,1.0,0.901460337295802,0.009710065125857134,0.0
0.9,buchwald-hartwig,bh_reaction_1,5,40,no_target__separate_matched_penalty,all,50,1.0000000000575112e-12,1.0000005000290893e-06,1.0,0.9999990000000001,1.0000000000575112e-12,0.0
0.9,buchwald-hartwig,bh_reaction_1,10,40,no_target__separate_matched_penalty,all,50,1.0000000000575112e-12,1.0000005000290893e-06,1.0,0.9999990000000001,1.0000000000575112e-12,0.0
0.9,buchwald-hartwig,bh_reaction_1,5,40,no_target__separate_matched_penalty,not_yet_hit,27,1.0000000000575112e-12,1.000000500029089e-06,1.0,0.9999989999999999,1.0000000000575112e-12,0.0
0.9,buchwald-hartwig,bh_reaction_1,10,40,no_target__separate_matched_penalty,not_yet_hit,6,1.0000000000575112e-12,1.000000500029089e-06,1.0,0.999999,1.0000000000575112e-12,0.0
0.9,buchwald-hartwig,bh_reaction_2,5,40,no_target__separate_matched_penalty,all,50,1.0000000000575112e-12,1.0000005000290893e-06,1.0,0.9999990000000001,1.0000000000575112e-12,0.0
0.9,buchwald-hartwig,bh_reaction_2,10,40,no_target__separate_matched_penalty,all,50,1.0000000000575112e-12,1.0000005000290893e-06,1.0,0.9999990000000001,1.0000000000575112e-12,0.0
0.9,buchwald-hartwig,bh_reaction_2,5,40,no_target__separate_matched_penalty,not_yet_hit,30,1.0000000000575112e-12,1.000000500029089e-06,1.0,0.9999989999999997,1.0000000000575112e-12,0.0
0.9,buchwald-hartwig,bh_reaction_2,10,40,no_target__separate_matched_penalty,not_yet_hit,12,1.0000000000575112e-12,1.000000500029089e-06,1.0,0.9999990000000002,1.0000000000575112e-12,0.0
0.9,buchwald-hartwig,bh_reaction_3,5,40,no_target__separate_matched_penalty,all,50,1.0000000000575112e-12,1.0000005000290893e-06,1.0,0.9999990000000001,1.0000000000575112e-12,0.0
0.9,buchwald-hartwig,bh_reaction_3,5,40,no_target__separate_matched_penalty,not_yet_hit,29,1.0000000000575112e-12,1.000000500029089e-06,1.0,0.9999989999999999,1.0000000000575112e-12,0.0
0.9,buchwald-hartwig,bh_reaction_3,10,40,no_target__separate_matched_penalty,all,50,1.0000000000575112e-12,1.0000005000290893e-06,1.0,0.9999990000000001,1.0000000000575112e-12,0.0
0.9,buchwald-hartwig,bh_reaction_3,10,40,no_target__separate_matched_penalty,not_yet_hit,15,1.0000000000575112e-12,1.000000500029089e-06,1.0,0.9999990000000003,1.0000000000575112e-12,0.0
0.9,buchwald-hartwig,bh_reaction_4,5,40,no_target__separate_matched_penalty,all,50,1.0000000000575112e-12,1.0000005000290893e-06,1.0,0.9999990000000001,1.0000000000575112e-12,0.0
0.9,buchwald-hartwig,bh_reaction_4,5,40,no_target__separate_matched_penalty,not_yet_hit,29,1.0000000000575112e-12,1.000000500029089e-06,1.0,0.9999989999999999,1.0000000000575112e-12,0.0
0.9,buchwald-hartwig,bh_reaction_4,10,40,no_target__separate_matched_penalty,all,50,1.0000000000575112e-12,1.0000005000290893e-06,1.0,0.9999990000000001,1.0000000000575112e-12,0.0
0.9,buchwald-hartwig,bh_reaction_4,10,40,no_target__separate_matched_penalty,not_yet_hit,7,1.0000000000575112e-12,1.000000500029089e-06,1.0,0.999999,1.0000000000575112e-12,0.0
0.9,buchwald-hartwig,bh_reaction_5,5,40,no_target__separate_matched_penalty,all,50,1.0000000000575112e-12,1.0000005000290893e-06,1.0,0.9999990000000001,1.0000000000575112e-12,0.0
0.9,buchwald-hartwig,bh_reaction_5,10,40,no_target__separate_matched_penalty,all,50,1.0000000000575112e-12,1.0000005000290893e-06,1.0,0.9999990000000001,1.0000000000575112e-12,0.0
0.9,buchwald-hartwig,bh_reaction_5,5,40,no_target__separate_matched_penalty,not_yet_hit,32,1.0000000000575112e-12,1.000000500029089e-06,1.0,0.999999,1.0000000000575112e-12,0.0
0.9,buchwald-hartwig,bh_reaction_5,10,40,no_target__separate_matched_penalty,not_yet_hit,7,1.0000000000575112e-12,1.000000500029089e-06,1.0,0.999999,1.0000000000575112e-12,0.0
0.9,buchwald-hartwig,bh_reaction_1,5,20,best__pooled,all,50,0.03758672080126715,0.15312056955534575,0.96,0.9828248305689398,0.0005209728905008149,0.037065747910766327
0.9,buchwald-hartwig,bh_reaction_1,5,40,best__pooled,all,50,2.1968843565047343e-06,0.0009342642378863403,1.0,0.9990668365727879,8.707939818862454e-07,1.3260903746184892e-06
0.9,buchwald-hartwig,bh_reaction_1,10,20,best__pooled,all,50,0.03569582242679563,0.11783563630173884,0.96,0.9915670160490403,0.000996476502240365,0.034699345924555265
0.9,buchwald-hartwig,bh_reaction_1,10,40,best__pooled,all,50,1.9755995827693627e-06,0.0004744972678886263,1.0,0.9995264934801432,2.2420842434702328e-07,1.7513911584223393e-06
0.9,buchwald-hartwig,bh_reaction_1,5,20,best__pooled,not_yet_hit,27,0.06960503852001325,0.2835557584353995,0.9259259259259259,0.9681949825350741,0.0017866731466273632,0.06781836537338587
0.9,buchwald-hartwig,bh_reaction_1,5,40,best__pooled,not_yet_hit,27,4.068303512045805e-06,0.0017292671067709756,1.0,0.9982727714310888,2.983318529263325e-06,1.0849849827824799e-06
0.9,buchwald-hartwig,bh_reaction_1,10,20,best__pooled,not_yet_hit,6,0.2974651868826303,0.9819563025108232,0.6666666666666666,0.9297324670753357,0.06920361534465368,0.22826157153797655
0.9,buchwald-hartwig,bh_reaction_1,10,40,best__pooled,not_yet_hit,6,1.6463322523078023e-05,0.0039468105620716724,1.0,0.9960614456678591,1.5512210227225778e-05,9.511122958522481e-07
0.9,buchwald-hartwig,bh_reaction_2,5,20,best__pooled,all,50,0.0006695599721320951,0.017239767830099475,1.0,0.9831106112231254,0.0002852514532564222,0.0003843085188756729
0.9,buchwald-hartwig,bh_reaction_2,5,40,best__pooled,all,50,2.0760325231753016e-06,0.0009167848575702572,1.0,0.9990842558986438,8.385872591682953e-07,1.2374452640070061e-06
0.9,buchwald-hartwig,bh_reaction_2,10,20,best__pooled,all,50,0.0012376838192341506,0.017469655485872853,1.0,0.9831830919475953,0.00028280839644303,0.0009548754227911208
0.9,buchwald-hartwig,bh_reaction_2,10,40,best__pooled,all,50,3.915149754397991e-06,0.0009449405733370829,1.0,0.999057022746519,8.892061005826517e-07,3.0259436538153395e-06
0.9,buchwald-hartwig,bh_reaction_2,5,20,best__pooled,not_yet_hit,30,0.0011159332862201584,0.028732279716499106,1.0,0.9718516853718754,0.00079232761640389,0.0003236056698162687
0.9,buchwald-hartwig,bh_reaction_2,5,40,best__pooled,not_yet_hit,30,3.460053538625503e-06,0.0015273080956170761,1.0,0.9984744264977402,2.3273745107977484e-06,1.1326790278277539e-06
0.9,buchwald-hartwig,bh_reaction_2,10,20,best__pooled,not_yet_hit,12,0.005157015910308961,0.07278706452288679,1.0,0.9299327164483144,0.004909424224312319,0.0002475916859966431
0.9,buchwald-hartwig,bh_reaction_2,10,40,best__pooled,not_yet_hit,12,1.6313120809991627e-05,0.003934085720654419,1.0,0.9960740947771622,1.541273181870346e-05,9.003889912881678e-07
0.9,buchwald-hartwig,bh_reaction_3,5,20,best__pooled,all,50,0.0017833546929361954,0.025771021873067124,1.0,0.9751927763963963,0.0006153983429191913,0.001167956350017004
0.9,buchwald-hartwig,bh_reaction_3,5,20,best__pooled,not_yet_hit,29,0.0030747494698555086,0.044432072194581236,1.0,0.9572296489593038,0.0018293029281443625,0.001245446541711147
0.9,buchwald-hartwig,bh_reaction_3,5,40,best__pooled,all,50,6.077005716727179e-06,0.0013946083354746583,1.0,0.9986084442395544,1.9364274344297146e-06,4.140578282297465e-06
0.9,buchwald-hartwig,bh_reaction_3,5,40,best__pooled,not_yet_hit,29,1.0477595339184793e-05,0.0024037729918355965,1.0,0.9976014900681969,5.75284989295751e-06,4.7247454462272815e-06
0.9,buchwald-hartwig,bh_reaction_3,10,20,best__pooled,all,50,0.0027916751763415516,0.027039763350251596,1.0,0.9745103496110096,0.0006497222769529649,0.002141952899388587
0.9,buchwald-hartwig,bh_reaction_3,10,40,best__pooled,all,50,1.0310771461615149e-05,0.0014944800386129898,1.0,0.9985107086096465,2.2179888453809085e-06,8.09278261623424e-06
0.9,buchwald-hartwig,bh_reaction_3,10,20,best__pooled,not_yet_hit,15,0.009305583918805174,0.09013021116633863,1.0,0.9150368320366984,0.007218739910360211,0.0020868440084449587
0.9,buchwald-hartwig,bh_reaction_3,10,40,best__pooled,not_yet_hit,15,3.43692358720505e-05,0.004979266794209898,1.0,0.995038028698822,2.462115919371504e-05,9.748076678335453e-06
0.9,buchwald-hartwig,bh_reaction_4,5,20,best__pooled,all,50,0.019231122802306714,0.08340321662871313,0.98,0.9820894304379045,4.365719554842442e-06,0.01922675708275188
0.9,buchwald-hartwig,bh_reaction_4,5,20,best__pooled,not_yet_hit,29,0.03315710827911502,0.14379792522155707,0.9655172413793104,0.969120431789491,1.2982981132016443e-05,0.03314412529798301
0.9,buchwald-hartwig,bh_reaction_4,5,40,best__pooled,all,50,2.144754385414036e-06,0.000971863758317216,1.0,0.9990292106481775,9.424319656121495e-07,1.2023224198018865e-06
0.9,buchwald-hartwig,bh_reaction_4,5,40,best__pooled,not_yet_hit,29,3.697851664506959e-06,0.0016749030312193168,1.0,0.9983269493934095,2.7990983322134217e-06,8.987533322935366e-07
0.9,buchwald-hartwig,bh_reaction_4,10,20,best__pooled,all,50,0.018583173854784234,0.0642500255752324,0.98,0.9876741327580604,5.889231358833383e-05,0.018524281541195904
0.9,buchwald-hartwig,bh_reaction_4,10,40,best__pooled,all,50,5.623970228962587e-06,0.0007317712052278935,1.0,0.9992710613680225,5.313515291894047e-07,5.092618699773183e-06
0.9,buchwald-hartwig,bh_reaction_4,10,20,best__pooled,not_yet_hit,7,0.13273695609945885,0.4589226112485884,0.8571428571428571,0.911964233986145,0.0030053833589937795,0.12973157274046504
0.9,buchwald-hartwig,bh_reaction_4,10,40,best__pooled,not_yet_hit,7,4.017120977830419e-05,0.005220794319984775,1.0,0.9947994383430171,2.7045841548079956e-05,1.3125368230224243e-05
0.9,buchwald-hartwig,bh_reaction_5,5,20,best__pooled,all,50,0.001382164656214598,0.02585332613508078,1.0,0.974873494302215,0.0006313412885808207,0.0007508233676337777
0.9,buchwald-hartwig,bh_reaction_5,5,40,best__pooled,all,50,4.340738652834531e-06,0.0013851706035745285,1.0,0.9986170059327804,1.912672589964945e-06,2.4280660628695878e-06
0.9,buchwald-hartwig,bh_reaction_5,10,20,best__pooled,all,50,0.0008525308697363902,0.011056129293428871,1.0,0.9893961269183198,0.00011244212433238218,0.0007400887454040082
0.9,buchwald-hartwig,bh_reaction_5,10,40,best__pooled,all,50,2.7430326097374674e-06,0.0006005580843144834,1.0,0.9994008179362006,3.59019145578833e-07,2.384013464158634e-06
0.9,buchwald-hartwig,bh_reaction_5,5,20,best__pooled,not_yet_hit,32,0.0021596322747728094,0.04039525958578245,1.0,0.9607403973472111,0.0015413164004548765,0.0006183158743179329
0.9,buchwald-hartwig,bh_reaction_5,5,40,best__pooled,not_yet_hit,32,6.782403582553956e-06,0.002163766567803934,1.0,0.9978396342699691,4.667180087491499e-06,2.115223495062457e-06
0.9,buchwald-hartwig,bh_reaction_5,10,20,best__pooled,not_yet_hit,7,0.00608950620625993,0.07896620923570605,1.0,0.924264192273713,0.00573591257195312,0.0003535936343068098
0.9,buchwald-hartwig,bh_reaction_5,10,40,best__pooled,not_yet_hit,7,1.9593083926696193e-05,0.004283557742031847,1.0,0.9957262709728621,1.826475979740146e-05,1.328324129294734e-06
0.9,buchwald-hartwig,bh_reaction_1,5,20,best__separate,all,50,0.0374910266288386,0.15200023100372875,0.96,0.9819039305474034,0.00047978217342547206,0.03701124445541313
0.9,buchwald-hartwig,bh_reaction_1,10,20,best__separate,all,50,0.035488706580369137,0.11598212013899685,0.96,0.9910520983757624,0.0009642328135380285,0.034524473766831106
0.9,buchwald-hartwig,bh_reaction_1,5,20,best__separate,not_yet_hit,27,0.06942782708959,0.2814810574138865,0.9259259259259259,0.9664896121248211,0.0016454126380424433,0.06778241445154755
0.9,buchwald-hartwig,bh_reaction_1,10,20,best__separate,not_yet_hit,6,0.2957392214957428,0.9665103344879736,0.6666666666666666,0.925441486464687,0.06696440736149803,0.22877481413424483
0.9,buchwald-hartwig,bh_reaction_2,5,20,best__separate,all,50,0.0007523004162689144,0.018142595811190272,1.0,0.9822527606593973,0.0003149645042126385,0.000437335912056276
0.9,buchwald-hartwig,bh_reaction_2,10,20,best__separate,all,50,0.001395866293505639,0.01858209646916686,1.0,0.9821567215640857,0.00031838258534156187,0.0010774837081640768
0.9,buchwald-hartwig,bh_reaction_2,5,20,best__separate,not_yet_hit,30,0.0012538340264481905,0.030236993018317098,1.0,0.9704219344323288,0.0008748619627254598,0.00037897206372273086
0.9,buchwald-hartwig,bh_reaction_2,10,20,best__separate,not_yet_hit,12,0.0058161095531068276,0.07742223528661182,1.0,0.9256561731836909,0.005527004585693375,0.00028910496741345245
0.9,buchwald-hartwig,bh_reaction_3,5,20,best__separate,all,50,0.0020446294556970735,0.027442499329471882,1.0,0.9736705435157081,0.0006932402787582226,0.0013513891769388509
0.9,buchwald-hartwig,bh_reaction_3,5,20,best__separate,not_yet_hit,29,0.0035252231987535744,0.04731392987803771,1.0,0.9546051095098416,0.0020606960826134806,0.001464527116140094
0.9,buchwald-hartwig,bh_reaction_3,10,20,best__separate,all,50,0.00318839127257777,0.028925520604059597,1.0,0.9728611033921595,0.0007365197090910593,0.0024518715634867104
0.9,buchwald-hartwig,bh_reaction_3,10,20,best__separate,not_yet_hit,15,0.010627970906259231,0.09641606867903194,1.0,0.9095393446405317,0.008183130168064521,0.0024448407381947083
0.9,buchwald-hartwig,bh_reaction_4,5,20,best__separate,all,50,0.019236254751076053,0.08329268492708714,0.98,0.9811398628955785,1.2992874207168115e-06,0.019234955463655334
0.9,buchwald-hartwig,bh_reaction_4,5,20,best__separate,not_yet_hit,29,0.033165956466648376,0.14360735332220192,0.9655172413793104,0.9674832463716874,3.865175630050906e-06,0.03316209129101832
0.9,buchwald-hartwig,bh_reaction_4,10,20,best__separate,all,50,0.018617879126066657,0.06389824072390024,0.98,0.9868696108034883,4.719155259140247e-05,0.018570687573475256
0.9,buchwald-hartwig,bh_reaction_4,10,20,best__separate,not_yet_hit,7,0.1329848508943333,0.4564098623105014,0.8571428571428571,0.9062176485963448,0.0024083351562033057,0.13057651573812998
0.9,buchwald-hartwig,bh_reaction_5,5,20,best__separate,all,50,0.0015686577240757917,0.027431995019937105,1.0,0.9733963342349609,0.0007077550321379188,0.0008609026919378731
0.9,buchwald-hartwig,bh_reaction_5,10,20,best__separate,all,50,0.0009645221143257334,0.01178081454021614,1.0,0.9887329727262072,0.00012694590358839164,0.0008375762107373418
0.9,buchwald-hartwig,bh_reaction_5,5,20,best__separate,not_yet_hit,32,0.0024510276933059245,0.04286192971837045,1.0,0.9584323347421262,0.001727870794990643,0.0007231568983152817
0.9,buchwald-hartwig,bh_reaction_5,10,20,best__separate,not_yet_hit,7,0.0068894436676123815,0.08414253242704368,1.0,0.9195273766157656,0.006475843114340823,0.0004136005532715577
0.9,buchwald-hartwig,bh_reaction_1,5,40,best__separate,all,50,1.0000000000575112e-12,1.0000005000290893e-06,1.0,0.9999990000000001,1.0000000000575112e-12,0.0
0.9,buchwald-hartwig,bh_reaction_1,10,40,best__separate,all,50,1.0000000000575112e-12,1.0000005000290893e-06,1.0,0.9999990000000001,1.0000000000575112e-12,0.0
0.9,buchwald-hartwig,bh_reaction_1,5,40,best__separate,not_yet_hit,27,1.0000000000575112e-12,1.000000500029089e-06,1.0,0.9999989999999999,1.0000000000575112e-12,0.0
0.9,buchwald-hartwig,bh_reaction_1,10,40,best__separate,not_yet_hit,6,1.0000000000575112e-12,1.000000500029089e-06,1.0,0.999999,1.0000000000575112e-12,0.0
0.9,buchwald-hartwig,bh_reaction_2,5,40,best__separate,all,50,1.0000000000575112e-12,1.0000005000290893e-06,1.0,0.9999990000000001,1.0000000000575112e-12,0.0
0.9,buchwald-hartwig,bh_reaction_2,10,40,best__separate,all,50,1.0000000000575112e-12,1.0000005000290893e-06,1.0,0.9999990000000001,1.0000000000575112e-12,0.0
0.9,buchwald-hartwig,bh_reaction_2,5,40,best__separate,not_yet_hit,30,1.0000000000575112e-12,1.000000500029089e-06,1.0,0.9999989999999997,1.0000000000575112e-12,0.0
0.9,buchwald-hartwig,bh_reaction_2,10,40,best__separate,not_yet_hit,12,1.0000000000575112e-12,1.000000500029089e-06,1.0,0.9999990000000002,1.0000000000575112e-12,0.0
0.9,buchwald-hartwig,bh_reaction_3,5,40,best__separate,all,50,1.0000000000575112e-12,1.0000005000290893e-06,1.0,0.9999990000000001,1.0000000000575112e-12,0.0
0.9,buchwald-hartwig,bh_reaction_3,5,40,best__separate,not_yet_hit,29,1.0000000000575112e-12,1.000000500029089e-06,1.0,0.9999989999999999,1.0000000000575112e-12,0.0
0.9,buchwald-hartwig,bh_reaction_3,10,40,best__separate,all,50,1.0000000000575112e-12,1.0000005000290893e-06,1.0,0.9999990000000001,1.0000000000575112e-12,0.0
0.9,buchwald-hartwig,bh_reaction_3,10,40,best__separate,not_yet_hit,15,1.0000000000575112e-12,1.000000500029089e-06,1.0,0.9999990000000003,1.0000000000575112e-12,0.0
0.9,buchwald-hartwig,bh_reaction_4,5,40,best__separate,all,50,1.0000000000575112e-12,1.0000005000290893e-06,1.0,0.9999990000000001,1.0000000000575112e-12,0.0
0.9,buchwald-hartwig,bh_reaction_4,5,40,best__separate,not_yet_hit,29,1.0000000000575112e-12,1.000000500029089e-06,1.0,0.9999989999999999,1.0000000000575112e-12,0.0
0.9,buchwald-hartwig,bh_reaction_4,10,40,best__separate,all,50,1.0000000000575112e-12,1.0000005000290893e-06,1.0,0.9999990000000001,1.0000000000575112e-12,0.0
0.9,buchwald-hartwig,bh_reaction_4,10,40,best__separate,not_yet_hit,7,1.0000000000575112e-12,1.000000500029089e-06,1.0,0.999999,1.0000000000575112e-12,0.0
0.9,buchwald-hartwig,bh_reaction_5,5,40,best__separate,all,50,1.0000000000575112e-12,1.0000005000290893e-06,1.0,0.9999990000000001,1.0000000000575112e-12,0.0
0.9,buchwald-hartwig,bh_reaction_5,10,40,best__separate,all,50,1.0000000000575112e-12,1.0000005000290893e-06,1.0,0.9999990000000001,1.0000000000575112e-12,0.0
0.9,buchwald-hartwig,bh_reaction_5,5,40,best__separate,not_yet_hit,32,1.0000000000575112e-12,1.000000500029089e-06,1.0,0.999999,1.0000000000575112e-12,0.0
0.9,buchwald-hartwig,bh_reaction_5,10,40,best__separate,not_yet_hit,7,1.0000000000575112e-12,1.000000500029089e-06,1.0,0.999999,1.0000000000575112e-12,0.0
0.9,buchwald-hartwig,bh_reaction_1,5,20,best__separate_matched_penalty,all,50,0.0375215067626406,0.15263636110798962,0.96,0.982309559864705,0.0004977164613568581,0.037023790301283735
0.9,buchwald-hartwig,bh_reaction_1,10,20,best__separate_matched_penalty,all,50,0.03545855084004691,0.11570405231070435,0.96,0.9909341324967882,0.0009569205533288465,0.034501630286718064
0.9,buchwald-hartwig,bh_reaction_1,5,20,best__separate_matched_penalty,not_yet_hit,27,0.06948427178181592,0.2826590761254807,0.9259259259259259,0.9672407775272315,0.0017069169628379098,0.06777735481897801
0.9,buchwald-hartwig,bh_reaction_1,10,20,best__separate_matched_penalty,not_yet_hit,6,0.29548792365972426,0.964193102585536,0.6666666666666666,0.9244584374732353,0.0664565970955863,0.22903132656413797
0.9,buchwald-hartwig,bh_reaction_2,5,20,best__separate_matched_penalty,all,50,0.0007314366460910057,0.017682628638457862,1.0,0.9827021799745151,0.00029921457763406825,0.0004322220684569375
0.9,buchwald-hartwig,bh_reaction_2,10,20,best__separate_matched_penalty,all,50,0.0014360554175829072,0.01883857367574226,1.0,0.9819223083366262,0.0003268029358760186,0.001109252481706888
0.9,buchwald-hartwig,bh_reaction_2,5,20,best__separate_matched_penalty,not_yet_hit,30,0.0012190610761516763,0.029470381063763082,1.0,0.9711709666241918,0.0008311131653834652,0.0003879479107682111
0.9,buchwald-hartwig,bh_reaction_2,10,20,best__separate_matched_penalty,not_yet_hit,12,0.005983564236762113,0.07849089031400933,1.0,0.9246794514026089,0.005673185041011971,0.0003103791957501416
0.9,buchwald-hartwig,bh_reaction_3,5,20,best__separate_matched_penalty,all,50,0.002044339477467429,0.027119052603515045,1.0,0.9739960001767684,0.0006762080068066365,0.0013681314706607919
0.9,buchwald-hartwig,bh_reaction_3,5,20,best__separate_matched_penalty,not_yet_hit,29,0.00352472323628867,0.046756263109146615,1.0,0.9551662416840832,0.002010065884730035,0.0015146573515586337
0.9,buchwald-hartwig,bh_reaction_3,10,20,best__separate_matched_penalty,all,50,0.0033473036554331438,0.029532216636368246,1.0,0.9723527708533212,0.0007643692794889815,0.0025829343759441624
0.9,buchwald-hartwig,bh_reaction_3,10,20,best__separate_matched_penalty,not_yet_hit,15,0.011157678849110479,0.09843838878672745,1.0,0.907844902844403,0.008492561931757497,0.0026651169173529826
0.9,buchwald-hartwig,bh_reaction_4,5,20,best__separate_matched_penalty,all,50,0.019243874499800296,0.08330477677837207,0.98,0.9815771769941368,2.487487270834132e-06,0.019241387012529462
0.9,buchwald-hartwig,bh_reaction_4,5,20,best__separate_matched_penalty,not_yet_hit,29,0.0331790939644488,0.1436282013416587,0.9655172413793104,0.9682372361967874,7.398371807102392e-06,0.0331716955926417
0.9,buchwald-hartwig,bh_reaction_4,10,20,best__separate_matched_penalty,all,50,0.018666962734721494,0.06392918407357813,0.98,0.9866095616031769,4.368630458618914e-05,0.01862327643013531
0.9,buchwald-hartwig,bh_reaction_4,10,20,best__separate_matched_penalty,not_yet_hit,7,0.1333354480990107,0.4566308862367721,0.8571428571428571,0.9043601543084059,0.0022294731516197415,0.13110597494739096
0.9,buchwald-hartwig,bh_reaction_5,5,20,best__separate_matched_penalty,all,50,0.001542258961729447,0.026983970977199862,1.0,0.9738307963162508,0.0006848272214415543,0.0008574317402878931
0.9,buchwald-hartwig,bh_reaction_5,10,20,best__separate_matched_penalty,all,50,0.0009964074231497816,0.011967553575908056,1.0,0.9885639369307079,0.00013078353852483116,0.0008656238846249506
0.9,buchwald-hartwig,bh_reaction_5,5,20,best__separate_matched_penalty,not_yet_hit,32,0.002409779627139761,0.04216189215159352,1.0,0.9591111817441418,0.0016718954583605985,0.0007378841687791626
0.9,buchwald-hartwig,bh_reaction_5,10,20,best__separate_matched_penalty,not_yet_hit,7,0.00711719587349844,0.08547638268198592,1.0,0.9183199780764838,0.006671625981426092,0.00044556989207234784
0.9,buchwald-hartwig,bh_reaction_1,5,40,best__separate_matched_penalty,all,50,1.0000000000575112e-12,1.0000005000290893e-06,1.0,0.9999990000000001,1.0000000000575112e-12,0.0
0.9,buchwald-hartwig,bh_reaction_1,10,40,best__separate_matched_penalty,all,50,1.0000000000575112e-12,1.0000005000290893e-06,1.0,0.9999990000000001,1.0000000000575112e-12,0.0
0.9,buchwald-hartwig,bh_reaction_1,5,40,best__separate_matched_penalty,not_yet_hit,27,1.0000000000575112e-12,1.000000500029089e-06,1.0,0.9999989999999999,1.0000000000575112e-12,0.0
0.9,buchwald-hartwig,bh_reaction_1,10,40,best__separate_matched_penalty,not_yet_hit,6,1.0000000000575112e-12,1.000000500029089e-06,1.0,0.999999,1.0000000000575112e-12,0.0
0.9,buchwald-hartwig,bh_reaction_2,5,40,best__separate_matched_penalty,all,50,1.0000000000575112e-12,1.0000005000290893e-06,1.0,0.9999990000000001,1.0000000000575112e-12,0.0
0.9,buchwald-hartwig,bh_reaction_2,10,40,best__separate_matched_penalty,all,50,1.0000000000575112e-12,1.0000005000290893e-06,1.0,0.9999990000000001,1.0000000000575112e-12,0.0
0.9,buchwald-hartwig,bh_reaction_2,5,40,best__separate_matched_penalty,not_yet_hit,30,1.0000000000575112e-12,1.000000500029089e-06,1.0,0.9999989999999997,1.0000000000575112e-12,0.0
0.9,buchwald-hartwig,bh_reaction_2,10,40,best__separate_matched_penalty,not_yet_hit,12,1.0000000000575112e-12,1.000000500029089e-06,1.0,0.9999990000000002,1.0000000000575112e-12,0.0
0.9,buchwald-hartwig,bh_reaction_3,5,40,best__separate_matched_penalty,all,50,1.0000000000575112e-12,1.0000005000290893e-06,1.0,0.9999990000000001,1.0000000000575112e-12,0.0
0.9,buchwald-hartwig,bh_reaction_3,5,40,best__separate_matched_penalty,not_yet_hit,29,1.0000000000575112e-12,1.000000500029089e-06,1.0,0.9999989999999999,1.0000000000575112e-12,0.0
0.9,buchwald-hartwig,bh_reaction_3,10,40,best__separate_matched_penalty,all,50,1.0000000000575112e-12,1.0000005000290893e-06,1.0,0.9999990000000001,1.0000000000575112e-12,0.0
0.9,buchwald-hartwig,bh_reaction_3,10,40,best__separate_matched_penalty,not_yet_hit,15,1.0000000000575112e-12,1.000000500029089e-06,1.0,0.9999990000000003,1.0000000000575112e-12,0.0
0.9,buchwald-hartwig,bh_reaction_4,5,40,best__separate_matched_penalty,all,50,1.0000000000575112e-12,1.0000005000290893e-06,1.0,0.9999990000000001,1.0000000000575112e-12,0.0
0.9,buchwald-hartwig,bh_reaction_4,5,40,best__separate_matched_penalty,not_yet_hit,29,1.0000000000575112e-12,1.000000500029089e-06,1.0,0.9999989999999999,1.0000000000575112e-12,0.0
0.9,buchwald-hartwig,bh_reaction_4,10,40,best__separate_matched_penalty,all,50,1.0000000000575112e-12,1.0000005000290893e-06,1.0,0.9999990000000001,1.0000000000575112e-12,0.0
0.9,buchwald-hartwig,bh_reaction_4,10,40,best__separate_matched_penalty,not_yet_hit,7,1.0000000000575112e-12,1.000000500029089e-06,1.0,0.999999,1.0000000000575112e-12,0.0
0.9,buchwald-hartwig,bh_reaction_5,5,40,best__separate_matched_penalty,all,50,1.0000000000575112e-12,1.0000005000290893e-06,1.0,0.9999990000000001,1.0000000000575112e-12,0.0
0.9,buchwald-hartwig,bh_reaction_5,10,40,best__separate_matched_penalty,all,50,1.0000000000575112e-12,1.0000005000290893e-06,1.0,0.9999990000000001,1.0000000000575112e-12,0.0
0.9,buchwald-hartwig,bh_reaction_5,5,40,best__separate_matched_penalty,not_yet_hit,32,1.0000000000575112e-12,1.000000500029089e-06,1.0,0.999999,1.0000000000575112e-12,0.0
0.9,buchwald-hartwig,bh_reaction_5,10,40,best__separate_matched_penalty,not_yet_hit,7,1.0000000000575112e-12,1.000000500029089e-06,1.0,0.999999,1.0000000000575112e-12,0.0
0.9,buchwald-hartwig,bh_reaction_1,5,20,pilot_summary__pooled,all,50,0.03691367785663899,0.1426432503116667,0.96,0.9813300572738604,0.00045497134330616315,0.03645870651333282
0.9,buchwald-hartwig,bh_reaction_1,5,40,pilot_summary__pooled,all,50,2.6219479367349515e-06,0.001018706244339657,1.0,0.9989826077711957,1.035086947231217e-06,1.5868609895037348e-06
0.9,buchwald-hartwig,bh_reaction_1,10,20,pilot_summary__pooled,all,50,0.0334933468432182,0.10196724216886206,0.96,0.9902860261235579,0.000917243378356815,0.03257610346486138
0.9,buchwald-hartwig,bh_reaction_1,10,40,pilot_summary__pooled,all,50,2.6295742292610236e-06,0.0005518037663004474,1.0,0.9994495154021001,3.030332925251669e-07,2.326540936735857e-06
0.9,buchwald-hartwig,bh_reaction_1,5,20,pilot_summary__pooled,not_yet_hit,27,0.06835866269662776,0.2641533153915494,0.9259259259259259,0.9654268838404823,0.0015603256761675443,0.06679833702046022
0.9,buchwald-hartwig,bh_reaction_1,5,40,pilot_summary__pooled,not_yet_hit,27,4.85545829024991e-06,0.0018856411927956366,1.0,0.9981167921688809,3.546471735187551e-06,1.3089865550623585e-06
0.9,buchwald-hartwig,bh_reaction_1,10,20,pilot_summary__pooled,not_yet_hit,6,0.27911122368615165,0.8497196847368502,0.6666666666666666,0.9190575510296471,0.06370115850952737,0.2154100651766243
0.9,buchwald-hartwig,bh_reaction_1,10,40,pilot_summary__pooled,not_yet_hit,6,2.191311124384186e-05,0.004591031382170182,1.0,0.9954199616841665,2.097675097450243e-05,9.363602693394308e-07
0.9,buchwald-hartwig,bh_reaction_2,5,20,pilot_summary__pooled,all,50,0.0007653618158006984,0.018373987845664106,1.0,0.9820254328360336,0.00032308506473193875,0.00044227675106875956
0.9,buchwald-hartwig,bh_reaction_2,5,40,pilot_summary__pooled,all,50,2.34808757708869e-06,0.0009775341416806088,1.0,0.9990236427375645,9.532735039103074e-07,1.394814073178383e-06
0.9,buchwald-hartwig,bh_reaction_2,10,20,pilot_summary__pooled,all,50,0.001257081682331157,0.017577616841095402,1.0,0.9830859666239755,0.000286084525045272,0.0009709971572858848
0.9,buchwald-hartwig,bh_reaction_2,10,40,pilot_summary__pooled,all,50,3.9809115645258706e-06,0.0009503631126396078,1.0,0.9990516333047469,8.993993886653451e-07,3.0815121758605265e-06
0.9,buchwald-hartwig,bh_reaction_2,5,20,pilot_summary__pooled,not_yet_hit,30,0.00127560302566783,0.03062264640910682,1.0,0.9700430547267227,0.0008974185701061309,0.0003781844555616996
0.9,buchwald-hartwig,bh_reaction_2,5,40,pilot_summary__pooled,not_yet_hit,30,3.913478628481149e-06,0.001628556902467662,1.0,0.9983734045626076,2.6458127169453795e-06,1.2676659115357702e-06
0.9,buchwald-hartwig,bh_reaction_2,10,20,pilot_summary__pooled,not_yet_hit,12,0.005237840339879819,0.07323690350298076,1.0,0.9295280275998978,0.004966298893960758,0.000271541445919062
0.9,buchwald-hartwig,bh_reaction_2,10,40,pilot_summary__pooled,not_yet_hit,12,1.6587128352191125e-05,0.00395667963441494,1.0,0.9960516387697785,1.5589556404314566e-05,9.975719478765615e-07
0.9,buchwald-hartwig,bh_reaction_3,5,20,pilot_summary__pooled,all,50,0.002526012305099976,0.030284518209670555,1.0,0.9711084652634906,0.0008347207794309366,0.0016912915256690397
0.9,buchwald-hartwig,bh_reaction_3,5,20,pilot_summary__pooled,not_yet_hit,29,0.00435519362875858,0.05221396243010437,1.0,0.9501877332129145,0.002481261922467768,0.0018739317062908126
0.9,buchwald-hartwig,bh_reaction_3,5,40,pilot_summary__pooled,all,50,9.12601582274977e-06,0.00165278268165325,1.0,0.9983518076216137,2.7165381161704306e-06,6.409477706579341e-06
0.9,buchwald-hartwig,bh_reaction_3,5,40,pilot_summary__pooled,not_yet_hit,29,1.5734509315085812e-05,0.0028489011749021327,1.0,0.9971590131407134,8.07120633463896e-06,7.66330298044685e-06
0.9,buchwald-hartwig,bh_reaction_3,10,20,pilot_summary__pooled,all,50,0.0029279194822685807,0.02943174961964067,1.0,0.9721621693937843,0.0007749448128603644,0.0021529746694082157
0.9,buchwald-hartwig,bh_reaction_3,10,40,pilot_summary__pooled,all,50,1.0154691064455814e-05,0.0016183868050500625,1.0,0.9983867157103609,2.6026861991968895e-06,7.552004865258926e-06
0.9,buchwald-hartwig,bh_reaction_3,10,20,pilot_summary__pooled,not_yet_hit,15,0.009759731605228602,0.09810349873096885,1.0,0.9072095646459475,0.008610064893194606,0.0011496667120339946
0.9,buchwald-hartwig,bh_reaction_3,10,40,pilot_summary__pooled,not_yet_hit,15,3.384896788151938e-05,0.00539228934900014,1.0,0.9946247190345358,2.889364545768145e-05,4.955322423837942e-06
0.9,buchwald-hartwig,bh_reaction_4,5,20,pilot_summary__pooled,all,50,0.018711477022675692,0.0779722188134047,0.98,0.977629751745134,5.618076789695187e-06,0.018705858945886
0.9,buchwald-hartwig,bh_reaction_4,5,20,pilot_summary__pooled,not_yet_hit,29,0.032261167279751195,0.13443413588481842,0.9655172413793104,0.9614313305950586,1.6694666936863974e-05,0.03224447261281433
0.9,buchwald-hartwig,bh_reaction_4,5,40,pilot_summary__pooled,all,50,3.396519466209774e-06,0.0012250250654056486,1.0,0.9987766770632284,1.4965190076314766e-06,1.9000004585782973e-06
0.9,buchwald-hartwig,bh_reaction_4,5,40,pilot_summary__pooled,not_yet_hit,29,5.8560673210513345e-06,0.0021113880434407524,1.0,0.9978915466607388,4.445575483842327e-06,1.4104918372090067e-06
0.9,buchwald-hartwig,bh_reaction_4,10,20,pilot_summary__pooled,all,50,0.018032530840349403,0.060174325364248805,0.98,0.9851015593786557,2.6025908093949957e-05,0.01800650493225546
0.9,buchwald-hartwig,bh_reaction_4,10,40,pilot_summary__pooled,all,50,7.848097507616842e-06,0.0008987199888232736,1.0,0.999105235357018,8.006037663310795e-07,7.047493741285765e-06
0.9,buchwald-hartwig,bh_reaction_4,10,20,pilot_summary__pooled,not_yet_hit,7,0.12880379171063863,0.4298104668844197,0.8571428571428571,0.8935887098475409,0.0013283001793715048,0.1274754915312671
0.9,buchwald-hartwig,bh_reaction_4,10,40,pilot_summary__pooled,not_yet_hit,7,5.605783319726317e-05,0.006413285631380347,1.0,0.9936149668358416,4.0768648507403357e-05,1.5289184689859806e-05
0.9,buchwald-hartwig,bh_reaction_5,5,20,pilot_summary__pooled,all,50,0.00149625893224697,0.026622358907506666,1.0,0.9741701615617444,0.0006671805537463844,0.0008290783785005855
0.9,buchwald-hartwig,bh_reaction_5,5,40,pilot_summary__pooled,all,50,4.797216202617216e-06,0.001427757229179877,1.0,0.9985746494340861,2.0316242357509134e-06,2.765591966866303e-06
0.9,buchwald-hartwig,bh_reaction_5,10,20,pilot_summary__pooled,all,50,0.0010759420898626734,0.012292475719604323,1.0,0.9882841173693028,0.00013726190581627348,0.0009386801840463999
0.9,buchwald-hartwig,bh_reaction_5,10,40,pilot_summary__pooled,all,50,3.5593845944901496e-06,0.0006712142314532057,1.0,0.9993305723838799,4.481333332240581e-07,3.1112512612660915e-06
0.9,buchwald-hartwig,bh_reaction_5,5,20,pilot_summary__pooled,not_yet_hit,32,0.002337904581073391,0.04159687329269789,1.0,0.9596414399402258,0.0016288133700984092,0.0007090912109749816
0.9,buchwald-hartwig,bh_reaction_5,5,40,pilot_summary__pooled,not_yet_hit,32,7.4956497540894e-06,0.0022303081703122915,1.0,0.9977734522407595,4.957514924178285e-06,2.538134829911115e-06
0.9,buchwald-hartwig,bh_reaction_5,10,20,pilot_summary__pooled,not_yet_hit,7,0.007685300635733381,0.08779725513695928,1.0,0.9163212669235913,0.007002130369272861,0.0006831702664605195
0.9,buchwald-hartwig,bh_reaction_5,10,40,pilot_summary__pooled,not_yet_hit,7,2.5424169532072492e-05,0.004788244507308434,1.0,0.9952245170277146,2.280523761858667e-05,2.618931913485826e-06
0.9,buchwald-hartwig,bh_reaction_1,5,20,pilot_summary__separate,all,50,0.036796981249979294,0.14167864624870002,0.96,0.980415978573591,0.0004168121811173238,0.03638016906886197
0.9,buchwald-hartwig,bh_reaction_1,10,20,pilot_summary__separate,all,50,0.03319099546295264,0.10023112297846241,0.96,0.9897279381680018,0.0008837503077205365,0.03230724515523211
0.9,buchwald-hartwig,bh_reaction_1,5,20,pilot_summary__separate,not_yet_hit,27,0.06814255786948016,0.26236701157124065,0.9259259259259259,0.9637341455066498,0.0014294614678642397,0.06671309640161592
0.9,buchwald-hartwig,bh_reaction_1,10,20,pilot_summary__separate,not_yet_hit,6,0.2765916288506054,0.835252024816853,0.6666666666666666,0.9144068180666817,0.06137518261570237,0.21521644623490302
0.9,buchwald-hartwig,bh_reaction_2,5,20,pilot_summary__separate,all,50,0.0008527852971552248,0.01927281798317841,1.0,0.9811738242936382,0.0003544248917268098,0.0004983604054284149
0.9,buchwald-hartwig,bh_reaction_2,10,20,pilot_summary__separate,all,50,0.0014060159945051037,0.01862468147759583,1.0,0.982120011048802,0.0003196940048949636,0.0010863219896101394
0.9,buchwald-hartwig,bh_reaction_2,5,20,pilot_summary__separate,not_yet_hit,30,0.0014213088279253743,0.032120696638297336,1.0,0.9686237071560636,0.0009844717526284563,0.0004368370752969182
0.9,buchwald-hartwig,bh_reaction_2,10,20,pilot_summary__separate,not_yet_hit,12,0.00585839997393793,0.07759967282173252,1.0,0.9255032127033416,0.005549771317523558,0.00030862865641437086
0.9,buchwald-hartwig,bh_reaction_3,5,20,pilot_summary__separate,all,50,0.0028800873202375265,0.03218999017375725,1.0,0.9694122380941088,0.0009356111784114919,0.0019444761418260343
0.9,buchwald-hartwig,bh_reaction_3,5,20,pilot_summary__separate,not_yet_hit,29,0.004965667792788838,0.05549925891990904,1.0,0.9472632036105324,0.002781169693424168,0.00218449809936467
0.9,buchwald-hartwig,bh_reaction_3,10,20,pilot_summary__separate,all,50,0.0033237942005951626,0.0313964447608286,1.0,0.9704256048935537,0.0008746448459122068,0.0024491493546829556
0.9,buchwald-hartwig,bh_reaction_3,10,20,pilot_summary__separate,not_yet_hit,15,0.011079313999650542,0.1046524825349286,1.0,0.9014210163118451,0.009717816024989513,0.001361497974661025
0.9,buchwald-hartwig,bh_reaction_4,5,20,pilot_summary__separate,all,50,0.018708699795571163,0.0780559334421513,0.98,0.976469805404467,1.2462273882329968e-05,0.01869623752168883
0.9,buchwald-hartwig,bh_reaction_4,5,20,pilot_summary__separate,not_yet_hit,29,0.03225637895715718,0.13457847145162286,0.9655172413793104,0.9594314231111502,3.7037183993072634e-05,0.03221934177316411
0.9,buchwald-hartwig,bh_reaction_4,10,20,pilot_summary__separate,all,50,0.018063191563654074,0.059954014020813705,0.98,0.9841412040834756,1.7149571260993975e-05,0.018046041992393083
0.9,buchwald-hartwig,bh_reaction_4,10,20,pilot_summary__separate,not_yet_hit,7,0.12902279687710055,0.4282368144313119,0.8571428571428571,0.8867290291676821,0.0008753415750825387,0.12814745530201802
0.9,buchwald-hartwig,bh_reaction_5,5,20,pilot_summary__separate,all,50,0.0016908599891384969,0.028174045139202616,1.0,0.9727259566664499,0.0007438734397603638,0.0009469865493781331
0.9,buchwald-hartwig,bh_reaction_5,10,20,pilot_summary__separate,all,50,0.001211257356644937,0.013072304456842638,1.0,0.9875798018130318,0.0001542613230035682,0.0010569960336413687
0.9,buchwald-hartwig,bh_reaction_5,5,20,pilot_summary__separate,not_yet_hit,32,0.0026419687324664015,0.04402138302972282,1.0,0.9573848697913281,0.001816049322702058,0.0008259194097643429
0.9,buchwald-hartwig,bh_reaction_5,10,20,pilot_summary__separate,not_yet_hit,7,0.008651838255606694,0.09336746040294723,1.0,0.911290441521656,0.007869385765422756,0.0007824524901839387
0.9,buchwald-hartwig,bh_reaction_1,5,40,pilot_summary__separate,all,50,1.0000000000575112e-12,1.0000005000290893e-06,1.0,0.9999990000000001,1.0000000000575112e-12,0.0
0.9,buchwald-hartwig,bh_reaction_1,10,40,pilot_summary__separate,all,50,1.0000000000575112e-12,1.0000005000290893e-06,1.0,0.9999990000000001,1.0000000000575112e-12,0.0
0.9,buchwald-hartwig,bh_reaction_1,5,40,pilot_summary__separate,not_yet_hit,27,1.0000000000575112e-12,1.000000500029089e-06,1.0,0.9999989999999999,1.0000000000575112e-12,0.0
0.9,buchwald-hartwig,bh_reaction_1,10,40,pilot_summary__separate,not_yet_hit,6,1.0000000000575112e-12,1.000000500029089e-06,1.0,0.999999,1.0000000000575112e-12,0.0
0.9,buchwald-hartwig,bh_reaction_2,5,40,pilot_summary__separate,all,50,1.0000000000575112e-12,1.0000005000290893e-06,1.0,0.9999990000000001,1.0000000000575112e-12,0.0
0.9,buchwald-hartwig,bh_reaction_2,10,40,pilot_summary__separate,all,50,1.0000000000575112e-12,1.0000005000290893e-06,1.0,0.9999990000000001,1.0000000000575112e-12,0.0
0.9,buchwald-hartwig,bh_reaction_2,5,40,pilot_summary__separate,not_yet_hit,30,1.0000000000575112e-12,1.000000500029089e-06,1.0,0.9999989999999997,1.0000000000575112e-12,0.0
0.9,buchwald-hartwig,bh_reaction_2,10,40,pilot_summary__separate,not_yet_hit,12,1.0000000000575112e-12,1.000000500029089e-06,1.0,0.9999990000000002,1.0000000000575112e-12,0.0
0.9,buchwald-hartwig,bh_reaction_3,5,40,pilot_summary__separate,all,50,1.0000000000575112e-12,1.0000005000290893e-06,1.0,0.9999990000000001,1.0000000000575112e-12,0.0
0.9,buchwald-hartwig,bh_reaction_3,5,40,pilot_summary__separate,not_yet_hit,29,1.0000000000575112e-12,1.000000500029089e-06,1.0,0.9999989999999999,1.0000000000575112e-12,0.0
0.9,buchwald-hartwig,bh_reaction_3,10,40,pilot_summary__separate,all,50,1.0000000000575112e-12,1.0000005000290893e-06,1.0,0.9999990000000001,1.0000000000575112e-12,0.0
0.9,buchwald-hartwig,bh_reaction_3,10,40,pilot_summary__separate,not_yet_hit,15,1.0000000000575112e-12,1.000000500029089e-06,1.0,0.9999990000000003,1.0000000000575112e-12,0.0
0.9,buchwald-hartwig,bh_reaction_4,5,40,pilot_summary__separate,all,50,1.0000000000575112e-12,1.0000005000290893e-06,1.0,0.9999990000000001,1.0000000000575112e-12,0.0
0.9,buchwald-hartwig,bh_reaction_4,5,40,pilot_summary__separate,not_yet_hit,29,1.0000000000575112e-12,1.000000500029089e-06,1.0,0.9999989999999999,1.0000000000575112e-12,0.0
0.9,buchwald-hartwig,bh_reaction_4,10,40,pilot_summary__separate,all,50,1.0000000000575112e-12,1.0000005000290893e-06,1.0,0.9999990000000001,1.0000000000575112e-12,0.0
0.9,buchwald-hartwig,bh_reaction_4,10,40,pilot_summary__separate,not_yet_hit,7,1.0000000000575112e-12,1.000000500029089e-06,1.0,0.999999,1.0000000000575112e-12,0.0
0.9,buchwald-hartwig,bh_reaction_5,5,40,pilot_summary__separate,all,50,1.0000000000575112e-12,1.0000005000290893e-06,1.0,0.9999990000000001,1.0000000000575112e-12,0.0
0.9,buchwald-hartwig,bh_reaction_5,10,40,pilot_summary__separate,all,50,1.0000000000575112e-12,1.0000005000290893e-06,1.0,0.9999990000000001,1.0000000000575112e-12,0.0
0.9,buchwald-hartwig,bh_reaction_5,5,40,pilot_summary__separate,not_yet_hit,32,1.0000000000575112e-12,1.000000500029089e-06,1.0,0.999999,1.0000000000575112e-12,0.0
0.9,buchwald-hartwig,bh_reaction_5,10,40,pilot_summary__separate,not_yet_hit,7,1.0000000000575112e-12,1.000000500029089e-06,1.0,0.999999,1.0000000000575112e-12,0.0
0.9,buchwald-hartwig,bh_reaction_1,5,20,pilot_summary__separate_matched_penalty,all,50,0.03661413038136549,0.13828056970158162,0.96,0.9804953462564427,0.00042005921817147614,0.03619407116319402
0.9,buchwald-hartwig,bh_reaction_1,10,20,pilot_summary__separate_matched_penalty,all,50,0.03216731312814013,0.09481722450610881,0.96,0.9892910898694671,0.0008579679457411958,0.031309345182398945
0.9,buchwald-hartwig,bh_reaction_1,5,20,pilot_summary__separate_matched_penalty,not_yet_hit,27,0.06780394514982498,0.25607427722472514,0.9259259259259259,0.9638811226971158,0.0014405969619397541,0.06636334818788521
0.9,buchwald-hartwig,bh_reaction_1,10,20,pilot_summary__separate_matched_penalty,not_yet_hit,6,0.2680609427271678,0.7901362042139063,0.6666666666666666,0.9107664155788924,0.05958468741901164,0.20847625530815617
0.9,buchwald-hartwig,bh_reaction_2,5,20,pilot_summary__separate_matched_penalty,all,50,0.0008386522300791965,0.01862609727815284,1.0,0.9818125615551813,0.00033078291718407023,0.0005078693128951262
0.9,buchwald-hartwig,bh_reaction_2,10,20,pilot_summary__separate_matched_penalty,all,50,0.0014647438643024756,0.01872421041790525,1.0,0.9820547020760361,0.00032203371757982694,0.0011427101467226485
0.9,buchwald-hartwig,bh_reaction_2,5,20,pilot_summary__separate_matched_penalty,not_yet_hit,30,0.001397753716131994,0.03104282879658804,1.0,0.9696882692586353,0.0009188010205369832,0.00047895269559501084
0.9,buchwald-hartwig,bh_reaction_2,10,20,pilot_summary__separate_matched_penalty,not_yet_hit,12,0.0061030994314269825,0.07801437673968843,1.0,0.9252310919834833,0.005590389605982323,0.0005127098254446586
0.9,buchwald-hartwig,bh_reaction_3,5,20,pilot_summary__separate_matched_penalty,all,50,0.0030706789651004825,0.03210114446718887,1.0,0.96962452459971,0.0009226695057936237,0.0021480094593068592
0.9,buchwald-hartwig,bh_reaction_3,5,20,pilot_summary__separate_matched_penalty,not_yet_hit,29,0.005294274077035314,0.055346076667204924,1.0,0.9476292148270863,0.002742699139627485,0.0025515749374078276
0.9,buchwald-hartwig,bh_reaction_3,10,20,pilot_summary__separate_matched_penalty,all,50,0.0033784926057490515,0.03183133562379355,1.0,0.9700142173024208,0.0008991471639864546,0.002479345441762597
0.9,buchwald-hartwig,bh_reaction_3,10,20,pilot_summary__separate_matched_penalty,not_yet_hit,15,0.011261642016830171,0.10610211874481175,1.0,0.900049724341402,0.00999005760422974,0.0012715844126004318
0.9,buchwald-hartwig,bh_reaction_4,5,20,pilot_summary__separate_matched_penalty,all,50,0.018604138624600433,0.07674462438097845,0.98,0.9769860726392601,9.083758135817535e-06,0.018595054866464615
0.9,buchwald-hartwig,bh_reaction_4,5,20,pilot_summary__separate_matched_penalty,not_yet_hit,29,0.03207610107617316,0.13231759375994556,0.9655172413793104,0.9603215390332068,2.699532286930571e-05,0.03204910575330386
0.9,buchwald-hartwig,bh_reaction_4,10,20,pilot_summary__separate_matched_penalty,all,50,0.018194685572852344,0.06022694554611149,0.98,0.9841170063584405,1.6949741355437356e-05,0.018177735831496906
0.9,buchwald-hartwig,bh_reaction_4,10,20,pilot_summary__separate_matched_penalty,not_yet_hit,7,0.12996203979994533,0.43018632532629614,0.8571428571428571,0.8865561882745734,0.0008651440482639832,0.12909689575168135
0.9,buchwald-hartwig,bh_reaction_5,5,20,pilot_summary__separate_matched_penalty,all,50,0.0015886826164325887,0.02670449195823445,1.0,0.9741425667865152,0.0006686068523898358,0.000920075764042753
0.9,buchwald-hartwig,bh_reaction_5,10,20,pilot_summary__separate_matched_penalty,all,50,0.001289105279728469,0.013294224254525793,1.0,0.9874035994218733,0.0001586693075246378,0.001130435972203831
0.9,buchwald-hartwig,bh_reaction_5,5,20,pilot_summary__separate_matched_penalty,not_yet_hit,32,0.0024823165876134198,0.04172520618446006,1.0,0.9595983231039298,0.001632295496014456,0.0008500210915989633
0.9,buchwald-hartwig,bh_reaction_5,10,20,pilot_summary__separate_matched_penalty,not_yet_hit,7,0.009207894849060492,0.09495260181496978,1.0,0.9100318530133789,0.008094267472206264,0.0011136273768542263
0.9,buchwald-hartwig,bh_reaction_1,5,40,pilot_summary__separate_matched_penalty,all,50,1.0000000000575112e-12,1.0000005000290893e-06,1.0,0.9999990000000001,1.0000000000575112e-12,0.0
0.9,buchwald-hartwig,bh_reaction_1,10,40,pilot_summary__separate_matched_penalty,all,50,1.0000000000575112e-12,1.0000005000290893e-06,1.0,0.9999990000000001,1.0000000000575112e-12,0.0
0.9,buchwald-hartwig,bh_reaction_1,5,40,pilot_summary__separate_matched_penalty,not_yet_hit,27,1.0000000000575112e-12,1.000000500029089e-06,1.0,0.9999989999999999,1.0000000000575112e-12,0.0
0.9,buchwald-hartwig,bh_reaction_1,10,40,pilot_summary__separate_matched_penalty,not_yet_hit,6,1.0000000000575112e-12,1.000000500029089e-06,1.0,0.999999,1.0000000000575112e-12,0.0
0.9,buchwald-hartwig,bh_reaction_2,5,40,pilot_summary__separate_matched_penalty,all,50,1.0000000000575112e-12,1.0000005000290893e-06,1.0,0.9999990000000001,1.0000000000575112e-12,0.0
0.9,buchwald-hartwig,bh_reaction_2,10,40,pilot_summary__separate_matched_penalty,all,50,1.0000000000575112e-12,1.0000005000290893e-06,1.0,0.9999990000000001,1.0000000000575112e-12,0.0
0.9,buchwald-hartwig,bh_reaction_2,5,40,pilot_summary__separate_matched_penalty,not_yet_hit,30,1.0000000000575112e-12,1.000000500029089e-06,1.0,0.9999989999999997,1.0000000000575112e-12,0.0
0.9,buchwald-hartwig,bh_reaction_2,10,40,pilot_summary__separate_matched_penalty,not_yet_hit,12,1.0000000000575112e-12,1.000000500029089e-06,1.0,0.9999990000000002,1.0000000000575112e-12,0.0
0.9,buchwald-hartwig,bh_reaction_3,5,40,pilot_summary__separate_matched_penalty,all,50,1.0000000000575112e-12,1.0000005000290893e-06,1.0,0.9999990000000001,1.0000000000575112e-12,0.0
0.9,buchwald-hartwig,bh_reaction_3,5,40,pilot_summary__separate_matched_penalty,not_yet_hit,29,1.0000000000575112e-12,1.000000500029089e-06,1.0,0.9999989999999999,1.0000000000575112e-12,0.0
0.9,buchwald-hartwig,bh_reaction_3,10,40,pilot_summary__separate_matched_penalty,all,50,1.0000000000575112e-12,1.0000005000290893e-06,1.0,0.9999990000000001,1.0000000000575112e-12,0.0
0.9,buchwald-hartwig,bh_reaction_3,10,40,pilot_summary__separate_matched_penalty,not_yet_hit,15,1.0000000000575112e-12,1.000000500029089e-06,1.0,0.9999990000000003,1.0000000000575112e-12,0.0
0.9,buchwald-hartwig,bh_reaction_4,5,40,pilot_summary__separate_matched_penalty,all,50,1.0000000000575112e-12,1.0000005000290893e-06,1.0,0.9999990000000001,1.0000000000575112e-12,0.0
0.9,buchwald-hartwig,bh_reaction_4,5,40,pilot_summary__separate_matched_penalty,not_yet_hit,29,1.0000000000575112e-12,1.000000500029089e-06,1.0,0.9999989999999999,1.0000000000575112e-12,0.0
0.9,buchwald-hartwig,bh_reaction_4,10,40,pilot_summary__separate_matched_penalty,all,50,1.0000000000575112e-12,1.0000005000290893e-06,1.0,0.9999990000000001,1.0000000000575112e-12,0.0
0.9,buchwald-hartwig,bh_reaction_4,10,40,pilot_summary__separate_matched_penalty,not_yet_hit,7,1.0000000000575112e-12,1.000000500029089e-06,1.0,0.999999,1.0000000000575112e-12,0.0
0.9,buchwald-hartwig,bh_reaction_5,5,40,pilot_summary__separate_matched_penalty,all,50,1.0000000000575112e-12,1.0000005000290893e-06,1.0,0.9999990000000001,1.0000000000575112e-12,0.0
0.9,buchwald-hartwig,bh_reaction_5,10,40,pilot_summary__separate_matched_penalty,all,50,1.0000000000575112e-12,1.0000005000290893e-06,1.0,0.9999990000000001,1.0000000000575112e-12,0.0
0.9,buchwald-hartwig,bh_reaction_5,5,40,pilot_summary__separate_matched_penalty,not_yet_hit,32,1.0000000000575112e-12,1.000000500029089e-06,1.0,0.999999,1.0000000000575112e-12,0.0
0.9,buchwald-hartwig,bh_reaction_5,10,40,pilot_summary__separate_matched_penalty,not_yet_hit,7,1.0000000000575112e-12,1.000000500029089e-06,1.0,0.999999,1.0000000000575112e-12,0.0
0.9,c2-yield,c2_yield_data,5,20,no_target__pooled,all,50,0.019306325490963738,0.08661975844298,0.98,0.9833969523372634,1.1539285181638848e-05,0.019294786205782108
0.9,c2-yield,c2_yield_data,5,20,no_target__pooled,not_yet_hit,28,0.034475581233078104,0.15467735436207145,0.9642857142857143,0.9703524863165418,3.6805722874029736e-05,0.03443877551020409
0.9,c2-yield,c2_yield_data,5,40,no_target__pooled,all,50,9.204563806942267e-07,0.0007188527977648945,1.0,0.9992816078241634,5.160873183035214e-07,4.043690623907051e-07
0.9,c2-yield,c2_yield_data,5,40,no_target__pooled,not_yet_hit,28,1.643671322668262e-06,0.00128287999561586,1.0,0.9987179425431486,1.6436713226682618e-06,0.0
0.9,c2-yield,c2_yield_data,10,20,no_target__pooled,all,50,0.017919644543131184,0.06364029648769658,0.98,0.9850524974861683,2.5527730847736515e-05,0.017894116812283447
0.9,c2-yield,c2_yield_data,10,20,no_target__pooled,not_yet_hit,9,0.0995535807906177,0.35355264715159185,0.8888888888888888,0.9169628749231572,0.000788148691852286,0.09876543209876543
0.9,c2-yield,c2_yield_data,10,40,no_target__pooled,all,50,2.5859910310925054e-06,0.0006843759279322552,1.0,0.9993169203441529,4.6659781623227256e-07,2.1193932148602333e-06
0.9,c2-yield,c2_yield_data,10,40,no_target__pooled,not_yet_hit,9,1.4366612283847256e-05,0.0037975329306790626,1.0,0.996209668578627,1.4366612283847256e-05,0.0
0.9,c2-yield,c2_yield_data,5,20,no_target__separate,all,50,0.019298517809505367,0.08648672374214796,0.98,0.9826772405404318,7.1676169113311524e-06,0.019291350192594033
0.9,c2-yield,c2_yield_data,5,20,no_target__separate,not_yet_hit,28,0.034461638944759586,0.15443979239629987,0.9642857142857143,0.9690672866793422,2.2863434555506377e-05,0.03443877551020409
0.9,c2-yield,c2_yield_data,10,20,no_target__separate,all,50,0.017884003804776717,0.06341084608111222,0.98,0.984371900516133,1.9113514122963377e-05,0.01786489029065376
0.9,c2-yield,c2_yield_data,10,20,no_target__separate,not_yet_hit,9,0.09935557668864844,0.3522779226705677,0.8888888888888888,0.9131817806451831,0.0005901445898830259,0.09876543209876543
0.9,c2-yield,c2_yield_data,5,40,no_target__separate,all,50,1.0000000000575112e-12,1.0000005000290893e-06,1.0,0.9999990000000001,1.0000000000575112e-12,0.0
0.9,c2-yield,c2_yield_data,5,40,no_target__separate,not_yet_hit,28,1.0000000000575112e-12,1.000000500029089e-06,1.0,0.9999989999999999,1.0000000000575112e-12,0.0
0.9,c2-yield,c2_yield_data,10,40,no_target__separate,all,50,1.0000000000575112e-12,1.0000005000290893e-06,1.0,0.9999990000000001,1.0000000000575112e-12,0.0
0.9,c2-yield,c2_yield_data,10,40,no_target__separate,not_yet_hit,9,1.0000000000575112e-12,1.000000500029089e-06,1.0,0.999999,1.0000000000575112e-12,0.0
0.9,c2-yield,c2_yield_data,5,20,no_target__separate_matched_penalty,all,50,0.019300416302135318,0.08651856358099266,0.98,0.9828689029473279,8.230604121185759e-06,0.019292185698014136
0.9,c2-yield,c2_yield_data,5,20,no_target__separate_matched_penalty,not_yet_hit,28,0.03446502911017022,0.15449664925137976,0.9642857142857143,0.9694095409773709,2.625359996613354e-05,0.03443877551020409
0.9,c2-yield,c2_yield_data,10,20,no_target__separate_matched_penalty,all,50,0.017875386938832803,0.06335678289537745,0.98,0.9841907964951372,1.756277526365295e-05,0.01785782416356915
0.9,c2-yield,c2_yield_data,10,20,no_target__separate_matched_penalty,not_yet_hit,9,0.09930770521118226,0.3519775716387078,0.8888888888888888,0.9121756471952059,0.0005422731124168263,0.09876543209876543
0.9,c2-yield,c2_yield_data,5,40,no_target__separate_matched_penalty,all,50,1.0000000000575112e-12,1.0000005000290893e-06,1.0,0.9999990000000001,1.0000000000575112e-12,0.0
0.9,c2-yield,c2_yield_data,5,40,no_target__separate_matched_penalty,not_yet_hit,28,1.0000000000575112e-12,1.000000500029089e-06,1.0,0.9999989999999999,1.0000000000575112e-12,0.0
0.9,c2-yield,c2_yield_data,10,40,no_target__separate_matched_penalty,all,50,1.0000000000575112e-12,1.0000005000290893e-06,1.0,0.9999990000000001,1.0000000000575112e-12,0.0
0.9,c2-yield,c2_yield_data,10,40,no_target__separate_matched_penalty,not_yet_hit,9,1.0000000000575112e-12,1.000000500029089e-06,1.0,0.999999,1.0000000000575112e-12,0.0
0.9,c2-yield,c2_yield_data,5,20,best__pooled,all,50,0.01971202724059239,0.09718422224082816,0.98,0.990831359184042,0.00011731834177372735,0.019594708898818668
0.9,c2-yield,c2_yield_data,5,20,best__pooled,not_yet_hit,28,0.03520004864312927,0.1735424682868003,0.9642857142857143,0.9836282128286461,0.0003741322498833215,0.034825916393245955
0.9,c2-yield,c2_yield_data,5,40,best__pooled,all,50,3.1534487203255027e-07,0.0003620385341443801,1.0,0.9996381192705631,1.3095766233777542e-07,1.8438720969477495e-07
0.9,c2-yield,c2_yield_data,5,40,best__pooled,not_yet_hit,28,5.631150572009826e-07,0.0006457116677220846,1.0,0.9993545701260054,4.1657972224445724e-07,1.4653533495652535e-07
0.9,c2-yield,c2_yield_data,10,20,best__pooled,all,50,0.01863759939609855,0.07019254299097147,0.98,0.9917442357818467,0.00013792707409960352,0.01849967232199894
0.9,c2-yield,c2_yield_data,10,20,best__pooled,not_yet_hit,9,0.10354221886265863,0.3899540166142301,0.8888888888888888,0.9541391987880363,0.004257602941934763,0.09928461592072384
0.9,c2-yield,c2_yield_data,10,40,best__pooled,all,50,6.267923255547412e-07,0.00033461734227185165,1.0,0.9996656964529228,1.1175886158845512e-07,5.150334639662859e-07
0.9,c2-yield,c2_yield_data,10,40,best__pooled,not_yet_hit,9,3.482175030859672e-06,0.0018544296770101544,1.0,0.9981473136273485,3.4324467954084155e-06,4.9728235451256855e-08
0.9,c2-yield,c2_yield_data,5,20,best__separate,all,50,0.019716174215781614,0.09704498061795105,0.98,0.9905753440903502,0.00011183790262930299,0.019604336313152313
0.9,c2-yield,c2_yield_data,5,20,best__separate,not_yet_hit,28,0.035207453955967166,0.17329382253166253,0.9642857142857143,0.9831710430184823,0.00035665564134471545,0.03485079831462246
0.9,c2-yield,c2_yield_data,10,20,best__separate,all,50,0.018598772992193754,0.06971159920638355,0.98,0.9913949807289731,0.0001298455858136657,0.018468927406380085
0.9,c2-yield,c2_yield_data,10,20,best__separate,not_yet_hit,9,0.10332651661874309,0.38728210669985286,0.8888888888888888,0.9521988929387388,0.004008156612792029,0.09931836000595104
0.9,c2-yield,c2_yield_data,5,40,best__separate,all,50,1.0000000000575112e-12,1.0000005000290893e-06,1.0,0.9999990000000001,1.0000000000575112e-12,0.0
0.9,c2-yield,c2_yield_data,5,40,best__separate,not_yet_hit,28,1.0000000000575112e-12,1.000000500029089e-06,1.0,0.9999989999999999,1.0000000000575112e-12,0.0
0.9,c2-yield,c2_yield_data,10,40,best__separate,all,50,1.0000000000575112e-12,1.0000005000290893e-06,1.0,0.9999990000000001,1.0000000000575112e-12,0.0
0.9,c2-yield,c2_yield_data,10,40,best__separate,not_yet_hit,9,1.0000000000575112e-12,1.000000500029089e-06,1.0,0.999999,1.0000000000575112e-12,0.0
0.9,c2-yield,c2_yield_data,5,20,best__separate_matched_penalty,all,50,0.01972442870473131,0.09750625802023669,0.98,0.9908431101881868,0.0001175730385531581,0.019606855666178157
0.9,c2-yield,c2_yield_data,5,20,best__separate_matched_penalty,not_yet_hit,28,0.03522219411480591,0.17411753217860124,0.9642857142857143,0.9836491967646189,0.00037494445371085463,0.03484724966109507
0.9,c2-yield,c2_yield_data,10,20,best__separate_matched_penalty,all,50,0.018596865599586832,0.06968535412485183,0.98,0.9913616765583552,0.00012908769421667645,0.018467777905370155
0.9,c2-yield,c2_yield_data,10,20,best__separate_matched_penalty,not_yet_hit,9,0.1033159199931491,0.3871363006913432,0.8888888888888888,0.9520138697686397,0.003984763211068911,0.09933115678208017
0.9,c2-yield,c2_yield_data,5,40,best__separate_matched_penalty,all,50,1.0000000000575112e-12,1.0000005000290893e-06,1.0,0.9999990000000001,1.0000000000575112e-12,0.0
0.9,c2-yield,c2_yield_data,5,40,best__separate_matched_penalty,not_yet_hit,28,1.0000000000575112e-12,1.000000500029089e-06,1.0,0.9999989999999999,1.0000000000575112e-12,0.0
0.9,c2-yield,c2_yield_data,10,40,best__separate_matched_penalty,all,50,1.0000000000575112e-12,1.0000005000290893e-06,1.0,0.9999990000000001,1.0000000000575112e-12,0.0
0.9,c2-yield,c2_yield_data,10,40,best__separate_matched_penalty,not_yet_hit,9,1.0000000000575112e-12,1.000000500029089e-06,1.0,0.999999,1.0000000000575112e-12,0.0
0.9,c2-yield,c2_yield_data,5,20,pilot_summary__pooled,all,50,0.019802998400820625,0.10654609634939444,0.98,0.9951577710116422,0.00022975802204137935,0.019573240378779253
0.9,c2-yield,c2_yield_data,5,20,pilot_summary__pooled,not_yet_hit,28,0.03536249714353684,0.19026010062352575,0.9642857142857143,0.9913539482350753,0.0007326892891373405,0.0346298078543995
0.9,c2-yield,c2_yield_data,5,40,pilot_summary__pooled,all,50,7.500449739805712e-08,0.00018894036253518914,1.0,0.9998110971519142,3.568428601497345e-08,3.9320211383083655e-08
0.9,c2-yield,c2_yield_data,5,40,pilot_summary__pooled,not_yet_hit,28,1.3393581678224476e-07,0.0003366077898485291,1.0,0.9996634591998467,1.1325971016789882e-07,2.0676106614345966e-08
0.9,c2-yield,c2_yield_data,10,20,pilot_summary__pooled,all,50,0.019055748384711194,0.07649750339455824,0.98,0.994886883571428,0.0002216193024692468,0.018834129082241958
0.9,c2-yield,c2_yield_data,10,20,pilot_summary__pooled,not_yet_hit,9,0.10586526879939553,0.42498157441193435,0.8888888888888888,0.9715983531745991,0.0068408554824291555,0.09902441331696638
0.9,c2-yield,c2_yield_data,10,40,pilot_summary__pooled,all,50,2.4740768636647694e-07,0.00020396156164598247,1.0,0.9997961622499258,4.154982835534213e-08,2.0585785801113483e-07
0.9,c2-yield,c2_yield_data,10,40,pilot_summary__pooled,not_yet_hit,9,1.3744825909248716e-06,0.001128564229088659,1.0,0.9988721236106985,1.2721051495435417e-06,1.0237744138133004e-07
0.9,c2-yield,c2_yield_data,5,20,pilot_summary__separate,all,50,0.01980023226224177,0.10618965901839433,0.98,0.9949999695524687,0.00022499908657498539,0.019575233175666788
0.9,c2-yield,c2_yield_data,5,20,pilot_summary__separate,not_yet_hit,28,0.035357557610360316,0.189623605389597,0.9642857142857143,0.9910721599151225,0.0007175136694572448,0.03464004394090307
0.9,c2-yield,c2_yield_data,10,20,pilot_summary__separate,all,50,0.019020579722131822,0.07582522917827873,0.98,0.994645751580435,0.00021449803935581045,0.018806081682776015
0.9,c2-yield,c2_yield_data,10,20,pilot_summary__separate,not_yet_hit,9,0.10566988734062126,0.421246717654826,0.8888888888888888,0.9702587310024161,0.006621051205580342,0.09904883613504091
0.9,c2-yield,c2_yield_data,5,40,pilot_summary__separate,all,50,1.0000000000575112e-12,1.0000005000290893e-06,1.0,0.9999990000000001,1.0000000000575112e-12,0.0
0.9,c2-yield,c2_yield_data,5,40,pilot_summary__separate,not_yet_hit,28,1.0000000000575112e-12,1.000000500029089e-06,1.0,0.9999989999999999,1.0000000000575112e-12,0.0
0.9,c2-yield,c2_yield_data,10,40,pilot_summary__separate,all,50,1.0000000000575112e-12,1.0000005000290893e-06,1.0,0.9999990000000001,1.0000000000575112e-12,0.0
0.9,c2-yield,c2_yield_data,10,40,pilot_summary__separate,not_yet_hit,9,1.0000000000575112e-12,1.000000500029089e-06,1.0,0.999999,1.0000000000575112e-12,0.0
0.9,c2-yield,c2_yield_data,5,20,pilot_summary__separate_matched_penalty,all,50,0.019829230804871742,0.10928000966244034,0.98,0.9959432624312388,0.00025418761695134283,0.019575043187920402
0.9,c2-yield,c2_yield_data,5,20,pilot_summary__separate_matched_penalty,not_yet_hit,28,0.03540934072219954,0.1951420886825362,0.9642857142857143,0.9927566114843545,0.0008105919872955443,0.034598748734904
0.9,c2-yield,c2_yield_data,10,20,pilot_summary__separate_matched_penalty,all,50,0.019091434063060787,0.07717464428506558,0.98,0.9953085040939271,0.00023435029759377797,0.018857083765467023
0.9,c2-yield,c2_yield_data,10,20,pilot_summary__separate_matched_penalty,not_yet_hit,9,0.10606352256800439,0.4287434682480863,0.8888888888888888,0.9739406894107054,0.007233808772002861,0.09882971379600153
0.9,c2-yield,c2_yield_data,5,40,pilot_summary__separate_matched_penalty,all,50,1.0000000000575112e-12,1.0000005000290893e-06,1.0,0.9999990000000001,1.0000000000575112e-12,0.0
0.9,c2-yield,c2_yield_data,5,40,pilot_summary__separate_matched_penalty,not_yet_hit,28,1.0000000000575112e-12,1.000000500029089e-06,1.0,0.9999989999999999,1.0000000000575112e-12,0.0
0.9,c2-yield,c2_yield_data,10,40,pilot_summary__separate_matched_penalty,all,50,1.0000000000575112e-12,1.0000005000290893e-06,1.0,0.9999990000000001,1.0000000000575112e-12,0.0
0.9,c2-yield,c2_yield_data,10,40,pilot_summary__separate_matched_penalty,not_yet_hit,9,1.0000000000575112e-12,1.000000500029089e-06,1.0,0.999999,1.0000000000575112e-12,0.0
0.9,suzuki-miyaura,suzuki_miyaura_data,5,20,no_target__pooled,all,50,0.03867625270575322,0.16854169365129765,0.96,0.9888479173713853,0.000832202336666271,0.037844050369086946
0.9,suzuki-miyaura,suzuki_miyaura_data,5,40,no_target__pooled,all,50,7.802511814623724e-07,0.0006735254055290569,1.0,0.9993268650219832,4.531106986297264e-07,3.2714048283264604e-07
0.9,suzuki-miyaura,suzuki_miyaura_data,10,20,no_target__pooled,all,50,0.036230993173627414,0.12587011830430403,0.96,0.9877628382445018,0.0007707751873903665,0.03546021798623704
0.9,suzuki-miyaura,suzuki_miyaura_data,10,40,no_target__pooled,all,50,2.658844587138828e-06,0.000766929899836889,1.0,0.9992344026116186,5.861393610964516e-07,2.072705226042377e-06
0.9,suzuki-miyaura,suzuki_miyaura_data,5,20,no_target__pooled,not_yet_hit,29,0.06668319431954002,0.29058840284670284,0.9310344827586207,0.9807729954679056,0.0024739196465317003,0.06420927467300831
0.9,suzuki-miyaura,suzuki_miyaura_data,5,40,no_target__pooled,not_yet_hit,29,1.3452599335558144e-06,0.0011605265608949041,1.0,0.998840146589626,1.3452599335558144e-06,0.0
0.9,suzuki-miyaura,suzuki_miyaura_data,10,20,no_target__pooled,not_yet_hit,11,0.16468633260385182,0.5721333559268816,0.8181818181818182,0.9443800829295533,0.015926002025339447,0.14876033057851237
0.9,suzuki-miyaura,suzuki_miyaura_data,10,40,no_target__pooled,not_yet_hit,11,1.2085653668812858e-05,0.003482499542940302,1.0,0.9965235573255389,1.2085653668812856e-05,0.0
0.9,suzuki-miyaura,suzuki_miyaura_data,5,20,no_target__separate,all,50,0.03860996098276363,0.1668338703716689,0.96,0.9881736349044562,0.0007937537037295833,0.03781620727903404
0.9,suzuki-miyaura,suzuki_miyaura_data,10,20,no_target__separate,all,50,0.036041068799313326,0.1241129193863587,0.96,0.9869998706528516,0.0007289930152707127,0.03531207578404263
0.9,suzuki-miyaura,suzuki_miyaura_data,5,20,no_target__separate,not_yet_hit,29,0.06656889824542003,0.28764387995079116,0.9310344827586207,0.9796104394904418,0.002359623572411724,0.06420927467300831
0.9,suzuki-miyaura,suzuki_miyaura_data,10,20,no_target__separate,not_yet_hit,11,0.1638230399933333,0.5641460881180395,0.8181818181818182,0.9409120484220526,0.015062709414820921,0.1487603305785124
0.9,suzuki-miyaura,suzuki_miyaura_data,5,40,no_target__separate,all,50,1.0000000000575112e-12,1.0000005000290893e-06,1.0,0.9999990000000001,1.0000000000575112e-12,0.0
0.9,suzuki-miyaura,suzuki_miyaura_data,10,40,no_target__separate,all,50,1.0000000000575112e-12,1.0000005000290893e-06,1.0,0.9999990000000001,1.0000000000575112e-12,0.0
0.9,suzuki-miyaura,suzuki_miyaura_data,5,40,no_target__separate,not_yet_hit,29,1.0000000000575112e-12,1.000000500029089e-06,1.0,0.9999989999999999,1.0000000000575112e-12,0.0
0.9,suzuki-miyaura,suzuki_miyaura_data,10,40,no_target__separate,not_yet_hit,11,1.0000000000575112e-12,1.000000500029089e-06,1.0,0.9999990000000001,1.0000000000575112e-12,0.0
0.9,suzuki-miyaura,suzuki_miyaura_data,5,20,no_target__separate_matched_penalty,all,50,0.03862907407851661,0.1673162553375099,0.96,0.9883696868960982,0.0008048391345826357,0.03782423494393397
0.9,suzuki-miyaura,suzuki_miyaura_data,10,20,no_target__separate_matched_penalty,all,50,0.0359845220481699,0.12360855950403854,0.96,0.986768509314918,0.0007165530909428442,0.03526796895722705
0.9,suzuki-miyaura,suzuki_miyaura_data,5,20,no_target__separate_matched_penalty,not_yet_hit,29,0.06660185185878725,0.2884755781677585,0.9310344827586207,0.9799484601656864,0.0023925771857789212,0.06420927467300831
0.9,suzuki-miyaura,suzuki_miyaura_data,10,20,no_target__separate_matched_penalty,not_yet_hit,11,0.1635660093063177,0.5618535431984022,0.8181818181818182,0.9398604059768995,0.01480567872780531,0.1487603305785124
0.9,suzuki-miyaura,suzuki_miyaura_data,5,40,no_target__separate_matched_penalty,all,50,1.0000000000575112e-12,1.0000005000290893e-06,1.0,0.9999990000000001,1.0000000000575112e-12,0.0
0.9,suzuki-miyaura,suzuki_miyaura_data,10,40,no_target__separate_matched_penalty,all,50,1.0000000000575112e-12,1.0000005000290893e-06,1.0,0.9999990000000001,1.0000000000575112e-12,0.0
0.9,suzuki-miyaura,suzuki_miyaura_data,5,40,no_target__separate_matched_penalty,not_yet_hit,29,1.0000000000575112e-12,1.000000500029089e-06,1.0,0.9999989999999999,1.0000000000575112e-12,0.0
0.9,suzuki-miyaura,suzuki_miyaura_data,10,40,no_target__separate_matched_penalty,not_yet_hit,11,1.0000000000575112e-12,1.000000500029089e-06,1.0,0.9999990000000001,1.0000000000575112e-12,0.0
0.9,suzuki-miyaura,suzuki_miyaura_data,5,20,best__pooled,all,50,0.03946387401856934,0.19889912605778007,0.96,0.9905568989564076,0.0009337240738320961,0.03853014994473724
0.9,suzuki-miyaura,suzuki_miyaura_data,5,40,best__pooled,all,50,6.323177368753479e-07,0.0005693636337530219,1.0,0.9994309527782917,3.2381474053392857e-07,3.0850299634141924e-07
0.9,suzuki-miyaura,suzuki_miyaura_data,10,20,best__pooled,all,50,0.038365816496816564,0.15538773059853195,0.96,0.9913739098168023,0.0009843222171928318,0.03738149427962374
0.9,suzuki-miyaura,suzuki_miyaura_data,10,40,best__pooled,all,50,1.4822079153966833e-06,0.0005344173344054043,1.0,0.9994663252481544,2.84808740757485e-07,1.1973991746391985e-06
0.9,suzuki-miyaura,suzuki_miyaura_data,5,20,best__pooled,not_yet_hit,29,0.06804116210025749,0.3429288035475345,0.9310344827586207,0.9837195154420818,0.0027757126688573754,0.06526544943140011
0.9,suzuki-miyaura,suzuki_miyaura_data,5,40,best__pooled,not_yet_hit,29,1.0902022704747378e-06,0.0009809372992120857,1.0,0.9990196082384342,9.61168006146492e-07,1.2903426432824564e-07
0.9,suzuki-miyaura,suzuki_miyaura_data,10,20,best__pooled,not_yet_hit,11,0.1743900749819844,0.706304320900645,0.8181818181818182,0.9607940446218278,0.020338247130176595,0.1540518278518078
0.9,suzuki-miyaura,suzuki_miyaura_data,10,40,best__pooled,not_yet_hit,11,6.737305160894015e-06,0.0024256242455244627,1.0,0.9975777511279744,5.867289598028551e-06,8.700155628654642e-07
0.9,suzuki-miyaura,suzuki_miyaura_data,5,20,best__separate,all,50,0.03944336270169555,0.19715325413786047,0.96,0.9899873741057539,0.0008992426057584347,0.038544120095937114
0.9,suzuki-miyaura,suzuki_miyaura_data,10,20,best__separate,all,50,0.0382889480422479,0.15345646214465633,0.96,0.9908342614633565,0.0009507516799906243,0.03733819636225728
0.9,suzuki-miyaura,suzuki_miyaura_data,5,20,best__separate,not_yet_hit,29,0.06800579776081991,0.33991867954767324,0.9310344827586207,0.9827375760444031,0.0026732098553183255,0.06533258790550157
0.9,suzuki-miyaura,suzuki_miyaura_data,10,20,best__separate,not_yet_hit,11,0.1740406729157632,0.697525827928483,0.8181818181818182,0.9583410975607108,0.019644623596010508,0.15439604931975268
0.9,suzuki-miyaura,suzuki_miyaura_data,5,40,best__separate,all,50,1.0000000000575112e-12,1.0000005000290893e-06,1.0,0.9999990000000001,1.0000000000575112e-12,0.0
0.9,suzuki-miyaura,suzuki_miyaura_data,10,40,best__separate,all,50,1.0000000000575112e-12,1.0000005000290893e-06,1.0,0.9999990000000001,1.0000000000575112e-12,0.0
0.9,suzuki-miyaura,suzuki_miyaura_data,5,40,best__separate,not_yet_hit,29,1.0000000000575112e-12,1.000000500029089e-06,1.0,0.9999989999999999,1.0000000000575112e-12,0.0
0.9,suzuki-miyaura,suzuki_miyaura_data,10,40,best__separate,not_yet_hit,11,1.0000000000575112e-12,1.000000500029089e-06,1.0,0.9999990000000001,1.0000000000575112e-12,0.0
0.9,suzuki-miyaura,suzuki_miyaura_data,5,20,best__separate_matched_penalty,all,50,0.03949886382284587,0.20052058847031476,0.96,0.9902473438389643,0.0009149018093125214,0.038583962013533354
0.9,suzuki-miyaura,suzuki_miyaura_data,10,20,best__separate_matched_penalty,all,50,0.0384055363703833,0.1557690776579124,0.96,0.9909234102115048,0.0009562572991089872,0.037449279071274315
0.9,suzuki-miyaura,suzuki_miyaura_data,5,20,best__separate_matched_penalty,not_yet_hit,29,0.06810148934901011,0.3457244283967321,0.9310344827586207,0.9831857997223518,0.002719759861051568,0.06538172948795856
0.9,suzuki-miyaura,suzuki_miyaura_data,10,20,best__separate_matched_penalty,not_yet_hit,11,0.1745706198618332,0.7080377166251016,0.8181818181818182,0.958746319143203,0.01975837893052312,0.15481224093131002
0.9,suzuki-miyaura,suzuki_miyaura_data,5,40,best__separate_matched_penalty,all,50,1.0000000000575112e-12,1.0000005000290893e-06,1.0,0.9999990000000001,1.0000000000575112e-12,0.0
0.9,suzuki-miyaura,suzuki_miyaura_data,10,40,best__separate_matched_penalty,all,50,1.0000000000575112e-12,1.0000005000290893e-06,1.0,0.9999990000000001,1.0000000000575112e-12,0.0
0.9,suzuki-miyaura,suzuki_miyaura_data,5,40,best__separate_matched_penalty,not_yet_hit,29,1.0000000000575112e-12,1.000000500029089e-06,1.0,0.9999989999999999,1.0000000000575112e-12,0.0
0.9,suzuki-miyaura,suzuki_miyaura_data,10,40,best__separate_matched_penalty,not_yet_hit,11,1.0000000000575112e-12,1.000000500029089e-06,1.0,0.9999990000000001,1.0000000000575112e-12,0.0
0.9,suzuki-miyaura,suzuki_miyaura_data,5,20,pilot_summary__pooled,all,50,0.039501305586337535,0.2052761573058129,0.96,0.9916489620666056,0.0010016567998934257,0.03849964878644411
0.9,suzuki-miyaura,suzuki_miyaura_data,5,40,pilot_summary__pooled,all,50,6.318133063245516e-07,0.0005008185663938382,1.0,0.9994994976823166,2.5050257000652393e-07,3.8131073631802745e-07
0.9,suzuki-miyaura,suzuki_miyaura_data,10,20,pilot_summary__pooled,all,50,0.03815019307443705,0.1541745842957021,0.96,0.9928084855530613,0.0010763967242854277,0.03707379635015162
0.9,suzuki-miyaura,suzuki_miyaura_data,10,40,pilot_summary__pooled,all,50,1.1607701286080725e-06,0.00044120653743363837,1.0,0.9995593750631713,1.941503349554599e-07,9.666197936526123e-07
0.9,suzuki-miyaura,suzuki_miyaura_data,5,20,pilot_summary__pooled,not_yet_hit,29,0.0681056992860647,0.35392368500966015,0.9310344827586207,0.9856023828734576,0.0029776557229428168,0.06512804356312189
0.9,suzuki-miyaura,suzuki_miyaura_data,5,40,pilot_summary__pooled,not_yet_hit,29,1.0893325626285368e-06,0.0008627561485928033,1.0,0.9991377891074422,7.434076232451183e-07,3.459249393834187e-07
0.9,suzuki-miyaura,suzuki_miyaura_data,10,20,pilot_summary__pooled,not_yet_hit,11,0.173409968516623,0.7007900195241457,0.8181818181818182,0.9673148434230058,0.02224065921758869,0.1511693092990343
0.9,suzuki-miyaura,suzuki_miyaura_data,10,40,pilot_summary__pooled,not_yet_hit,11,5.276224311854873e-06,0.002001938804743708,1.0,0.9980007048325962,3.997181166404693e-06,1.2790431454501811e-06
0.9,suzuki-miyaura,suzuki_miyaura_data,5,20,pilot_summary__separate,all,50,0.039483999019707505,0.20354047351502152,0.96,0.9911482288045018,0.0009702121576575921,0.038513786862049905
0.9,suzuki-miyaura,suzuki_miyaura_data,10,20,pilot_summary__separate,all,50,0.038055605439936496,0.15216923361964976,0.96,0.992356263668886,0.0010469277986104562,0.03700867764132604
0.9,suzuki-miyaura,suzuki_miyaura_data,5,20,pilot_summary__separate,not_yet_hit,29,0.06807586037808189,0.350931126749675,0.9310344827586207,0.9847390496629341,0.00288418050637987,0.06519167987170202
0.9,suzuki-miyaura,suzuki_miyaura_data,10,20,pilot_summary__separate,not_yet_hit,11,0.1729800247234386,0.6916747891784533,0.8181818181818182,0.9652592894040264,0.021631782541119443,0.15134824218231915
0.9,suzuki-miyaura,suzuki_miyaura_data,5,40,pilot_summary__separate,all,50,1.0000000000575112e-12,1.0000005000290893e-06,1.0,0.9999990000000001,1.0000000000575112e-12,0.0
0.9,suzuki-miyaura,suzuki_miyaura_data,10,40,pilot_summary__separate,all,50,1.0000000000575112e-12,1.0000005000290893e-06,1.0,0.9999990000000001,1.0000000000575112e-12,0.0
0.9,suzuki-miyaura,suzuki_miyaura_data,5,40,pilot_summary__separate,not_yet_hit,29,1.0000000000575112e-12,1.000000500029089e-06,1.0,0.9999989999999999,1.0000000000575112e-12,0.0
0.9,suzuki-miyaura,suzuki_miyaura_data,10,40,pilot_summary__separate,not_yet_hit,11,1.0000000000575112e-12,1.000000500029089e-06,1.0,0.9999990000000001,1.0000000000575112e-12,0.0
0.9,suzuki-miyaura,suzuki_miyaura_data,5,20,pilot_summary__separate_matched_penalty,all,50,0.0394276040091279,0.2012773065488512,0.96,0.9911682999847408,0.0009714629239387824,0.03845614108518912
0.9,suzuki-miyaura,suzuki_miyaura_data,10,20,pilot_summary__separate_matched_penalty,all,50,0.03770207191004759,0.1464866951509498,0.96,0.9920213546772745,0.0010253671553678008,0.03667670475467979
0.9,suzuki-miyaura,suzuki_miyaura_data,5,20,pilot_summary__separate_matched_penalty,not_yet_hit,29,0.06797862760122052,0.34702911473903647,0.9310344827586207,0.9847736551461046,0.0028878986488917067,0.0650907289523288
0.9,suzuki-miyaura,suzuki_miyaura_data,10,20,pilot_summary__separate_matched_penalty,not_yet_hit,11,0.17137305413303447,0.6658450688661807,0.8181818181818182,0.9637369758057927,0.021186303910940063,0.1501867502220944
0.9,suzuki-miyaura,suzuki_miyaura_data,5,40,pilot_summary__separate_matched_penalty,all,50,1.0000000000575112e-12,1.0000005000290893e-06,1.0,0.9999990000000001,1.0000000000575112e-12,0.0
0.9,suzuki-miyaura,suzuki_miyaura_data,10,40,pilot_summary__separate_matched_penalty,all,50,1.0000000000575112e-12,1.0000005000290893e-06,1.0,0.9999990000000001,1.0000000000575112e-12,0.0
0.9,suzuki-miyaura,suzuki_miyaura_data,5,40,pilot_summary__separate_matched_penalty,not_yet_hit,29,1.0000000000575112e-12,1.000000500029089e-06,1.0,0.9999989999999999,1.0000000000575112e-12,0.0
0.9,suzuki-miyaura,suzuki_miyaura_data,10,40,pilot_summary__separate_matched_penalty,not_yet_hit,11,1.0000000000575112e-12,1.000000500029089e-06,1.0,0.9999990000000001,1.0000000000575112e-12,0.0
0.95,additives,additive_rxn_screening_plate_1,5,20,no_target__pooled,all,50,0.5800547605236603,1.6436410692946464,0.28,0.9197205887973092,0.40924243173117597,0.1708123287924844
0.95,additives,additive_rxn_screening_plate_1,5,20,no_target__pooled,not_yet_hit,39,0.7436599493890264,2.1072318580699183,0.07692307692307693,0.8970779599965503,0.672654032229263,0.0710059171597633
0.95,additives,additive_rxn_screening_plate_1,5,40,no_target__pooled,all,50,5.956836366760098e-05,0.006846579915056309,1.0,0.9931833789342523,4.646632275399778e-05,1.31020409136032e-05
0.95,additives,additive_rxn_screening_plate_1,5,40,no_target__pooled,not_yet_hit,39,7.636969672769355e-05,0.008777384506341412,1.0,0.9912610242746828,7.636969672769356e-05,0.0
0.95,additives,additive_rxn_screening_plate_1,10,20,no_target__pooled,all,50,0.45166218209143394,1.1367983629461145,0.28,0.8359642591091846,0.3090962574068244,0.1425659246846095
0.95,additives,additive_rxn_screening_plate_1,10,20,no_target__pooled,not_yet_hit,39,0.5790540796041206,1.4574335165974412,0.07692307692307693,0.78969805013998,0.5080481624443568,0.07100591715976334
0.95,additives,additive_rxn_screening_plate_1,10,40,no_target__pooled,all,50,0.00031365546747138607,0.015800508283945205,1.0,0.9843584480728244,0.0002446581466905293,6.899732078085677e-05
0.95,additives,additive_rxn_screening_plate_1,10,40,no_target__pooled,not_yet_hit,39,0.00040212239391203335,0.02025677985107077,1.0,0.979947010349775,0.00040212239391203345,0.0
0.95,additives,additive_rxn_screening_plate_2,5,20,no_target__pooled,all,50,0.0076269213495796274,0.07820128631825396,1.0,0.9258958511975163,0.005491424869740665,0.002135496479838965
0.95,additives,additive_rxn_screening_plate_2,5,20,no_target__pooled,not_yet_hit,36,0.010592946318471705,0.10861250877515827,1.0,0.8970779599965503,0.01059294631847171,1.925929944387236e-34
0.95,additives,additive_rxn_screening_plate_2,5,40,no_target__pooled,all,50,5.498618192393936e-05,0.006319996844705825,1.0,0.9937076574777715,3.9593574417048884e-05,1.539260750689047e-05
0.95,additives,additive_rxn_screening_plate_2,5,40,no_target__pooled,not_yet_hit,36,7.636969672769356e-05,0.008777384506341412,1.0,0.9912610242746825,7.636969672769356e-05,0.0
0.95,additives,additive_rxn_screening_plate_2,10,20,no_target__pooled,all,50,0.03184337528302692,0.16999560754964077,1.0,0.8485823161007857,0.022927314997402377,0.008916060285624553
0.95,additives,additive_rxn_screening_plate_2,10,20,no_target__pooled,not_yet_hit,36,0.04422691011492628,0.2361046215965288,1.0,0.7896980501399801,0.044226910114926264,3.0814879110195774e-33
0.95,additives,additive_rxn_screening_plate_2,10,40,no_target__pooled,all,50,0.00028952812389666403,0.014585161492910963,1.0,0.9855615674518379,0.00020846833444782532,8.105978944883872e-05
0.95,additives,additive_rxn_screening_plate_2,10,40,no_target__pooled,not_yet_hit,36,0.0004021223939120334,0.02025677985107077,1.0,0.9799470103497749,0.00040212239391203345,0.0
0.95,additives,additive_rxn_screening_plate_3,5,20,no_target__pooled,all,50,0.0093217927603751,0.09557912772219926,1.0,0.9094284847969644,0.00820319936617374,0.001118593394201363
0.95,additives,additive_rxn_screening_plate_3,5,20,no_target__pooled,not_yet_hit,44,0.010592946318471705,0.10861250877515821,1.0,0.8970779599965504,0.01059294631847171,1.925929944387236e-34
0.95,additives,additive_rxn_screening_plate_3,5,40,no_target__pooled,all,50,6.720533324037033e-05,0.007724218365640447,1.0,0.9923095813617205,5.914253883199913e-05,8.062794408371198e-06
0.95,additives,additive_rxn_screening_plate_3,5,40,no_target__pooled,not_yet_hit,44,7.636969672769356e-05,0.008777384506341412,1.0,0.9912610242746825,7.636969672769356e-05,0.0
0.95,additives,additive_rxn_screening_plate_3,10,20,no_target__pooled,all,50,1.0000000000575112e-12,1.0000005000290893e-06,1.0,0.9999990000000001,1.0000000000575112e-12,0.0
0.95,additives,additive_rxn_screening_plate_3,10,40,no_target__pooled,all,50,1.0000000000575112e-12,1.0000005000290893e-06,1.0,0.9999990000000001,1.0000000000575112e-12,0.0
0.95,additives,additive_rxn_screening_plate_4,5,20,no_target__pooled,all,50,0.008686215981326798,0.08906243719571977,1.0,0.9156037471971713,0.007122727487158987,0.001563488494167814
0.95,additives,additive_rxn_screening_plate_4,5,20,no_target__pooled,not_yet_hit,41,0.010592946318471706,0.10861250877515824,1.0,0.8970779599965504,0.010592946318471706,0.0
0.95,additives,additive_rxn_screening_plate_4,5,40,no_target__pooled,all,50,6.262315149670872e-05,0.0071976352952899635,1.0,0.9928338599052396,5.135356385773534e-05,1.126958763897338e-05
0.95,additives,additive_rxn_screening_plate_4,5,40,no_target__pooled,not_yet_hit,41,7.636969672769356e-05,0.008777384506341412,1.0,0.9912610242746823,7.636969672769356e-05,0.0
0.95,additives,additive_rxn_screening_plate_4,10,20,no_target__pooled,all,50,1.0000000000575112e-12,1.0000005000290893e-06,1.0,0.9999990000000001,1.0000000000575112e-12,0.0
0.95,additives,additive_rxn_screening_plate_4,10,40,no_target__pooled,all,50,1.0000000000575112e-12,1.0000005000290893e-06,1.0,0.9999990000000001,1.0000000000575112e-12,0.0
0.95,additives,additive_rxn_screening_plate_1,5,20,no_target__separate,all,50,0.5790334869891464,1.6381293462385897,0.28,0.9190976753582641,0.408445838648337,0.17058764834080936
0.95,additives,additive_rxn_screening_plate_1,5,20,no_target__separate,not_yet_hit,39,0.7423506243447772,2.1001655464595883,0.07692307692307693,0.8962793530234157,0.6713447071850144,0.0710059171597633
0.95,additives,additive_rxn_screening_plate_1,10,20,no_target__separate,all,50,0.44786219435193997,1.1254252957149165,0.28,0.8332922086436078,0.3061322681457214,0.14172992620621863
0.95,additives,additive_rxn_screening_plate_1,10,20,no_target__separate,not_yet_hit,39,0.5741823004509229,1.4428526611728292,0.07692307692307693,0.7862723444148818,0.5031763832911601,0.0710059171597633
0.95,additives,additive_rxn_screening_plate_2,5,20,no_target__separate,all,50,0.007745740278933722,0.07884253840392667,1.0,0.9253208541768592,0.005576974820873942,0.00216876545805978
0.95,additives,additive_rxn_screening_plate_2,5,20,no_target__separate,not_yet_hit,36,0.01075797260924128,0.10950313667192592,1.0,0.8962793530234155,0.010757972609241275,7.703719777548943e-34
0.95,additives,additive_rxn_screening_plate_2,10,20,no_target__separate,all,50,0.032889247748855925,0.17312575772933186,1.0,0.8461158079787148,0.023680344554043792,0.009208903194812124
0.95,additives,additive_rxn_screening_plate_2,10,20,no_target__separate,not_yet_hit,36,0.045679510761911,0.24045205240165535,1.0,0.7862723444148817,0.045679510761910985,7.703719777548943e-34
0.95,additives,additive_rxn_screening_plate_3,5,20,no_target__separate,all,50,0.009467015896252326,0.09636288027135481,1.0,0.9087257106606057,0.008330995894411488,0.0011360200018408371
0.95,additives,additive_rxn_screening_plate_3,5,20,no_target__separate,not_yet_hit,44,0.01075797260924128,0.10950313667192596,1.0,0.8962793530234155,0.010757972609241278,1.925929944387236e-34
0.95,additives,additive_rxn_screening_plate_3,10,20,no_target__separate,all,50,1.0000000000575112e-12,1.0000005000290893e-06,1.0,0.9999990000000001,1.0000000000575112e-12,0.0
0.95,additives,additive_rxn_screening_plate_4,5,20,no_target__separate,all,50,0.008821537539757849,0.08979275207106927,1.0,0.9149488894792007,0.007233691400821226,0.0015878461389366248
0.95,additives,additive_rxn_screening_plate_4,5,20,no_target__separate,not_yet_hit,41,0.01075797260924128,0.10950313667192593,1.0,0.8962793530234155,0.01075797260924128,0.0
0.95,additives,additive_rxn_screening_plate_4,10,20,no_target__separate,all,50,1.0000000000575112e-12,1.0000005000290893e-06,1.0,0.9999990000000001,1.0000000000575112e-12,0.0
0.95,additives,additive_rxn_screening_plate_1,5,40,no_target__separate,all,50,5.578119940601936e-05,0.006624429497223832,1.0,0.9934036193466279,4.351223772418267e-05,1.2268961681836695e-05
0.95,additives,additive_rxn_screening_plate_1,5,40,no_target__separate,not_yet_hit,39,7.151435793079403e-05,0.008492576278351057,1.0,0.9915433837777285,7.151435793079406e-05,0.0
0.95,additives,additive_rxn_screening_plate_1,10,40,no_target__separate,all,50,0.00018857939487566575,0.012223644740616173,1.0,0.9878716338996508,0.0001470972642641036,4.148213061156216e-05
0.95,additives,additive_rxn_screening_plate_1,10,40,no_target__separate,not_yet_hit,39,0.00024176845468675107,0.015671057359623288,1.0,0.984451094743142,0.00024176845468675093,0.0
0.95,additives,additive_rxn_screening_plate_2,5,40,no_target__separate,all,50,5.149033799017171e-05,0.00611493492055277,1.0,0.9939109563199642,3.707645293738456e-05,1.4413885052787164e-05
0.95,additives,additive_rxn_screening_plate_2,5,40,no_target__separate,not_yet_hit,36,7.151435793079405e-05,0.00849257627835106,1.0,0.9915433837777283,7.151435793079406e-05,0.0
0.95,additives,additive_rxn_screening_plate_2,10,40,no_target__separate,all,50,0.00017407328765446067,0.011283441299068777,1.0,0.9888045082150623,0.00012533903630661142,4.8734251347849236e-05
0.95,additives,additive_rxn_screening_plate_2,10,40,no_target__separate,not_yet_hit,36,0.000241768454686751,0.015671057359623288,1.0,0.9844510947431419,0.00024176845468675093,0.0
0.95,additives,additive_rxn_screening_plate_3,5,40,no_target__separate,all,50,6.293263509909877e-05,0.007473587125008936,1.0,0.9925580577244009,5.538250483335311e-05,7.550130265745658e-06
0.95,additives,additive_rxn_screening_plate_3,5,40,no_target__separate,not_yet_hit,44,7.151435793079405e-05,0.00849257627835106,1.0,0.9915433837777283,7.151435793079406e-05,0.0
0.95,additives,additive_rxn_screening_plate_3,10,40,no_target__separate,all,50,1.0000000000575112e-12,1.0000005000290893e-06,1.0,0.9999990000000001,1.0000000000575112e-12,0.0
0.95,additives,additive_rxn_screening_plate_4,5,40,no_target__separate,all,50,5.864177368325113e-05,0.006964092548337873,1.0,0.9930653946977371,4.808875069817481e-05,1.0553022985076315e-05
0.95,additives,additive_rxn_screening_plate_4,5,40,no_target__separate,not_yet_hit,41,7.151435793079406e-05,0.00849257627835106,1.0,0.9915433837777281,7.151435793079406e-05,0.0
0.95,additives,additive_rxn_screening_plate_4,10,40,no_target__separate,all,50,1.0000000000575112e-12,1.0000005000290893e-06,1.0,0.9999990000000001,1.0000000000575112e-12,0.0
0.95,additives,additive_rxn_screening_plate_1,5,20,no_target__separate_matched_penalty,all,50,0.5794779122577138,1.6405232391861293,0.28,0.9193688217598005,0.4087924902385151,0.17068542201919856
0.95,additives,additive_rxn_screening_plate_1,5,20,no_target__separate_matched_penalty,not_yet_hit,39,0.7429204003301205,2.103234639982076,0.07692307692307693,0.8966269766151286,0.6719144831703566,0.07100591715976327
0.95,additives,additive_rxn_screening_plate_1,10,20,no_target__separate_matched_penalty,all,50,0.44705906599721046,1.1230386655903724,0.28,0.8327258165476308,0.3055058282782448,0.1415532377189656
0.95,additives,additive_rxn_screening_plate_1,10,20,no_target__separate_matched_penalty,not_yet_hit,39,0.5731526487140904,1.4397928789618752,0.07692307692307693,0.7855462007020902,0.5021467315543268,0.07100591715976327
0.95,additives,additive_rxn_screening_plate_2,5,20,no_target__separate_matched_penalty,all,50,0.007693907014165022,0.07856333922320853,1.0,0.9255711431628927,0.005539654730078646,0.002154252284086376
0.95,additives,additive_rxn_screening_plate_2,5,20,no_target__separate_matched_penalty,not_yet_hit,36,0.010685981963729198,0.10911536003203964,1.0,0.8966269766151284,0.01068598196372919,7.703719777548943e-34
0.95,additives,additive_rxn_screening_plate_2,10,20,no_target__separate_matched_penalty,all,50,0.03311311106426184,0.17379100437886144,1.0,0.8455929845055052,0.023841526433917196,0.009271584630344635
0.95,additives,additive_rxn_screening_plate_2,10,20,no_target__separate_matched_penalty,not_yet_hit,36,0.045990432033308125,0.24137600608155754,1.0,0.7855462007020902,0.0459904320333081,7.703719777548943e-34
0.95,additives,additive_rxn_screening_plate_3,5,20,no_target__separate_matched_penalty,all,50,0.009403664128201695,0.09602163682825487,1.0,0.9090316194213132,0.008275246265108829,0.0011284178630928635
0.95,additives,additive_rxn_screening_plate_3,5,20,no_target__separate_matched_penalty,not_yet_hit,44,0.010685981963729198,0.10911536003203963,1.0,0.8966269766151288,0.010685981963729194,1.925929944387236e-34
0.95,additives,additive_rxn_screening_plate_3,10,20,no_target__separate_matched_penalty,all,50,1.0000000000575112e-12,1.0000005000290893e-06,1.0,0.9999990000000001,1.0000000000575112e-12,0.0
0.95,additives,additive_rxn_screening_plate_4,5,20,no_target__separate_matched_penalty,all,50,0.008762505210437942,0.08947477522636248,1.0,0.9152339408244056,0.007185284788160415,0.0015772204222775253
0.95,additives,additive_rxn_screening_plate_4,5,20,no_target__separate_matched_penalty,not_yet_hit,41,0.010685981963729198,0.10911536003203962,1.0,0.8966269766151286,0.010685981963729196,0.0
0.95,additives,additive_rxn_screening_plate_4,10,20,no_target__separate_matched_penalty,all,50,1.0000000000575112e-12,1.0000005000290893e-06,1.0,0.9999990000000001,1.0000000000575112e-12,0.0
0.95,additives,additive_rxn_screening_plate_1,5,40,no_target__separate_matched_penalty,all,50,5.279863141200339e-05,0.006444157968367908,1.0,0.9935823870457108,4.11857560310626e-05,1.1612875380940778e-05
0.95,additives,additive_rxn_screening_plate_1,5,40,no_target__separate_matched_penalty,not_yet_hit,39,6.769055281026074e-05,0.008261458933663975,1.0,0.9917725731355267,6.769055281026075e-05,0.0
0.95,additives,additive_rxn_screening_plate_1,10,40,no_target__separate_matched_penalty,all,50,0.0002003709077752626,0.012603061198116206,1.0,0.9874982077831507,0.00015629480863328036,4.4076099141982184e-05
0.95,additives,additive_rxn_screening_plate_1,10,40,no_target__separate_matched_penalty,not_yet_hit,39,0.00025688577891700337,0.016157488715392562,1.0,0.9839723433117319,0.00025688577891700326,0.0
0.95,additives,additive_rxn_screening_plate_2,5,40,no_target__separate_matched_penalty,all,50,4.873719830338774e-05,0.0059485304323780705,1.0,0.9940759726575792,3.5094099953751025e-05,1.3643098349636718e-05
0.95,additives,additive_rxn_screening_plate_2,5,40,no_target__separate_matched_penalty,not_yet_hit,36,6.769055281026075e-05,0.008261458933663975,1.0,0.9917725731355266,6.769055281026075e-05,0.0
0.95,additives,additive_rxn_screening_plate_2,10,40,no_target__separate_matched_penalty,all,50,0.00018495776110024237,0.011633671875222653,1.0,0.9884598071844468,0.0001331760502201514,5.1781710880090956e-05
0.95,additives,additive_rxn_screening_plate_2,10,40,no_target__separate_matched_penalty,not_yet_hit,36,0.0002568857789170033,0.016157488715392562,1.0,0.9839723433117317,0.00025688577891700326,0.0
0.95,additives,additive_rxn_screening_plate_3,5,40,no_target__separate_matched_penalty,all,50,5.956768659302947e-05,0.007270203861684303,1.0,0.9927597443592634,5.242130174321975e-05,7.146384849809707e-06
0.95,additives,additive_rxn_screening_plate_3,5,40,no_target__separate_matched_penalty,not_yet_hit,44,6.769055281026075e-05,0.008261458933663977,1.0,0.9917725731355266,6.769055281026075e-05,0.0
0.95,additives,additive_rxn_screening_plate_3,10,40,no_target__separate_matched_penalty,all,50,1.0000000000575112e-12,1.0000005000290893e-06,1.0,0.9999990000000001,1.0000000000575112e-12,0.0
0.95,additives,additive_rxn_screening_plate_4,5,40,no_target__separate_matched_penalty,all,50,5.550625348441382e-05,0.006774576325694465,1.0,0.9932533299711318,4.551755647842979e-05,9.988697005984023e-06
0.95,additives,additive_rxn_screening_plate_4,5,40,no_target__separate_matched_penalty,not_yet_hit,41,6.769055281026075e-05,0.008261458933663975,1.0,0.9917725731355266,6.769055281026075e-05,0.0
0.95,additives,additive_rxn_screening_plate_4,10,40,no_target__separate_matched_penalty,all,50,1.0000000000575112e-12,1.0000005000290893e-06,1.0,0.9999990000000001,1.0000000000575112e-12,0.0
0.95,additives,additive_rxn_screening_plate_1,5,20,best__pooled,all,50,0.607615179648455,2.0310772740824787,0.28,0.9313218419566754,0.42422014180983664,0.18339503783861846
0.95,additives,additive_rxn_screening_plate_1,5,20,best__pooled,not_yet_hit,39,0.7789938200618398,2.603944941131242,0.07692307692307693,0.9119513614829171,0.6972722360149497,0.08172158404689005
0.95,additives,additive_rxn_screening_plate_1,5,40,best__pooled,all,50,0.00030720120441813124,0.006336250679186344,1.0,0.9938266109591174,3.811073225009084e-05,0.00026909047216804044
0.95,additives,additive_rxn_screening_plate_1,5,40,best__pooled,not_yet_hit,39,0.0003938476976899118,0.008123116255226076,1.0,0.992085680716817,6.263644971616169e-05,0.0003312112479737502
0.95,additives,additive_rxn_screening_plate_1,10,20,best__pooled,all,50,0.5250909932680128,1.3931606109035162,0.28,0.8849992503365953,0.36602409290784244,0.1590669003601703
0.95,additives,additive_rxn_screening_plate_1,10,20,best__pooled,not_yet_hit,39,0.6731935811125549,1.786103065260777,0.07692307692307693,0.8525634235084558,0.6016179472510866,0.07157563386146829
0.95,additives,additive_rxn_screening_plate_1,10,40,best__pooled,all,50,7.786283420948165e-05,0.007771754453142241,1.0,0.9922674441477991,5.9792420007406905e-05,1.8070414202074764e-05
0.95,additives,additive_rxn_screening_plate_1,10,40,best__pooled,not_yet_hit,39,9.98241461403611e-05,0.009963505709015686,1.0,0.9900867489074346,9.827254722424692e-05,1.5515989161141756e-06
0.95,additives,additive_rxn_screening_plate_2,5,20,best__pooled,all,50,0.03013255500960292,0.1344847824884444,1.0,0.8895953463604698,0.012189187545264643,0.017943367464338274
0.95,additives,additive_rxn_screening_plate_2,5,20,best__pooled,not_yet_hit,36,0.04185077084628183,0.1867840312337561,1.0,0.8466605921673191,0.02351297399447725,0.018337796851804585
0.95,additives,additive_rxn_screening_plate_2,5,40,best__pooled,all,50,0.000494896169250751,0.010024562759976076,1.0,0.9902411766159415,9.523463384125001e-05,0.00039966153540950107
0.95,additives,additive_rxn_screening_plate_2,5,40,best__pooled,not_yet_hit,36,0.0006873557902371543,0.013922614944216764,1.0,0.9864464675221409,0.000183698242628385,0.0005036575476087693
0.95,additives,additive_rxn_screening_plate_2,10,20,best__pooled,all,50,0.053244610718295726,0.22594224670375587,1.0,0.8070728335969614,0.03722089153630573,0.016023719181990012
0.95,additives,additive_rxn_screening_plate_2,10,20,best__pooled,not_yet_hit,36,0.07395084821946628,0.3138082870883554,1.0,0.7320459911068911,0.0717993508818884,0.0021514973375779192
0.95,additives,additive_rxn_screening_plate_2,10,40,best__pooled,all,50,0.0003307225500234069,0.01526435506944744,1.0,0.9849035305347195,0.0002279033903161447,0.0001028191597072622
0.95,additives,additive_rxn_screening_plate_2,10,40,best__pooled,not_yet_hit,36,0.00045933687464362073,0.021200104262926987,1.0,0.9790330701871104,0.000439612145778634,1.9724728864986655e-05
0.95,additives,additive_rxn_screening_plate_3,5,20,best__pooled,all,50,0.056456879512957754,0.22741579778261006,1.0,0.8177967054952517,0.03319804052838408,0.0232588389845737
0.95,additives,additive_rxn_screening_plate_3,5,20,best__pooled,not_yet_hit,44,0.064155544900952,0.25842690657107953,1.0,0.792950938062786,0.04286931404908031,0.021286230851871705
0.95,additives,additive_rxn_screening_plate_3,5,40,best__pooled,all,50,0.0010911278010290366,0.017611013150581348,1.0,0.9829968181852382,0.0002891081918258426,0.000802019609203194
0.95,additives,additive_rxn_screening_plate_3,5,40,best__pooled,not_yet_hit,44,0.001239917955578451,0.020012378580137893,1.0,0.9806783388468616,0.00037332658971669274,0.0008665913658617579
0.95,additives,additive_rxn_screening_plate_3,10,20,best__pooled,all,50,1.0000000000575112e-12,1.0000005000290893e-06,1.0,0.9999990000000001,1.0000000000575112e-12,0.0
0.95,additives,additive_rxn_screening_plate_3,10,40,best__pooled,all,50,1.0000000000575112e-12,1.0000005000290893e-06,1.0,0.9999990000000001,1.0000000000575112e-12,0.0
0.95,additives,additive_rxn_screening_plate_4,5,20,best__pooled,all,50,0.017147086640493428,0.11000312114553275,1.0,0.9002636089738582,0.009947347694919496,0.007199738945573932
0.95,additives,additive_rxn_screening_plate_4,5,20,best__pooled,not_yet_hit,41,0.020911081268674917,0.13414992822614968,1.0,0.8783704743583636,0.01479374150780953,0.006117339760865387
0.95,additives,additive_rxn_screening_plate_4,5,40,best__pooled,all,50,9.861859482076053e-05,0.0070253790290970616,1.0,0.9930246546771921,4.8655442372418015e-05,4.9963152448342506e-05
0.95,additives,additive_rxn_screening_plate_4,5,40,best__pooled,not_yet_hit,41,0.00012026657883019576,0.008567315889032997,1.0,0.9914937008258441,7.235712564024647e-05,4.790945318994928e-05
0.95,additives,additive_rxn_screening_plate_4,10,20,best__pooled,all,50,1.0000000000575112e-12,1.0000005000290893e-06,1.0,0.9999990000000001,1.0000000000575112e-12,0.0
0.95,additives,additive_rxn_screening_plate_4,10,40,best__pooled,all,50,1.0000000000575112e-12,1.0000005000290893e-06,1.0,0.9999990000000001,1.0000000000575112e-12,0.0
0.95,additives,additive_rxn_screening_plate_1,5,20,best__separate,all,50,0.6053090788695894,1.9887896835761187,0.28,0.9308186333823117,0.4235648935576199,0.18174418531196943
0.95,additives,additive_rxn_screening_plate_1,5,20,best__separate,not_yet_hit,39,0.7760372806017557,2.549730081507704,0.07692307692307693,0.9113062222850149,0.6961952332640812,0.07984204733767433
0.95,additives,additive_rxn_screening_plate_1,10,20,best__separate,all,50,0.515082720552029,1.353605204496951,0.28,0.8785251626833639,0.35823237036514716,0.15685035018688193
0.95,additives,additive_rxn_screening_plate_1,10,20,best__separate,not_yet_hit,39,0.660362462245909,1.735391005765181,0.07692307692307693,0.8442633111325178,0.5888110350365994,0.07155142720930953
0.95,additives,additive_rxn_screening_plate_2,5,20,best__separate,all,50,0.027782887803772777,0.12974121637517877,1.0,0.89128828817996,0.011818236286843455,0.015964651516929326
0.95,additives,additive_rxn_screening_plate_2,5,20,best__separate,not_yet_hit,36,0.038587344171517754,0.18019574496533164,1.0,0.8490119002499443,0.022797406266132785,0.015789937905384972
0.95,additives,additive_rxn_screening_plate_2,10,20,best__separate,all,50,0.05406054714084413,0.22829439595130602,1.0,0.805258409527585,0.037924287059725795,0.01613626008111834
0.95,additives,additive_rxn_screening_plate_2,10,20,best__separate,not_yet_hit,36,0.07508409325078352,0.3170751610432861,1.0,0.7295259576772016,0.07315620757043505,0.0019278856803484812
0.95,additives,additive_rxn_screening_plate_3,5,20,best__separate,all,50,0.05163293149854134,0.2160135177409222,1.0,0.8234168713555065,0.031181601321877788,0.020451330176663552
0.95,additives,additive_rxn_screening_plate_3,5,20,best__separate,not_yet_hit,44,0.05867378579366062,0.24546977016007068,1.0,0.7993374901767119,0.040265442848581225,0.018408342945079377
0.95,additives,additive_rxn_screening_plate_3,10,20,best__separate,all,50,1.0000000000575112e-12,1.0000005000290893e-06,1.0,0.9999990000000001,1.0000000000575112e-12,0.0
0.95,additives,additive_rxn_screening_plate_4,5,20,best__separate,all,50,0.016379169924250196,0.10913386277248778,1.0,0.9005357461137962,0.009893137801139198,0.006486032123111
0.95,additives,additive_rxn_screening_plate_4,5,20,best__separate,not_yet_hit,41,0.019974597468378288,0.13308985703950948,1.0,0.8787023489192638,0.014713120157704044,0.005261477310674247
0.95,additives,additive_rxn_screening_plate_4,10,20,best__separate,all,50,1.0000000000575112e-12,1.0000005000290893e-06,1.0,0.9999990000000001,1.0000000000575112e-12,0.0
0.95,additives,additive_rxn_screening_plate_1,5,40,best__separate,all,50,0.0007043950267514652,0.007667731832579309,1.0,0.9927209566189944,5.29844725425611e-05,0.0006514105542089044
0.95,additives,additive_rxn_screening_plate_1,5,40,best__separate,not_yet_hit,39,0.000903070546835212,0.009830143374960642,1.0,0.990668175152557,8.708295498335528e-05,0.0008159875918518567
0.95,additives,additive_rxn_screening_plate_1,10,40,best__separate,all,50,1.324693574420669e-05,0.0031816372566572408,1.0,0.9968250051035331,1.008059259259126e-05,3.166343151615434e-06
0.95,additives,additive_rxn_screening_plate_1,10,40,best__separate,not_yet_hit,39,1.698325067205986e-05,0.004078740072496454,1.0,0.9959297757737602,1.6566725251868462e-05,4.165254201913986e-07
0.95,additives,additive_rxn_screening_plate_2,5,40,best__separate,all,50,0.001179015041245202,0.01224566249876019,1.0,0.988427828296046,0.00013391515794579402,0.001045099883299408
0.95,additives,additive_rxn_screening_plate_2,5,40,best__separate,not_yet_hit,36,0.0016375208902294474,0.017007475692528033,1.0,0.9839279281889528,0.0002583114922994592,0.0013792093979299877
0.95,additives,additive_rxn_screening_plate_2,10,40,best__separate,all,50,8.71812807071064e-05,0.007719611705635219,1.0,0.9923243234671686,5.8916010236659607e-05,2.8265270470446778e-05
0.95,additives,additive_rxn_screening_plate_2,10,40,best__separate,not_yet_hit,36,0.00012108511170431441,0.010721294035410013,1.0,0.9893397270377342,0.00011364141963001755,7.443692074296869e-06
0.95,additives,additive_rxn_screening_plate_3,5,40,best__separate,all,50,0.0027619896498679696,0.02279109523150691,1.0,0.9789419846048338,0.00044344001238306405,0.0023185496374849048
0.95,additives,additive_rxn_screening_plate_3,5,40,best__separate,not_yet_hit,44,0.003138624601986329,0.02589883549028057,1.0,0.9760705734145838,0.0005726174567068302,0.002566007145279499
0.95,additives,additive_rxn_screening_plate_3,10,40,best__separate,all,50,1.0000000000575112e-12,1.0000005000290893e-06,1.0,0.9999990000000001,1.0000000000575112e-12,0.0
0.95,additives,additive_rxn_screening_plate_4,5,40,best__separate,all,50,0.00011412561007129847,0.006580246544076217,1.0,0.9934779861873219,4.253666417276468e-05,7.15889458985338e-05
0.95,additives,additive_rxn_screening_plate_4,5,40,best__separate,not_yet_hit,41,0.00013917757303816888,0.008024471395105138,1.0,0.9920465441308804,6.325746026203457e-05,7.592011277613429e-05
0.95,additives,additive_rxn_screening_plate_4,10,40,best__separate,all,50,1.0000000000575112e-12,1.0000005000290893e-06,1.0,0.9999990000000001,1.0000000000575112e-12,0.0
0.95,additives,additive_rxn_screening_plate_1,5,20,best__separate_matched_penalty,all,50,0.6061634670282104,1.9997513559053273,0.28,0.9312084471422812,0.42407244162946156,0.1820910253987489
0.95,additives,additive_rxn_screening_plate_1,5,20,best__separate_matched_penalty,not_yet_hit,39,0.7771326500358853,2.563783507570791,0.07692307692307693,0.9118059835157454,0.6970294677206225,0.08010318231526271
0.95,additives,additive_rxn_screening_plate_1,10,20,best__separate_matched_penalty,all,50,0.5147268053156201,1.3523204589403692,0.28,0.8782872502373857,0.35794763379661204,0.156779171519008
0.95,additives,additive_rxn_screening_plate_1,10,20,best__separate_matched_penalty,not_yet_hit,39,0.6599061606607695,1.7337438960772558,0.07692307692307693,0.8439582951761354,0.588343026040517,0.07156313462025227
0.95,additives,additive_rxn_screening_plate_2,5,20,best__separate_matched_penalty,all,50,0.02799651426323686,0.12990934678598368,1.0,0.891458125415697,0.011781338538274571,0.016215175724962286
0.95,additives,additive_rxn_screening_plate_2,5,20,best__separate_matched_penalty,not_yet_hit,36,0.03888404758744008,0.18042925942478288,1.0,0.8492477852995792,0.022726230237081785,0.016157817350358292
0.95,additives,additive_rxn_screening_plate_2,10,20,best__separate_matched_penalty,all,50,0.05496697052532697,0.2305139712583758,1.0,0.803677142350217,0.03854266443577698,0.016424306089550013
0.95,additives,additive_rxn_screening_plate_2,10,20,best__separate_matched_penalty,not_yet_hit,36,0.07634301461812078,0.32015790452532744,1.0,0.7273297532641904,0.0743490634549674,0.00199395116315345
0.95,additives,additive_rxn_screening_plate_3,5,20,best__separate_matched_penalty,all,50,0.05209946369750837,0.21691584062431318,1.0,0.8231667133033658,0.03127001128393404,0.020829452413574322
0.95,additives,additive_rxn_screening_plate_3,5,20,best__separate_matched_penalty,not_yet_hit,44,0.059203936019759505,0.24649513707301499,1.0,0.7990532196629158,0.04037960852784043,0.018824327491919066
0.95,additives,additive_rxn_screening_plate_3,10,20,best__separate_matched_penalty,all,50,1.0000000000575112e-12,1.0000005000290893e-06,1.0,0.9999990000000001,1.0000000000575112e-12,0.0
0.95,additives,additive_rxn_screening_plate_4,5,20,best__separate_matched_penalty,all,50,0.016358122071761225,0.1087029505396775,1.0,0.9009698946056994,0.00980696177440631,0.006551160297354915
0.95,additives,additive_rxn_screening_plate_4,5,20,best__separate_matched_penalty,not_yet_hit,41,0.01994892935558686,0.1325643543165701,1.0,0.8792317982996333,0.014584958541940462,0.005363970813646399
0.95,additives,additive_rxn_screening_plate_4,10,20,best__separate_matched_penalty,all,50,1.0000000000575112e-12,1.0000005000290893e-06,1.0,0.9999990000000001,1.0000000000575112e-12,0.0
0.95,additives,additive_rxn_screening_plate_1,5,40,best__separate_matched_penalty,all,50,0.0007409023666821872,0.007595456498836123,1.0,0.9928149818794249,5.162448539299222e-05,0.000689277881289195
0.95,additives,additive_rxn_screening_plate_1,5,40,best__separate_matched_penalty,not_yet_hit,39,0.000949874828797676,0.009737482690674508,1.0,0.9907887203582371,8.484767263875586e-05,0.0008650271561589198
0.95,additives,additive_rxn_screening_plate_1,10,40,best__separate_matched_penalty,all,50,1.2004991597604104e-05,0.0030255732686700343,1.0,0.9969804455646941,9.117708987775186e-06,2.887282609828922e-06
0.95,additives,additive_rxn_screening_plate_1,10,40,best__separate_matched_penalty,not_yet_hit,39,1.539101458667193e-05,0.003878658036615421,1.0,0.9961290584162745,1.4984188744614748e-05,4.068258420571851e-07
0.95,additives,additive_rxn_screening_plate_2,5,40,best__separate_matched_penalty,all,50,0.001256999166200183,0.012111801339332772,1.0,0.9886118904368698,0.00012968903942185705,0.0011273101267783258
0.95,additives,additive_rxn_screening_plate_2,5,40,best__separate_matched_penalty,not_yet_hit,36,0.0017458321748891432,0.01682155741554551,1.0,0.984183570051208,0.0002501594563250415,0.0014956727185641014
0.95,additives,additive_rxn_screening_plate_2,10,40,best__separate_matched_penalty,all,50,8.585928303544323e-05,0.00764622361287472,1.0,0.9923970437415534,5.78049438678531e-05,2.8054339167590138e-05
0.95,additives,additive_rxn_screening_plate_2,10,40,best__separate_matched_penalty,not_yet_hit,36,0.00011924900382700449,0.010619366128798213,1.0,0.9894407274188242,0.00011149823744357302,7.750766383431484e-06
0.95,additives,additive_rxn_screening_plate_3,5,40,best__separate_matched_penalty,all,50,0.0029938571995355837,0.022760296125059566,1.0,0.9791543028672435,0.0004345430889506215,0.0025593141105849622
0.95,additives,additive_rxn_screening_plate_3,5,40,best__separate_matched_penalty,not_yet_hit,44,0.003402110453881346,0.025863836505681324,1.0,0.9763118441673221,0.0005611287267532407,0.002840981727128104
0.95,additives,additive_rxn_screening_plate_3,10,40,best__separate_matched_penalty,all,50,1.0000000000575112e-12,1.0000005000290893e-06,1.0,0.9999990000000001,1.0000000000575112e-12,0.0
0.95,additives,additive_rxn_screening_plate_4,5,40,best__separate_matched_penalty,all,50,0.00010490321348157538,0.0061243728045087065,1.0,0.9939291576917,3.685512633224686e-05,6.804808714932851e-05
0.95,additives,additive_rxn_screening_plate_4,5,40,best__separate_matched_penalty,not_yet_hit,41,0.00012793074792875046,0.007468527810266711,1.0,0.992596753282561,5.480806195927395e-05,7.312268596947649e-05
0.95,additives,additive_rxn_screening_plate_4,10,40,best__separate_matched_penalty,all,50,1.0000000000575112e-12,1.0000005000290893e-06,1.0,0.9999990000000001,1.0000000000575112e-12,0.0
0.95,additives,additive_rxn_screening_plate_1,5,20,pilot_summary__pooled,all,50,0.6121131077508606,2.0699254103330174,0.28,0.9344384309166621,0.4282896598606626,0.18382344789019797
0.95,additives,additive_rxn_screening_plate_1,5,20,pilot_summary__pooled,not_yet_hit,39,0.7847603945521033,2.653750244016548,0.07692307692307693,0.9159469883546952,0.7039611239540118,0.08079927059809175
0.95,additives,additive_rxn_screening_plate_1,5,40,pilot_summary__pooled,all,50,0.0002411270769577816,0.005800943146497868,1.0,0.9943258087783124,3.219644602027676e-05,0.0002089306309375048
0.95,additives,additive_rxn_screening_plate_1,5,40,pilot_summary__pooled,not_yet_hit,39,0.00030913727786895074,0.007436824546651104,1.0,0.9927256779209134,5.291576171028788e-05,0.00025622151615866285
0.95,additives,additive_rxn_screening_plate_1,10,20,pilot_summary__pooled,all,50,0.535051758949811,1.4363970973928781,0.28,0.8914025209726677,0.3738130426517336,0.1612387162980775
0.95,additives,additive_rxn_screening_plate_1,10,20,pilot_summary__pooled,not_yet_hit,39,0.6859637935251166,1.8415344581958568,0.07692307692307693,0.8607727448367536,0.6144203018883813,0.0715434916367355
0.95,additives,additive_rxn_screening_plate_1,10,40,pilot_summary__pooled,all,50,6.996929259198663e-05,0.007321413884512029,1.0,0.9927138024199165,5.3088675176014975e-05,1.6880617415971645e-05
0.95,additives,additive_rxn_screening_plate_1,10,40,pilot_summary__pooled,not_yet_hit,39,8.970422098972644e-05,0.009386146005643619,1.0,0.990659003102457,8.725422303990739e-05,2.4499979498190617e-06
0.95,additives,additive_rxn_screening_plate_2,5,20,pilot_summary__pooled,all,50,0.027374005348157746,0.1263185207460141,1.0,0.8947625385883704,0.011074923284364225,0.016299082063793515
0.95,additives,additive_rxn_screening_plate_2,5,20,pilot_summary__pooled,not_yet_hit,36,0.038019451872052426,0.1754420010359362,1.0,0.8538372480394032,0.02136355006069489,0.016655901811357527
0.95,additives,additive_rxn_screening_plate_2,5,40,pilot_summary__pooled,all,50,0.0003928631671342844,0.009222141021911441,1.0,0.9909866249390927,8.124092998858737e-05,0.00031162223714569713
0.95,additives,additive_rxn_screening_plate_2,5,40,pilot_summary__pooled,not_yet_hit,36,0.0005456432872976174,0.012808140308015878,1.0,0.9874818124154063,0.00015670502040307312,0.0003889382668945442
0.95,additives,additive_rxn_screening_plate_2,10,20,pilot_summary__pooled,all,50,0.05239849502403501,0.2238951361283123,1.0,0.8085489701292233,0.03665349683858101,0.015744998185454
0.95,additives,additive_rxn_screening_plate_2,10,20,pilot_summary__pooled,not_yet_hit,36,0.07277568753299307,0.31096507795579487,1.0,0.7340961807350324,0.07070484109969652,0.002070846433296537
0.95,additives,additive_rxn_screening_plate_2,10,40,pilot_summary__pooled,all,50,0.00032770189205642695,0.015185315636719836,1.0,0.9849810389101107,0.0002255691922196078,0.0001021326998368192
0.95,additives,additive_rxn_screening_plate_2,10,40,pilot_summary__pooled,not_yet_hit,36,0.0004551415163561486,0.021090327273027537,1.0,0.9791407207084869,0.00043510953256133724,2.0031983794811375e-05
0.95,additives,additive_rxn_screening_plate_3,5,20,pilot_summary__pooled,all,50,0.04905978943653119,0.2076303962766214,1.0,0.8309187203618911,0.028588479124060425,0.020471310312470778
0.95,additives,additive_rxn_screening_plate_3,5,20,pilot_summary__pooled,not_yet_hit,44,0.05574976072319455,0.23594349576881976,1.0,0.8078623185930581,0.03691688861643559,0.01883287210675897
0.95,additives,additive_rxn_screening_plate_3,5,40,pilot_summary__pooled,all,50,0.000888033407657364,0.015793857219509898,1.0,0.9846963218047705,0.0002342025663031446,0.0006538308413542195
0.95,additives,additive_rxn_screening_plate_3,5,40,pilot_summary__pooled,not_yet_hit,44,0.0010091288722015501,0.017947428658465787,1.0,0.9826095929599664,0.00030242625701804965,0.0007067026151835003
0.95,additives,additive_rxn_screening_plate_3,10,20,pilot_summary__pooled,all,50,1.0000000000575112e-12,1.0000005000290893e-06,1.0,0.9999990000000001,1.0000000000575112e-12,0.0
0.95,additives,additive_rxn_screening_plate_3,10,40,pilot_summary__pooled,all,50,1.0000000000575112e-12,1.0000005000290893e-06,1.0,0.9999990000000001,1.0000000000575112e-12,0.0
0.95,additives,additive_rxn_screening_plate_4,5,20,pilot_summary__pooled,all,50,0.015337116833114204,0.10170036935059688,1.0,0.9074845757134645,0.008559103730917691,0.006778013102196517
0.95,additives,additive_rxn_screening_plate_4,5,20,pilot_summary__pooled,not_yet_hit,41,0.01870380101577342,0.12402462115915473,1.0,0.8871765313578837,0.012729135076438641,0.005974665939334778
0.95,additives,additive_rxn_screening_plate_4,5,40,pilot_summary__pooled,all,50,8.93948070693338e-05,0.006510169204475352,1.0,0.9935351982217542,4.179366203201116e-05,4.760114503732263e-05
0.95,additives,additive_rxn_screening_plate_4,5,40,pilot_summary__pooled,not_yet_hit,41,0.00010901805718211436,0.007939011224860178,1.0,0.992116314904578,6.215249068377592e-05,4.6865566498338466e-05
0.95,additives,additive_rxn_screening_plate_4,10,20,pilot_summary__pooled,all,50,1.0000000000575112e-12,1.0000005000290893e-06,1.0,0.9999990000000001,1.0000000000575112e-12,0.0
0.95,additives,additive_rxn_screening_plate_4,10,40,pilot_summary__pooled,all,50,1.0000000000575112e-12,1.0000005000290893e-06,1.0,0.9999990000000001,1.0000000000575112e-12,0.0
0.95,additives,additive_rxn_screening_plate_1,5,20,pilot_summary__separate,all,50,0.6112117602738949,2.0325189183246692,0.28,0.9348874870351357,0.42887762067519514,0.1823341395986998
0.95,additives,additive_rxn_screening_plate_1,5,20,pilot_summary__separate,not_yet_hit,39,0.7836048208636859,2.6057932029802044,0.07692307692307693,0.9165227013270972,0.7049275292993719,0.07867729156431393
0.95,additives,additive_rxn_screening_plate_1,10,20,pilot_summary__separate,all,50,0.5248408462578207,1.3926830016764913,0.28,0.8848868010326609,0.36588804206352576,0.1589528041942949
0.95,additives,additive_rxn_screening_plate_1,10,20,pilot_summary__separate,not_yet_hit,39,0.6728728798174368,1.7854907457389504,0.07692307692307693,0.8524192577341807,0.6013943264526079,0.07147855336482883
0.95,additives,additive_rxn_screening_plate_2,5,20,pilot_summary__separate,all,50,0.02449355995049421,0.11989955491129248,1.0,0.8979739062451947,0.010409323806864315,0.014084236143629896
0.95,additives,additive_rxn_screening_plate_2,5,20,pilot_summary__separate,not_yet_hit,36,0.03401883326418639,0.166526770709934,1.0,0.8582974808961038,0.020079603920390068,0.013939229343796334
0.95,additives,additive_rxn_screening_plate_2,10,20,pilot_summary__separate,all,50,0.0514230774959409,0.2217720016426543,1.0,0.8099478795993356,0.036119808468788664,0.01530326902715222
0.95,additives,additive_rxn_screening_plate_2,10,20,pilot_summary__separate,not_yet_hit,36,0.0714209409661957,0.30801628005904763,1.0,0.7360391105546326,0.06967535115678941,0.0017455898094062442
0.95,additives,additive_rxn_screening_plate_3,5,20,pilot_summary__separate,all,50,0.0441949834326171,0.19557960338262093,1.0,0.837335349853622,0.026459788407243594,0.017735195025373508
0.95,additives,additive_rxn_screening_plate_3,5,20,pilot_summary__separate,not_yet_hit,44,0.050221572082383086,0.22224941293472833,1.0,0.8151539430154795,0.03416806478272464,0.016053507299658435
0.95,additives,additive_rxn_screening_plate_3,10,20,pilot_summary__separate,all,50,1.0000000000575112e-12,1.0000005000290893e-06,1.0,0.9999990000000001,1.0000000000575112e-12,0.0
0.95,additives,additive_rxn_screening_plate_4,5,20,pilot_summary__separate,all,50,0.014167813216434259,0.09989295767426219,1.0,0.9084096781716275,0.008388787052624856,0.0057790261638094005
0.95,additives,additive_rxn_screening_plate_4,5,20,pilot_summary__separate,not_yet_hit,41,0.017277820995432024,0.12182046057825877,1.0,0.8883047050873504,0.012475838905623735,0.004801982089808288
0.95,additives,additive_rxn_screening_plate_4,10,20,pilot_summary__separate,all,50,1.0000000000575112e-12,1.0000005000290893e-06,1.0,0.9999990000000001,1.0000000000575112e-12,0.0
0.95,additives,additive_rxn_screening_plate_1,5,40,pilot_summary__separate,all,50,0.0003388730261792663,0.005328754450023675,1.0,0.9948516505265909,2.6505502300351792e-05,0.00031236752387891456
0.95,additives,additive_rxn_screening_plate_1,5,40,pilot_summary__separate,not_yet_hit,39,0.0004344525973836748,0.006831454422966241,1.0,0.9933998340084497,4.356219111601484e-05,0.0003908904062676599
0.95,additives,additive_rxn_screening_plate_1,10,40,pilot_summary__separate,all,50,6.421464309207383e-06,0.001991465860202226,1.0,0.9980117531568528,3.953125509285103e-06,2.468338799922281e-06
0.95,additives,additive_rxn_screening_plate_1,10,40,pilot_summary__separate,not_yet_hit,39,8.232646268214593e-06,0.002552879307810538,1.0,0.9974512476369909,6.496138607945582e-06,1.7365076602690116e-06
0.95,additives,additive_rxn_screening_plate_2,5,40,pilot_summary__separate,all,50,0.0005616778683268416,0.008115134850593725,1.0,0.9921920078001547,6.096474219284396e-05,0.0005007131261339976
0.95,additives,additive_rxn_screening_plate_2,5,40,pilot_summary__separate,not_yet_hit,36,0.0007801081500650577,0.011270631736741275,1.0,0.9891559552779928,0.00011759330593289337,0.0006625148441321646
0.95,additives,additive_rxn_screening_plate_2,10,40,pilot_summary__separate,all,50,5.61300712520059e-05,0.0058170324200169325,1.0,0.9942112437057716,3.3509699433967924e-05,2.2620371818037975e-05
0.95,additives,additive_rxn_screening_plate_2,10,40,pilot_summary__separate,not_yet_hit,36,7.795843190556376e-05,0.008078822805384614,1.0,0.9919604495913494,6.463437077323123e-05,1.3324061132332533e-05
0.95,additives,additive_rxn_screening_plate_3,5,40,pilot_summary__separate,all,50,0.0019587608741858096,0.015613628766730434,1.0,0.985598972986927,0.00020738957903125978,0.0017513712951545502
0.95,additives,additive_rxn_screening_plate_3,5,40,pilot_summary__separate,not_yet_hit,44,0.0022258646296202385,0.017742623598489125,1.0,0.9836353329396897,0.0002678023279948044,0.0019580623016254347
0.95,additives,additive_rxn_screening_plate_3,10,40,pilot_summary__separate,all,50,1.0000000000575112e-12,1.0000005000290893e-06,1.0,0.9999990000000001,1.0000000000575112e-12,0.0
0.95,additives,additive_rxn_screening_plate_4,5,40,pilot_summary__separate,all,50,8.437898161943312e-05,0.004416223129011952,1.0,0.9956270022728885,1.9123109121323403e-05,6.52558724981097e-05
0.95,additives,additive_rxn_screening_plate_4,5,40,pilot_summary__separate,not_yet_hit,41,0.00010290119687735746,0.0053854184499048125,1.0,0.994667295454742,2.8437737767016054e-05,7.44634591103414e-05
0.95,additives,additive_rxn_screening_plate_4,10,40,pilot_summary__separate,all,50,1.0000000000575112e-12,1.0000005000290893e-06,1.0,0.9999990000000001,1.0000000000575112e-12,0.0
0.95,additives,additive_rxn_screening_plate_1,5,20,pilot_summary__separate_matched_penalty,all,50,0.6121526949542724,2.043475469376522,0.28,0.9353808802195903,0.42952409815740494,0.18262859679686755
0.95,additives,additive_rxn_screening_plate_1,5,20,pilot_summary__separate_matched_penalty,not_yet_hit,39,0.7848111473769901,2.6198400633030925,0.07692307692307693,0.9171552566917824,0.7059901159188702,0.07882103145812017
0.95,additives,additive_rxn_screening_plate_1,10,20,pilot_summary__separate_matched_penalty,all,50,0.5236861179104516,1.387955550533787,0.28,0.8841325941965366,0.3649761913706371,0.1587099265398145
0.95,additives,additive_rxn_screening_plate_1,10,20,pilot_summary__separate_matched_penalty,not_yet_hit,39,0.6713924588592713,1.7794299109406115,0.07692307692307693,0.8514523258929956,0.5998955575099062,0.07149690134936504
0.95,additives,additive_rxn_screening_plate_2,5,20,pilot_summary__separate_matched_penalty,all,50,0.024503934990292034,0.11944766343217392,1.0,0.8985453015724919,0.010293055833016611,0.014210879157275425
0.95,additives,additive_rxn_screening_plate_2,5,20,pilot_summary__separate_matched_penalty,not_yet_hit,36,0.034033243041683384,0.16589914365560265,1.0,0.8590910855173499,0.01985532218067881,0.01417792086100459
0.95,additives,additive_rxn_screening_plate_2,10,20,pilot_summary__separate_matched_penalty,all,50,0.05200462282534346,0.2232067067736679,1.0,0.8089180356811467,0.0365123170879515,0.015492305737391954
0.95,additives,additive_rxn_screening_plate_2,10,20,pilot_summary__separate_matched_penalty,not_yet_hit,36,0.07222864281258815,0.3100089260743443,1.0,0.7346087717793705,0.07043250401645425,0.0017961387961338883
0.95,additives,additive_rxn_screening_plate_3,5,20,pilot_summary__separate_matched_penalty,all,50,0.04443217957519465,0.19585480614975648,1.0,0.837407123699718,0.026436443423598747,0.01799573615159589
0.95,additives,additive_rxn_screening_plate_3,5,20,pilot_summary__separate_matched_penalty,not_yet_hit,44,0.05049111315349393,0.22256214335192792,1.0,0.815235504204225,0.0341379189066669,0.016353194246827022
0.95,additives,additive_rxn_screening_plate_3,10,20,pilot_summary__separate_matched_penalty,all,50,1.0000000000575112e-12,1.0000005000290893e-06,1.0,0.9999990000000001,1.0000000000575112e-12,0.0
0.95,additives,additive_rxn_screening_plate_4,5,20,pilot_summary__separate_matched_penalty,all,50,0.014061439653929177,0.09930810364589497,1.0,0.9089323653167337,0.008293314086804861,0.005768125567124317
0.95,additives,additive_rxn_screening_plate_4,5,20,pilot_summary__separate_matched_penalty,not_yet_hit,41,0.01714809713871851,0.12110722395829875,1.0,0.8889421284350408,0.012333850836538929,0.004814246302179584
0.95,additives,additive_rxn_screening_plate_4,10,20,pilot_summary__separate_matched_penalty,all,50,1.0000000000575112e-12,1.0000005000290893e-06,1.0,0.9999990000000001,1.0000000000575112e-12,0.0
0.95,additives,additive_rxn_screening_plate_1,5,40,pilot_summary__separate_matched_penalty,all,50,0.0002504770458555655,0.004475248071482677,1.0,0.9956568434426788,1.8863008881403424e-05,0.0002316140369741621
0.95,additives,additive_rxn_screening_plate_1,5,40,pilot_summary__separate_matched_penalty,not_yet_hit,39,0.0003211244174814942,0.005737215476118808,1.0,0.9944321326188188,3.100114717442168e-05,0.0002901232703070725
0.95,additives,additive_rxn_screening_plate_1,10,40,pilot_summary__separate_matched_penalty,all,50,5.306092118441314e-06,0.0017068111191631827,1.0,0.9982958489000963,2.9041309713034183e-06,2.401961147137896e-06
0.95,additives,additive_rxn_screening_plate_1,10,40,pilot_summary__separate_matched_penalty,not_yet_hit,39,6.802681921078606e-06,0.002187937332119457,1.0,0.9978154729488414,4.772158437244311e-06,2.0305234838342966e-06
0.95,additives,additive_rxn_screening_plate_2,5,40,pilot_summary__separate_matched_penalty,all,50,0.00041411990601439823,0.0066128833327670266,1.0,0.9936110074357211,4.081922598641277e-05,0.0003733006800279855
0.95,additives,additive_rxn_screening_plate_2,5,40,pilot_summary__separate_matched_penalty,not_yet_hit,36,0.0005751665357422198,0.009184171295315303,1.0,0.991126788105168,7.873388933058771e-05,0.000496432646411632
0.95,additives,additive_rxn_screening_plate_2,10,40,pilot_summary__separate_matched_penalty,all,50,4.8946539439250405e-05,0.005198862672970328,1.0,0.9948258001077331,2.6772344525134198e-05,2.217419491411621e-05
0.95,additives,additive_rxn_screening_plate_2,10,40,pilot_summary__separate_matched_penalty,not_yet_hit,36,6.798130438784781e-05,0.007220253712264333,1.0,0.9928140001496294,5.163859384952632e-05,1.6342710538321465e-05
0.95,additives,additive_rxn_screening_plate_3,5,40,pilot_summary__separate_matched_penalty,all,50,0.0017774958999878215,0.013412073583276255,1.0,0.9876837645353556,0.00015168965602056918,0.0016258062439672523
0.95,additives,additive_rxn_screening_plate_3,5,40,pilot_summary__separate_matched_penalty,not_yet_hit,44,0.0020198817043952516,0.015240856344563925,1.0,0.9860044142447222,0.0001958764206333388,0.0018240052837619133
0.95,additives,additive_rxn_screening_plate_3,10,40,pilot_summary__separate_matched_penalty,all,50,1.0000000000575112e-12,1.0000005000290893e-06,1.0,0.9999990000000001,1.0000000000575112e-12,0.0
0.95,additives,additive_rxn_screening_plate_4,5,40,pilot_summary__separate_matched_penalty,all,50,6.495038878576287e-05,0.0035311007342762337,1.0,0.996502133009068,1.2235073486251959e-05,5.271531529951091e-05
0.95,additives,additive_rxn_screening_plate_4,5,40,pilot_summary__separate_matched_penalty,not_yet_hit,41,7.920779098263765e-05,0.00430600089534906,1.0,0.9957345280598392,1.8194250872300993e-05,6.101354011033666e-05
0.95,additives,additive_rxn_screening_plate_4,10,40,pilot_summary__separate_matched_penalty,all,50,1.0000000000575112e-12,1.0000005000290893e-06,1.0,0.9999990000000001,1.0000000000575112e-12,0.0
0.95,buchwald-hartwig,bh_reaction_1,5,20,no_target__pooled,all,50,0.1014253693251373,0.33170123477844193,0.88,0.9055882784578567,0.0006547599944368019,0.10077060933070049
0.95,buchwald-hartwig,bh_reaction_1,5,20,no_target__pooled,not_yet_hit,37,0.13706130989848286,0.4482445605112323,0.8378378378378378,0.8724169438619682,0.0011957145734280501,0.13586559532505477
0.95,buchwald-hartwig,bh_reaction_1,5,40,no_target__pooled,all,50,5.2948196933533454e-05,0.0062864103286469205,1.0,0.9937402140164758,3.918492055952628e-05,1.3763276374007174e-05
0.95,buchwald-hartwig,bh_reaction_1,5,40,no_target__pooled,not_yet_hit,37,7.155161712639655e-05,0.008494797741239072,1.0,0.9915411811033454,7.155161712639657e-05,0.0
0.95,buchwald-hartwig,bh_reaction_1,10,20,no_target__pooled,all,50,0.08085583166716452,0.23118243715484696,0.88,0.8975521204652039,0.0003080769328250321,0.0805477547343395
0.95,buchwald-hartwig,bh_reaction_1,10,40,no_target__pooled,all,50,0.0001851425379165208,0.008258660622567797,1.0,0.9918353344353936,6.666176378187048e-05,0.00011848077413465032
0.95,buchwald-hartwig,bh_reaction_1,10,20,no_target__pooled,not_yet_hit,18,0.22459953240701255,0.6421716587625748,0.6666666666666666,0.7154243346255666,0.0023773101847903424,0.2222222222222222
0.95,buchwald-hartwig,bh_reaction_1,10,40,no_target__pooled,not_yet_hit,18,0.0005142848257681133,0.022938946172910493,1.0,0.9773221512094268,0.0005142848257681132,0.0
0.95,buchwald-hartwig,bh_reaction_2,5,20,no_target__pooled,all,50,0.08587759412215776,0.2877917642085879,0.9,0.910691560703378,0.00011430947027401135,0.08576328465188375
0.95,buchwald-hartwig,bh_reaction_2,5,40,no_target__pooled,all,50,5.0086132288477584e-05,0.005946658419017359,1.0,0.9940785267723419,3.506384518587101e-05,1.502228710260658e-05
0.95,buchwald-hartwig,bh_reaction_2,10,20,no_target__pooled,all,50,0.07871752302792596,0.23953517885440964,0.9,0.8747861472352494,0.0006357383712425256,0.07808178465668343
0.95,buchwald-hartwig,bh_reaction_2,10,40,no_target__pooled,all,50,0.00022628532389796987,0.010093696316360635,1.0,0.9900211865321477,9.957671822619103e-05,0.0001267086056717788
0.95,buchwald-hartwig,bh_reaction_2,5,20,no_target__pooled,not_yet_hit,35,0.12268227731693965,0.41113066315491115,0.8571428571428571,0.8724169438619681,0.0002332977251029254,0.1224489795918367
0.95,buchwald-hartwig,bh_reaction_2,5,40,no_target__pooled,not_yet_hit,35,7.155161712639655e-05,0.008494797741239072,1.0,0.9915411811033454,7.155161712639657e-05,0.0
0.95,buchwald-hartwig,bh_reaction_2,10,20,no_target__pooled,not_yet_hit,22,0.17890346142583174,0.5443968610321129,0.7727272727272727,0.7154243346255668,0.0032836267150879585,0.17561983471074374
0.95,buchwald-hartwig,bh_reaction_2,10,40,no_target__pooled,not_yet_hit,22,0.0005142848257681134,0.02293894617291049,1.0,0.977322151209427,0.0005142848257681132,0.0
0.95,buchwald-hartwig,bh_reaction_3,5,20,no_target__pooled,all,50,0.028569724173995673,0.15309992874446177,0.98,0.8928300728440536,0.007598596200373055,0.020971127973622616
0.95,buchwald-hartwig,bh_reaction_3,5,20,no_target__pooled,not_yet_hit,42,0.034011576397423415,0.1822616294575973,0.9761904761904762,0.8724169438619684,0.010768946011935886,0.023242630385487528
0.95,buchwald-hartwig,bh_reaction_3,5,40,no_target__pooled,all,50,6.010335854617312e-05,0.007135790102720824,1.0,0.9928944321268102,5.04890948005049e-05,9.614263745668212e-06
0.95,buchwald-hartwig,bh_reaction_3,5,40,no_target__pooled,not_yet_hit,42,7.155161712639657e-05,0.008494797741239072,1.0,0.9915411811033455,7.155161712639657e-05,0.0
0.95,buchwald-hartwig,bh_reaction_3,10,20,no_target__pooled,all,50,0.036151298555605164,0.13229720197679884,0.98,0.9032436137726927,0.005891542826675579,0.030259755728929586
0.95,buchwald-hartwig,bh_reaction_3,10,40,no_target__pooled,all,50,0.0001748568414211585,0.007799901699119587,1.0,0.9922888714112051,5.94615041129314e-05,0.00011539533730822709
0.95,buchwald-hartwig,bh_reaction_3,10,20,no_target__pooled,not_yet_hit,17,0.10632734869101516,0.3891074764013789,0.9411764705882353,0.7154243346255666,0.050964026891707224,0.05536332179930797
0.95,buchwald-hartwig,bh_reaction_3,10,40,no_target__pooled,not_yet_hit,17,0.0005142848257681132,0.022938946172910493,1.0,0.9773221512094267,0.0005142848257681132,0.0
0.95,buchwald-hartwig,bh_reaction_4,5,20,no_target__pooled,all,50,0.05673533606170111,0.21635124179499576,0.94,0.9055882784578567,0.0011841665794940252,0.055551169482207084
0.95,buchwald-hartwig,bh_reaction_4,5,20,no_target__pooled,not_yet_hit,37,0.0766693730560015,0.2923661916146834,0.918918918918919,0.8724169438619682,0.0021624336841972653,0.07450693937180425
0.95,buchwald-hartwig,bh_reaction_4,5,40,no_target__pooled,all,50,5.2948196933533454e-05,0.00628641032864692,1.0,0.9937402140164758,3.918492055952628e-05,1.3763276374007171e-05
0.95,buchwald-hartwig,bh_reaction_4,5,40,no_target__pooled,not_yet_hit,37,7.155161712639655e-05,0.008494797741239072,1.0,0.9915411811033454,7.155161712639657e-05,0.0
0.95,buchwald-hartwig,bh_reaction_4,10,20,no_target__pooled,all,50,0.048526246766312404,0.14907956231002145,0.94,0.9203180936951587,0.00038737743579255406,0.04813886933051985
0.95,buchwald-hartwig,bh_reaction_4,10,40,no_target__pooled,all,50,0.0001439997519350717,0.006423624928774959,1.0,0.9936494823386394,4.032907456725271e-05,0.000103670677367819
0.95,buchwald-hartwig,bh_reaction_4,10,20,no_target__pooled,not_yet_hit,14,0.17330802416283,0.5324244368202193,0.7857142857142857,0.7154243346255668,0.004940677224054518,0.16836734693877559
0.95,buchwald-hartwig,bh_reaction_4,10,40,no_target__pooled,not_yet_hit,14,0.0005142848257681131,0.022938946172910486,1.0,0.9773221512094264,0.0005142848257681132,0.0
0.95,buchwald-hartwig,bh_reaction_5,5,20,no_target__pooled,all,50,0.027267529276994055,0.142180982927051,0.98,0.9030366373350961,0.005923359192689564,0.021344170084304493
0.95,buchwald-hartwig,bh_reaction_5,5,40,no_target__pooled,all,50,5.437922925606138e-05,0.006456286283461701,1.0,0.9935710576385426,4.133129988694024e-05,1.3047929369121143e-05
0.95,buchwald-hartwig,bh_reaction_5,10,20,no_target__pooled,all,50,0.03129229999626708,0.11220449573739005,0.98,0.9203180936951587,0.003561929940179863,0.02773037005608721
0.95,buchwald-hartwig,bh_reaction_5,10,40,no_target__pooled,all,50,0.0001439997519350717,0.006423624928774959,1.0,0.9936494823386396,4.032907456725271e-05,0.000103670677367819
0.95,buchwald-hartwig,bh_reaction_5,5,20,no_target__pooled,not_yet_hit,38,0.03587832799572901,0.18707992490385655,0.9736842105263158,0.8724169438619683,0.010255059297668073,0.02562326869806095
0.95,buchwald-hartwig,bh_reaction_5,5,40,no_target__pooled,not_yet_hit,38,7.155161712639654e-05,0.008494797741239072,1.0,0.9915411811033453,7.155161712639657e-05,0.0
0.95,buchwald-hartwig,bh_reaction_5,10,20,no_target__pooled,not_yet_hit,14,0.11175821426981096,0.40072777048939295,0.9285714285714286,0.7154243346255668,0.04543168365756608,0.06632653061224487
0.95,buchwald-hartwig,bh_reaction_5,10,40,no_target__pooled,not_yet_hit,14,0.0005142848257681131,0.022938946172910486,1.0,0.9773221512094264,0.0005142848257681132,0.0
0.95,buchwald-hartwig,bh_reaction_1,5,20,no_target__separate,all,50,0.10138744464287075,0.33153129572170154,0.88,0.9050338973761127,0.0006266960178377313,0.10076074862503305
0.95,buchwald-hartwig,bh_reaction_1,5,20,no_target__separate,not_yet_hit,37,0.13701006032785237,0.4480149131372588,0.8378378378378378,0.8716677802379896,0.0011444650027976028,0.13586559532505477
0.95,buchwald-hartwig,bh_reaction_1,10,20,no_target__separate,all,50,0.08069055074476901,0.23077858813073987,0.88,0.8957663593304512,0.0002485780865369058,0.08044197265823212
0.95,buchwald-hartwig,bh_reaction_1,10,20,no_target__separate,not_yet_hit,18,0.22414041873369175,0.641049855917833,0.6666666666666666,0.7104638870290311,0.0019181965114695172,0.2222222222222222
0.95,buchwald-hartwig,bh_reaction_2,5,20,no_target__separate,all,50,0.08586196708822938,0.2877217392374894,0.9,0.910167146166593,0.00010337086117286447,0.08575859622705653
0.95,buchwald-hartwig,bh_reaction_2,10,20,no_target__separate,all,50,0.07897848812067479,0.2401727192151228,0.9,0.8726035502927736,0.0007505654565605797,0.07822792266411423
0.95,buchwald-hartwig,bh_reaction_2,5,20,no_target__separate,not_yet_hit,35,0.12265995298275624,0.4110306274819134,0.8571428571428571,0.8716677802379897,0.00021097339091951962,0.1224489795918367
0.95,buchwald-hartwig,bh_reaction_2,10,20,no_target__separate,not_yet_hit,22,0.17949656390935181,0.54584581639737,0.7727272727272727,0.710463887029031,0.0038767291986079896,0.17561983471074374
0.95,buchwald-hartwig,bh_reaction_3,5,20,no_target__separate,all,50,0.028700804458077288,0.15368728739019782,0.98,0.8922007753999117,0.007708703840376791,0.020992100617700498
0.95,buchwald-hartwig,bh_reaction_3,5,20,no_target__separate,not_yet_hit,42,0.03416762435466343,0.18296086594061645,0.9761904761904762,0.87166778023799,0.010924993969175902,0.023242630385487528
0.95,buchwald-hartwig,bh_reaction_3,10,20,no_target__separate,all,50,0.036921150124696045,0.13417805623438572,0.98,0.9015570615898707,0.006153294586415357,0.03076785553828068
0.95,buchwald-hartwig,bh_reaction_3,10,20,no_target__separate,not_yet_hit,17,0.10859161801187069,0.3946394006883991,0.9411764705882353,0.7104638870290312,0.05322829621256273,0.05536332179930797
0.95,buchwald-hartwig,bh_reaction_4,5,20,no_target__separate,all,50,0.056787311014311975,0.21658413590488793,0.94,0.9050338973761127,0.001222628332704234,0.055564682681607754
0.95,buchwald-hartwig,bh_reaction_4,5,20,no_target__separate,not_yet_hit,37,0.07673960947844863,0.2926809133848079,0.918918918918919,0.8716677802379896,0.0022326701066443925,0.07450693937180425
0.95,buchwald-hartwig,bh_reaction_4,10,20,no_target__separate,all,50,0.048728391444218276,0.14957341009377914,0.94,0.9189291683681289,0.0004439799456586677,0.048284411498559596
0.95,buchwald-hartwig,bh_reaction_4,10,20,no_target__separate,not_yet_hit,14,0.17402996944106533,0.5341881789050682,0.7857142857142857,0.7104638870290312,0.005662622502289757,0.16836734693877559
0.95,buchwald-hartwig,bh_reaction_5,5,20,no_target__separate,all,50,0.027383271767833693,0.1426996142996493,0.98,0.9024672729808725,0.006011323759022578,0.02137194800881112
0.95,buchwald-hartwig,bh_reaction_5,10,20,no_target__separate,all,50,0.03189128048189578,0.1136678866174902,0.98,0.9189291683681288,0.003729646476208371,0.028161634005687407
0.95,buchwald-hartwig,bh_reaction_5,5,20,no_target__separate,not_yet_hit,38,0.03603062074683381,0.1877623346046438,0.9736842105263158,0.8716677802379897,0.01040735204877287,0.025623268698060954
0.95,buchwald-hartwig,bh_reaction_5,10,20,no_target__separate,not_yet_hit,14,0.11389743028991349,0.40595416648975063,0.9285714285714286,0.7104638870290312,0.047570899677668595,0.06632653061224487
0.95,buchwald-hartwig,bh_reaction_1,5,40,no_target__separate,all,50,5.139778860171647e-05,0.0061933031874867464,1.0,0.9938325393892797,3.803757038478785e-05,1.3360218216928613e-05
0.95,buchwald-hartwig,bh_reaction_1,5,40,no_target__separate,not_yet_hit,37,6.945647073204925e-05,0.008368977280211807,1.0,0.9916659451206484,6.945647073204928e-05,0.0
0.95,buchwald-hartwig,bh_reaction_1,10,40,no_target__separate,all,50,9.551128446011563e-05,0.005912713107216021,1.0,0.9941355675262471,3.439156823920825e-05,6.111971622090738e-05
0.95,buchwald-hartwig,bh_reaction_1,10,40,no_target__separate,not_yet_hit,18,0.0002653091217225434,0.016422425296933343,1.0,0.9837116875729086,0.0002653091217225434,0.0
0.95,buchwald-hartwig,bh_reaction_2,5,40,no_target__separate,all,50,4.861952981243449e-05,0.005858584096298275,1.0,0.9941658615844537,3.403717105175357e-05,1.4582358760680923e-05
0.95,buchwald-hartwig,bh_reaction_2,10,40,no_target__separate,all,50,0.00011673601411791912,0.007226427130930687,1.0,0.9928325825320797,5.13718731594487e-05,6.536414095847038e-05
0.95,buchwald-hartwig,bh_reaction_2,5,40,no_target__separate,not_yet_hit,35,6.945647073204927e-05,0.008368977280211807,1.0,0.9916659451206483,6.945647073204928e-05,0.0
0.95,buchwald-hartwig,bh_reaction_2,10,40,no_target__separate,not_yet_hit,22,0.0002653091217225435,0.01642242529693334,1.0,0.9837116875729088,0.0002653091217225434,0.0
0.95,buchwald-hartwig,bh_reaction_3,5,40,no_target__separate,all,50,5.83434355749214e-05,0.007030100915457924,1.0,0.9929992339013444,4.901072596808561e-05,9.332709606835789e-06
0.95,buchwald-hartwig,bh_reaction_3,5,40,no_target__separate,not_yet_hit,42,6.945647073204927e-05,0.008368977280211808,1.0,0.9916659451206483,6.945647073204928e-05,0.0
0.95,buchwald-hartwig,bh_reaction_3,10,40,no_target__separate,all,50,9.020510204566477e-05,0.005584284601287356,1.0,0.9944613137747891,3.067704510134351e-05,5.952805694432125e-05
0.95,buchwald-hartwig,bh_reaction_3,10,40,no_target__separate,not_yet_hit,17,0.0002653091217225434,0.016422425296933343,1.0,0.9837116875729085,0.0002653091217225434,0.0
0.95,buchwald-hartwig,bh_reaction_4,5,40,no_target__separate,all,50,5.139778860171647e-05,0.0061933031874867464,1.0,0.9938325393892797,3.803757038478785e-05,1.3360218216928615e-05
0.95,buchwald-hartwig,bh_reaction_4,5,40,no_target__separate,not_yet_hit,37,6.945647073204925e-05,0.008368977280211807,1.0,0.9916659451206484,6.945647073204928e-05,0.0
0.95,buchwald-hartwig,bh_reaction_4,10,40,no_target__separate,all,50,7.428655480231215e-05,0.004598999083501357,1.0,0.9954385525204146,2.0806803109018196e-05,5.347975169329395e-05
0.95,buchwald-hartwig,bh_reaction_4,10,40,no_target__separate,not_yet_hit,14,0.0002653091217225435,0.016422425296933336,1.0,0.9837116875729085,0.0002653091217225434,0.0
0.95,buchwald-hartwig,bh_reaction_5,5,40,no_target__separate,all,50,5.278691799635745e-05,0.006360662733080982,1.0,0.9936658782916926,4.012109781565174e-05,1.2665820180705716e-05
0.95,buchwald-hartwig,bh_reaction_5,10,40,no_target__separate,all,50,7.428655480231216e-05,0.004598999083501357,1.0,0.9954385525204144,2.0806803109018196e-05,5.3479751693293955e-05
0.95,buchwald-hartwig,bh_reaction_5,5,40,no_target__separate,not_yet_hit,38,6.945647073204925e-05,0.008368977280211807,1.0,0.9916659451206485,6.945647073204928e-05,0.0
0.95,buchwald-hartwig,bh_reaction_5,10,40,no_target__separate,not_yet_hit,14,0.0002653091217225435,0.016422425296933336,1.0,0.9837116875729085,0.0002653091217225434,0.0
0.95,buchwald-hartwig,bh_reaction_1,5,20,no_target__separate_matched_penalty,all,50,0.10141026922836682,0.3316334701383056,0.88,0.9053689975531694,0.0006435860368527067,0.10076668319151409
0.95,buchwald-hartwig,bh_reaction_1,5,20,no_target__separate_matched_penalty,not_yet_hit,37,0.1370409043623065,0.44815298667321013,0.8378378378378378,0.8721206183150937,0.0011753090372517074,0.13586559532505477
0.95,buchwald-hartwig,bh_reaction_1,10,20,no_target__separate_matched_penalty,all,50,0.08065825470377323,0.2307001699056112,0.88,0.8953932449264235,0.00023695198936485938,0.0804213027144084
0.95,buchwald-hartwig,bh_reaction_1,10,20,no_target__separate_matched_penalty,not_yet_hit,18,0.22405070750870346,0.6408320275146978,0.6666666666666666,0.7094274581289538,0.0018284852864812182,0.2222222222222222
0.95,buchwald-hartwig,bh_reaction_2,5,20,no_target__separate_matched_penalty,all,50,0.0858713190453985,0.28776360352222674,0.9,0.9104841328205654,0.00010991704099925847,0.08576140200439925
0.95,buchwald-hartwig,bh_reaction_2,10,20,no_target__separate_matched_penalty,all,50,0.07903574854568714,0.24031175263125884,0.9,0.8721475215767398,0.0007757605543181802,0.07825998799136898
0.95,buchwald-hartwig,bh_reaction_2,5,20,no_target__separate_matched_penalty,not_yet_hit,35,0.1226733129215693,0.41109043360296676,0.8571428571428571,0.8721206183150936,0.00022433332973255334,0.1224489795918367
0.95,buchwald-hartwig,bh_reaction_2,10,20,no_target__separate_matched_penalty,not_yet_hit,22,0.17962670123892538,0.5461618014340428,0.7727272727272727,0.7094274581289537,0.0040068665281815345,0.17561983471074383
0.95,buchwald-hartwig,bh_reaction_3,5,20,no_target__separate_matched_penalty,all,50,0.028621459191259486,0.1533320993227107,0.98,0.8925811593846785,0.0076420536945269665,0.020979405496732523
0.95,buchwald-hartwig,bh_reaction_3,5,20,no_target__separate_matched_penalty,not_yet_hit,42,0.034073165703689866,0.18253802300313177,0.9761904761904762,0.8721206183150937,0.010830535318202331,0.023242630385487528
0.95,buchwald-hartwig,bh_reaction_3,10,20,no_target__separate_matched_penalty,all,50,0.03708411503621444,0.13457375040435088,0.98,0.9012046757638444,0.006208703121480905,0.03087541191473353
0.95,buchwald-hartwig,bh_reaction_3,10,20,no_target__separate_matched_penalty,not_yet_hit,17,0.10907092657516013,0.39580320707064953,0.9411764705882353,0.7094274581289539,0.05370760477585215,0.05536332179930797
0.95,buchwald-hartwig,bh_reaction_4,5,20,no_target__separate_matched_penalty,all,50,0.056755795030555584,0.21644305519598878,0.94,0.9053689975531694,0.0011993063304723982,0.055556488700083194
0.95,buchwald-hartwig,bh_reaction_4,5,20,no_target__separate_matched_penalty,not_yet_hit,37,0.07669702031121024,0.2924902637781875,0.918918918918919,0.8721206183150937,0.0021900809394059997,0.07450693937180425
0.95,buchwald-hartwig,bh_reaction_4,10,20,no_target__separate_matched_penalty,all,50,0.0487723675612267,0.1496801880791267,0.94,0.9186389682761071,0.0004562936763091599,0.04831607388491754
0.95,buchwald-hartwig,bh_reaction_4,10,20,no_target__separate_matched_penalty,not_yet_hit,14,0.1741870270018097,0.534569528852738,0.7857142857142857,0.7094274581289539,0.00581968006303414,0.16836734693877559
0.95,buchwald-hartwig,bh_reaction_5,5,20,no_target__separate_matched_penalty,all,50,0.02731320829053037,0.14238597605209752,0.98,0.9028114299194712,0.005958075351076717,0.021355132939453646
0.95,buchwald-hartwig,bh_reaction_5,10,20,no_target__separate_matched_penalty,all,50,0.032018170910910394,0.11397598852870823,0.98,0.9186389682761071,0.0037651762142205942,0.028252994696689796
0.95,buchwald-hartwig,bh_reaction_5,5,20,no_target__separate_matched_penalty,not_yet_hit,38,0.035938431960908374,0.18734965269997045,0.9736842105263158,0.8721206183150937,0.010315163262847437,0.025623268698060954
0.95,buchwald-hartwig,bh_reaction_5,10,20,no_target__separate_matched_penalty,not_yet_hit,14,0.11435061039353715,0.4070545304583864,0.9285714285714286,0.7094274581289539,0.048024079781292195,0.06632653061224487
0.95,buchwald-hartwig,bh_reaction_1,5,40,no_target__separate_matched_penalty,all,50,4.809539482561853e-05,0.005990222840251877,1.0,0.9940339548900119,3.5593694254415e-05,1.2501700571203533e-05
0.95,buchwald-hartwig,bh_reaction_1,5,40,no_target__separate_matched_penalty,not_yet_hit,37,6.499377644002502e-05,0.008094544378543065,1.0,0.9919381282297458,6.499377644002505e-05,0.0
0.95,buchwald-hartwig,bh_reaction_1,10,40,no_target__separate_matched_penalty,all,50,0.00010295676711254843,0.006140763049380426,1.0,0.9939113031728902,3.707222905245636e-05,6.588453806009207e-05
0.95,buchwald-hartwig,bh_reaction_1,10,40,no_target__separate_matched_penalty,not_yet_hit,18,0.0002859910179793012,0.01705589735850113,1.0,0.9830887310358063,0.0002859910179793012,0.0
0.95,buchwald-hartwig,bh_reaction_2,5,40,no_target__separate_matched_penalty,all,50,4.549564380801752e-05,0.005666481065130156,1.0,0.9943563897608221,3.1850336531755874e-05,1.3645307276261658e-05
0.95,buchwald-hartwig,bh_reaction_2,10,40,no_target__separate_matched_penalty,all,50,0.00012583604847089255,0.007505154838020515,1.0,0.9925584816557549,5.537619526773851e-05,7.0459853203154e-05
0.95,buchwald-hartwig,bh_reaction_2,5,40,no_target__separate_matched_penalty,not_yet_hit,35,6.499377644002503e-05,0.008094544378543065,1.0,0.9919381282297457,6.499377644002505e-05,0.0
0.95,buchwald-hartwig,bh_reaction_2,10,40,no_target__separate_matched_penalty,not_yet_hit,22,0.00028599101797930124,0.017055897358501125,1.0,0.9830887310358064,0.0002859910179793012,0.0
0.95,buchwald-hartwig,bh_reaction_3,5,40,no_target__separate_matched_penalty,all,50,5.459477236962103e-05,0.006799577278056179,1.0,0.9932278677129864,4.586177571281358e-05,8.732996656807459e-06
0.95,buchwald-hartwig,bh_reaction_3,5,40,no_target__separate_matched_penalty,not_yet_hit,42,6.499377644002505e-05,0.008094544378543065,1.0,0.9919381282297457,6.499377644002505e-05,0.0
0.95,buchwald-hartwig,bh_reaction_3,10,40,no_target__separate_matched_penalty,all,50,9.723694677296241e-05,0.005799665102220404,1.0,0.9942495085521742,3.306815189151857e-05,6.416879488144384e-05
0.95,buchwald-hartwig,bh_reaction_3,10,40,no_target__separate_matched_penalty,not_yet_hit,17,0.0002859910179793012,0.017055897358501132,1.0,0.9830887310358063,0.0002859910179793012,0.0
0.95,buchwald-hartwig,bh_reaction_4,5,40,no_target__separate_matched_penalty,all,50,4.809539482561853e-05,0.005990222840251877,1.0,0.9940339548900119,3.5593694254415e-05,1.2501700571203533e-05
0.95,buchwald-hartwig,bh_reaction_4,5,40,no_target__separate_matched_penalty,not_yet_hit,37,6.499377644002502e-05,0.008094544378543065,1.0,0.9919381282297458,6.499377644002505e-05,0.0
0.95,buchwald-hartwig,bh_reaction_4,10,40,no_target__separate_matched_penalty,all,50,8.007748575420436e-05,0.004776371260740338,1.0,0.9952641246900258,2.242851495162377e-05,5.764897080258057e-05
0.95,buchwald-hartwig,bh_reaction_4,10,40,no_target__separate_matched_penalty,not_yet_hit,14,0.0002859910179793013,0.017055897358501132,1.0,0.9830887310358064,0.0002859910179793012,0.0
0.95,buchwald-hartwig,bh_reaction_5,5,40,no_target__separate_matched_penalty,all,50,4.939527033441903e-05,0.006152093727812737,1.0,0.9938727374546068,3.7543346300180334e-05,1.1851924034238693e-05
0.95,buchwald-hartwig,bh_reaction_5,10,40,no_target__separate_matched_penalty,all,50,8.007748575420434e-05,0.004776371260740338,1.0,0.9952641246900258,2.242851495162377e-05,5.764897080258056e-05
0.95,buchwald-hartwig,bh_reaction_5,5,40,no_target__separate_matched_penalty,not_yet_hit,38,6.499377644002502e-05,0.008094544378543065,1.0,0.9919381282297458,6.499377644002505e-05,0.0
0.95,buchwald-hartwig,bh_reaction_5,10,40,no_target__separate_matched_penalty,not_yet_hit,14,0.0002859910179793013,0.017055897358501132,1.0,0.9830887310358064,0.0002859910179793012,0.0
0.95,buchwald-hartwig,bh_reaction_1,5,20,best__pooled,all,50,0.10018819713319514,0.32602298948123226,0.88,0.9095810434720921,0.0008750381328977933,0.09931315900029736
0.95,buchwald-hartwig,bh_reaction_1,5,20,best__pooled,not_yet_hit,37,0.13538945558504747,0.4405712560555436,0.8378378378378378,0.8778125722595839,0.001597979392089116,0.13379147619295836
0.95,buchwald-hartwig,bh_reaction_1,5,40,best__pooled,all,50,5.43257976716842e-05,0.005758839125613102,1.0,0.9942685416290955,3.284961505741316e-05,2.1476182614271048e-05
0.95,buchwald-hartwig,bh_reaction_1,5,40,best__pooled,not_yet_hit,37,7.341323974551921e-05,0.007781863683085265,1.0,0.9922551373366152,5.998289767468993e-05,1.3430342070829279e-05
0.95,buchwald-hartwig,bh_reaction_1,10,20,best__pooled,all,50,0.08002558893560587,0.22884328727987072,0.88,0.9048711386617486,0.0006185735383319259,0.07940701539727393
0.95,buchwald-hartwig,bh_reaction_1,10,40,best__pooled,all,50,0.00014102373592757777,0.007069928145781683,1.0,0.9930015922831533,4.897771057122006e-05,9.204602535635773e-05
0.95,buchwald-hartwig,bh_reaction_1,10,20,best__pooled,not_yet_hit,18,0.22229330259712743,0.6356740202209742,0.6666666666666666,0.7357549407270795,0.004773189612646714,0.21752011298448068
0.95,buchwald-hartwig,bh_reaction_1,10,40,best__pooled,not_yet_hit,18,0.00039173259802104934,0.019636911515171288,1.0,0.9805617563420923,0.00037784531650418384,1.3887281516865477e-05
0.95,buchwald-hartwig,bh_reaction_2,5,20,best__pooled,all,50,0.0891536175326104,0.29972114682233514,0.9,0.9186442676538428,0.0003476087163481305,0.08880600881626227
0.95,buchwald-hartwig,bh_reaction_2,5,40,best__pooled,all,50,4.5585053325945966e-05,0.005132018209455035,1.0,0.9948909636195625,2.6102252736631704e-05,1.9482800589314275e-05
0.95,buchwald-hartwig,bh_reaction_2,10,20,best__pooled,all,50,0.07963327786654596,0.2412010749156688,0.9,0.8815312187993943,0.00034109587903585146,0.0792921819875101
0.95,buchwald-hartwig,bh_reaction_2,10,40,best__pooled,all,50,0.00018196038435963342,0.008871501447250718,1.0,0.9912208132837859,7.707411939815422e-05,0.00010488626496147923
0.95,buchwald-hartwig,bh_reaction_2,5,20,best__pooled,not_yet_hit,35,0.1273623107604434,0.42817263831740726,0.8571428571428571,0.883777953791204,0.0007094283734667824,0.12665288238697667
0.95,buchwald-hartwig,bh_reaction_2,5,40,best__pooled,not_yet_hit,35,6.512150432277996e-05,0.007331026013292895,1.0,0.9927018051708038,5.32636477649048e-05,1.185785655787516e-05
0.95,buchwald-hartwig,bh_reaction_2,10,20,best__pooled,not_yet_hit,22,0.1809847224226954,0.5481829884440654,0.7727272727272727,0.730754042725896,0.0017617520367484822,0.1792229703859469
0.95,buchwald-hartwig,bh_reaction_2,10,40,best__pooled,not_yet_hit,22,0.0004135463268173487,0.020161230561297046,1.0,0.9800485756449674,0.00039805933379458565,1.5486993022763075e-05
0.95,buchwald-hartwig,bh_reaction_3,5,20,best__pooled,all,50,0.03608452182853045,0.1693445083712892,0.98,0.8838073806304044,0.009253020021183932,0.026831501807346513
0.95,buchwald-hartwig,bh_reaction_3,5,20,best__pooled,not_yet_hit,42,0.04295776408139339,0.20160041472763002,0.9761904761904762,0.8616756436076242,0.013113646881478645,0.029844117199914737
0.95,buchwald-hartwig,bh_reaction_3,5,40,best__pooled,all,50,0.0001070167089044499,0.007806354275411734,1.0,0.992247896052696,6.009511560980348e-05,4.692159329464639e-05
0.95,buchwald-hartwig,bh_reaction_3,5,40,best__pooled,not_yet_hit,42,0.00012740084374339273,0.009293088423013966,1.0,0.9907714953008286,8.516529898262512e-05,4.22355447607676e-05
0.95,buchwald-hartwig,bh_reaction_3,10,20,best__pooled,all,50,0.046856755365822754,0.1554557309503899,0.98,0.8903679975016573,0.008033895871862927,0.03882285949395983
0.95,buchwald-hartwig,bh_reaction_3,10,40,best__pooled,all,50,0.0002855153959425851,0.00919384237307177,1.0,0.9909527315603205,8.185306621962359e-05,0.00020366232972296152
0.95,buchwald-hartwig,bh_reaction_3,10,20,best__pooled,not_yet_hit,17,0.13781398636812575,0.4572207969119408,0.9411764705882353,0.6775548750048742,0.06949634565791715,0.0683176407102086
0.95,buchwald-hartwig,bh_reaction_3,10,40,best__pooled,not_yet_hit,17,0.0008397511625958385,0.027038771684534564,1.0,0.9733923281185894,0.0007079682029488138,0.00013178295964702463
0.95,buchwald-hartwig,bh_reaction_4,5,20,best__pooled,all,50,0.051330685732992896,0.19277879158044167,0.94,0.9133266620925009,0.0007114669551276288,0.05061921877786528
0.95,buchwald-hartwig,bh_reaction_4,5,20,best__pooled,not_yet_hit,37,0.06936579153072014,0.26051152916258336,0.918918918918919,0.8828742190439203,0.0012992203890787371,0.0680665711416414
0.95,buchwald-hartwig,bh_reaction_4,5,40,best__pooled,all,50,4.8495954525672e-05,0.005476926559759549,1.0,0.9945474971579218,2.9729787242871816e-05,1.876616728280019e-05
0.95,buchwald-hartwig,bh_reaction_4,5,40,best__pooled,not_yet_hit,37,6.553507333198919e-05,0.007400900756256136,1.0,0.9926321042674617,5.428588752555488e-05,1.1249185806434314e-05
0.95,buchwald-hartwig,bh_reaction_4,10,20,best__pooled,all,50,0.040466765149928675,0.13069147367537082,0.94,0.9227211278092148,0.00029855942418549375,0.04016820572574318
0.95,buchwald-hartwig,bh_reaction_4,10,40,best__pooled,all,50,0.00015760106874815696,0.006073889061452087,1.0,0.9940068127018816,3.591829399032921e-05,0.0001216827747578277
0.95,buchwald-hartwig,bh_reaction_4,10,20,best__pooled,not_yet_hit,14,0.14452416124717388,0.466752691696467,0.7857142857142857,0.724006599318624,0.0038078385603053356,0.1407163226868685
0.95,buchwald-hartwig,bh_reaction_4,10,40,best__pooled,not_yet_hit,14,0.0005628609572434177,0.021689889503900234,1.0,0.9785983310781482,0.00045803143264055697,0.00010482952460286067
0.95,buchwald-hartwig,bh_reaction_5,5,20,best__pooled,all,50,0.03001293200958491,0.14554744661229843,0.98,0.8921224725069823,0.007722459838286078,0.022290472171298835
0.95,buchwald-hartwig,bh_reaction_5,5,40,best__pooled,all,50,8.461149383522522e-05,0.007115310769026118,1.0,0.9929274254225342,5.00213111538134e-05,3.459018268141182e-05
0.95,buchwald-hartwig,bh_reaction_5,10,20,best__pooled,all,50,0.0309343783396619,0.11040619137871222,0.98,0.9233772314566028,0.003206137917519129,0.027728240422142766
0.95,buchwald-hartwig,bh_reaction_5,10,40,best__pooled,all,50,0.00012491174487527454,0.0058053510327410705,1.0,0.9942580904864239,3.296952486209657e-05,9.194222001317799e-05
0.95,buchwald-hartwig,bh_reaction_5,5,20,best__pooled,not_yet_hit,38,0.039490700012295925,0.1915094823844453,0.9736842105263158,0.8580562006670819,0.013369836664007059,0.026120863348288875
0.95,buchwald-hartwig,bh_reaction_5,5,40,best__pooled,not_yet_hit,38,0.00011133091262529637,0.009361935222244882,1.0,0.9906942966085976,8.659611560875369e-05,2.473479701654268e-05
0.95,buchwald-hartwig,bh_reaction_5,10,20,best__pooled,not_yet_hit,14,0.1104799226390782,0.39430525492268637,0.9285714285714286,0.7263498266307244,0.04089357629146459,0.0695863463476136
0.95,buchwald-hartwig,bh_reaction_5,10,40,best__pooled,not_yet_hit,14,0.00044611337198312333,0.020730825115646605,1.0,0.9794957517372281,0.0004204241968213875,2.5689175161735916e-05
0.95,buchwald-hartwig,bh_reaction_1,5,20,best__separate,all,50,0.10001929067694272,0.32548426440247014,0.88,0.9078250524949355,0.0007742335463459216,0.09924505713059678
0.95,buchwald-hartwig,bh_reaction_1,5,20,best__separate,not_yet_hit,37,0.1351612036171388,0.4398432491923515,0.8378378378378378,0.8754396114796427,0.0014138933810095315,0.13374731023612926
0.95,buchwald-hartwig,bh_reaction_1,10,20,best__separate,all,50,0.07982527482851924,0.22849158513306148,0.88,0.9012654967987475,0.0004522213540975285,0.07937305347442171
0.95,buchwald-hartwig,bh_reaction_1,10,20,best__separate,not_yet_hit,18,0.22173687452188678,0.6346970698131708,0.6666666666666666,0.725739268885409,0.0034895723328937658,0.21824730218899305
0.95,buchwald-hartwig,bh_reaction_2,5,20,best__separate,all,50,0.08799740989123248,0.2956485583830364,0.9,0.9158816964616392,0.0002522282824996454,0.08774518160873282
0.95,buchwald-hartwig,bh_reaction_2,10,20,best__separate,all,50,0.07950488727919139,0.24109731363757167,0.9,0.8776158844225015,0.0005010486301868158,0.07900383864900458
0.95,buchwald-hartwig,bh_reaction_2,5,20,best__separate,not_yet_hit,35,0.12571058555847497,0.42235465483269485,0.8571428571428571,0.8798314235166276,0.0005147710440969851,0.12519581451437797
0.95,buchwald-hartwig,bh_reaction_2,10,20,best__separate,not_yet_hit,22,0.18069292563325312,0.547947167357481,0.7727272727272727,0.7218555555056849,0.002587931613073184,0.1781049940201799
0.95,buchwald-hartwig,bh_reaction_3,5,20,best__separate,all,50,0.03329311095407818,0.16460691640453518,0.98,0.8856013432577313,0.00891110639474468,0.024382004559333495
0.95,buchwald-hartwig,bh_reaction_3,5,20,best__separate,not_yet_hit,42,0.03963465589752164,0.19596042429101804,0.9761904761904762,0.863811313402061,0.012629076229025118,0.027005579668496513
0.95,buchwald-hartwig,bh_reaction_3,10,20,best__separate,all,50,0.04484796993474693,0.1515522267072094,0.98,0.8914839525413768,0.007835090657697243,0.03701287927704969
0.95,buchwald-hartwig,bh_reaction_3,10,20,best__separate,not_yet_hit,17,0.1319057939237851,0.4457399020790569,0.9411764705882353,0.6808370957099317,0.0677765901120259,0.06412920381175918
0.95,buchwald-hartwig,bh_reaction_4,5,20,best__separate,all,50,0.05242286706666739,0.19760098002805676,0.94,0.9108011779544276,0.0008525712088490047,0.05157029585781839
0.95,buchwald-hartwig,bh_reaction_4,5,20,best__separate,not_yet_hit,37,0.0708417122519019,0.2670280000377388,0.918918918918919,0.8794614026411185,0.0015568955908128938,0.06928481666108896
0.95,buchwald-hartwig,bh_reaction_4,10,20,best__separate,all,50,0.042266710812864684,0.13484630802336212,0.94,0.9207382656906072,0.00037101440860563996,0.04189569640425903
0.95,buchwald-hartwig,bh_reaction_4,10,20,best__separate,not_yet_hit,14,0.15095253861480246,0.481591385796436,0.7857142857142857,0.7169249488950259,0.00473197286003359,0.14622056575476886
0.95,buchwald-hartwig,bh_reaction_5,5,20,best__separate,all,50,0.02888729534963687,0.14455545801131683,0.98,0.894043625507068,0.0073884983159691765,0.02149879703366769
0.95,buchwald-hartwig,bh_reaction_5,10,20,best__separate,all,50,0.03150558515776422,0.11219101567553245,0.98,0.9211931514641055,0.003458245434723639,0.028047339723040573
0.95,buchwald-hartwig,bh_reaction_5,5,20,best__separate,not_yet_hit,38,0.038009599143943244,0.19020423422525903,0.9736842105263158,0.8605840335619316,0.012791650029375037,0.025217949114568212
0.95,buchwald-hartwig,bh_reaction_5,10,20,best__separate,not_yet_hit,14,0.11251994698944363,0.4006796274113301,0.9285714285714286,0.7185495409432339,0.04410919328291,0.06841075370653363
0.95,buchwald-hartwig,bh_reaction_1,5,40,best__separate,all,50,6.926653634298532e-05,0.004398530482163893,1.0,0.9956367654102434,1.9037816085248672e-05,5.0228720257736666e-05
0.95,buchwald-hartwig,bh_reaction_1,5,40,best__separate,not_yet_hit,37,9.360342713916936e-05,0.005943608759505251,1.0,0.9941040883922209,3.476177368674568e-05,5.8841653452423696e-05
0.95,buchwald-hartwig,bh_reaction_1,10,40,best__separate,all,50,2.038280532476889e-05,0.002424905555407504,1.0,0.9975853633239925,5.830470277120012e-06,1.4552335047648875e-05
0.95,buchwald-hartwig,bh_reaction_1,10,40,best__separate,not_yet_hit,18,5.66189019021358e-05,0.006734070986354128,1.0,0.9932944536777575,4.4964351479742546e-05,1.1654550422393252e-05
0.95,buchwald-hartwig,bh_reaction_2,5,40,best__separate,all,50,7.552910143570134e-05,0.0036733363359218256,1.0,0.9963656771080589,1.3208302882886457e-05,6.232079855281488e-05
0.95,buchwald-hartwig,bh_reaction_2,10,40,best__separate,all,50,2.738830967249497e-05,0.003146742450582649,1.0,0.9968670496914876,9.8153776356082e-06,1.7572932036886777e-05
0.95,buchwald-hartwig,bh_reaction_2,5,40,best__separate,not_yet_hit,35,0.00010789871590814477,0.00524719476538831,1.0,0.9948085387257986,2.6951270161533122e-05,8.094744574661167e-05
0.95,buchwald-hartwig,bh_reaction_2,10,40,best__separate,not_yet_hit,22,6.22461570738522e-05,0.007150414659778712,1.0,0.9928809311170174,5.0681141760653744e-05,1.156501531319847e-05
0.95,buchwald-hartwig,bh_reaction_3,5,40,best__separate,all,50,0.0004804207893837674,0.00944976857074745,1.0,0.9908062456313331,8.452511939138179e-05,0.0003958956699923857
0.95,buchwald-hartwig,bh_reaction_3,5,40,best__separate,not_yet_hit,42,0.0005719295109806755,0.01124953401269934,1.0,0.9890552447992061,0.00011978766640530576,0.0004521418445753698
0.95,buchwald-hartwig,bh_reaction_3,10,40,best__separate,all,50,0.00021114336608469078,0.005550727022554726,1.0,0.9945593318125574,2.9600870325850726e-05,0.00018154249575884007
0.95,buchwald-hartwig,bh_reaction_3,10,40,best__separate,not_yet_hit,17,0.0006210098983079141,0.016323726535955027,1.0,0.9839999759192863,0.00025600077058341786,0.0003650091277244962
0.95,buchwald-hartwig,bh_reaction_4,5,40,best__separate,all,50,4.625153762362325e-05,0.0038668421395939203,1.0,0.9961565915133767,1.4771788795048304e-05,3.147974882857495e-05
0.95,buchwald-hartwig,bh_reaction_4,5,40,best__separate,not_yet_hit,37,6.25020775184098e-05,0.005225110999275558,1.0,0.9948065560991577,2.69718595511965e-05,3.5530217967213296e-05
0.95,buchwald-hartwig,bh_reaction_4,10,40,best__separate,all,50,0.00010218604183356863,0.002974281161658915,1.0,0.9970790096461447,8.532184647316836e-06,9.36538571862518e-05
0.95,buchwald-hartwig,bh_reaction_4,10,40,best__separate,not_yet_hit,14,0.0003649501468341735,0.010619861290353196,1.0,0.9895704630219447,0.00010877524157662196,0.0002561749052575516
0.95,buchwald-hartwig,bh_reaction_5,5,40,best__separate,all,50,0.00017738310186283247,0.007166241236965783,1.0,0.9929249327784145,5.005657618995292e-05,0.0001273265256728795
0.95,buchwald-hartwig,bh_reaction_5,10,40,best__separate,all,50,2.316047736540108e-05,0.002190598619856374,1.0,0.9978210905951331,4.74764619461707e-06,1.8412831170784006e-05
0.95,buchwald-hartwig,bh_reaction_5,5,40,best__separate,not_yet_hit,38,0.00023339881792477956,0.009428948995849706,1.0,0.9906910168137032,8.665716796275356e-05,0.000146741649962026
0.95,buchwald-hartwig,bh_reaction_5,10,40,best__separate,not_yet_hit,14,8.271598801928956e-05,0.007820995069629832,1.0,0.9922207521254756,6.0516697493290455e-05,2.2199290525999107e-05
0.95,buchwald-hartwig,bh_reaction_1,5,20,best__separate_matched_penalty,all,50,0.10005210035512642,0.32561767528425456,0.88,0.9082765822948157,0.0007995651062754879,0.09925253524885096
0.95,buchwald-hartwig,bh_reaction_1,5,20,best__separate_matched_penalty,not_yet_hit,37,0.13520554102008975,0.4400235341677359,0.8378378378378378,0.8760497868848862,0.001460153049974219,0.13374538797011554
0.95,buchwald-hartwig,bh_reaction_1,10,20,best__separate_matched_penalty,all,50,0.07976441510592364,0.22834329210402196,0.88,0.9009024298533442,0.00043691157377397793,0.07932750353214965
0.95,buchwald-hartwig,bh_reaction_1,10,20,best__separate_matched_penalty,not_yet_hit,18,0.22156781973689899,0.6342851447325054,0.6666666666666666,0.724730749592623,0.0033714377260323372,0.21819638201086666
0.95,buchwald-hartwig,bh_reaction_2,5,20,best__separate_matched_penalty,all,50,0.08805311496315565,0.2958940054214931,0.9,0.9163481500504269,0.0002672620100712775,0.08778585295308439
0.95,buchwald-hartwig,bh_reaction_2,10,20,best__separate_matched_penalty,all,50,0.07957844606833414,0.24126237656629637,0.9,0.8771438696521165,0.0005224026944794401,0.07905604337385469
0.95,buchwald-hartwig,bh_reaction_2,5,20,best__separate_matched_penalty,not_yet_hit,35,0.12579016423265096,0.4227052934590615,0.8571428571428571,0.8804977857863244,0.000545452691941445,0.12524471154070943
0.95,buchwald-hartwig,bh_reaction_2,10,20,best__separate_matched_penalty,not_yet_hit,22,0.18086010469948666,0.5483223103773097,0.7727272727272727,0.7207827946639013,0.0026982288012760815,0.17816187589821053
0.95,buchwald-hartwig,bh_reaction_3,5,20,best__separate_matched_penalty,all,50,0.03328588886989571,0.1643596646784864,0.98,0.8859731664177002,0.00884104543351353,0.024444843436382174
0.95,buchwald-hartwig,bh_reaction_3,5,20,best__separate_matched_penalty,not_yet_hit,42,0.0396260581782568,0.19566607699810282,0.9761904761904762,0.8642539600210717,0.0125297836521434,0.02709627452611339
0.95,buchwald-hartwig,bh_reaction_3,10,20,best__separate_matched_penalty,all,50,0.04522689119333395,0.15238280526763479,0.98,0.8908915010645211,0.007940324582534268,0.03728656661079968
0.95,buchwald-hartwig,bh_reaction_3,10,20,best__separate_matched_penalty,not_yet_hit,17,0.1330202682137469,0.4481827801979552,0.9411764705882353,0.6790945913662383,0.06868691141653345,0.06433335679721344
0.95,buchwald-hartwig,bh_reaction_4,5,20,best__separate_matched_penalty,all,50,0.052350414579627254,0.19723039068992848,0.94,0.9112793794888222,0.0008248740425470935,0.05152554053708016
0.95,buchwald-hartwig,bh_reaction_4,5,20,best__separate_matched_penalty,not_yet_hit,37,0.07074380348563142,0.2665272036348627,0.918918918918919,0.8801076209308407,0.001506316851519407,0.06923748663411201
0.95,buchwald-hartwig,bh_reaction_4,10,20,best__separate_matched_penalty,all,50,0.0422253964682487,0.13478918728045636,0.94,0.9204154439853628,0.00038355483429046856,0.04184184163395823
0.95,buchwald-hartwig,bh_reaction_4,10,20,best__separate_matched_penalty,not_yet_hit,14,0.1508049873840311,0.48138738314320123,0.7857142857142857,0.7157720142334381,0.004891921339900597,0.14591306604413043
0.95,buchwald-hartwig,bh_reaction_5,5,20,best__separate_matched_penalty,all,50,0.028831303030508897,0.14418763947907082,0.98,0.8943741043538499,0.0073317940052053865,0.02149950902530351
0.95,buchwald-hartwig,bh_reaction_5,10,20,best__separate_matched_penalty,all,50,0.03165507008163681,0.11254231445931888,0.98,0.9208768388918344,0.003495548179422118,0.028159521902214685
0.95,buchwald-hartwig,bh_reaction_5,5,20,best__separate_matched_penalty,not_yet_hit,38,0.03793592503982749,0.18972026247230367,0.9736842105263158,0.8610188741498025,0.012693478020832883,0.025242447018994606
0.95,buchwald-hartwig,bh_reaction_5,10,20,best__separate_matched_penalty,not_yet_hit,14,0.11305382171756,0.4019342659248531,0.9285714285714286,0.7174198531851225,0.044584987788118875,0.06846883392944116
0.95,buchwald-hartwig,bh_reaction_1,5,40,best__separate_matched_penalty,all,50,6.231095809584872e-05,0.003983301558170639,1.0,0.9960484474269089,1.5614767737903047e-05,4.669619035794568e-05
0.95,buchwald-hartwig,bh_reaction_1,5,40,best__separate_matched_penalty,not_yet_hit,37,8.420399707547125e-05,0.0053824885919467975,1.0,0.9946604154417686,2.8511163254501428e-05,5.5692833820969825e-05
0.95,buchwald-hartwig,bh_reaction_1,10,40,best__separate_matched_penalty,all,50,2.010440604046914e-05,0.0023721881014205815,1.0,0.997637943587608,5.579310495321817e-06,1.4525095545147324e-05
0.95,buchwald-hartwig,bh_reaction_1,10,40,best__separate_matched_penalty,not_yet_hit,18,5.5845570556858735e-05,0.00658763361416823,1.0,0.9934405099655782,4.302690951168109e-05,1.2818661045177639e-05
0.95,buchwald-hartwig,bh_reaction_2,5,40,best__separate_matched_penalty,all,50,7.182633417842903e-05,0.0033250443256110634,1.0,0.9967120846852774,1.0810387116786408e-05,6.101594706164264e-05
0.95,buchwald-hartwig,bh_reaction_2,10,40,best__separate_matched_penalty,all,50,2.6991970114343488e-05,0.00308797275567279,1.0,0.9969256217593325,9.45180156669077e-06,1.754016854765272e-05
0.95,buchwald-hartwig,bh_reaction_2,5,40,best__separate_matched_penalty,not_yet_hit,35,0.00010260904839775577,0.004749634750658649,1.0,0.9953034066932537,2.2057988688974528e-05,8.055105970878125e-05
0.95,buchwald-hartwig,bh_reaction_2,10,40,best__separate_matched_penalty,not_yet_hit,22,6.134538535078065e-05,0.007016847171347213,1.0,0.9930140494530282,4.880350504473721e-05,1.2541880306043442e-05
0.95,buchwald-hartwig,bh_reaction_3,5,40,best__separate_matched_penalty,all,50,0.000491293277372626,0.009080357068281936,1.0,0.9911823525491937,7.775090656671286e-05,0.0004135423708059132
0.95,buchwald-hartwig,bh_reaction_3,5,40,best__separate_matched_penalty,not_yet_hit,42,0.0005848729490626501,0.010809758414526109,1.0,0.9895029911299924,0.00011018719521701887,0.00047468575384563134
0.95,buchwald-hartwig,bh_reaction_3,10,40,best__separate_matched_penalty,all,50,0.00024799061191941874,0.005807128433485925,1.0,0.9943227749142326,3.2230884674467785e-05,0.00021575972724495094
0.95,buchwald-hartwig,bh_reaction_3,10,40,best__separate_matched_penalty,not_yet_hit,17,0.0007293841507629962,0.01707784833281149,1.0,0.9833042203359781,0.0002787490585895705,0.0004506350921734257
0.95,buchwald-hartwig,bh_reaction_4,5,40,best__separate_matched_penalty,all,50,4.004919699468122e-05,0.0034655172574845506,1.0,0.9965547681498594,1.1869622501223421e-05,2.8179574493457806e-05
0.95,buchwald-hartwig,bh_reaction_4,5,40,best__separate_matched_penalty,not_yet_hit,37,5.41205361279476e-05,0.00468278007750614,1.0,0.9953446326349451,2.1672445303618146e-05,3.244809082432947e-05
0.95,buchwald-hartwig,bh_reaction_4,10,40,best__separate_matched_penalty,all,50,0.0001200869734111859,0.0030675683817228483,1.0,0.9969953719855299,9.027789505339208e-06,0.00011105918390584664
0.95,buchwald-hartwig,bh_reaction_4,10,40,best__separate_matched_penalty,not_yet_hit,14,0.00042888204532566375,0.010953029933438671,1.0,0.989271757091178,0.00011509519591069193,0.0003137868494149718
0.95,buchwald-hartwig,bh_reaction_5,5,40,best__separate_matched_penalty,all,50,0.00016635626059759753,0.00667547538117605,1.0,0.9934100649058771,4.342724454475096e-05,0.00012292901605284658
0.95,buchwald-hartwig,bh_reaction_5,10,40,best__separate_matched_penalty,all,50,2.342828936497147e-05,0.0021665972662379142,1.0,0.9978452317147982,4.643026362911985e-06,1.8785263002059486e-05
0.95,buchwald-hartwig,bh_reaction_5,5,40,best__separate_matched_penalty,not_yet_hit,38,0.0002188898162599967,0.00878320444875795,1.0,0.9913293485603648,7.518019638764838e-05,0.00014370961987234839
0.95,buchwald-hartwig,bh_reaction_5,10,40,best__separate_matched_penalty,not_yet_hit,14,8.36724594463267e-05,0.007735275949563905,1.0,0.9923069704099934,5.9182704272719445e-05,2.4489755173607237e-05
0.95,buchwald-hartwig,bh_reaction_1,5,20,pilot_summary__pooled,all,50,0.10278693505789212,0.33240583417133185,0.88,0.8460150140055533,0.0011549792730427342,0.1016319557848494
0.95,buchwald-hartwig,bh_reaction_1,5,20,pilot_summary__pooled,not_yet_hit,37,0.13890126359139474,0.44919672185297566,0.8378378378378378,0.7919125324399371,0.00210913367589046,0.1367921299155043
0.95,buchwald-hartwig,bh_reaction_1,5,40,pilot_summary__pooled,all,50,0.00016206769793531632,0.010565049423736905,1.0,0.9895169158563695,0.00010989505316243834,5.217264477287793e-05
0.95,buchwald-hartwig,bh_reaction_1,5,40,pilot_summary__pooled,not_yet_hit,37,0.00021901040226394097,0.014276742464333645,1.0,0.9858340214275263,0.00020067494891578435,1.833545334815659e-05
0.95,buchwald-hartwig,bh_reaction_1,10,20,pilot_summary__pooled,all,50,0.08042535546820158,0.22988432541362788,0.88,0.859410879858207,0.00042391186821318365,0.0800014435999884
0.95,buchwald-hartwig,bh_reaction_1,10,40,pilot_summary__pooled,all,50,0.0004153812067755616,0.012296904444495764,1.0,0.9879158155041317,0.0001460275149301846,0.00026935369184537695
0.95,buchwald-hartwig,bh_reaction_1,10,20,pilot_summary__pooled,not_yet_hit,18,0.2234037651876711,0.638565792814744,0.6666666666666666,0.6094764440505752,0.003270721562878097,0.220133043624793
0.95,buchwald-hartwig,bh_reaction_1,10,40,pilot_summary__pooled,not_yet_hit,18,0.0011538366837098933,0.0341562901227104,1.0,0.9664345986225881,0.0011266361696267704,2.7200514083122816e-05
0.95,buchwald-hartwig,bh_reaction_2,5,20,pilot_summary__pooled,all,50,0.08795875263710654,0.2909153221030222,0.9,0.8682176824646339,0.001010115707918846,0.08694863692918771
0.95,buchwald-hartwig,bh_reaction_2,5,40,pilot_summary__pooled,all,50,0.00012647605404431868,0.008882447257334293,1.0,0.991181504686573,7.77658595929351e-05,4.871019445138358e-05
0.95,buchwald-hartwig,bh_reaction_2,10,20,pilot_summary__pooled,all,50,0.09223973780374603,0.2689759546118202,0.9,0.8234295555565115,0.005863032962273367,0.08637670484147268
0.95,buchwald-hartwig,bh_reaction_2,10,40,pilot_summary__pooled,all,50,0.0005729716317838202,0.015844335898727063,1.0,0.9844496862891846,0.00024181225650477748,0.0003311593752790426
0.95,buchwald-hartwig,bh_reaction_2,5,20,pilot_summary__pooled,not_yet_hit,35,0.12565536090972365,0.41559288871838884,0.8571428571428571,0.8117399749494769,0.0020614217114659677,0.12359393919825767
0.95,buchwald-hartwig,bh_reaction_2,5,40,pilot_summary__pooled,not_yet_hit,35,0.00018068007677759815,0.012688781795977551,1.0,0.9874025781236755,0.00015869503793009568,2.1985038847502428e-05
0.95,buchwald-hartwig,bh_reaction_2,10,20,pilot_summary__pooled,not_yet_hit,22,0.20963576773451373,0.6113077150262277,0.7727272727272727,0.5987048080829807,0.030283818200873905,0.17935194953363984
0.95,buchwald-hartwig,bh_reaction_2,10,40,pilot_summary__pooled,not_yet_hit,22,0.0013022082527814093,0.03600858158737964,1.0,0.9646596506572372,0.0012489402916684962,5.3267961112913e-05
0.95,buchwald-hartwig,bh_reaction_3,5,20,pilot_summary__pooled,all,50,0.04816614419207958,0.21091246854944784,0.98,0.8440764924744825,0.018475199898039387,0.029690944294040195
0.95,buchwald-hartwig,bh_reaction_3,5,20,pilot_summary__pooled,not_yet_hit,42,0.05734064784752331,0.2510860816063903,0.9761904761904762,0.814376967231527,0.026183611681607967,0.031157036165915346
0.95,buchwald-hartwig,bh_reaction_3,5,40,pilot_summary__pooled,all,50,0.00018272023475548085,0.010822026271432368,1.0,0.989270726879759,0.00011511730168872531,6.760293306675557e-05
0.95,buchwald-hartwig,bh_reaction_3,5,40,pilot_summary__pooled,not_yet_hit,42,0.00021752408880414386,0.012883174132562339,1.0,0.9872272462854274,0.00016314323745312745,5.4380851351016436e-05
0.95,buchwald-hartwig,bh_reaction_3,10,20,pilot_summary__pooled,all,50,0.06394007114495018,0.19261833722961755,0.98,0.8643454336300946,0.013375978722210878,0.050564092422739314
0.95,buchwald-hartwig,bh_reaction_3,10,40,pilot_summary__pooled,all,50,0.00048414923704190175,0.01242679863680781,1.0,0.987822665460045,0.00014828747649798228,0.00033586176054391947
0.95,buchwald-hartwig,bh_reaction_3,10,20,pilot_summary__pooled,not_yet_hit,17,0.18805903277732405,0.5665225800861398,0.9411764705882353,0.6010179224414545,0.11570783787732572,0.07235119489999829
0.95,buchwald-hartwig,bh_reaction_3,10,40,pilot_summary__pooled,not_yet_hit,17,0.001423968342299711,0.036547466577875845,1.0,0.9641862513530735,0.0012826245921452345,0.00014134375015447653
0.95,buchwald-hartwig,bh_reaction_4,5,20,pilot_summary__pooled,all,50,0.05373285971999736,0.2053851571087365,0.94,0.8922166252821987,0.002283250899421828,0.051449608820575525
0.95,buchwald-hartwig,bh_reaction_4,5,20,pilot_summary__pooled,not_yet_hit,37,0.07261197259423964,0.2775471582548735,0.918918918918919,0.8543471422732413,0.004169514339179278,0.06844245825506037
0.95,buchwald-hartwig,bh_reaction_4,5,40,pilot_summary__pooled,all,50,7.442686883352495e-05,0.0069060061568320275,1.0,0.9931315268817434,4.717592297621563e-05,2.725094585730931e-05
0.95,buchwald-hartwig,bh_reaction_4,5,40,pilot_summary__pooled,not_yet_hit,37,0.00010057684942368235,0.009332089400948675,1.0,0.9907186309212745,8.61438119755187e-05,1.4433037448163664e-05
0.95,buchwald-hartwig,bh_reaction_4,10,20,pilot_summary__pooled,all,50,0.04387982164375197,0.13957520887605546,0.94,0.9137273146627775,0.000690253994828712,0.043189567648923274
0.95,buchwald-hartwig,bh_reaction_4,10,40,pilot_summary__pooled,all,50,0.00020279398289492034,0.0069550698020368566,1.0,0.9931490637230362,4.693532787101739e-05,0.0001558586550239029
0.95,buchwald-hartwig,bh_reaction_4,10,20,pilot_summary__pooled,not_yet_hit,14,0.1567136487251142,0.49848031741319804,0.7857142857142857,0.6918858380813478,0.008803777585206948,0.14790987113990722
0.95,buchwald-hartwig,bh_reaction_4,10,40,pilot_summary__pooled,not_yet_hit,14,0.000724264222053287,0.02483696357741727,1.0,0.9755349418679866,0.0005985390694027842,0.00012572515265050279
0.95,buchwald-hartwig,bh_reaction_5,5,20,pilot_summary__pooled,all,50,0.04295101062324008,0.193570276729753,0.98,0.846232285446119,0.017893801456968627,0.025057209166271455
0.95,buchwald-hartwig,bh_reaction_5,5,40,pilot_summary__pooled,all,50,0.0001666855889799924,0.010590688904856569,1.0,0.9894936678541785,0.00011038301515832284,5.630257382166956e-05
0.95,buchwald-hartwig,bh_reaction_5,10,20,pilot_summary__pooled,all,50,0.04459565406173538,0.14151608289041465,0.98,0.8954125255001172,0.007155040842268311,0.03744061321946707
0.95,buchwald-hartwig,bh_reaction_5,10,40,pilot_summary__pooled,all,50,0.0003012172186457047,0.00904561769651289,1.0,0.9911087410854887,7.905448508487717e-05,0.00022216273356082748
0.95,buchwald-hartwig,bh_reaction_5,5,20,pilot_summary__pooled,not_yet_hit,38,0.056514487661842194,0.2546974167495171,0.9736842105263158,0.7976743755869984,0.030979461995365727,0.025535025666476495
0.95,buchwald-hartwig,bh_reaction_5,5,40,pilot_summary__pooled,not_yet_hit,38,0.00021932314307893737,0.013934801190442842,1.0,0.9861761945449716,0.00019109759725847075,2.822554582046661e-05
0.95,buchwald-hartwig,bh_reaction_5,10,20,pilot_summary__pooled,not_yet_hit,14,0.15927019307505494,0.5054120103216236,0.9285714285714286,0.6264758767861333,0.0912617224084621,0.06800847066659284
0.95,buchwald-hartwig,bh_reaction_5,10,40,pilot_summary__pooled,not_yet_hit,14,0.001075775778306088,0.03230320605768881,1.0,0.9682480753053166,0.0010081847218168355,6.759105648925262e-05
0.95,buchwald-hartwig,bh_reaction_1,5,20,pilot_summary__separate,all,50,0.10335330390111663,0.3352264349036725,0.88,0.851207875700038,0.0008289864217044568,0.1025243174794122
0.95,buchwald-hartwig,bh_reaction_1,5,20,pilot_summary__separate,not_yet_hit,37,0.13966662689304948,0.4530083444642467,0.8378378378378378,0.7989299131081596,0.0015138266067703074,0.13815280028627916
0.95,buchwald-hartwig,bh_reaction_1,10,20,pilot_summary__separate,all,50,0.0817629751831304,0.23284212546947702,0.88,0.8582710548692266,0.0004721470564961646,0.08129082812663423
0.95,buchwald-hartwig,bh_reaction_1,10,20,pilot_summary__separate,not_yet_hit,18,0.22711937550691774,0.6467819040809918,0.6666666666666666,0.6063102635256293,0.0036428954001234285,0.22347648010679436
0.95,buchwald-hartwig,bh_reaction_2,5,20,pilot_summary__separate,all,50,0.08615859832676033,0.2859315565694342,0.9,0.8731508901195768,0.0007208747013710308,0.08543772362538933
0.95,buchwald-hartwig,bh_reaction_2,10,20,pilot_summary__separate,all,50,0.09095820273317376,0.26632958834286097,0.9,0.8238398297948852,0.005800371525672063,0.08515783120750171
0.95,buchwald-hartwig,bh_reaction_2,5,20,pilot_summary__separate,not_yet_hit,35,0.12308371189494334,0.40847322367040595,0.8571428571428571,0.8187874144565385,0.0014711399836634738,0.12161257191127987
0.95,buchwald-hartwig,bh_reaction_2,10,20,pilot_summary__separate,not_yet_hit,22,0.20672318802866763,0.6052932462331385,0.7727272727272727,0.5996372495338299,0.029960156129106547,0.1767630318995611
0.95,buchwald-hartwig,bh_reaction_3,5,20,pilot_summary__separate,all,50,0.04125958256879421,0.19403996649502178,0.98,0.8572954339015744,0.015056410541402932,0.026203172027391277
0.95,buchwald-hartwig,bh_reaction_3,5,20,pilot_summary__separate,not_yet_hit,42,0.04911855067694549,0.23099976963683547,0.9761904761904762,0.830113802263779,0.021338394665486645,0.02778015601145883
0.95,buchwald-hartwig,bh_reaction_3,10,20,pilot_summary__separate,all,50,0.05850585451247442,0.18159377905079402,0.98,0.8710051790174974,0.011879871001007819,0.0466259835114666
0.95,buchwald-hartwig,bh_reaction_3,10,20,pilot_summary__separate,not_yet_hit,17,0.17207604268180712,0.534097408971953,0.9411764705882353,0.6206054088749919,0.10276580560795603,0.06931023707385107
0.95,buchwald-hartwig,bh_reaction_4,5,20,pilot_summary__separate,all,50,0.05467215617253203,0.20761446581805668,0.94,0.8986199734913375,0.0017123065938576187,0.0529598495786744
0.95,buchwald-hartwig,bh_reaction_4,5,20,pilot_summary__separate,not_yet_hit,37,0.07388129212469194,0.2805597375917928,0.918918918918919,0.8630003155288345,0.003126890205097577,0.07075440191959435
0.95,buchwald-hartwig,bh_reaction_4,10,20,pilot_summary__separate,all,50,0.045420141289040414,0.14278285944728106,0.94,0.9164056609316176,0.0005566928360738092,0.0448634484529666
0.95,buchwald-hartwig,bh_reaction_4,10,20,pilot_summary__separate,not_yet_hit,14,0.16221479031543,0.5099362123104323,0.7857142857142857,0.701451360470062,0.007100240570713643,0.1551145497447164
0.95,buchwald-hartwig,bh_reaction_5,5,20,pilot_summary__separate,all,50,0.03838635304188678,0.18131813091897403,0.98,0.8593360704540614,0.014559783893467244,0.02382656914841953
0.95,buchwald-hartwig,bh_reaction_5,10,20,pilot_summary__separate,all,50,0.043117074752902884,0.13839198382181783,0.98,0.8978380520406032,0.006750585692482639,0.036366489060420254
0.95,buchwald-hartwig,bh_reaction_5,5,20,pilot_summary__separate,not_yet_hit,38,0.050508359265324695,0.23857617226165004,0.9736842105263158,0.8149161979658701,0.0252072818123938,0.025301077452930903
0.95,buchwald-hartwig,bh_reaction_5,10,20,pilot_summary__separate,not_yet_hit,14,0.15398955268636746,0.4942545136480635,0.9285714285714286,0.6351384715735826,0.08610290025249964,0.0678866524338678
0.95,buchwald-hartwig,bh_reaction_1,5,40,pilot_summary__separate,all,50,0.0021570946272176997,0.02598543757132778,1.0,0.9752071953718473,0.0006146831613297555,0.0015424114658879435
0.95,buchwald-hartwig,bh_reaction_1,5,40,pilot_summary__separate,not_yet_hit,37,0.002914992739132026,0.03511510482594293,1.0,0.9664965613133069,0.001122480403832996,0.00179251233529903
0.95,buchwald-hartwig,bh_reaction_1,10,40,pilot_summary__separate,all,50,0.0001536913594225043,0.005606353313566598,1.0,0.9944726774241368,3.05512948576462e-05,0.0001231400645648581
0.95,buchwald-hartwig,bh_reaction_1,10,40,pilot_summary__separate,not_yet_hit,18,0.00042692044106251194,0.015571425870129385,1.0,0.9846481039559359,0.0002356807121477538,0.0001912397289147582
0.95,buchwald-hartwig,bh_reaction_2,5,40,pilot_summary__separate,all,50,0.003274881503269001,0.02570180129563507,1.0,0.9763751039698958,0.0005581357124332338,0.0027167457908357667
0.95,buchwald-hartwig,bh_reaction_2,10,40,pilot_summary__separate,all,50,0.00035625511271883506,0.00980425857761283,1.0,0.9903798568205453,9.254715479321103e-05,0.000263707957925624
0.95,buchwald-hartwig,bh_reaction_2,5,40,pilot_summary__separate,not_yet_hit,35,0.004678402147098572,0.03671643042212152,1.0,0.9662505770998513,0.0011390235460930918,0.0035393786010054786
0.95,buchwald-hartwig,bh_reaction_2,10,40,pilot_summary__separate,not_yet_hit,22,0.0008096707094518978,0.022281133130301854,1.0,0.9781373109557844,0.0004779771722440585,0.0003316935372078393
0.95,buchwald-hartwig,bh_reaction_3,5,40,pilot_summary__separate,all,50,0.008221918202005017,0.04478022480180585,1.0,0.9607799354137316,0.001538213466151069,0.006683704735853947
0.95,buchwald-hartwig,bh_reaction_3,5,40,pilot_summary__separate,not_yet_hit,42,0.009787997859339306,0.05330960095443552,1.0,0.9533096373972996,0.0021799899599716584,0.007608007899367649
0.95,buchwald-hartwig,bh_reaction_3,10,40,pilot_summary__separate,all,50,0.0016137170495123842,0.01430806847043572,1.0,0.9866225164956296,0.0001789570649097045,0.0014347599846026798
0.95,buchwald-hartwig,bh_reaction_3,10,40,pilot_summary__separate,not_yet_hit,17,0.004746226614271719,0.0420806131473697,1.0,0.9606564014577339,0.0015479187462550015,0.0031983078680167167
0.95,buchwald-hartwig,bh_reaction_4,5,40,pilot_summary__separate,all,50,0.0006644564875294076,0.012524714509396075,1.0,0.9878356225657532,0.00014797207836281148,0.0005164844091665961
0.95,buchwald-hartwig,bh_reaction_4,5,40,pilot_summary__separate,not_yet_hit,37,0.0008979141719856857,0.016924938526035226,1.0,0.9835620034672342,0.00027020773001122254,0.0006277064419744631
0.95,buchwald-hartwig,bh_reaction_4,10,40,pilot_summary__separate,all,50,0.0002706381381469322,0.004593581256128196,1.0,0.9955517051484454,1.978732708636832e-05,0.0002508508110605638
0.95,buchwald-hartwig,bh_reaction_4,10,40,pilot_summary__separate,not_yet_hit,14,0.0009665647765247578,0.01640307591345777,1.0,0.9841158041015904,0.0002523076793390548,0.0007142570971857031
0.95,buchwald-hartwig,bh_reaction_5,5,40,pilot_summary__separate,all,50,0.0033782104214051018,0.03468827385743474,1.0,0.9672010852078168,0.0010757688115448898,0.002302441609860212
0.95,buchwald-hartwig,bh_reaction_5,10,40,pilot_summary__separate,all,50,0.00017337476087274655,0.006161767343507199,1.0,0.9939270489642437,3.6880734282696854e-05,0.00013649402659004969
0.95,buchwald-hartwig,bh_reaction_5,5,40,pilot_summary__separate,not_yet_hit,38,0.004445013712059344,0.04564214981225624,1.0,0.9568438489576538,0.0018624533727898014,0.002582560339269544
0.95,buchwald-hartwig,bh_reaction_5,10,40,pilot_summary__separate,not_yet_hit,14,0.0006191955719740948,0.022003740511239916,1.0,0.9783134605865839,0.0004703059917296572,0.00014888958024443765
0.95,buchwald-hartwig,bh_reaction_1,5,20,pilot_summary__separate_matched_penalty,all,50,0.10374200657158271,0.3364108622956742,0.88,0.850664861806839,0.00086055033281186,0.10288145623877083
0.95,buchwald-hartwig,bh_reaction_1,5,20,pilot_summary__separate_matched_penalty,not_yet_hit,37,0.1401919007720577,0.4546089220210058,0.8378378378378378,0.7981961105497822,0.0015714665423805666,0.1386204342296771
0.95,buchwald-hartwig,bh_reaction_1,10,20,pilot_summary__separate_matched_penalty,all,50,0.08249045275668833,0.2343741915940771,0.88,0.8558554453718965,0.0005829595181894756,0.08190749323849884
0.95,buchwald-hartwig,bh_reaction_1,10,20,pilot_summary__separate_matched_penalty,not_yet_hit,18,0.22914014654457868,0.6510376433159919,0.6666666666666666,0.5996002371441569,0.00449790596889777,0.22464224057568083
0.95,buchwald-hartwig,bh_reaction_2,5,20,pilot_summary__separate_matched_penalty,all,50,0.08592716618312501,0.28499557858783864,0.9,0.8734770210082715,0.0007034684145956684,0.08522369776852935
0.95,buchwald-hartwig,bh_reaction_2,10,20,pilot_summary__separate_matched_penalty,all,50,0.09128700653594077,0.26695100433761837,0.9,0.8216772368442004,0.006134455228359484,0.0851525513075813
0.95,buchwald-hartwig,bh_reaction_2,5,20,pilot_summary__separate_matched_penalty,not_yet_hit,35,0.12275309454689286,0.40713611226812657,0.8571428571428571,0.8192533157261023,0.001435617348771986,0.1213174771981209
0.95,buchwald-hartwig,bh_reaction_2,10,20,pilot_summary__separate_matched_penalty,not_yet_hit,22,0.2074704693985927,0.6067055553121325,0.7727272727272727,0.594722265555001,0.03168578257840055,0.17578468682019205
0.95,buchwald-hartwig,bh_reaction_3,5,20,pilot_summary__separate_matched_penalty,all,50,0.04134234143460451,0.19402336253964297,0.98,0.8574151104717282,0.015027055140658588,0.026315286293945913
0.95,buchwald-hartwig,bh_reaction_3,5,20,pilot_summary__separate_matched_penalty,not_yet_hit,42,0.049217073136243454,0.23098000302328917,0.9761904761904762,0.8302562743711052,0.021296791260656946,0.02792028187558651
0.95,buchwald-hartwig,bh_reaction_3,10,20,pilot_summary__separate_matched_penalty,all,50,0.05933386240730984,0.18332358521860967,0.98,0.8698394887245834,0.012135338244461214,0.04719852416284862
0.95,buchwald-hartwig,bh_reaction_3,10,20,pilot_summary__separate_matched_penalty,not_yet_hit,17,0.17451136001955836,0.5391850741714107,0.9411764705882353,0.6171769080134804,0.10497571654863261,0.06953564347092575
0.95,buchwald-hartwig,bh_reaction_4,5,20,pilot_summary__separate_matched_penalty,all,50,0.05460364563486281,0.20709099104420545,0.94,0.8991828976687865,0.001666035842716761,0.05293760979214604
0.95,buchwald-hartwig,bh_reaction_4,5,20,pilot_summary__separate_matched_penalty,not_yet_hit,37,0.0737887103170308,0.2798523392487505,0.918918918918919,0.8637610238767384,0.003042393385484202,0.07074631693154661
0.95,buchwald-hartwig,bh_reaction_4,10,20,pilot_summary__separate_matched_penalty,all,50,0.045481979844256525,0.14295131672247635,0.94,0.9159611606504554,0.0005778657972732202,0.0449041140469833
0.95,buchwald-hartwig,bh_reaction_4,10,20,pilot_summary__separate_matched_penalty,not_yet_hit,14,0.16243564229834467,0.5105378454361296,0.7857142857142857,0.6998638594659116,0.007370295687027493,0.15506534661131724
0.95,buchwald-hartwig,bh_reaction_5,5,20,pilot_summary__separate_matched_penalty,all,50,0.03832143260637361,0.18094537918429426,0.98,0.8598755537930727,0.014429882576520964,0.023891550029852642
0.95,buchwald-hartwig,bh_reaction_5,10,20,pilot_summary__separate_matched_penalty,all,50,0.043519567678918666,0.13919626913143757,0.98,0.8974147510757894,0.00682032333987386,0.03669924433904481
0.95,buchwald-hartwig,bh_reaction_5,5,20,pilot_summary__separate_matched_penalty,not_yet_hit,38,0.05042293763964948,0.23808570945286087,0.9736842105263158,0.8156260444645693,0.024982383858802595,0.02544055378084688
0.95,buchwald-hartwig,bh_reaction_5,10,20,pilot_summary__separate_matched_penalty,not_yet_hit,14,0.1554270274221381,0.4971269611824198,0.9285714285714286,0.633626682413533,0.08699240328614548,0.06843462413599265
0.95,buchwald-hartwig,bh_reaction_1,5,40,pilot_summary__separate_matched_penalty,all,50,0.004272695938363515,0.03653490231819232,1.0,0.9659351412722121,0.0011604146001441401,0.0031122813382193754
0.95,buchwald-hartwig,bh_reaction_1,5,40,pilot_summary__separate_matched_penalty,not_yet_hit,37,0.005773913429869616,0.04937113826765178,1.0,0.9539667584759624,0.0021190593252103746,0.0036548541046592417
0.95,buchwald-hartwig,bh_reaction_1,10,40,pilot_summary__separate_matched_penalty,all,50,0.00024311152014843356,0.006586119445020164,1.0,0.9935402332777507,4.172858610588205e-05,0.00020138293404255145
0.95,buchwald-hartwig,bh_reaction_1,10,40,pilot_summary__separate_matched_penalty,not_yet_hit,18,0.0006753097764123153,0.018292998457500403,1.0,0.9820579813270849,0.0003219160340592387,0.0003533937423530766
0.95,buchwald-hartwig,bh_reaction_2,5,40,pilot_summary__separate_matched_penalty,all,50,0.006708175369240661,0.03871521829092745,1.0,0.9660810816785559,0.001150493020096797,0.005557682349143865
0.95,buchwald-hartwig,bh_reaction_2,10,40,pilot_summary__separate_matched_penalty,all,50,0.0007180323229252514,0.013222917895464585,1.0,0.9871546504303875,0.00016500300556554628,0.0005530293173597052
0.95,buchwald-hartwig,bh_reaction_2,5,40,pilot_summary__separate_matched_penalty,not_yet_hit,35,0.009583107669915231,0.055307026129682066,1.0,0.9515448309693655,0.002347903405787355,0.007235204264127877
0.95,buchwald-hartwig,bh_reaction_2,10,40,pilot_summary__separate_matched_penalty,not_yet_hit,22,0.0016318916417392077,0.03005081339814675,1.0,0.9708072964326987,0.000852213941568326,0.0007796777001708818
0.95,buchwald-hartwig,bh_reaction_3,5,40,pilot_summary__separate_matched_penalty,all,50,0.01340706673034187,0.05830836262936717,1.0,0.9518219259284183,0.0023211268212468103,0.01108593990909506
0.95,buchwald-hartwig,bh_reaction_3,5,40,pilot_summary__separate_matched_penalty,not_yet_hit,42,0.01596079372640699,0.0694145269396276,1.0,0.9426453403909744,0.0032895569788672138,0.012671236747539777
0.95,buchwald-hartwig,bh_reaction_3,10,40,pilot_summary__separate_matched_penalty,all,50,0.002777306384288212,0.018174019969672665,1.0,0.9835320741059945,0.0002711925832504613,0.0025061138010377504
0.95,buchwald-hartwig,bh_reaction_3,10,40,pilot_summary__separate_matched_penalty,not_yet_hit,17,0.008168548187141801,0.05345105873336071,1.0,0.9515668650176304,0.00234576856422042,0.00582277962292138
0.95,buchwald-hartwig,bh_reaction_4,5,40,pilot_summary__separate_matched_penalty,all,50,0.000908497580237333,0.01213952783870318,1.0,0.9883717001706609,0.000135217356921008,0.0007732802233163253
0.95,buchwald-hartwig,bh_reaction_4,5,40,pilot_summary__separate_matched_penalty,not_yet_hit,37,0.0012276994324018015,0.01640441599807186,1.0,0.984286432663055,0.0002469161984526964,0.0009807832339491051
0.95,buchwald-hartwig,bh_reaction_4,10,40,pilot_summary__separate_matched_penalty,all,50,0.00032011166340468826,0.004270079904042629,1.0,0.9959038674974988,1.6778301478046863e-05,0.00030333336192664147
0.95,buchwald-hartwig,bh_reaction_4,10,40,pilot_summary__separate_matched_penalty,not_yet_hit,14,0.0011432559381596014,0.015247713941723607,1.0,0.9853735267767815,0.0002139337189495293,0.0009293222192100718
0.95,buchwald-hartwig,bh_reaction_5,5,40,pilot_summary__separate_matched_penalty,all,50,0.005818087324828025,0.045020112835630954,1.0,0.9583645091433511,0.0017335140988740817,0.004084573225953943
0.95,buchwald-hartwig,bh_reaction_5,10,40,pilot_summary__separate_matched_penalty,all,50,0.0002790259417764354,0.007473828916851946,1.0,0.9926703912709304,5.372316412125307e-05,0.00022530277765518225
0.95,buchwald-hartwig,bh_reaction_5,5,40,pilot_summary__separate_matched_penalty,not_yet_hit,38,0.007655378058668454,0.059236674783567034,1.0,0.9452167751886201,0.003001201720734194,0.004654176337934261
0.95,buchwald-hartwig,bh_reaction_5,10,40,pilot_summary__separate_matched_penalty,not_yet_hit,14,0.0009965212180586974,0.026689674701756868,1.0,0.97382539739618,0.0006851098214678942,0.00031141139659080343
0.95,c2-yield,c2_yield_data,5,20,no_target__pooled,all,50,0.042048266458788106,0.17620416405854372,0.96,0.904919880456526,0.003033819568923397,0.039014446889864704
0.95,c2-yield,c2_yield_data,5,20,no_target__pooled,not_yet_hit,35,0.06006895208355445,0.25171980579770525,0.9428571428571428,0.8641716863664655,0.006191401063146267,0.05387755102040818
0.95,c2-yield,c2_yield_data,5,40,no_target__pooled,all,50,4.1352646821598574e-05,0.005401310812682747,1.0,0.9946194720712671,2.8950080791876338e-05,1.2402566029722241e-05
0.95,c2-yield,c2_yield_data,5,40,no_target__pooled,not_yet_hit,35,5.90752093165694e-05,0.007715729732189626,1.0,0.9923139601018099,5.90752093165694e-05,0.0
0.95,c2-yield,c2_yield_data,10,20,no_target__pooled,all,50,0.051178118256820025,0.16879257316558188,0.96,0.8850052097466314,0.005624218565146739,0.045553899691673304
0.95,c2-yield,c2_yield_data,10,20,no_target__pooled,not_yet_hit,18,0.1421614396005001,0.4688664810146163,0.8888888888888888,0.6805718048517542,0.043396007501734654,0.09876543209876544
0.95,c2-yield,c2_yield_data,10,40,no_target__pooled,all,50,0.00018397828243770433,0.008232355083682152,1.0,0.9918610443605587,6.624259890079236e-05,0.00011773568353691199
0.95,c2-yield,c2_yield_data,10,40,no_target__pooled,not_yet_hit,18,0.000511050782771401,0.022865875231561483,1.0,0.9773935676682188,0.000511050782771401,0.0
0.95,c2-yield,c2_yield_data,5,20,no_target__separate,all,50,0.042057347468751345,0.1762428366087216,0.96,0.9048622061512955,0.0030401763105022497,0.0390171711582491
0.95,c2-yield,c2_yield_data,5,20,no_target__separate,not_yet_hit,35,0.0600819249549305,0.2517750522979594,0.9428571428571428,0.8640892945018507,0.006204373934522326,0.05387755102040817
0.95,c2-yield,c2_yield_data,10,20,no_target__separate,all,50,0.051827725891644076,0.17028138231591267,0.96,0.8834619095540813,0.005858079289107644,0.04596964660253643
0.95,c2-yield,c2_yield_data,10,20,no_target__separate,not_yet_hit,18,0.14396590525278913,0.4730020619877574,0.8888888888888888,0.6762848598724479,0.04520047315402368,0.09876543209876544
0.95,c2-yield,c2_yield_data,5,40,no_target__separate,all,50,4.513241147504993e-05,0.005643725039088543,1.0,0.994378962697605,3.159606035491648e-05,1.3536351120133445e-05
0.95,c2-yield,c2_yield_data,5,40,no_target__separate,not_yet_hit,35,6.447487310721419e-05,0.008062035769912192,1.0,0.9919703752822928,6.447487310721418e-05,0.0
0.95,c2-yield,c2_yield_data,10,40,no_target__separate,all,50,0.00010769348555008411,0.006281644087335478,1.0,0.9937728317082768,3.8777624933443906e-05,6.89158606166402e-05
0.95,c2-yield,c2_yield_data,10,40,no_target__separate,not_yet_hit,18,0.0002991485691946781,0.017447233575042943,1.0,0.9827040880785464,0.00029914856919467805,0.0
0.95,c2-yield,c2_yield_data,5,20,no_target__separate_matched_penalty,all,50,0.04202472695104407,0.17610382605891567,0.96,0.9050696639038819,0.0030173418236325122,0.03900738512741156
0.95,c2-yield,c2_yield_data,5,20,no_target__separate_matched_penalty,not_yet_hit,35,0.060035324215348664,0.25157646579823667,0.9428571428571428,0.864385662719831,0.006157773194940518,0.05387755102040818
0.95,c2-yield,c2_yield_data,10,20,no_target__separate_matched_penalty,all,50,0.05193691928827539,0.17053062646769057,0.96,0.8832055390015061,0.005897389240049221,0.046039530048226175
0.95,c2-yield,c2_yield_data,10,20,no_target__separate_matched_penalty,not_yet_hit,18,0.14426922024343164,0.4736944068538071,0.8888888888888888,0.6755727194486277,0.04550378814466621,0.09876543209876544
0.95,c2-yield,c2_yield_data,5,40,no_target__separate_matched_penalty,all,50,4.2977186555586746e-05,0.005506792607190086,1.0,0.9945148088999954,3.008732140357082e-05,1.2889865152015925e-05
0.95,c2-yield,c2_yield_data,5,40,no_target__separate_matched_penalty,not_yet_hit,35,6.139598036512392e-05,0.007866418010057254,1.0,0.9921644412857077,6.139598036512394e-05,0.0
0.95,c2-yield,c2_yield_data,10,40,no_target__separate_matched_penalty,all,50,0.00011357887062783628,0.006452514265625394,1.0,0.9936049567287306,4.089657844140851e-05,7.268229218642777e-05
0.95,c2-yield,c2_yield_data,10,40,no_target__separate_matched_penalty,not_yet_hit,18,0.000315496861077323,0.017921872959181597,1.0,0.9822377686909183,0.00031549686107732296,0.0
0.95,c2-yield,c2_yield_data,5,20,best__pooled,all,50,0.03793917545696702,0.15746287107572562,0.96,0.9215478473663917,0.001478568042158311,0.03646060741480871
0.95,c2-yield,c2_yield_data,5,20,best__pooled,not_yet_hit,35,0.054198822080952884,0.22494653010796511,0.9428571428571428,0.8879259248091309,0.003017438716238225,0.051181383364714665
0.95,c2-yield,c2_yield_data,5,40,best__pooled,all,50,2.6758631292519687e-05,0.004259962079975999,1.0,0.9957534766452845,1.803296060214336e-05,8.725670690376313e-06
0.95,c2-yield,c2_yield_data,5,40,best__pooled,not_yet_hit,35,3.8226615703599544e-05,0.006085231542608558,1.0,0.9939339666361209,3.679676077169482e-05,1.4298549319047197e-06
0.95,c2-yield,c2_yield_data,10,20,best__pooled,all,50,0.045207661528038005,0.15451768375676106,0.96,0.8972162434639622,0.00394180008477646,0.04126586144326155
0.95,c2-yield,c2_yield_data,10,20,best__pooled,not_yet_hit,18,0.12557683757610558,0.4292140104345585,0.8888888888888888,0.7144913429554509,0.030414504027605628,0.09516233354849996
0.95,c2-yield,c2_yield_data,10,40,best__pooled,all,50,0.00012919683216261352,0.00687119061791341,1.0,0.993194241078342,4.631835449972841e-05,8.287847766288509e-05
0.95,c2-yield,c2_yield_data,10,40,best__pooled,not_yet_hit,18,0.00035888008756281535,0.019084862826648306,1.0,0.9810968918842831,0.0003573274964344787,1.552591128336643e-06
0.95,c2-yield,c2_yield_data,5,20,best__separate,all,50,0.03941469172631534,0.1645338775459355,0.96,0.9148669223559647,0.0020369946976225256,0.03737769702869283
0.95,c2-yield,c2_yield_data,5,20,best__separate,not_yet_hit,35,0.056306702465736214,0.23504796792255073,0.9428571428571428,0.8783817462228066,0.004157076771154977,0.052149625694581224
0.95,c2-yield,c2_yield_data,10,20,best__separate,all,50,0.04800986880085054,0.16136637440107196,0.96,0.8908559628528241,0.004780897873010049,0.0432289709278405
0.95,c2-yield,c2_yield_data,10,20,best__separate,not_yet_hit,18,0.13336074666725148,0.44823815111319987,0.8888888888888888,0.6968238968134002,0.03688896118095753,0.09647178548629398
0.95,c2-yield,c2_yield_data,5,40,best__separate,all,50,8.549934395872353e-06,0.001658393225001931,1.0,0.9983459096393148,2.736014921312535e-06,5.813919474559817e-06
0.95,c2-yield,c2_yield_data,5,40,best__separate,not_yet_hit,35,1.2214191565531931e-05,0.002368704606931317,1.0,0.9976374423418779,5.581678687951216e-06,6.632512877580716e-06
0.95,c2-yield,c2_yield_data,10,40,best__separate,all,50,8.283189450242949e-06,0.0016801221714820313,1.0,0.998324034026783,2.8088619433810183e-06,5.474327506861928e-06
0.95,c2-yield,c2_yield_data,10,40,best__separate,not_yet_hit,18,2.3008857806230416e-05,0.004665228253227812,1.0,0.995346316741064,2.16567678745003e-05,1.352089931730109e-06
0.95,c2-yield,c2_yield_data,5,20,best__separate_matched_penalty,all,50,0.03936632806997472,0.16429757798658973,0.96,0.9151745712270792,0.0020093190646762018,0.037357009005298515
0.95,c2-yield,c2_yield_data,5,20,best__separate_matched_penalty,not_yet_hit,35,0.056237611528106746,0.23471039712348535,0.9428571428571428,0.878821244610113,0.004100596264303952,0.05213701526380281
0.95,c2-yield,c2_yield_data,10,20,best__separate_matched_penalty,all,50,0.04807653449299445,0.16152584075089305,0.96,0.890659699741905,0.004808077239882767,0.04326845725311169
0.95,c2-yield,c2_yield_data,10,20,best__separate_matched_penalty,not_yet_hit,18,0.13354592914542904,0.4486811131960362,0.8888888888888888,0.6962787215052917,0.03709867657953731,0.09644725256589173
0.95,c2-yield,c2_yield_data,5,40,best__separate_matched_penalty,all,50,7.321243353457092e-06,0.0014886709421007885,1.0,0.9985150126671138,2.2051873788323863e-06,5.116055974624707e-06
0.95,c2-yield,c2_yield_data,5,40,best__separate_matched_penalty,not_yet_hit,35,1.0458918647795845e-05,0.0021262442027868284,1.0,0.997879018095877,4.49856423761761e-06,5.960354410178237e-06
0.95,c2-yield,c2_yield_data,10,40,best__separate_matched_penalty,all,50,7.861106981340873e-06,0.0016329701815134567,1.0,0.9983709739647867,2.653725823402746e-06,5.207381157938128e-06
0.95,c2-yield,c2_yield_data,10,40,best__separate_matched_penalty,not_yet_hit,18,2.183640650372465e-05,0.004534250503315105,1.0,0.995476705457741,2.0460193516030962e-05,1.3762129876936823e-06
0.95,c2-yield,c2_yield_data,5,20,pilot_summary__pooled,all,50,0.04376761720685083,0.1833321355857764,0.96,0.8832841799554587,0.005885317045106433,0.0378823001617444
0.95,c2-yield,c2_yield_data,5,20,pilot_summary__pooled,not_yet_hit,35,0.06252516743792975,0.2619026222651805,0.9428571428571428,0.8332635427935126,0.012010757174906949,0.05051441026302282
0.95,c2-yield,c2_yield_data,5,40,pilot_summary__pooled,all,50,6.730051337488006e-05,0.006730991429297326,1.0,0.9933029001377695,4.485114656468832e-05,2.244936681019176e-05
0.95,c2-yield,c2_yield_data,5,40,pilot_summary__pooled,not_yet_hit,35,9.614359010697154e-05,0.009615273470210453,1.0,0.9904331430539565,9.152475182606301e-05,4.618838280908552e-06
0.95,c2-yield,c2_yield_data,10,20,pilot_summary__pooled,all,50,0.062103749936676104,0.19271633338261257,0.96,0.8611019459025934,0.009780825104253581,0.05232292483242253
0.95,c2-yield,c2_yield_data,10,20,pilot_summary__pooled,not_yet_hit,18,0.17251041648898915,0.5353213705063683,0.8888888888888888,0.614173849729426,0.07546835274038526,0.09704206374860393
0.95,c2-yield,c2_yield_data,10,40,pilot_summary__pooled,all,50,0.00030936982201888215,0.010690663112313283,1.0,0.9894671318772486,0.00011094131089127469,0.0001984285111276075
0.95,c2-yield,c2_yield_data,10,40,pilot_summary__pooled,not_yet_hit,18,0.0008593606149413394,0.02969450864442573,1.0,0.9707438107701348,0.000855924608253682,3.436006687657352e-06
0.95,c2-yield,c2_yield_data,5,20,pilot_summary__separate,all,50,0.0512125059428374,0.20849450682356133,0.96,0.8573153226705044,0.010544142958262604,0.040668362984574796
0.95,c2-yield,c2_yield_data,5,20,pilot_summary__separate,not_yet_hit,35,0.07316072277505342,0.2978488668905876,0.9428571428571428,0.796165175243578,0.02151853336233919,0.05164218941271423
0.95,c2-yield,c2_yield_data,10,20,pilot_summary__separate,all,50,0.07569107985398554,0.2207248049154488,0.96,0.8403886965691403,0.014306863908429196,0.061384215945556334
0.95,c2-yield,c2_yield_data,10,20,pilot_summary__separate,not_yet_hit,18,0.21025299959262647,0.6131226803198021,0.8888888888888888,0.5566370460253898,0.11039128708619131,0.09986171250643515
0.95,c2-yield,c2_yield_data,5,40,pilot_summary__separate,all,50,3.641695165579844e-08,9.581133763305245e-05,1.0,0.9999042068794428,9.176321946090807e-09,2.7240629709707634e-08
0.95,c2-yield,c2_yield_data,5,40,pilot_summary__separate,not_yet_hit,35,5.202378807971203e-08,0.0001364447678329196,1.0,0.9998635812563468,1.8610073619907805e-08,3.3413714459804224e-08
0.95,c2-yield,c2_yield_data,10,40,pilot_summary__separate,all,50,5.725202902489171e-08,0.0001127803745823906,1.0,0.9998872482661496,1.2712953486293028e-08,4.453907553859868e-08
0.95,c2-yield,c2_yield_data,10,40,pilot_summary__separate,not_yet_hit,18,1.590316361802547e-07,0.0003115010396177,1.0,0.9996885785170821,9.698334002284158e-08,6.204829615741308e-08
0.95,c2-yield,c2_yield_data,5,20,pilot_summary__separate_matched_penalty,all,50,0.051086864947831524,0.20808460668160605,0.96,0.8576434095743367,0.010476871603566978,0.04060999334426454
0.95,c2-yield,c2_yield_data,5,20,pilot_summary__separate_matched_penalty,not_yet_hit,35,0.07298123563933075,0.2972632952592229,0.9428571428571428,0.796633870820481,0.021381245285107594,0.05159999035422313
0.95,c2-yield,c2_yield_data,10,20,pilot_summary__separate_matched_penalty,all,50,0.0758253814888041,0.22099727807663125,0.96,0.8401517058989202,0.014363613598938927,0.0614617678898652
0.95,c2-yield,c2_yield_data,10,20,pilot_summary__separate_matched_penalty,not_yet_hit,18,0.21062605968934472,0.6138795502119756,0.8888888888888888,0.5559787386081118,0.11082916815996965,0.09979689152937513
0.95,c2-yield,c2_yield_data,5,40,pilot_summary__separate_matched_penalty,all,50,5.481141007866658e-09,3.4744188485493474e-05,1.0,0.9999652585526091,1.2069681668176204e-09,4.274172841049037e-09
0.95,c2-yield,c2_yield_data,5,40,pilot_summary__separate_matched_penalty,not_yet_hit,35,7.829772868380914e-09,4.920598333640678e-05,1.0,0.9999507979322989,2.4208434660866545e-09,5.40892940229426e-09
0.95,c2-yield,c2_yield_data,10,40,pilot_summary__separate_matched_penalty,all,50,1.3910660183991506e-08,4.980376626033134e-05,1.0,0.9999502031912207,2.479722164602052e-09,1.1430938019389453e-08
0.95,c2-yield,c2_yield_data,10,40,pilot_summary__separate_matched_penalty,not_yet_hit,18,3.8638944955531854e-08,0.0001365660165008687,1.0,0.9998634533089464,1.864499883767546e-08,1.9993946117856392e-08
0.95,suzuki-miyaura,suzuki_miyaura_data,5,20,no_target__pooled,all,50,0.12041370429374165,0.3961906103568046,0.86,0.9161025280515416,0.0031474936537739945,0.11726621063996763
0.95,suzuki-miyaura,suzuki_miyaura_data,5,20,no_target__pooled,not_yet_hit,42,0.14334964796854957,0.47165529804371975,0.8333333333333334,0.9001222476804065,0.0044607590796606755,0.1388888888888889
0.95,suzuki-miyaura,suzuki_miyaura_data,5,40,no_target__pooled,all,50,0.01994905440156169,0.13383454917671342,0.98,0.9988997261683721,0.00035719964923944453,0.01959185475232224
0.95,suzuki-miyaura,suzuki_miyaura_data,5,40,no_target__pooled,not_yet_hit,42,0.023748874287382968,0.1593266537817064,0.9761904761904762,0.9986903406766332,0.0005062439018954345,0.023242630385487524
0.95,suzuki-miyaura,suzuki_miyaura_data,10,20,no_target__pooled,all,50,0.09670919299111869,0.2735667486056597,0.86,0.9077872352324887,0.0022836198511651993,0.09442557313995348
0.95,suzuki-miyaura,suzuki_miyaura_data,10,20,no_target__pooled,not_yet_hit,20,0.2417729824762968,0.6839153715133994,0.65,0.7694695880812217,0.014272982476296754,0.22749999999999998
0.95,suzuki-miyaura,suzuki_miyaura_data,10,40,no_target__pooled,all,50,0.0198638486275186,0.11428265875841748,0.98,0.9985880914753955,0.0003455171446976689,0.019518331482820936
0.95,suzuki-miyaura,suzuki_miyaura_data,10,40,no_target__pooled,not_yet_hit,20,0.049659621567296496,0.2857051468952936,0.95,0.9964717286884884,0.0021596215672964997,0.04749999999999999
0.95,suzuki-miyaura,suzuki_miyaura_data,5,20,no_target__separate,all,50,0.12026787782957932,0.39538426248430464,0.86,0.9149999979698843,0.003024999776687257,0.11724287805289203
0.95,suzuki-miyaura,suzuki_miyaura_data,5,20,no_target__separate,not_yet_hit,42,0.143176045035023,0.4706953601002673,0.8333333333333334,0.8988097118689096,0.004287156146134082,0.1388888888888889
0.95,suzuki-miyaura,suzuki_miyaura_data,10,20,no_target__separate,all,50,0.09637757947302206,0.2726369455160117,0.86,0.9063786172095307,0.0021509761342681684,0.0942266033387539
0.95,suzuki-miyaura,suzuki_miyaura_data,10,20,no_target__separate,not_yet_hit,20,0.24094394868105512,0.6815908637892792,0.65,0.7659480430238265,0.01344394868105514,0.22749999999999998
0.95,suzuki-miyaura,suzuki_miyaura_data,5,40,no_target__separate,all,50,0.019999960000999996,0.2763111911592004,0.98,0.9999990000000001,0.00039996000099999884,0.019599999999999996
0.95,suzuki-miyaura,suzuki_miyaura_data,5,40,no_target__separate,not_yet_hit,42,0.02380947619147619,0.32894170376085763,0.9761904761904762,0.9999990000000002,0.0005668458059886608,0.023242630385487524
0.95,suzuki-miyaura,suzuki_miyaura_data,10,40,no_target__separate,all,50,0.019999960000999996,0.2763111911592004,0.98,0.9999990000000001,0.00039996000099999884,0.019599999999999996
0.95,suzuki-miyaura,suzuki_miyaura_data,10,40,no_target__separate,not_yet_hit,20,0.04999990000099999,0.6907764778972509,0.95,0.9999989999999999,0.0024999000009999976,0.04749999999999999
0.95,suzuki-miyaura,suzuki_miyaura_data,5,20,no_target__separate_matched_penalty,all,50,0.12029793292091676,0.395549687696238,0.86,0.9152290320404026,0.0030502459801198087,0.11724768694079694
0.95,suzuki-miyaura,suzuki_miyaura_data,5,20,no_target__separate_matched_penalty,not_yet_hit,42,0.1432118249056628,0.4708922948763785,0.8333333333333334,0.8990823714766695,0.0043229360167739,0.1388888888888889
0.95,suzuki-miyaura,suzuki_miyaura_data,10,20,no_target__separate_matched_penalty,all,50,0.09631860154534362,0.27247260744666557,0.86,0.9061235869077109,0.0021273852692331612,0.09419121627611045
0.95,suzuki-miyaura,suzuki_miyaura_data,10,20,no_target__separate_matched_penalty,not_yet_hit,20,0.24079650386185905,0.6811800186159139,0.65,0.7653104672692772,0.01329650386185908,0.22749999999999998
0.95,suzuki-miyaura,suzuki_miyaura_data,5,40,no_target__separate_matched_penalty,all,50,0.019999960000999996,0.2763111911592004,0.98,0.9999990000000001,0.00039996000099999884,0.019599999999999996
0.95,suzuki-miyaura,suzuki_miyaura_data,5,40,no_target__separate_matched_penalty,not_yet_hit,42,0.02380947619147619,0.32894170376085763,0.9761904761904762,0.9999990000000002,0.0005668458059886608,0.023242630385487524
0.95,suzuki-miyaura,suzuki_miyaura_data,10,40,no_target__separate_matched_penalty,all,50,0.019999960000999996,0.2763111911592004,0.98,0.9999990000000001,0.00039996000099999884,0.019599999999999996
0.95,suzuki-miyaura,suzuki_miyaura_data,10,40,no_target__separate_matched_penalty,not_yet_hit,20,0.04999990000099999,0.6907764778972509,0.95,0.9999989999999999,0.0024999000009999976,0.04749999999999999
0.95,suzuki-miyaura,suzuki_miyaura_data,5,20,best__pooled,all,50,0.12458865842109225,0.42671046624615205,0.86,0.9170682751687289,0.003256788030733739,0.12133187039035849
0.95,suzuki-miyaura,suzuki_miyaura_data,5,20,best__pooled,not_yet_hit,42,0.14831983145349076,0.5079884598167526,0.8333333333333334,0.901271946629439,0.0046156551765977796,0.14370417627689294
0.95,suzuki-miyaura,suzuki_miyaura_data,5,40,best__pooled,all,50,0.01996858825017757,0.14315007722378162,0.98,0.9989116735899524,0.00035765139797289537,0.019610936852204677
0.95,suzuki-miyaura,suzuki_miyaura_data,5,40,best__pooled,not_yet_hit,42,0.023772128869068536,0.1704165681234543,0.9761904761904762,0.9987045637975621,0.0005068841407795411,0.023265244728288993
0.95,suzuki-miyaura,suzuki_miyaura_data,10,20,best__pooled,all,50,0.10511435113828589,0.3023596698287046,0.86,0.9136369404609007,0.0028769213820061864,0.10223742975627971
0.95,suzuki-miyaura,suzuki_miyaura_data,10,20,best__pooled,not_yet_hit,20,0.2627858778442147,0.7558976745710116,0.65,0.7840938511522513,0.017981160916842143,0.24480471692737255
0.95,suzuki-miyaura,suzuki_miyaura_data,10,40,best__pooled,all,50,0.019917976560398985,0.12400179611301183,0.98,0.9986919084873784,0.00034938744290053184,0.019568589117498453
0.95,suzuki-miyaura,suzuki_miyaura_data,10,40,best__pooled,not_yet_hit,20,0.04979494139949746,0.31000299028177947,0.95,0.9967312712184462,0.002183811709691983,0.04761112968980548
0.95,suzuki-miyaura,suzuki_miyaura_data,5,20,best__separate,all,50,0.12450764015814014,0.4260091399412512,0.86,0.9159794298192474,0.003133696562888044,0.12137394359525208
0.95,suzuki-miyaura,suzuki_miyaura_data,5,20,best__separate,not_yet_hit,42,0.14822338114045253,0.5071535475490134,0.8333333333333334,0.8999757021657706,0.00444120532359862,0.14378217581685396
0.95,suzuki-miyaura,suzuki_miyaura_data,10,20,best__separate,all,50,0.10488060970142252,0.3014262253326645,0.86,0.9123187451081446,0.0027372510896910077,0.1021433586117315
0.95,suzuki-miyaura,suzuki_miyaura_data,10,20,best__separate,not_yet_hit,20,0.2622015242520563,0.7535640633309111,0.65,0.7807983627703617,0.017108211703407126,0.2450933125486492
0.95,suzuki-miyaura,suzuki_miyaura_data,5,40,best__separate,all,50,0.019999960000999996,0.2763111911592004,0.98,0.9999990000000001,0.00039996000099999884,0.019599999999999996
0.95,suzuki-miyaura,suzuki_miyaura_data,5,40,best__separate,not_yet_hit,42,0.02380947619147619,0.32894170376085763,0.9761904761904762,0.9999990000000002,0.0005668458059886608,0.023242630385487524
0.95,suzuki-miyaura,suzuki_miyaura_data,10,40,best__separate,all,50,0.019999960000999996,0.2763111911592004,0.98,0.9999990000000001,0.00039996000099999884,0.019599999999999996
0.95,suzuki-miyaura,suzuki_miyaura_data,10,40,best__separate,not_yet_hit,20,0.04999990000099999,0.6907764778972509,0.95,0.9999989999999999,0.0024999000009999976,0.04749999999999999
0.95,suzuki-miyaura,suzuki_miyaura_data,5,20,best__separate_matched_penalty,all,50,0.12454391772981743,0.4263452308306572,0.86,0.9161850748930097,0.003156762640733098,0.12138715508908432
0.95,suzuki-miyaura,suzuki_miyaura_data,5,20,best__separate_matched_penalty,not_yet_hit,42,0.14826656872578264,0.5075536557506871,0.8333333333333334,0.9002205177297734,0.00447389543648337,0.1437926732892993
0.95,suzuki-miyaura,suzuki_miyaura_data,10,20,best__separate_matched_penalty,all,50,0.1048807989102574,0.301434027444084,0.86,0.9121297707168131,0.0027175129949874918,0.10216328591526988
0.95,suzuki-miyaura,suzuki_miyaura_data,10,20,best__separate_matched_penalty,not_yet_hit,20,0.2622019972741435,0.7535835686094599,0.65,0.7803259267920325,0.01698484719420222,0.24521715007994124
0.95,suzuki-miyaura,suzuki_miyaura_data,5,40,best__separate_matched_penalty,all,50,0.019999960000999996,0.2763111911592004,0.98,0.9999990000000001,0.00039996000099999884,0.019599999999999996
0.95,suzuki-miyaura,suzuki_miyaura_data,5,40,best__separate_matched_penalty,not_yet_hit,42,0.02380947619147619,0.32894170376085763,0.9761904761904762,0.9999990000000002,0.0005668458059886608,0.023242630385487524
0.95,suzuki-miyaura,suzuki_miyaura_data,10,40,best__separate_matched_penalty,all,50,0.019999960000999996,0.2763111911592004,0.98,0.9999990000000001,0.00039996000099999884,0.019599999999999996
0.95,suzuki-miyaura,suzuki_miyaura_data,10,40,best__separate_matched_penalty,not_yet_hit,20,0.04999990000099999,0.6907764778972509,0.95,0.9999989999999999,0.0024999000009999976,0.04749999999999999
0.95,suzuki-miyaura,suzuki_miyaura_data,5,20,pilot_summary__pooled,all,50,0.13154720628027985,0.4961886025773218,0.86,0.9334462220333382,0.0053943475309703994,0.12615285874930945
0.95,suzuki-miyaura,suzuki_miyaura_data,5,20,pilot_summary__pooled,not_yet_hit,42,0.15660381700014267,0.5907005268776688,0.8333333333333334,0.9207695024206405,0.007645083664664187,0.14895873333547852
0.95,suzuki-miyaura,suzuki_miyaura_data,5,40,pilot_summary__pooled,all,50,0.019986444821656225,0.15911359545577394,0.98,0.9991689134925628,0.0003674472444853501,0.019618997577170873
0.95,suzuki-miyaura,suzuki_miyaura_data,5,40,pilot_summary__pooled,not_yet_hit,42,0.023793386692257407,0.18942075649487375,0.9761904761904762,0.9990108017768603,0.000520767259868577,0.023272619432388824
0.95,suzuki-miyaura,suzuki_miyaura_data,10,20,pilot_summary__pooled,all,50,0.11419863352034718,0.34429820031962505,0.86,0.9288372587877156,0.004738568197406907,0.10946006532294027
0.95,suzuki-miyaura,suzuki_miyaura_data,10,20,pilot_summary__pooled,not_yet_hit,20,0.28549658379936793,0.8607440007983127,0.65,0.8220946469692887,0.029616567515484107,0.2558800162838838
0.95,suzuki-miyaura,suzuki_miyaura_data,10,40,pilot_summary__pooled,all,50,0.01994443298370839,0.1315635240365239,0.98,0.9990036405663595,0.00036113835477538073,0.01958329462893301
0.95,suzuki-miyaura,suzuki_miyaura_data,10,40,pilot_summary__pooled,not_yet_hit,20,0.049861082457770975,0.32890731009055973,0.95,0.9975106014158985,0.0022572572469003807,0.04760382521087059
0.95,suzuki-miyaura,suzuki_miyaura_data,5,20,pilot_summary__separate,all,50,0.13156410595552726,0.49585613282861457,0.86,0.9326571067089895,0.005279055155321465,0.12628505080020577
0.95,suzuki-miyaura,suzuki_miyaura_data,5,20,pilot_summary__separate,not_yet_hit,42,0.15662393566115146,0.5903047295577795,0.8333333333333334,0.9198300794154636,0.0074816870827965065,0.14914224857835498
0.95,suzuki-miyaura,suzuki_miyaura_data,10,20,pilot_summary__separate,all,50,0.11405110535943191,0.34336572823995787,0.86,0.9277328480690943,0.004587738707550993,0.10946336665188092
0.95,suzuki-miyaura,suzuki_miyaura_data,10,20,pilot_summary__separate,not_yet_hit,20,0.28512776339707974,0.8584128205991448,0.65,0.8193336201727355,0.02867387492080425,0.25645388847627554
0.95,suzuki-miyaura,suzuki_miyaura_data,5,40,pilot_summary__separate,all,50,0.019999960000999996,0.2763111911592004,0.98,0.9999990000000001,0.00039996000099999884,0.019599999999999996
0.95,suzuki-miyaura,suzuki_miyaura_data,5,40,pilot_summary__separate,not_yet_hit,42,0.02380947619147619,0.32894170376085763,0.9761904761904762,0.9999990000000002,0.0005668458059886608,0.023242630385487524
0.95,suzuki-miyaura,suzuki_miyaura_data,10,40,pilot_summary__separate,all,50,0.019999960000999996,0.2763111911592004,0.98,0.9999990000000001,0.00039996000099999884,0.019599999999999996
0.95,suzuki-miyaura,suzuki_miyaura_data,10,40,pilot_summary__separate,not_yet_hit,20,0.04999990000099999,0.6907764778972509,0.95,0.9999989999999999,0.0024999000009999976,0.04749999999999999
0.95,suzuki-miyaura,suzuki_miyaura_data,5,20,pilot_summary__separate_matched_penalty,all,50,0.13166407641314234,0.49695689592882003,0.86,0.9332958049694758,0.00537227502612342,0.12629180138701887
0.95,suzuki-miyaura,suzuki_miyaura_data,5,20,pilot_summary__separate_matched_penalty,not_yet_hit,42,0.15674294811069323,0.5916151618199287,0.8333333333333334,0.9205904344874711,0.007613801701823429,0.14912914640886982
0.95,suzuki-miyaura,suzuki_miyaura_data,10,20,pilot_summary__separate_matched_penalty,all,50,0.11399641770637631,0.3432724179693523,0.86,0.9279774142037839,0.004620928841832791,0.10937548886454351
0.95,suzuki-miyaura,suzuki_miyaura_data,10,20,pilot_summary__separate_matched_penalty,not_yet_hit,20,0.2849910442644408,0.8581795449226309,0.65,0.8199450355094596,0.028881315094311476,0.2561097291701292
0.95,suzuki-miyaura,suzuki_miyaura_data,5,40,pilot_summary__separate_matched_penalty,all,50,0.019999960000999996,0.2763111911592004,0.98,0.9999990000000001,0.00039996000099999884,0.019599999999999996
0.95,suzuki-miyaura,suzuki_miyaura_data,5,40,pilot_summary__separate_matched_penalty,not_yet_hit,42,0.02380947619147619,0.32894170376085763,0.9761904761904762,0.9999990000000002,0.0005668458059886608,0.023242630385487524
0.95,suzuki-miyaura,suzuki_miyaura_data,10,40,pilot_summary__separate_matched_penalty,all,50,0.019999960000999996,0.2763111911592004,0.98,0.9999990000000001,0.00039996000099999884,0.019599999999999996
0.95,suzuki-miyaura,suzuki_miyaura_data,10,40,pilot_summary__separate_matched_penalty,not_yet_hit,20,0.04999990000099999,0.6907764778972509,0.95,0.9999989999999999,0.0024999000009999976,0.04749999999999999
0.99,additives,additive_rxn_screening_plate_1,5,20,no_target__pooled,all,50,0.23119108757466106,0.6439403639434861,0.12,0.525610125177992,0.16451957364690634,0.06667151392775468
0.99,additives,additive_rxn_screening_plate_1,5,20,no_target__pooled,not_yet_hit,47,0.24594796550489473,0.6850428765355914,0.06382978723404255,0.4953299842319062,0.18619242000919517,0.05975554549569941
0.99,additives,additive_rxn_screening_plate_1,5,40,no_target__pooled,all,50,0.05760104325740143,0.2673472270260836,1.0,0.767309199612891,0.05414500858479339,0.003456034672608039
0.99,additives,additive_rxn_screening_plate_1,5,40,no_target__pooled,not_yet_hit,47,0.06127770559291644,0.2844118798149506,1.0,0.7524566591626497,0.061277705592916405,7.703719777548943e-34
0.99,additives,additive_rxn_screening_plate_1,10,20,no_target__pooled,all,50,0.16945024404810197,0.5191273814992308,0.12,0.44631762172313216,0.10648319024704121,0.06296705380106075
0.99,additives,additive_rxn_screening_plate_1,10,20,no_target__pooled,not_yet_hit,47,0.18026621707238508,0.552263107977873,0.06382978723404255,0.41097625715226815,0.12051067157668569,0.05975554549569943
0.99,additives,additive_rxn_screening_plate_1,10,40,no_target__pooled,all,50,0.09408421109282773,0.3575173479028966,1.0,0.7026127203230246,0.0884391941136717,0.005645016979156103
0.99,additives,additive_rxn_screening_plate_1,10,40,no_target__pooled,not_yet_hit,47,0.1000895862689018,0.3803375403221985,1.0,0.6836306173649196,0.10008958626890192,1.232595164407831e-32
0.99,additives,additive_rxn_screening_plate_2,5,20,no_target__pooled,all,50,0.23119108757466109,0.6439403639434861,0.12,0.525610125177992,0.16451957364690634,0.06667151392775468
0.99,additives,additive_rxn_screening_plate_2,5,20,no_target__pooled,not_yet_hit,47,0.24594796550489473,0.6850428765355914,0.06382978723404255,0.4953299842319062,0.18619242000919517,0.05975554549569941
0.99,additives,additive_rxn_screening_plate_2,5,40,no_target__pooled,all,50,0.05760104325740143,0.2673472270260836,1.0,0.7673091996128909,0.05414500858479339,0.003456034672608038
0.99,additives,additive_rxn_screening_plate_2,5,40,no_target__pooled,not_yet_hit,47,0.06127770559291644,0.2844118798149506,1.0,0.7524566591626497,0.061277705592916405,7.703719777548943e-34
0.99,additives,additive_rxn_screening_plate_2,10,20,no_target__pooled,all,50,0.16945024404810197,0.5191273814992308,0.12,0.44631762172313216,0.10648319024704121,0.06296705380106075
0.99,additives,additive_rxn_screening_plate_2,10,20,no_target__pooled,not_yet_hit,47,0.18026621707238508,0.552263107977873,0.06382978723404255,0.41097625715226815,0.12051067157668569,0.05975554549569943
0.99,additives,additive_rxn_screening_plate_2,10,40,no_target__pooled,all,50,0.09408421109282773,0.3575173479028966,1.0,0.7026127203230246,0.08843919411367167,0.005645016979156101
0.99,additives,additive_rxn_screening_plate_2,10,40,no_target__pooled,not_yet_hit,47,0.1000895862689018,0.3803375403221985,1.0,0.6836306173649196,0.10008958626890192,1.232595164407831e-32
0.99,additives,additive_rxn_screening_plate_3,5,20,no_target__pooled,all,50,0.23119108757466106,0.6439403639434861,0.12,0.525610125177992,0.16451957364690634,0.06667151392775468
0.99,additives,additive_rxn_screening_plate_3,5,20,no_target__pooled,not_yet_hit,47,0.24594796550489473,0.6850428765355914,0.06382978723404255,0.4953299842319062,0.18619242000919517,0.05975554549569941
0.99,additives,additive_rxn_screening_plate_3,5,40,no_target__pooled,all,50,0.05760104325740143,0.2673472270260836,1.0,0.767309199612891,0.05414500858479339,0.003456034672608039
0.99,additives,additive_rxn_screening_plate_3,5,40,no_target__pooled,not_yet_hit,47,0.06127770559291644,0.2844118798149506,1.0,0.7524566591626497,0.061277705592916405,7.703719777548943e-34
0.99,additives,additive_rxn_screening_plate_3,10,20,no_target__pooled,all,50,0.16945024404810197,0.5191273814992308,0.12,0.44631762172313216,0.10648319024704121,0.06296705380106075
0.99,additives,additive_rxn_screening_plate_3,10,20,no_target__pooled,not_yet_hit,47,0.18026621707238508,0.552263107977873,0.06382978723404255,0.41097625715226815,0.12051067157668569,0.05975554549569943
0.99,additives,additive_rxn_screening_plate_3,10,40,no_target__pooled,all,50,0.09408421109282773,0.3575173479028966,1.0,0.7026127203230246,0.0884391941136717,0.005645016979156103
0.99,additives,additive_rxn_screening_plate_3,10,40,no_target__pooled,not_yet_hit,47,0.1000895862689018,0.3803375403221985,1.0,0.6836306173649196,0.10008958626890192,1.232595164407831e-32
0.99,additives,additive_rxn_screening_plate_4,5,20,no_target__pooled,all,50,0.23119108757466109,0.6439403639434861,0.12,0.525610125177992,0.16451957364690634,0.06667151392775468
0.99,additives,additive_rxn_screening_plate_4,5,20,no_target__pooled,not_yet_hit,47,0.24594796550489473,0.6850428765355914,0.06382978723404255,0.4953299842319062,0.18619242000919517,0.05975554549569941
0.99,additives,additive_rxn_screening_plate_4,5,40,no_target__pooled,all,50,0.05760104325740143,0.2673472270260836,1.0,0.7673091996128909,0.05414500858479339,0.003456034672608038
0.99,additives,additive_rxn_screening_plate_4,5,40,no_target__pooled,not_yet_hit,47,0.06127770559291644,0.2844118798149506,1.0,0.7524566591626497,0.061277705592916405,7.703719777548943e-34
0.99,additives,additive_rxn_screening_plate_4,10,20,no_target__pooled,all,50,0.16945024404810197,0.5191273814992308,0.12,0.44631762172313216,0.10648319024704121,0.06296705380106075
0.99,additives,additive_rxn_screening_plate_4,10,20,no_target__pooled,not_yet_hit,47,0.18026621707238508,0.552263107977873,0.06382978723404255,0.41097625715226815,0.12051067157668569,0.05975554549569943
0.99,additives,additive_rxn_screening_plate_4,10,40,no_target__pooled,all,50,0.09408421109282773,0.3575173479028966,1.0,0.7026127203230246,0.08843919411367167,0.005645016979156101
0.99,additives,additive_rxn_screening_plate_4,10,40,no_target__pooled,not_yet_hit,47,0.1000895862689018,0.3803375403221985,1.0,0.6836306173649196,0.10008958626890192,1.232595164407831e-32
0.99,additives,additive_rxn_screening_plate_1,5,20,no_target__separate,all,50,0.2369700365677735,0.6554985130600646,0.12,0.5322520890224771,0.16995178490339635,0.0670182516643771
0.99,additives,additive_rxn_screening_plate_1,5,20,no_target__separate,not_yet_hit,47,0.25209578358267404,0.6973387798511005,0.06382978723404255,0.5023959032154012,0.19234023808697448,0.05975554549569943
0.99,additives,additive_rxn_screening_plate_1,10,20,no_target__separate,all,50,0.16328928690984562,0.5063556551038658,0.12,0.43731985695322,0.10069189161681201,0.06259739529303357
0.99,additives,additive_rxn_screening_plate_1,10,20,no_target__separate,not_yet_hit,47,0.17371200735083572,0.5386761650040808,0.06382978723404255,0.4014041669715105,0.11395646185513622,0.05975554549569941
0.99,additives,additive_rxn_screening_plate_2,5,20,no_target__separate,all,50,0.2369700365677735,0.6554985130600646,0.12,0.532252089022477,0.1699517849033963,0.0670182516643771
0.99,additives,additive_rxn_screening_plate_2,5,20,no_target__separate,not_yet_hit,47,0.25209578358267404,0.6973387798511005,0.06382978723404255,0.5023959032154012,0.19234023808697448,0.05975554549569943
0.99,additives,additive_rxn_screening_plate_2,10,20,no_target__separate,all,50,0.16328928690984562,0.5063556551038659,0.12,0.43731985695321995,0.10069189161681201,0.06259739529303356
0.99,additives,additive_rxn_screening_plate_2,10,20,no_target__separate,not_yet_hit,47,0.17371200735083572,0.5386761650040808,0.06382978723404255,0.4014041669715105,0.11395646185513622,0.05975554549569941
0.99,additives,additive_rxn_screening_plate_3,5,20,no_target__separate,all,50,0.2369700365677735,0.6554985130600646,0.12,0.5322520890224771,0.16995178490339635,0.0670182516643771
0.99,additives,additive_rxn_screening_plate_3,5,20,no_target__separate,not_yet_hit,47,0.25209578358267404,0.6973387798511005,0.06382978723404255,0.5023959032154012,0.19234023808697448,0.05975554549569943
0.99,additives,additive_rxn_screening_plate_3,10,20,no_target__separate,all,50,0.16328928690984562,0.5063556551038658,0.12,0.43731985695322,0.10069189161681201,0.06259739529303357
0.99,additives,additive_rxn_screening_plate_3,10,20,no_target__separate,not_yet_hit,47,0.17371200735083572,0.5386761650040808,0.06382978723404255,0.4014041669715105,0.11395646185513622,0.05975554549569941
0.99,additives,additive_rxn_screening_plate_4,5,20,no_target__separate,all,50,0.2369700365677735,0.6554985130600646,0.12,0.532252089022477,0.1699517849033963,0.0670182516643771
0.99,additives,additive_rxn_screening_plate_4,5,20,no_target__separate,not_yet_hit,47,0.25209578358267404,0.6973387798511005,0.06382978723404255,0.5023959032154012,0.19234023808697448,0.05975554549569943
0.99,additives,additive_rxn_screening_plate_4,10,20,no_target__separate,all,50,0.16328928690984562,0.5063556551038659,0.12,0.43731985695321995,0.10069189161681201,0.06259739529303356
0.99,additives,additive_rxn_screening_plate_4,10,20,no_target__separate,not_yet_hit,47,0.17371200735083572,0.5386761650040808,0.06382978723404255,0.4014041669715105,0.11395646185513622,0.05975554549569941
0.99,additives,additive_rxn_screening_plate_1,5,40,no_target__separate,all,50,0.06105569848522294,0.276530375879157,1.0,0.760432921034423,0.057392385324099016,0.003663313161123899
0.99,additives,additive_rxn_screening_plate_1,5,40,no_target__separate,not_yet_hit,47,0.06495287072889674,0.2941811871054543,1.0,0.7451414691855562,0.06495287072889669,3.0814879110195774e-33
0.99,additives,additive_rxn_screening_plate_1,10,40,no_target__separate,all,50,0.08830401563313721,0.34403985943886567,1.0,0.7118927122269144,0.08300580926796348,0.0052982063651736975
0.99,additives,additive_rxn_screening_plate_1,10,40,no_target__separate,not_yet_hit,47,0.09394044216284812,0.36599978663705923,1.0,0.6935029491775684,0.09394044216284805,3.0814879110195774e-33
0.99,additives,additive_rxn_screening_plate_2,5,40,no_target__separate,all,50,0.06105569848522294,0.27653037587915696,1.0,0.760432921034423,0.057392385324099016,0.003663313161123899
0.99,additives,additive_rxn_screening_plate_2,5,40,no_target__separate,not_yet_hit,47,0.06495287072889674,0.2941811871054543,1.0,0.7451414691855562,0.06495287072889669,3.0814879110195774e-33
0.99,additives,additive_rxn_screening_plate_2,10,40,no_target__separate,all,50,0.08830401563313722,0.34403985943886567,1.0,0.7118927122269144,0.08300580926796351,0.0052982063651736975
0.99,additives,additive_rxn_screening_plate_2,10,40,no_target__separate,not_yet_hit,47,0.09394044216284812,0.36599978663705923,1.0,0.6935029491775684,0.09394044216284805,3.0814879110195774e-33
0.99,additives,additive_rxn_screening_plate_3,5,40,no_target__separate,all,50,0.06105569848522294,0.276530375879157,1.0,0.760432921034423,0.057392385324099016,0.003663313161123899
0.99,additives,additive_rxn_screening_plate_3,5,40,no_target__separate,not_yet_hit,47,0.06495287072889674,0.2941811871054543,1.0,0.7451414691855562,0.06495287072889669,3.0814879110195774e-33
0.99,additives,additive_rxn_screening_plate_3,10,40,no_target__separate,all,50,0.08830401563313721,0.34403985943886567,1.0,0.7118927122269144,0.08300580926796348,0.0052982063651736975
0.99,additives,additive_rxn_screening_plate_3,10,40,no_target__separate,not_yet_hit,47,0.09394044216284812,0.36599978663705923,1.0,0.6935029491775684,0.09394044216284805,3.0814879110195774e-33
0.99,additives,additive_rxn_screening_plate_4,5,40,no_target__separate,all,50,0.06105569848522294,0.27653037587915696,1.0,0.760432921034423,0.057392385324099016,0.003663313161123899
0.99,additives,additive_rxn_screening_plate_4,5,40,no_target__separate,not_yet_hit,47,0.06495287072889674,0.2941811871054543,1.0,0.7451414691855562,0.06495287072889669,3.0814879110195774e-33
0.99,additives,additive_rxn_screening_plate_4,10,40,no_target__separate,all,50,0.08830401563313722,0.34403985943886567,1.0,0.7118927122269144,0.08300580926796351,0.0052982063651736975
0.99,additives,additive_rxn_screening_plate_4,10,40,no_target__separate,not_yet_hit,47,0.09394044216284812,0.36599978663705923,1.0,0.6935029491775684,0.09394044216284805,3.0814879110195774e-33
0.99,additives,additive_rxn_screening_plate_1,5,20,no_target__separate_matched_penalty,all,50,0.23709928993580337,0.6557570261287543,0.12,0.532399421740216,0.17007328305166458,0.0670260068841388
0.99,additives,additive_rxn_screening_plate_1,5,20,no_target__separate_matched_penalty,not_yet_hit,47,0.2522332871656845,0.6976137937539623,0.06382978723404255,0.5025526401491659,0.19247774166998502,0.05975554549569943
0.99,additives,additive_rxn_screening_plate_1,10,20,no_target__separate_matched_penalty,all,50,0.16316950909501146,0.5061063882754047,0.12,0.4371423978154971,0.100579300492163,0.06259020860284843
0.99,additives,additive_rxn_screening_plate_1,10,20,no_target__separate_matched_penalty,not_yet_hit,47,0.17358458414356534,0.5384109875269943,0.06382978723404255,0.40121538065478396,0.11382903864786599,0.05975554549569943
0.99,additives,additive_rxn_screening_plate_2,5,20,no_target__separate_matched_penalty,all,50,0.23709928993580337,0.6557570261287544,0.12,0.532399421740216,0.17007328305166458,0.0670260068841388
0.99,additives,additive_rxn_screening_plate_2,5,20,no_target__separate_matched_penalty,not_yet_hit,47,0.2522332871656845,0.6976137937539623,0.06382978723404255,0.5025526401491659,0.19247774166998502,0.05975554549569943
0.99,additives,additive_rxn_screening_plate_2,10,20,no_target__separate_matched_penalty,all,50,0.1631695090950114,0.5061063882754047,0.12,0.4371423978154971,0.10057930049216304,0.06259020860284842
0.99,additives,additive_rxn_screening_plate_2,10,20,no_target__separate_matched_penalty,not_yet_hit,47,0.17358458414356534,0.5384109875269943,0.06382978723404255,0.40121538065478396,0.11382903864786599,0.05975554549569943
0.99,additives,additive_rxn_screening_plate_3,5,20,no_target__separate_matched_penalty,all,50,0.23709928993580337,0.6557570261287543,0.12,0.532399421740216,0.17007328305166458,0.0670260068841388
0.99,additives,additive_rxn_screening_plate_3,5,20,no_target__separate_matched_penalty,not_yet_hit,47,0.2522332871656845,0.6976137937539623,0.06382978723404255,0.5025526401491659,0.19247774166998502,0.05975554549569943
0.99,additives,additive_rxn_screening_plate_3,10,20,no_target__separate_matched_penalty,all,50,0.16316950909501146,0.5061063882754047,0.12,0.4371423978154971,0.100579300492163,0.06259020860284843
0.99,additives,additive_rxn_screening_plate_3,10,20,no_target__separate_matched_penalty,not_yet_hit,47,0.17358458414356534,0.5384109875269943,0.06382978723404255,0.40121538065478396,0.11382903864786599,0.05975554549569943
0.99,additives,additive_rxn_screening_plate_4,5,20,no_target__separate_matched_penalty,all,50,0.23709928993580337,0.6557570261287544,0.12,0.532399421740216,0.17007328305166458,0.0670260068841388
0.99,additives,additive_rxn_screening_plate_4,5,20,no_target__separate_matched_penalty,not_yet_hit,47,0.2522332871656845,0.6976137937539623,0.06382978723404255,0.5025526401491659,0.19247774166998502,0.05975554549569943
0.99,additives,additive_rxn_screening_plate_4,10,20,no_target__separate_matched_penalty,all,50,0.1631695090950114,0.5061063882754047,0.12,0.4371423978154971,0.10057930049216304,0.06259020860284842
0.99,additives,additive_rxn_screening_plate_4,10,20,no_target__separate_matched_penalty,not_yet_hit,47,0.17358458414356534,0.5384109875269943,0.06382978723404255,0.40121538065478396,0.11382903864786599,0.05975554549569943
0.99,additives,additive_rxn_screening_plate_1,5,40,no_target__separate_matched_penalty,all,50,0.06100870174452872,0.27640662313321734,1.0,0.7605251404076406,0.05734820837678015,0.0036604933677485724
0.99,additives,additive_rxn_screening_plate_1,5,40,no_target__separate_matched_penalty,not_yet_hit,47,0.06490287419624334,0.2940495352480716,1.0,0.7452395749017455,0.06490287419624333,0.0
0.99,additives,additive_rxn_screening_plate_1,10,40,no_target__separate_matched_penalty,all,50,0.0883721178640967,0.3442000400783787,1.0,0.7117816359452531,0.08306982537839454,0.005302292485702112
0.99,additives,additive_rxn_screening_plate_1,10,40,no_target__separate_matched_penalty,not_yet_hit,47,0.0940128913447199,0.3661701915727113,1.0,0.6933847829204821,0.09401289134471984,3.0814879110195774e-33
0.99,additives,additive_rxn_screening_plate_2,5,40,no_target__separate_matched_penalty,all,50,0.06100870174452872,0.27640662313321734,1.0,0.7605251404076409,0.05734820837678015,0.0036604933677485724
0.99,additives,additive_rxn_screening_plate_2,5,40,no_target__separate_matched_penalty,not_yet_hit,47,0.06490287419624334,0.2940495352480716,1.0,0.7452395749017455,0.06490287419624333,0.0
0.99,additives,additive_rxn_screening_plate_2,10,40,no_target__separate_matched_penalty,all,50,0.0883721178640967,0.3442000400783787,1.0,0.7117816359452533,0.08306982537839454,0.005302292485702112
0.99,additives,additive_rxn_screening_plate_2,10,40,no_target__separate_matched_penalty,not_yet_hit,47,0.0940128913447199,0.3661701915727113,1.0,0.6933847829204821,0.09401289134471984,3.0814879110195774e-33
0.99,additives,additive_rxn_screening_plate_3,5,40,no_target__separate_matched_penalty,all,50,0.06100870174452872,0.27640662313321734,1.0,0.7605251404076406,0.05734820837678015,0.0036604933677485724
0.99,additives,additive_rxn_screening_plate_3,5,40,no_target__separate_matched_penalty,not_yet_hit,47,0.06490287419624334,0.2940495352480716,1.0,0.7452395749017455,0.06490287419624333,0.0
0.99,additives,additive_rxn_screening_plate_3,10,40,no_target__separate_matched_penalty,all,50,0.0883721178640967,0.3442000400783787,1.0,0.7117816359452531,0.08306982537839454,0.005302292485702112
0.99,additives,additive_rxn_screening_plate_3,10,40,no_target__separate_matched_penalty,not_yet_hit,47,0.0940128913447199,0.3661701915727113,1.0,0.6933847829204821,0.09401289134471984,3.0814879110195774e-33
0.99,additives,additive_rxn_screening_plate_4,5,40,no_target__separate_matched_penalty,all,50,0.06100870174452872,0.27640662313321734,1.0,0.7605251404076409,0.05734820837678015,0.0036604933677485724
0.99,additives,additive_rxn_screening_plate_4,5,40,no_target__separate_matched_penalty,not_yet_hit,47,0.06490287419624334,0.2940495352480716,1.0,0.7452395749017455,0.06490287419624333,0.0
0.99,additives,additive_rxn_screening_plate_4,10,40,no_target__separate_matched_penalty,all,50,0.0883721178640967,0.3442000400783787,1.0,0.7117816359452533,0.08306982537839454,0.005302292485702112
0.99,additives,additive_rxn_screening_plate_4,10,40,no_target__separate_matched_penalty,not_yet_hit,47,0.0940128913447199,0.3661701915727113,1.0,0.6933847829204821,0.09401289134471984,3.0814879110195774e-33
0.99,additives,additive_rxn_screening_plate_1,5,20,best__pooled,all,50,0.22969448127665626,0.6410494059499316,0.12,0.5225870699267852,0.1620763488722342,0.06761813240442209
0.99,additives,additive_rxn_screening_plate_1,5,20,best__pooled,not_yet_hit,47,0.24435583114531523,0.6819673893084062,0.06382978723404255,0.49211396800721835,0.18342733950055023,0.06092849164476496
0.99,additives,additive_rxn_screening_plate_1,5,40,best__pooled,all,50,0.05908142840733678,0.27067979659569835,1.0,0.7650275579898225,0.055212048504226154,0.0038693799031106397
0.99,additives,additive_rxn_screening_plate_1,5,40,best__pooled,not_yet_hit,47,0.06285258341199658,0.28795716659113657,1.0,0.7500293808402368,0.062485310443115324,0.0003672729688812519
0.99,additives,additive_rxn_screening_plate_1,10,20,best__pooled,all,50,0.17170145148837762,0.5237421987595475,0.12,0.4500284919781262,0.10891880551735612,0.06278264597102147
0.99,additives,additive_rxn_screening_plate_1,10,20,best__pooled,not_yet_hit,47,0.18266111860459316,0.5571724880420399,0.06382978723404255,0.4149239914660917,0.12326714024533578,0.059393978359257325
0.99,additives,additive_rxn_screening_plate_1,10,40,best__pooled,all,50,0.09173309024446491,0.35201044531308723,1.0,0.7064192079408755,0.08618968146606291,0.005543408778402026
0.99,additives,additive_rxn_screening_plate_1,10,40,best__pooled,not_yet_hit,47,0.09758839387702652,0.37447913331176297,1.0,0.6876800722775271,0.09754373725257066,4.46566244558377e-05
0.99,additives,additive_rxn_screening_plate_2,5,20,best__pooled,all,50,0.2616425368484629,0.7051435539850626,0.12,0.5607700771498216,0.19427826091065967,0.06736427593780327
0.99,additives,additive_rxn_screening_plate_2,5,20,best__pooled,not_yet_hit,47,0.2783431243068116,0.7501526531755667,0.06382978723404255,0.532734188457257,0.2198713374865013,0.05847178682031034
0.99,additives,additive_rxn_screening_plate_2,5,40,best__pooled,all,50,0.04619701846995011,0.23482108620271866,1.0,0.7924496052141776,0.04307716637575068,0.003119852094199426
0.99,additives,additive_rxn_screening_plate_2,5,40,best__pooled,not_yet_hit,47,0.04914576432967034,0.2498096023432858,1.0,0.7792017715044445,0.048751857706775585,0.000393906622894742
0.99,additives,additive_rxn_screening_plate_2,10,20,best__pooled,all,50,0.1993842997664676,0.5800185794503828,0.12,0.4884400687806665,0.13574808428310225,0.06363621548336532
0.99,additives,additive_rxn_screening_plate_2,10,20,best__pooled,not_yet_hit,47,0.21211095719830586,0.6170409781386731,0.06382978723404255,0.45578737104326217,0.15363074750556147,0.05848020969274445
0.99,additives,additive_rxn_screening_plate_2,10,40,best__pooled,all,50,0.07287353647235494,0.3064142642576895,1.0,0.7386724886462488,0.06829206819034493,0.004581468282009986
0.99,additives,additive_rxn_screening_plate_2,10,40,best__pooled,not_yet_hit,47,0.07752503880031376,0.3259725577209144,1.0,0.7219920730279241,0.07728840745931095,0.00023663134100277585
0.99,additives,additive_rxn_screening_plate_3,5,20,best__pooled,all,50,0.3212327285374089,0.8264285027588143,0.12,0.6172856303922145,0.24729299819458225,0.07393973034282668
0.99,additives,additive_rxn_screening_plate_3,5,20,best__pooled,not_yet_hit,47,0.34173694525249887,0.8791791944242386,0.06382978723404255,0.5928571174385263,0.27986991610328393,0.06186702914921514
0.99,additives,additive_rxn_screening_plate_3,5,40,best__pooled,all,50,0.030969546056490164,0.18803410768310166,1.0,0.8296360428783329,0.029023877886153238,0.0019456681703369219
0.99,additives,additive_rxn_screening_plate_3,5,40,best__pooled,not_yet_hit,47,0.03294632559194698,0.20003622093943796,1.0,0.8187618115726945,0.03284728094441148,9.904464753549892e-05
0.99,additives,additive_rxn_screening_plate_3,10,20,best__pooled,all,50,0.21948047838672757,0.6205038570669456,0.12,0.5118263739664267,0.15352790733567812,0.06595257105104946
0.99,additives,additive_rxn_screening_plate_3,10,20,best__pooled,not_yet_hit,47,0.23348987062411444,0.6601104224116122,0.06382978723404255,0.48066641911322,0.1737527776763769,0.059737092947737574
0.99,additives,additive_rxn_screening_plate_3,10,40,best__pooled,all,50,0.06262309926336591,0.28063895742935946,1.0,0.7573785365043186,0.05886517454878627,0.0037579247145796348
0.99,additives,additive_rxn_screening_plate_3,10,40,best__pooled,not_yet_hit,47,0.06662031836521906,0.29855201854183994,1.0,0.7418921239407644,0.06661967568380965,6.426814093483806e-07
0.99,additives,additive_rxn_screening_plate_4,5,20,best__pooled,all,50,0.2752166812663632,0.7323880344835814,0.12,0.5733704971697435,0.20554480770394054,0.0696718735624227
0.99,additives,additive_rxn_screening_plate_4,5,20,best__pooled,not_yet_hit,47,0.2927837034747906,0.7791361430676077,0.06382978723404255,0.5461388906061102,0.23262207119556785,0.06016163227922279
0.99,additives,additive_rxn_screening_plate_4,5,40,best__pooled,all,50,0.042207917289458975,0.22341260954170267,1.0,0.8012793166416999,0.03948990999438975,0.0027180072950692136
0.99,additives,additive_rxn_screening_plate_4,5,40,best__pooled,not_yet_hit,47,0.044902039669573374,0.2376729250443326,1.0,0.7885950815337236,0.04469203955173309,0.00021000011784028867
0.99,additives,additive_rxn_screening_plate_4,10,20,best__pooled,all,50,0.19758422076517249,0.5764793218663609,0.12,0.4848295825660644,0.13310062431532876,0.06448359644984372
0.99,additives,additive_rxn_screening_plate_4,10,20,best__pooled,not_yet_hit,47,0.21019597953735367,0.6132758104960967,0.06382978723404255,0.45194642826177067,0.1506345270426463,0.05956145249470741
0.99,additives,additive_rxn_screening_plate_4,10,40,best__pooled,all,50,0.07418851437777614,0.3099624790667546,1.0,0.735984065518669,0.06970441366005048,0.0044841007177256606
0.99,additives,additive_rxn_screening_plate_4,10,40,best__pooled,not_yet_hit,47,0.07892395146565546,0.3297472543263028,1.0,0.7191320484241162,0.07888680622243319,3.714524322230656e-05
0.99,additives,additive_rxn_screening_plate_1,5,20,best__separate,all,50,0.23905222700862352,0.6596285308679093,0.12,0.5345164453868627,0.1718238834961599,0.06722834351246366
0.99,additives,additive_rxn_screening_plate_1,5,20,best__separate,not_yet_hit,47,0.25431087979634415,0.7017324158168927,0.06382978723404255,0.5048047929647473,0.19445895567919513,0.05985192411714895
0.99,additives,additive_rxn_screening_plate_1,10,20,best__separate,all,50,0.16163099636284944,0.5028833400458599,0.12,0.4343790603363182,0.09883419357794636,0.06279680278490309
0.99,additives,additive_rxn_screening_plate_1,10,20,best__separate,not_yet_hit,47,0.17194786847105262,0.5349822128147125,0.06382978723404255,0.39827565993225333,0.11185404176486778,0.06009382670618478
0.99,additives,additive_rxn_screening_plate_2,5,20,best__separate,all,50,0.21667754698121144,0.6148111813563085,0.12,0.5060992393318826,0.14907262261265838,0.06760492436855309
0.99,additives,additive_rxn_screening_plate_2,5,20,best__separate,not_yet_hit,47,0.23050802870335255,0.6540543844215728,0.06382978723404255,0.47457372269349213,0.1687105805167165,0.061797448186636135
0.99,additives,additive_rxn_screening_plate_2,10,20,best__separate,all,50,0.14503943318779547,0.46773628911045223,0.12,0.40701621015251604,0.08237830489031323,0.06266112829748226
0.99,additives,additive_rxn_screening_plate_2,10,20,best__separate,not_yet_hit,47,0.1542972693486547,0.4975917330961937,0.06382978723404255,0.36916624484310206,0.09323035234524897,0.0610669170034057
0.99,additives,additive_rxn_screening_plate_3,5,20,best__separate,all,50,0.1807332653033505,0.5422452768371262,0.12,0.46378943067529205,0.11819117264404144,0.062542092659309
0.99,additives,additive_rxn_screening_plate_3,5,20,best__separate,not_yet_hit,47,0.1922694311737133,0.5768566136564851,0.06382978723404255,0.42956328795243837,0.13376099354773285,0.05850843762598043
0.99,additives,additive_rxn_screening_plate_3,10,20,best__separate,all,50,0.1341894773832642,0.44435956680705807,0.12,0.39078750615570146,0.07332587349002406,0.060863603893240165
0.99,additives,additive_rxn_screening_plate_3,10,20,best__separate,not_yet_hit,47,0.1427547631736215,0.47272287958194487,0.06382978723404255,0.3519016661230866,0.08298540740666403,0.05976935576695743
0.99,additives,additive_rxn_screening_plate_4,5,20,best__separate,all,50,0.20741353770854518,0.5962405168389495,0.12,0.496722093866501,0.1419195360071608,0.06549400170138432
0.99,additives,additive_rxn_screening_plate_4,5,20,best__separate,not_yet_hit,47,0.22065269968987783,0.634298358339276,0.06382978723404255,0.46459803602819255,0.16061518924152973,0.060037510448348055
0.99,additives,additive_rxn_screening_plate_4,10,20,best__separate,all,50,0.14547515760212684,0.4687736935162469,0.12,0.4094282213159834,0.08376869529413386,0.06170646230799302
0.99,additives,additive_rxn_screening_plate_4,10,20,best__separate,not_yet_hit,47,0.15476080595964561,0.49869535480448596,0.06382978723404255,0.37173221416593977,0.09480390451055234,0.0599569014490933
0.99,additives,additive_rxn_screening_plate_1,5,40,best__separate,all,50,0.06847605051087541,0.289849593609951,1.0,0.7527225062353086,0.06114615892254709,0.0073298915883283355
0.99,additives,additive_rxn_screening_plate_1,5,40,best__separate,not_yet_hit,47,0.07284686224554832,0.30835056767012875,1.0,0.7369389002503282,0.06920114220150683,0.0036457200440414947
0.99,additives,additive_rxn_screening_plate_1,10,40,best__separate,all,50,0.07887895492041301,0.32071276462103254,1.0,0.7286832156482581,0.0736127974709697,0.005266157449443317
0.99,additives,additive_rxn_screening_plate_1,10,40,best__separate,not_yet_hit,47,0.08391378183016278,0.34118372832021543,1.0,0.711365186859849,0.0833100553564499,0.0006037264737128335
0.99,additives,additive_rxn_screening_plate_2,5,40,best__separate,all,50,0.02868759165779979,0.17153668427911023,1.0,0.8451860875287239,0.023967347494663886,0.0047202441631359
0.99,additives,additive_rxn_screening_plate_2,5,40,best__separate,not_yet_hit,47,0.030518714529510417,0.18248577050965983,1.0,0.8353044122646,0.02712463661950881,0.0033940779100015955
0.99,additives,additive_rxn_screening_plate_2,10,40,best__separate,all,50,0.032988226230954126,0.1898452246303371,1.0,0.8294176825456335,0.02909832702810226,0.0038898992028518565
0.99,additives,additive_rxn_screening_plate_2,10,40,best__separate,not_yet_hit,47,0.03509385769244057,0.20196294109607132,1.0,0.8185295133464187,0.032931537526287656,0.0021623201661529
0.99,additives,additive_rxn_screening_plate_3,5,40,best__separate,all,50,0.004923683189426902,0.06866898351246356,1.0,0.9339325900466036,0.004364902657950162,0.0005587805314767397
0.99,additives,additive_rxn_screening_plate_3,5,40,best__separate,not_yet_hit,47,0.005237960839752023,0.07305204628982294,1.0,0.9297155851559612,0.004939898969968953,0.00029806186978306964
0.99,additives,additive_rxn_screening_plate_3,10,40,best__separate,all,50,0.015623613543698874,0.1297303602970768,1.0,0.8788255671768971,0.014683243170000698,0.000940370373698175
0.99,additives,additive_rxn_screening_plate_3,10,40,best__separate,not_yet_hit,47,0.016620865471956243,0.13801095776281572,1.0,0.8710910927413802,0.01661750637061155,3.3591013447052197e-06
0.99,additives,additive_rxn_screening_plate_4,5,40,best__separate,all,50,0.018898480847979154,0.13827351675633875,1.0,0.8723781347991393,0.016287340477346677,0.0026111403706324757
0.99,additives,additive_rxn_screening_plate_4,5,40,best__separate,not_yet_hit,47,0.020104766859488466,0.14709942208117952,1.0,0.864232122126744,0.018432916662207394,0.0016718501972810672
0.99,additives,additive_rxn_screening_plate_4,10,40,best__separate,all,50,0.033172629620856646,0.1947016796730703,1.0,0.82438407708663,0.030840952380714673,0.0023316772401419565
0.99,additives,additive_rxn_screening_plate_4,10,40,best__separate,not_yet_hit,47,0.0352900315114858,0.20712938263089392,1.0,0.8131746139219469,0.03490372488321361,0.0003863066282721912
0.99,additives,additive_rxn_screening_plate_1,5,20,best__separate_matched_penalty,all,50,0.2392161533008137,0.6599561564163118,0.12,0.5346983324394278,0.17197470692804212,0.0672414463727716
0.99,additives,additive_rxn_screening_plate_1,5,20,best__separate_matched_penalty,not_yet_hit,47,0.2544852694688869,0.7020809536343423,0.06382978723404255,0.5049982898291784,0.1946296476820344,0.0598556217868525
0.99,additives,additive_rxn_screening_plate_1,10,20,best__separate_matched_penalty,all,50,0.16148571136967788,0.5025800364558416,0.12,0.4341581286258901,0.09869532978172131,0.06279038158795658
0.99,additives,additive_rxn_screening_plate_1,10,20,best__separate_matched_penalty,not_yet_hit,47,0.1717933099676786,0.5346595494210762,0.06382978723404255,0.3980406261977553,0.1116968848808288,0.060096425086849786
0.99,additives,additive_rxn_screening_plate_2,5,20,best__separate_matched_penalty,all,50,0.21667558088277838,0.6148060807658599,0.12,0.5060761530514617,0.14905479595501567,0.06762078492776274
0.99,additives,additive_rxn_screening_plate_2,5,20,best__separate_matched_penalty,not_yet_hit,47,0.23050593710927486,0.654048958261521,0.06382978723404255,0.4745491628207039,0.16869040548229702,0.0618155316269779
0.99,additives,additive_rxn_screening_plate_2,10,20,best__separate_matched_penalty,all,50,0.14479959203935555,0.4672203858895942,0.12,0.40660765087258893,0.08214394553870383,0.06265564650065171
0.99,additives,additive_rxn_screening_plate_2,10,20,best__separate_matched_penalty,not_yet_hit,47,0.15404211919073996,0.4970428998825152,0.06382978723404255,0.3687316073112648,0.09296511988640282,0.06107699930433709
0.99,additives,additive_rxn_screening_plate_3,5,20,best__separate_matched_penalty,all,50,0.18048823303787856,0.5417437936307905,0.12,0.463464252100127,0.11796769247069959,0.06252054056717898
0.99,additives,additive_rxn_screening_plate_3,5,20,best__separate_matched_penalty,not_yet_hit,47,0.1920087585508708,0.5763231208837879,0.06382978723404255,0.4292173532980073,0.13350807343414822,0.05850068511672251
0.99,additives,additive_rxn_screening_plate_3,10,20,best__separate_matched_penalty,all,50,0.1338920380727727,0.443707258372913,0.12,0.3902706012986145,0.07304619792631471,0.060845840146458025
0.99,additives,additive_rxn_screening_plate_3,10,20,best__separate_matched_penalty,not_yet_hit,47,0.14243833837522624,0.47202893443923744,0.06382978723404255,0.3513517673389517,0.08266888904344781,0.0597694493317785
0.99,additives,additive_rxn_screening_plate_4,5,20,best__separate_matched_penalty,all,50,0.20734440174513907,0.5961006332295888,0.12,0.496631276488276,0.14185111842918818,0.06549328331595089
0.99,additives,additive_rxn_screening_plate_4,5,20,best__separate_matched_penalty,not_yet_hit,47,0.22057915079263726,0.6341495459888923,0.06382978723404255,0.4645014217960384,0.16053775874258153,0.06004139205005585
0.99,additives,additive_rxn_screening_plate_4,10,20,best__separate_matched_penalty,all,50,0.14523474226069308,0.468258712059356,0.12,0.4090351571021277,0.08354132204105164,0.061693420219641484
0.99,additives,additive_rxn_screening_plate_4,10,20,best__separate_matched_penalty,not_yet_hit,47,0.15450504495812034,0.49814750219077236,0.06382978723404255,0.3713140607469444,0.094546578457757,0.059958466500363315
0.99,additives,additive_rxn_screening_plate_1,5,40,best__separate_matched_penalty,all,50,0.06853177524206498,0.28993013765251807,1.0,0.752686286222154,0.061164073022590255,0.007367702219474725
0.99,additives,additive_rxn_screening_plate_1,5,40,best__separate_matched_penalty,not_yet_hit,47,0.07290614387447338,0.3084362528217958,1.0,0.7369003683214405,0.0692214161893936,0.0036847276850797647
0.99,additives,additive_rxn_screening_plate_1,10,40,best__separate_matched_penalty,all,50,0.07880676916809726,0.3205251972763682,1.0,0.7288225303916103,0.07353722002320914,0.0052695491448881285
0.99,additives,additive_rxn_screening_plate_1,10,40,best__separate_matched_penalty,not_yet_hit,47,0.08383698847663539,0.3409841885918492,1.0,0.7115133940336279,0.08322452182199677,0.0006124666546385763
0.99,additives,additive_rxn_screening_plate_2,5,40,best__separate_matched_penalty,all,50,0.02855145216603554,0.17095489095539215,1.0,0.8456888110207561,0.023811943044187905,0.004739509121847642
0.99,additives,additive_rxn_screening_plate_2,5,40,best__separate_matched_penalty,not_yet_hit,47,0.030373885282952703,0.18186684144187465,1.0,0.8358392244901662,0.026948760215990082,0.003425125066962637
0.99,additives,additive_rxn_screening_plate_2,10,40,best__separate_matched_penalty,all,50,0.03276046868162112,0.1890218507847759,1.0,0.8301034827597777,0.02886482657035713,0.0038956421112639793
0.99,additives,additive_rxn_screening_plate_2,10,40,best__separate_matched_penalty,not_yet_hit,47,0.034851562427192694,0.20108701147313388,1.0,0.8192590880423172,0.032667277255295,0.002184285171897672
0.99,additives,additive_rxn_screening_plate_3,5,40,best__separate_matched_penalty,all,50,0.004826986178888485,0.06793163632510306,1.0,0.9346176648515429,0.0042748497494651755,0.000552136429423309
0.99,additives,additive_rxn_screening_plate_3,5,40,best__separate_matched_penalty,not_yet_hit,47,0.005135091679604772,0.07226763438837559,1.0,0.9304443881399393,0.004837983141227431,0.0002971085383773403
0.99,additives,additive_rxn_screening_plate_3,10,40,best__separate_matched_penalty,all,50,0.015403308422959726,0.12874639533293342,1.0,0.8796831412397949,0.014476146501923144,0.0009271619210365772
0.99,additives,additive_rxn_screening_plate_3,10,40,best__separate_matched_penalty,not_yet_hit,47,0.016386498322233743,0.13696418652436532,1.0,0.8720034055742498,0.016383128184589958,3.370137643781898e-06
0.99,additives,additive_rxn_screening_plate_4,5,40,best__separate_matched_penalty,all,50,0.018740172843400047,0.1375518204091785,1.0,0.8730087837430331,0.016126769006423715,0.0026134038369763322
0.99,additives,additive_rxn_screening_plate_4,5,40,best__separate_matched_penalty,not_yet_hit,47,0.019936354088659625,0.14633166000973238,1.0,0.8649030252585458,0.01825119258429307,0.0016851615043665467
0.99,additives,additive_rxn_screening_plate_4,10,40,best__separate_matched_penalty,all,50,0.03291734613366504,0.193849415873838,1.0,0.8250799527502969,0.03059702292983841,0.002320323203826624
0.99,additives,additive_rxn_screening_plate_4,10,40,best__separate_matched_penalty,not_yet_hit,47,0.03501845333362238,0.20622271901468942,1.0,0.8139149071811669,0.03462766176939376,0.00039079156422860154
0.99,additives,additive_rxn_screening_plate_1,5,20,pilot_summary__pooled,all,50,0.05895164590399941,0.23573799100070428,0.12,0.16749989046715125,0.0022562395943913674,0.05669540630960804
0.99,additives,additive_rxn_screening_plate_1,5,20,pilot_summary__pooled,not_yet_hit,47,0.06271451691908449,0.2507850329794407,0.06382978723404255,0.11436164943313966,0.0025534690973085376,0.06016104782177594
0.99,additives,additive_rxn_screening_plate_1,5,40,pilot_summary__pooled,all,50,0.2747615674348375,0.7427231025311767,1.0,0.5007163694990132,0.24928414368624596,0.02547742374859152
0.99,additives,additive_rxn_screening_plate_1,5,40,pilot_summary__pooled,not_yet_hit,47,0.2922995398242314,0.7901308963097303,1.0,0.46884726542448196,0.2821232274470507,0.010176312377180781
0.99,additives,additive_rxn_screening_plate_1,10,20,pilot_summary__pooled,all,50,0.06232757117531479,0.2529930082016283,0.12,0.19212075296245743,0.005201403007871804,0.057126168167442974
0.99,additives,additive_rxn_screening_plate_1,10,20,pilot_summary__pooled,not_yet_hit,47,0.06630592678218596,0.2691414342570195,0.06382978723404255,0.14055405634303977,0.0058866134703098255,0.060419313311876124
0.99,additives,additive_rxn_screening_plate_1,10,40,pilot_summary__pooled,all,50,0.20049539073884598,0.5821738010329647,1.0,0.566808367506482,0.18765499046239906,0.012840400276446893
0.99,additives,additive_rxn_screening_plate_1,10,40,pilot_summary__pooled,not_yet_hit,47,0.21329296887104887,0.6193337670563135,1.0,0.5391579016026405,0.21237543965528152,0.0009175292157673556
0.99,additives,additive_rxn_screening_plate_2,5,20,pilot_summary__pooled,all,50,0.058235443717004426,0.24023042004935335,0.12,0.11900898887244665,9.821030549345987e-07,0.0582344616139495
0.99,additives,additive_rxn_screening_plate_2,5,20,pilot_summary__pooled,not_yet_hit,47,0.06195259969887706,0.25556421281842906,0.06382978723404255,0.0627755839068581,1.1113446550467352e-06,0.06195148835422201
0.99,additives,additive_rxn_screening_plate_2,5,40,pilot_summary__pooled,all,50,0.447027234109034,1.12110252742663,1.0,0.35690132233044247,0.41357590922033344,0.03345132488870061
0.99,additives,additive_rxn_screening_plate_2,5,40,pilot_summary__pooled,not_yet_hit,47,0.4755608873499724,1.19266219939,1.0,0.3158525343940878,0.468057754694993,0.007503132654979496
0.99,additives,additive_rxn_screening_plate_2,10,20,pilot_summary__pooled,all,50,0.05782150245676381,0.2349572122445209,0.12,0.12742643835457465,5.5151986634297626e-05,0.057766350470129506
0.99,additives,additive_rxn_screening_plate_2,10,20,pilot_summary__pooled,not_yet_hit,47,0.06151223665606788,0.2499544172813733,0.06382978723404255,0.0717303173984837,6.241837687924421e-05,0.06144981827918863
0.99,additives,additive_rxn_screening_plate_2,10,40,pilot_summary__pooled,all,50,0.39417561561559994,0.9835845854766085,1.0,0.39299414277761796,0.3684561107022788,0.025719504913321214
0.99,additives,additive_rxn_screening_plate_2,10,40,pilot_summary__pooled,not_yet_hit,47,0.41933576129312766,1.0463665164644456,1.0,0.354249151891083,0.4169941578333858,0.0023416034597420602
0.99,additives,additive_rxn_screening_plate_3,5,20,pilot_summary__pooled,all,50,0.05694975362385134,0.23250175944518006,0.12,0.08509003725394916,0.0012187054989306577,0.05573104812492068
0.99,additives,additive_rxn_screening_plate_3,5,20,pilot_summary__pooled,not_yet_hit,47,0.060584844280629074,0.2473422334522873,0.06382978723404255,0.026691592823350166,0.0013792454840863828,0.059205598796542705
0.99,additives,additive_rxn_screening_plate_3,5,40,pilot_summary__pooled,all,50,0.6579978588648819,1.7165097212669815,1.0,0.2140571811776494,0.6177061144584223,0.04029174440645976
0.99,additives,additive_rxn_screening_plate_3,5,40,pilot_summary__pooled,not_yet_hit,47,0.6999977221966192,1.8260741077307996,1.0,0.16389068210388233,0.6990787914727109,0.000918930723907996
0.99,additives,additive_rxn_screening_plate_3,10,20,pilot_summary__pooled,all,50,0.05645041856325405,0.22595076852196985,0.12,0.1052503606735571,0.00021755186026015051,0.056232866702993906
0.99,additives,additive_rxn_screening_plate_3,10,20,pilot_summary__pooled,not_yet_hit,47,0.06005363676935536,0.24037309417227642,0.06382978723404255,0.0481387453974012,0.00024620879391922955,0.059807427975436145
0.99,additives,additive_rxn_screening_plate_3,10,40,pilot_summary__pooled,all,50,0.5053878213745895,1.2423183216546576,1.0,0.3107793466333429,0.47502510902716166,0.030362712347427788
0.99,additives,additive_rxn_screening_plate_3,10,40,pilot_summary__pooled,not_yet_hit,47,0.5376466184835421,1.321615171973008,1.0,0.26678660280142863,0.5376018858314703,4.4732652072002674e-05
0.99,additives,additive_rxn_screening_plate_4,5,20,pilot_summary__pooled,all,50,0.05659082916463084,0.22596623493404652,0.12,0.1101446401755486,9.712811726941032e-05,0.05649370104736142
0.99,additives,additive_rxn_screening_plate_4,5,20,pilot_summary__pooled,not_yet_hit,47,0.06020300974954345,0.24038954780214528,0.06382978723404255,0.053345425718668744,0.00010992183638505128,0.0600930879131584
0.99,additives,additive_rxn_screening_plate_4,5,40,pilot_summary__pooled,all,50,0.48568290673736114,1.2065870806703003,1.0,0.32688387304160443,0.453085320371471,0.03259758636589015
0.99,additives,additive_rxn_screening_plate_4,5,40,pilot_summary__pooled,not_yet_hit,47,0.5166839433375544,1.2836032134790107,1.0,0.28391907770383445,0.512771887276527,0.003912056061027294
0.99,additives,additive_rxn_screening_plate_4,10,20,pilot_summary__pooled,all,50,0.05658598595836727,0.2259510563674345,0.12,0.12813032023937465,6.610210719478479e-05,0.056519883851172494
0.99,additives,additive_rxn_screening_plate_4,10,20,pilot_summary__pooled,not_yet_hit,47,0.060197857402454535,0.24037340039085578,0.06382978723404255,0.07247912791422834,7.481109420191662e-05,0.06012304630825263
0.99,additives,additive_rxn_screening_plate_4,10,40,pilot_summary__pooled,all,50,0.3866473940104464,0.9646812400408195,1.0,0.3975791529899611,0.36291087691229273,0.023736517098153716
0.99,additives,additive_rxn_screening_plate_4,10,40,pilot_summary__pooled,not_yet_hit,47,0.41132701490466633,1.0262565745114782,1.0,0.35912682232974585,0.41071842985716905,0.0006085850474972531
0.99,additives,additive_rxn_screening_plate_1,5,20,pilot_summary__separate,all,50,0.08240404137980065,0.3118760870383442,0.12,0.2717637745553597,0.023032243267290076,0.05937179811251058
0.99,additives,additive_rxn_screening_plate_1,5,20,pilot_summary__separate,not_yet_hit,47,0.08766387380823472,0.3317830074875682,0.06382978723404255,0.22528067505889332,0.02606638917943256,0.06159748462880217
0.99,additives,additive_rxn_screening_plate_1,10,20,pilot_summary__separate,all,50,0.08084061560804813,0.3135654024481257,0.12,0.267747715227639,0.0218293873549875,0.059011228253060634
0.99,additives,additive_rxn_screening_plate_1,10,20,pilot_summary__separate,not_yet_hit,47,0.08600065490211506,0.3335801515405273,0.06382978723404255,0.22100827151876493,0.02470507592204269,0.06129557898007233
0.99,additives,additive_rxn_screening_plate_2,5,20,pilot_summary__separate,all,50,0.06615008256094632,0.26461561988307714,0.12,0.18128251418928548,0.0037555465453599788,0.06239453601558634
0.99,additives,additive_rxn_screening_plate_2,5,20,pilot_summary__separate,not_yet_hit,47,0.07037242825626204,0.28150591476919906,0.06382978723404255,0.12902401509498457,0.004250287346384428,0.06612214090987761
0.99,additives,additive_rxn_screening_plate_2,10,20,pilot_summary__separate,all,50,0.06298859070665111,0.2548323241864239,0.12,0.1738656345912622,0.002901506589919383,0.06008708411673172
0.99,additives,additive_rxn_screening_plate_2,10,20,pilot_summary__separate,not_yet_hit,47,0.06700913904956501,0.2710981533897807,0.06382978723404255,0.12113371765027893,0.003283740441148862,0.06372539860841614
0.99,additives,additive_rxn_screening_plate_3,5,20,pilot_summary__separate,all,50,0.054789118525413294,0.21102405884212183,0.12,0.10836742529354401,0.00013531679430127993,0.05465380173111201
0.99,additives,additive_rxn_screening_plate_3,5,20,pilot_summary__separate,not_yet_hit,47,0.05828629630356732,0.22449361578945937,0.06382978723404255,0.05145477158887658,0.0001531410122181022,0.05813315529134922
0.99,additives,additive_rxn_screening_plate_3,10,20,pilot_summary__separate,all,50,0.05648272717524401,0.22536509193322574,0.12,0.13765120656545948,0.0003115650932165206,0.05617116208202748
0.99,additives,additive_rxn_screening_plate_3,10,20,pilot_summary__separate,not_yet_hit,47,0.06008800763317448,0.23975003397148473,0.06382978723404255,0.0826077303887867,0.00035261114912280266,0.059735396484051656
0.99,additives,additive_rxn_screening_plate_4,5,20,pilot_summary__separate,all,50,0.05916467393000926,0.23593090613985834,0.12,0.15855157953773136,0.0014862242848540268,0.05767844964515525
0.99,additives,additive_rxn_screening_plate_4,5,20,pilot_summary__separate,not_yet_hit,47,0.06294114247866943,0.25099026185088125,0.06382978723404255,0.10484216972099084,0.0016820155172557398,0.06125912696141368
0.99,additives,additive_rxn_screening_plate_4,10,20,pilot_summary__separate,all,50,0.06055923376260044,0.24569642337239903,0.12,0.17659964866043323,0.0032035202284844836,0.057355713534115955
0.99,additives,additive_rxn_screening_plate_4,10,20,pilot_summary__separate,not_yet_hit,47,0.06442471676866005,0.26137910997060537,0.06382978723404255,0.12404224325578003,0.003625539860169672,0.0607991769084904
0.99,additives,additive_rxn_screening_plate_1,5,40,pilot_summary__separate,all,50,0.39650219048510704,1.0339199336898148,1.0,0.40388720044866916,0.3553504697889252,0.04115172069618196
0.99,additives,additive_rxn_screening_plate_1,5,40,pilot_summary__separate,not_yet_hit,47,0.4218108409415395,1.0999147592444518,1.0,0.3658375111156055,0.4021620623080498,0.019648778633489683
0.99,additives,additive_rxn_screening_plate_1,10,40,pilot_summary__separate,all,50,0.24806067441622495,0.6786247216536051,1.0,0.5212902076913539,0.22916306525218705,0.01889760916403791
0.99,additives,additive_rxn_screening_plate_1,10,40,pilot_summary__separate,not_yet_hit,47,0.2638943344852819,0.7219411294186971,1.0,0.4907343273312277,0.25935152535877726,0.004542809126504628
0.99,additives,additive_rxn_screening_plate_2,5,40,pilot_summary__separate,all,50,0.5945506256510873,1.5405158327441362,1.0,0.2555000710601061,0.5542801441915067,0.040270481459580225
0.99,additives,additive_rxn_screening_plate_2,5,40,pilot_summary__separate,not_yet_hit,47,0.6325006655861993,1.6388465667490488,1.0,0.2079788628299002,0.6272974817242183,0.005203183861981054
0.99,additives,additive_rxn_screening_plate_2,10,40,pilot_summary__separate,all,50,0.519417053192851,1.2848232130635049,1.0,0.3020834737278928,0.48708747764372473,0.03232957554912611
0.99,additives,additive_rxn_screening_plate_2,10,40,pilot_summary__separate,not_yet_hit,47,0.5525713331838202,1.3668331415568882,1.0,0.2575356741786094,0.5512532751174125,0.001318058066408113
0.99,additives,additive_rxn_screening_plate_3,5,40,pilot_summary__separate,all,50,0.7670655034239242,2.2152232471823567,1.0,0.15106011019072102,0.7206989365093909,0.04636656691453334
0.99,additives,additive_rxn_screening_plate_3,5,40,pilot_summary__separate,not_yet_hit,47,0.816027131301983,2.3566204118960927,1.0,0.09687252147949041,0.8156392424588135,0.00038788884316961347
0.99,additives,additive_rxn_screening_plate_3,10,40,pilot_summary__separate,all,50,0.6575034111013293,1.7030761589808219,1.0,0.21390499719245665,0.6179453534389915,0.03955805766233762
0.99,additives,additive_rxn_screening_plate_3,10,40,pilot_summary__separate,not_yet_hit,47,0.6994717139375205,1.811783084022119,1.0,0.1637287842472943,0.6993495462965085,0.00012216764101199675
0.99,additives,additive_rxn_screening_plate_4,5,40,pilot_summary__separate,all,50,0.6106455693443364,1.5786453518812675,1.0,0.24456975297716102,0.5706748581169876,0.03997071122734883
0.99,additives,additive_rxn_screening_plate_4,5,40,pilot_summary__separate,not_yet_hit,47,0.6496229461109322,1.6794098849800398,1.0,0.19635086486932019,0.6458519323962898,0.0037710137146427037
0.99,additives,additive_rxn_screening_plate_4,10,40,pilot_summary__separate,all,50,0.527134325881778,1.3054659845572871,1.0,0.29691877424509566,0.4943232100090187,0.03281111587275921
0.99,additives,additive_rxn_screening_plate_4,10,40,pilot_summary__separate,not_yet_hit,47,0.5607811977465086,1.3887935367630395,1.0,0.2520413130266975,0.5594421974188268,0.0013390003276817816
0.99,additives,additive_rxn_screening_plate_1,5,20,pilot_summary__separate_matched_penalty,all,50,0.08167820739047733,0.3098893386026219,0.12,0.26950535645075085,0.022351851607466073,0.059326355783011264
0.99,additives,additive_rxn_screening_plate_1,5,20,pilot_summary__separate_matched_penalty,not_yet_hit,47,0.08689170998980568,0.32966944532190634,0.06382978723404255,0.2228781026071818,0.025296366623033542,0.06159534336677212
0.99,additives,additive_rxn_screening_plate_1,10,20,pilot_summary__separate_matched_penalty,all,50,0.08014896183636955,0.31158689719167154,0.12,0.2655448414507185,0.021183300872914784,0.05896566096345476
0.99,additives,additive_rxn_screening_plate_1,10,20,pilot_summary__separate_matched_penalty,not_yet_hit,47,0.08526485301735058,0.3314753587145123,0.06382978723404255,0.2186647887773601,0.02397387770291915,0.06129097531443143
0.99,additives,additive_rxn_screening_plate_2,5,20,pilot_summary__separate_matched_penalty,all,50,0.06587390605800084,0.2638118329217741,0.12,0.17951338401666944,0.0035418428771155663,0.06233206318088527
0.99,additives,additive_rxn_screening_plate_2,5,20,pilot_summary__separate_matched_penalty,not_yet_hit,47,0.07007862346589451,0.2806508222571747,0.06382978723404255,0.12714196171986114,0.004008431438122733,0.06607019202777176
0.99,additives,additive_rxn_screening_plate_2,10,20,pilot_summary__separate_matched_penalty,all,50,0.06278325463362651,0.254072769962079,0.12,0.1722265212722833,0.0027276095242042614,0.060055645109422254
0.99,additives,additive_rxn_screening_plate_2,10,20,pilot_summary__separate_matched_penalty,not_yet_hit,47,0.06679069641868776,0.2702901169809031,0.06382978723404255,0.11938998007689715,0.00308693502873519,0.06370376138995258
0.99,additives,additive_rxn_screening_plate_3,5,20,pilot_summary__separate_matched_penalty,all,50,0.054847910892115354,0.2113259795282087,0.12,0.10723986260420024,0.00016282110635968753,0.054685089785755675
0.99,additives,additive_rxn_screening_plate_3,5,20,pilot_summary__separate_matched_penalty,not_yet_hit,47,0.05834884137452698,0.22481480800870074,0.06382978723404255,0.05025523681297897,0.00018426841913399736,0.05816457295539298
0.99,additives,additive_rxn_screening_plate_3,10,20,pilot_summary__separate_matched_penalty,all,50,0.05643282670451489,0.225030987449461,0.12,0.13619326179294056,0.00026222172749470823,0.056170604977020186
0.99,additives,additive_rxn_screening_plate_3,10,20,pilot_summary__separate_matched_penalty,not_yet_hit,47,0.06003492202601583,0.23939460366960744,0.06382978723404255,0.08105672531163888,0.0002967673955293384,0.05973815463048651
0.99,additives,additive_rxn_screening_plate_4,5,20,pilot_summary__separate_matched_penalty,all,50,0.05902286069208774,0.23526444133522154,0.12,0.15690589842476435,0.0013620453385390235,0.05766081535354872
0.99,additives,additive_rxn_screening_plate_4,5,20,pilot_summary__separate_matched_penalty,not_yet_hit,47,0.06279027733194442,0.25028125673956547,0.06382978723404255,0.10309144513272805,0.0015414777809534114,0.06124879955099101
0.99,additives,additive_rxn_screening_plate_4,10,20,pilot_summary__separate_matched_penalty,all,50,0.06033989181347796,0.24472742939668296,0.12,0.17491225623162318,0.003015355884447438,0.057324535929030515
0.99,additives,additive_rxn_screening_plate_4,10,20,pilot_summary__separate_matched_penalty,not_yet_hit,47,0.06419137426959355,0.2603482653155883,0.06382978723404255,0.12224714492725869,0.0034125876798571566,0.0607787865897364
0.99,additives,additive_rxn_screening_plate_1,5,40,pilot_summary__separate_matched_penalty,all,50,0.4160493567859768,1.0956553897267742,1.0,0.3916064296995945,0.37014273638287437,0.04590662040310245
0.99,additives,additive_rxn_screening_plate_1,5,40,pilot_summary__separate_matched_penalty,not_yet_hit,47,0.44260569870842226,1.1655907763050473,1.0,0.35277286138254743,0.4189029689629352,0.02370272974548696
0.99,additives,additive_rxn_screening_plate_1,10,40,pilot_summary__separate_matched_penalty,all,50,0.2589084443579079,0.7014249433358252,1.0,0.5124691099344366,0.23768636876812044,0.02122207558978742
0.99,additives,additive_rxn_screening_plate_1,10,40,pilot_summary__separate_matched_penalty,not_yet_hit,47,0.2754345152743063,0.746196684399782,1.0,0.48135018078131553,0.2689976349755741,0.006436880298732178
0.99,additives,additive_rxn_screening_plate_2,5,40,pilot_summary__separate_matched_penalty,all,50,0.6192616796854632,1.629640923020886,1.0,0.23997856208190949,0.577632586095082,0.04162909359038126
0.99,additives,additive_rxn_screening_plate_2,5,40,pilot_summary__separate_matched_penalty,not_yet_hit,47,0.6587890209419182,1.7336604925753787,1.0,0.19146661923607391,0.6537262278095436,0.0050627931323744
0.99,additives,additive_rxn_screening_plate_2,10,40,pilot_summary__separate_matched_penalty,all,50,0.5485666244778054,1.365758609008647,1.0,0.282795386468616,0.514382457670702,0.03418416680710352
0.99,additives,additive_rxn_screening_plate_2,10,40,pilot_summary__separate_matched_penalty,not_yet_hit,47,0.5835815154018568,1.452934626604912,1.0,0.23701643241342127,0.5821439244071435,0.0014375909947134658
0.99,additives,additive_rxn_screening_plate_3,5,40,pilot_summary__separate_matched_penalty,all,50,0.7841913159970497,2.3213382248818206,1.0,0.1416173629417174,0.7368207516031312,0.047370564393918346
0.99,additives,additive_rxn_screening_plate_3,5,40,pilot_summary__separate_matched_penalty,not_yet_hit,47,0.8342460808478616,2.4695086860444575,1.0,0.08682704568267809,0.8338848444966259,0.0003612363512356523
0.99,additives,additive_rxn_screening_plate_3,10,40,pilot_summary__separate_matched_penalty,all,50,0.69029498131017,1.830562706072523,1.0,0.19454972193094414,0.6487501504415193,0.04154483086865035
0.99,additives,additive_rxn_screening_plate_3,10,40,pilot_summary__separate_matched_penalty,not_yet_hit,47,0.7343563630958616,1.947407070289886,1.0,0.1431380658839831,0.7342123741370412,0.00014398895882020938
0.99,additives,additive_rxn_screening_plate_4,5,40,pilot_summary__separate_matched_penalty,all,50,0.6302289979516804,1.652012178240013,1.0,0.2326163014227428,0.5888777408421108,0.04135125710956972
0.99,additives,additive_rxn_screening_plate_4,5,40,pilot_summary__separate_matched_penalty,not_yet_hit,47,0.670456380799596,1.7574597002553012,1.0,0.18363442704547106,0.666452748705376,0.004003632094219928
0.99,additives,additive_rxn_screening_plate_4,10,40,pilot_summary__separate_matched_penalty,all,50,0.5595617150987152,1.3980649943958687,1.0,0.2757196071113315,0.5245820875229639,0.0349796275757512
0.99,additives,additive_rxn_screening_plate_4,10,40,pilot_summary__separate_matched_penalty,not_yet_hit,47,0.5952784203177183,1.4873031216977008,1.0,0.2294890075652463,0.593687189462789,0.0015912308549291933
0.99,buchwald-hartwig,bh_reaction_1,5,20,no_target__pooled,all,50,0.366330344737084,0.9276038936508249,0.8,0.36065504731107956,0.19302398745322977,0.17330635728385427
0.99,buchwald-hartwig,bh_reaction_1,5,20,no_target__pooled,not_yet_hit,46,0.3981851573228305,1.0082650148378096,0.782608695652174,0.305059920990304,0.22805283218105366,0.1701323251417769
0.99,buchwald-hartwig,bh_reaction_1,5,40,no_target__pooled,all,50,0.05666676071669247,0.26244020515953326,1.0,0.7716724799948981,0.05213345639168026,0.004533304325012195
0.99,buchwald-hartwig,bh_reaction_1,5,40,no_target__pooled,not_yet_hit,46,0.06159430512675268,0.2852610056081448,1.0,0.7518179999944544,0.06159430512675268,0.0
0.99,buchwald-hartwig,bh_reaction_1,10,20,no_target__pooled,all,50,0.23294926024958415,0.6000634771636862,0.8,0.5555214697930008,0.05976975173217466,0.17317950851740954
0.99,buchwald-hartwig,bh_reaction_1,10,40,no_target__pooled,all,50,0.05146012560343181,0.2079162176621571,1.0,0.8242837061206497,0.030876215934694192,0.02058390966873762
0.99,buchwald-hartwig,bh_reaction_1,10,20,no_target__pooled,not_yet_hit,30,0.38824876708197364,1.0001051286058107,0.6666666666666666,0.25920311632166804,0.16602654485975135,0.22222222222222218
0.99,buchwald-hartwig,bh_reaction_1,10,40,no_target__pooled,not_yet_hit,30,0.085766876005053,0.34652636276992854,1.0,0.7071401768677495,0.08576687600505302,0.0
0.99,buchwald-hartwig,bh_reaction_2,5,20,no_target__pooled,all,50,0.30802466039862464,0.7977823107724284,0.7,0.38845261047146734,0.0970617759220432,0.21096288447658146
0.99,buchwald-hartwig,bh_reaction_2,5,40,no_target__pooled,all,50,0.06427570851144053,0.27319644344263844,0.98,0.7815997199951198,0.03936267110601487,0.024913037405425657
0.99,buchwald-hartwig,bh_reaction_2,10,20,no_target__pooled,all,50,0.2616190867152317,0.6840719490685035,0.7,0.4518100460780343,0.061598253227787454,0.2000208334874442
0.99,buchwald-hartwig,bh_reaction_2,10,40,no_target__pooled,all,50,0.07175309531870921,0.27406046527023803,0.98,0.7832834708821345,0.03869739282817996,0.033055702490529255
0.99,buchwald-hartwig,bh_reaction_2,5,20,no_target__pooled,not_yet_hit,44,0.35002802318011894,0.906570671332237,0.6590909090909091,0.30505992099030393,0.1253379405354908,0.22469008264462803
0.99,buchwald-hartwig,bh_reaction_2,5,40,no_target__pooled,not_yet_hit,44,0.07304057785377333,0.31045036754838456,0.9772727272727273,0.7518179999944543,0.05082983405212044,0.02221074380165289
0.99,buchwald-hartwig,bh_reaction_2,10,20,no_target__pooled,not_yet_hit,37,0.3535393063715834,0.9244212014437478,0.5945945945945946,0.259203116321668,0.11248744369809903,0.24105186267348436
0.99,buchwald-hartwig,bh_reaction_2,10,40,no_target__pooled,not_yet_hit,37,0.09696364232222865,0.3703516287433891,0.972972972972973,0.7071401768677495,0.07066707548512129,0.026296566837107377
0.99,buchwald-hartwig,bh_reaction_3,5,20,no_target__pooled,all,50,0.33886239431127696,0.8762956474245758,0.68,0.3328574841506917,0.12050792631018725,0.2183544680010898
0.99,buchwald-hartwig,bh_reaction_3,5,20,no_target__pooled,not_yet_hit,48,0.35298166074087195,0.9128079244005788,0.6666666666666666,0.30505992099030393,0.13075943851864968,0.22222222222222224
0.99,buchwald-hartwig,bh_reaction_3,5,40,no_target__pooled,all,50,0.06920325292150074,0.29601724389124995,0.98,0.7617452399946762,0.04763514026498152,0.021568112656519225
0.99,buchwald-hartwig,bh_reaction_3,5,40,no_target__pooled,not_yet_hit,48,0.07208672179318827,0.30835125405336455,0.9791666666666666,0.7518179999944543,0.05168741623763272,0.020399305555555556
0.99,buchwald-hartwig,bh_reaction_3,10,20,no_target__pooled,all,50,0.2519872113680984,0.6630696592810312,0.68,0.4518100460780343,0.052070655070908814,0.19991655629718955
0.99,buchwald-hartwig,bh_reaction_3,10,40,no_target__pooled,all,50,0.07175309531870921,0.27406046527023803,0.98,0.7832834708821348,0.038697392828179945,0.033055702490529255
0.99,buchwald-hartwig,bh_reaction_3,10,20,no_target__pooled,not_yet_hit,37,0.340523258605187,0.8960397287579743,0.5675675675675675,0.259203116321668,0.09508863479218481,0.24543462381300227
0.99,buchwald-hartwig,bh_reaction_3,10,40,no_target__pooled,not_yet_hit,37,0.09696364232222865,0.3703516287433891,0.972972972972973,0.7071401768677495,0.07066707548512129,0.02629656683710738
0.99,buchwald-hartwig,bh_reaction_4,5,20,no_target__pooled,all,50,0.32512841909837353,0.8506415243114511,0.62,0.31895870257049785,0.09062586275803801,0.23450255634033557
0.99,buchwald-hartwig,bh_reaction_4,5,20,no_target__pooled,not_yet_hit,49,0.3317636929575037,0.8680015350116745,0.6122448979591837,0.30505992099030393,0.09436261007537122,0.2374010828821324
0.99,buchwald-hartwig,bh_reaction_4,5,40,no_target__pooled,all,50,0.0704351390240158,0.3017224440034029,0.98,0.7567816199945654,0.04982644517225069,0.02060869385176511
0.99,buchwald-hartwig,bh_reaction_4,5,40,no_target__pooled,not_yet_hit,49,0.07187259084081205,0.307880024493258,0.9795918367346939,0.7518179999944544,0.05188092070336931,0.01999167013744273
0.99,buchwald-hartwig,bh_reaction_4,10,20,no_target__pooled,all,50,0.21211598486936797,0.5730599440840171,0.62,0.4666259637516009,0.02352359499512524,0.18859238987424273
0.99,buchwald-hartwig,bh_reaction_4,10,40,no_target__pooled,all,50,0.07003775779862816,0.2671299580148494,0.98,0.7891406473447797,0.03642729249596976,0.03361046530265839
0.99,buchwald-hartwig,bh_reaction_4,10,20,no_target__pooled,not_yet_hit,36,0.2946055345404,0.7959162001164959,0.4722222222222222,0.259203116321668,0.04537713947867155,0.24922839506172836
0.99,buchwald-hartwig,bh_reaction_4,10,40,no_target__pooled,not_yet_hit,36,0.09727466360881687,0.3710134416870964,0.9722222222222222,0.7071401768677495,0.0702684907693107,0.027006172839506168
0.99,buchwald-hartwig,bh_reaction_5,5,20,no_target__pooled,all,50,0.2493662973312663,0.6806086721444901,0.5,0.3606550473110795,0.019417015839877476,0.22994928149138893
0.99,buchwald-hartwig,bh_reaction_5,5,20,no_target__pooled,not_yet_hit,46,0.27105032318607203,0.739791947983098,0.45652173913043476,0.305059920990304,0.022940682354314103,0.24810964083175807
0.99,buchwald-hartwig,bh_reaction_5,5,40,no_target__pooled,all,50,0.08688492071602699,0.3289401206817661,0.94,0.7716724799948981,0.028334153991068027,0.05855076672495896
0.99,buchwald-hartwig,bh_reaction_5,5,40,no_target__pooled,not_yet_hit,46,0.09444013121298585,0.3575435224801371,0.9347826086956522,0.7518179999944544,0.033476048037182446,0.060964083175803374
0.99,buchwald-hartwig,bh_reaction_5,10,20,no_target__pooled,all,50,0.15432473278656827,0.4470462053591828,0.5,0.4666259637516009,0.001113826295509456,0.1532109064910588
0.99,buchwald-hartwig,bh_reaction_5,10,40,no_target__pooled,all,50,0.08660897194804812,0.30239135165557124,0.94,0.7891406473447797,0.022758544283552132,0.06385042766449599
0.99,buchwald-hartwig,bh_reaction_5,10,20,no_target__pooled,not_yet_hit,36,0.21433990664762262,0.620897118554226,0.3055555555555556,0.259203116321668,0.0021485486229312423,0.21219135802469136
0.99,buchwald-hartwig,bh_reaction_5,10,40,no_target__pooled,not_yet_hit,36,0.12029023881634461,0.41998759952143216,0.9166666666666666,0.7071401768677495,0.043901349927455716,0.0763888888888889
0.99,buchwald-hartwig,bh_reaction_1,5,20,no_target__separate,all,50,0.3588939774732639,0.9101990861765455,0.8,0.3685112651371761,0.18618252831352033,0.17271144915974357
0.99,buchwald-hartwig,bh_reaction_1,5,20,no_target__separate,not_yet_hit,46,0.3901021494273738,0.9893467458440277,0.782608695652174,0.3135992881925827,0.2199698242855966,0.1701323251417769
0.99,buchwald-hartwig,bh_reaction_1,10,20,no_target__separate,all,50,0.23849602300837736,0.6147177075666994,0.8,0.548807215949873,0.06309781475885366,0.17539820824952368
0.99,buchwald-hartwig,bh_reaction_1,10,20,no_target__separate,not_yet_hit,30,0.39749337167996224,1.0245288459441655,0.6666666666666666,0.2480126932497885,0.1752711494577399,0.22222222222222224
0.99,buchwald-hartwig,bh_reaction_2,5,20,no_target__separate,all,50,0.30276799762503126,0.7854789991135581,0.7,0.3959672536094728,0.09243591087776666,0.21033208674726464
0.99,buchwald-hartwig,bh_reaction_2,10,20,no_target__separate,all,50,0.26726644899007623,0.6989921650829818,0.7,0.4435291330048435,0.06577730561724725,0.20148914337282897
0.99,buchwald-hartwig,bh_reaction_2,5,20,no_target__separate,not_yet_hit,44,0.34405454275558084,0.8925896353562478,0.6590909090909091,0.3135992881925827,0.11936446011095286,0.22469008264462806
0.99,buchwald-hartwig,bh_reaction_2,10,20,no_target__separate,not_yet_hit,37,0.36117087701326517,0.9445836555173674,0.5945945945945946,0.24801269324978864,0.1201190143397808,0.2410518626734843
0.99,buchwald-hartwig,bh_reaction_3,5,20,no_target__separate,all,50,0.3330036441262329,0.8625831486075384,0.68,0.34105527666487945,0.11488352547672145,0.21812011864951145
0.99,buchwald-hartwig,bh_reaction_3,5,20,no_target__separate,not_yet_hit,48,0.34687879596478427,0.898524071466165,0.6666666666666666,0.3135992881925827,0.12465657374256202,0.22222222222222224
0.99,buchwald-hartwig,bh_reaction_3,10,20,no_target__separate,all,50,0.25718695672006775,0.6768073747395453,0.68,0.4435291330048435,0.05591847093744098,0.2012684857826267
0.99,buchwald-hartwig,bh_reaction_3,10,20,no_target__separate,not_yet_hit,37,0.3475499415132537,0.914604209107318,0.5675675675675675,0.24801269324978864,0.10211531770025147,0.24543462381300224
0.99,buchwald-hartwig,bh_reaction_4,5,20,no_target__separate,all,50,0.32005847745271737,0.8387751798230347,0.62,0.3273272824287311,0.08565731961055173,0.23440115784216561
0.99,buchwald-hartwig,bh_reaction_4,5,20,no_target__separate,not_yet_hit,49,0.3265902831149973,0.8558930202275764,0.6122448979591837,0.3135992881925827,0.08918920023286485,0.23740108288213244
0.99,buchwald-hartwig,bh_reaction_4,10,20,no_target__separate,all,50,0.21563878171979362,0.5823675166758836,0.62,0.4585688591398477,0.02606001323941031,0.18957876848038333
0.99,buchwald-hartwig,bh_reaction_4,10,20,no_target__separate,not_yet_hit,36,0.2994983079437689,0.8088433842718661,0.4722222222222222,0.2480126932497886,0.05026991288204055,0.24922839506172836
0.99,buchwald-hartwig,bh_reaction_5,5,20,no_target__separate,all,50,0.2470535503888135,0.6751954162238256,0.5,0.3685112651371762,0.01728928739582599,0.22976426299298752
0.99,buchwald-hartwig,bh_reaction_5,5,20,no_target__separate,not_yet_hit,46,0.26853646781384066,0.7339079741562887,0.45652173913043476,0.3135992881925827,0.02042682698208272,0.24810964083175807
0.99,buchwald-hartwig,bh_reaction_5,10,20,no_target__separate,all,50,0.15516182809974288,0.4492587746152646,0.5,0.4585688591398477,0.0017165394329737764,0.15344528866676913
0.99,buchwald-hartwig,bh_reaction_5,10,20,no_target__separate,not_yet_hit,36,0.21550253902703176,0.6239701314098951,0.3055555555555556,0.2480126932497886,0.003311181002340457,0.21219135802469136
0.99,buchwald-hartwig,bh_reaction_1,5,40,no_target__separate,all,50,0.060724647743510364,0.27318869323521755,1.0,0.7636385950672694,0.05586671374177433,0.004857934001736039
0.99,buchwald-hartwig,bh_reaction_1,5,40,no_target__separate,not_yet_hit,46,0.06600505189503299,0.29694414482084514,1.0,0.7430855163774667,0.06600505189503306,1.232595164407831e-32
0.99,buchwald-hartwig,bh_reaction_1,10,40,no_target__separate,all,50,0.047531047842136645,0.19831878619299162,1.0,0.8311250053889634,0.028518763804877674,0.01901228403725896
0.99,buchwald-hartwig,bh_reaction_1,10,40,no_target__separate,not_yet_hit,30,0.07921841306956108,0.3305306436546526,1.0,0.7185423423149391,0.07921841306956112,1.232595164407831e-32
0.99,buchwald-hartwig,bh_reaction_2,5,40,no_target__separate,all,50,0.0678078663228477,0.2825523245061959,0.98,0.7739151344121709,0.042470971824353734,0.02533689449849398
0.99,buchwald-hartwig,bh_reaction_2,10,40,no_target__separate,all,50,0.06736331936433274,0.2633377886207892,0.98,0.7917210733130549,0.03544895423438811,0.03191436512994463
0.99,buchwald-hartwig,bh_reaction_2,5,40,no_target__separate,not_yet_hit,44,0.0770543935485542,0.32108205057515443,0.9772727272727273,0.7430855163774666,0.05484364974690134,0.022210743801652888
0.99,buchwald-hartwig,bh_reaction_2,10,40,no_target__separate,not_yet_hit,37,0.09103151265415238,0.3558615251630529,0.972972972972973,0.7185423423149391,0.064734945817045,0.026296566837107373
0.99,buchwald-hartwig,bh_reaction_3,5,40,no_target__separate,all,50,0.07308827047437035,0.3063077760918236,0.98,0.753362055722368,0.05136475778639108,0.021723512687979264
0.99,buchwald-hartwig,bh_reaction_3,5,40,no_target__separate,not_yet_hit,48,0.07613361507742746,0.31907055842896204,0.9791666666666666,0.7430855163774667,0.05573430952187188,0.020399305555555556
0.99,buchwald-hartwig,bh_reaction_3,10,40,no_target__separate,all,50,0.06736331936433274,0.2633377886207892,0.98,0.7917210733130549,0.0354489542343881,0.03191436512994463
0.99,buchwald-hartwig,bh_reaction_3,10,40,no_target__separate,not_yet_hit,37,0.09103151265415238,0.3558615251630529,0.972972972972973,0.7185423423149391,0.064734945817045,0.026296566837107377
0.99,buchwald-hartwig,bh_reaction_4,5,40,no_target__separate,all,50,0.074408371512251,0.31224663898823046,0.98,0.7482237860499175,0.053720213353034556,0.020688158159216465
0.99,buchwald-hartwig,bh_reaction_4,5,40,no_target__separate,not_yet_hit,49,0.07592690970635817,0.3186189989675719,0.9795918367346939,0.7430855163774667,0.05593523956891544,0.01999167013744273
0.99,buchwald-hartwig,bh_reaction_4,10,40,no_target__separate,all,50,0.06577895110296153,0.25672719574770614,0.98,0.797350206466756,0.03336094707773667,0.03241800402522485
0.99,buchwald-hartwig,bh_reaction_4,10,40,no_target__separate,not_yet_hit,36,0.0913596543092799,0.3565651607605085,0.9722222222222222,0.718542342314939,0.06435348146977374,0.027006172839506168
0.99,buchwald-hartwig,bh_reaction_5,5,40,no_target__separate,all,50,0.08989490970880634,0.336912764426594,0.94,0.7636385950672695,0.031103345149846647,0.0587915645589597
0.99,buchwald-hartwig,bh_reaction_5,5,40,no_target__separate,not_yet_hit,46,0.09771185837905037,0.36620943959408053,0.9347826086956522,0.7430855163774667,0.03674777520324699,0.06096408317580338
0.99,buchwald-hartwig,bh_reaction_5,10,40,no_target__separate,all,50,0.08326233848815662,0.29421690038013865,0.94,0.797350206466756,0.02034896359507716,0.06291337489307948
0.99,buchwald-hartwig,bh_reaction_5,10,40,no_target__separate,not_yet_hit,36,0.11564213678871754,0.4086341949722203,0.9166666666666666,0.718542342314939,0.03925324789982867,0.07638888888888891
0.99,buchwald-hartwig,bh_reaction_1,5,20,no_target__separate_matched_penalty,all,50,0.35877326935649906,0.909918735831644,0.8,0.36863996844224856,0.18607147682550432,0.17270179253099488
0.99,buchwald-hartwig,bh_reaction_1,5,20,no_target__separate_matched_penalty,not_yet_hit,46,0.38997094495262946,0.9890420172082652,0.782608695652174,0.31373918308940085,0.2198386198108527,0.1701323251417769
0.99,buchwald-hartwig,bh_reaction_1,10,20,no_target__separate_matched_penalty,all,50,0.2385730967562546,0.614924379788682,0.8,0.5487151833452605,0.06314405908120607,0.1754290376750485
0.99,buchwald-hartwig,bh_reaction_1,10,20,no_target__separate_matched_penalty,not_yet_hit,30,0.39762182792642436,1.0248732996474699,0.6666666666666666,0.2478593055754342,0.1753996057042022,0.2222222222222222
0.99,buchwald-hartwig,bh_reaction_2,5,20,no_target__separate_matched_penalty,all,50,0.3026829496213472,0.7852814710776943,0.7,0.3960903611186726,0.09236106860497878,0.21032188101636834
0.99,buchwald-hartwig,bh_reaction_2,10,20,no_target__separate_matched_penalty,all,50,0.267345145260527,0.6992031880780556,0.7,0.44341562612582136,0.06583554091640435,0.20150960434412263
0.99,buchwald-hartwig,bh_reaction_2,5,20,no_target__separate_matched_penalty,not_yet_hit,44,0.3439578972968491,0.8923651716791299,0.6590909090909091,0.3137391830894008,0.11926781465222087,0.22469008264462806
0.99,buchwald-hartwig,bh_reaction_2,10,20,no_target__separate_matched_penalty,not_yet_hit,37,0.3612772233246851,0.9448688217269265,0.5945945945945946,0.24785930557543406,0.1202253606512008,0.24105186267348444
0.99,buchwald-hartwig,bh_reaction_3,5,20,no_target__separate_matched_penalty,all,50,0.3329088296509874,0.8623629374767401,0.68,0.34118957576582465,0.11479250356974191,0.2181163260812456
0.99,buchwald-hartwig,bh_reaction_3,5,20,no_target__separate_matched_penalty,not_yet_hit,48,0.3467800308864035,0.8982946848715834,0.6666666666666666,0.31373918308940074,0.12455780866418135,0.22222222222222224
0.99,buchwald-hartwig,bh_reaction_3,10,20,no_target__separate_matched_penalty,all,50,0.2572595174835443,0.6770019454551048,0.68,0.44341562612582125,0.05597216596143716,0.2012873515221071
0.99,buchwald-hartwig,bh_reaction_3,10,20,no_target__separate_matched_penalty,not_yet_hit,37,0.34764799659903284,0.9148671425067229,0.5675675675675675,0.24785930557543406,0.1022133727860307,0.24543462381300224
0.99,buchwald-hartwig,bh_reaction_4,5,20,no_target__separate_matched_penalty,all,50,0.31997660979823156,0.8385850382992882,0.62,0.3274643794276127,0.08557708930367172,0.2343995204945598
0.99,buchwald-hartwig,bh_reaction_4,5,20,no_target__separate_matched_penalty,not_yet_hit,49,0.3265067446920526,0.8556989982645695,0.6122448979591837,0.31373918308940074,0.08910566180992016,0.2374010828821324
0.99,buchwald-hartwig,bh_reaction_4,10,20,no_target__separate_matched_penalty,all,50,0.21568832166842702,0.5825003573856626,0.62,0.4584584200143126,0.026095682064272263,0.18959263960415484
0.99,buchwald-hartwig,bh_reaction_4,10,20,no_target__separate_matched_penalty,not_yet_hit,36,0.29956711342798203,0.8090278852576703,0.4722222222222222,0.2478593055754341,0.050338718366253594,0.24922839506172842
0.99,buchwald-hartwig,bh_reaction_5,5,20,no_target__separate_matched_penalty,all,50,0.24701677921013956,0.6751100134104803,0.5,0.36863996844224856,0.017255457890853428,0.2297613213192861
0.99,buchwald-hartwig,bh_reaction_5,5,20,no_target__separate_matched_penalty,not_yet_hit,46,0.26849649914136914,0.7338151450113481,0.45652173913043476,0.31373918308940085,0.020386858309611035,0.24810964083175807
0.99,buchwald-hartwig,bh_reaction_5,10,20,no_target__separate_matched_penalty,all,50,0.1551745550065312,0.4492929016479577,0.5,0.4584584200143126,0.001725702867707267,0.15344885213882395
0.99,buchwald-hartwig,bh_reaction_5,10,20,no_target__separate_matched_penalty,not_yet_hit,36,0.21552021528646007,0.6240175300664137,0.3055555555555556,0.2478593055754341,0.0033288572617686625,0.21219135802469136
0.99,buchwald-hartwig,bh_reaction_1,5,40,no_target__separate_matched_penalty,all,50,0.060699321892015226,0.27312235921674927,1.0,0.7636878886927042,0.05584341395051186,0.004855907941503409
0.99,buchwald-hartwig,bh_reaction_1,5,40,no_target__separate_matched_penalty,not_yet_hit,46,0.06597752379558176,0.2968720426268578,1.0,0.7431390964051132,0.06597752379558183,1.232595164407831e-32
0.99,buchwald-hartwig,bh_reaction_1,10,40,no_target__separate_matched_penalty,all,50,0.04755089193090663,0.19836784400372665,1.0,0.8310897567157675,0.028530670286338596,0.01902022164456802
0.99,buchwald-hartwig,bh_reaction_1,10,40,no_target__separate_matched_penalty,not_yet_hit,30,0.07925148655084437,0.3306124066725444,1.0,0.7184835945262793,0.07925148655084442,3.0814879110195774e-33
0.99,buchwald-hartwig,bh_reaction_2,5,40,no_target__separate_matched_penalty,all,50,0.06778578479643647,0.28249448809423106,0.98,0.7739622848364996,0.04245154006979579,0.025334244726640733
0.99,buchwald-hartwig,bh_reaction_2,10,40,no_target__separate_matched_penalty,all,50,0.067385443828936,0.2633924838909751,0.98,0.7916775999494464,0.03546532636080067,0.03192011746813533
0.99,buchwald-hartwig,bh_reaction_2,5,40,no_target__separate_matched_penalty,not_yet_hit,44,0.07702930090490509,0.3210163273797398,0.9772727272727273,0.743139096405113,0.054818557103252244,0.022210743801652888
0.99,buchwald-hartwig,bh_reaction_2,10,40,no_target__separate_matched_penalty,not_yet_hit,37,0.09106141057929189,0.3559354376903312,0.972972972972973,0.7184835945262793,0.0647648437421845,0.02629656683710737
0.99,buchwald-hartwig,bh_reaction_3,5,40,no_target__separate_matched_penalty,all,50,0.07306398670000303,0.3062441715043397,0.98,0.7534134925489088,0.051341445358883527,0.021722541341119523
0.99,buchwald-hartwig,bh_reaction_3,5,40,no_target__separate_matched_penalty,not_yet_hit,48,0.07610831947912815,0.319004303650333,0.9791666666666666,0.7431390964051131,0.05570901392357262,0.020399305555555556
0.99,buchwald-hartwig,bh_reaction_3,10,40,no_target__separate_matched_penalty,all,50,0.067385443828936,0.2633924838909751,0.98,0.7916775999494468,0.03546532636080067,0.031920117468135334
0.99,buchwald-hartwig,bh_reaction_3,10,40,no_target__separate_matched_penalty,not_yet_hit,37,0.09106141057929189,0.3559354376903312,0.972972972972973,0.7184835945262793,0.0647648437421845,0.026296566837107373
0.99,buchwald-hartwig,bh_reaction_4,5,40,no_target__separate_matched_penalty,all,50,0.07438353717589466,0.3121815923568668,0.98,0.7482762944770109,0.05369587570130502,0.02068766147458967
0.99,buchwald-hartwig,bh_reaction_4,5,40,no_target__separate_matched_penalty,not_yet_hit,49,0.07590156854681088,0.31855262485393554,0.9795918367346939,0.7431390964051132,0.05590989840936818,0.019991670137442734
0.99,buchwald-hartwig,bh_reaction_4,10,40,no_target__separate_matched_penalty,all,50,0.06580041409793912,0.25678025575753416,0.98,0.7973079080589209,0.03337640045780764,0.03242401364013147
0.99,buchwald-hartwig,bh_reaction_4,10,40,no_target__separate_matched_penalty,not_yet_hit,36,0.09138946402452655,0.35663885521860306,0.9722222222222222,0.7184835945262793,0.06438329118502036,0.02700617283950618
0.99,buchwald-hartwig,bh_reaction_5,5,40,no_target__separate_matched_penalty,all,50,0.08987601346062882,0.3368632709643577,0.94,0.7636878886927042,0.03108596059363633,0.05879005286699249
0.99,buchwald-hartwig,bh_reaction_5,5,40,no_target__separate_matched_penalty,not_yet_hit,46,0.09769131897885745,0.3661556423525192,0.9347826086956522,0.7431390964051132,0.036727235803054016,0.06096408317580338
0.99,buchwald-hartwig,bh_reaction_5,10,40,no_target__separate_matched_penalty,all,50,0.08327910166004145,0.29425834166385856,0.94,0.7973079080589209,0.02036103310252134,0.06291806855752012
0.99,buchwald-hartwig,bh_reaction_5,10,40,no_target__separate_matched_penalty,not_yet_hit,36,0.1156654189718909,0.4086917523107203,0.9166666666666666,0.7184835945262793,0.03927653008300205,0.07638888888888891
0.99,buchwald-hartwig,bh_reaction_1,5,20,best__pooled,all,50,0.3762397825909987,0.9515111833065144,0.8,0.3536342941122198,0.19924234339269623,0.17699743919830255
0.99,buchwald-hartwig,bh_reaction_1,5,20,best__pooled,not_yet_hit,46,0.40895628542491164,1.0342511992461676,0.782608695652174,0.29742866751328245,0.2353996597048555,0.17355662572005617
0.99,buchwald-hartwig,bh_reaction_1,5,40,best__pooled,all,50,0.05978631876799417,0.27048737531388733,1.0,0.7657394922225446,0.05487798550415127,0.004908333263842866
0.99,buchwald-hartwig,bh_reaction_1,5,40,best__pooled,not_yet_hit,46,0.06498512909555887,0.29400792968896455,1.0,0.7453691002418962,0.06483689511162152,0.00014823398393735645
0.99,buchwald-hartwig,bh_reaction_1,10,20,best__pooled,all,50,0.23873293612267638,0.6153497520506616,0.8,0.5507506323242517,0.06212524728676033,0.17660768883591602
0.99,buchwald-hartwig,bh_reaction_1,10,40,best__pooled,all,50,0.054339320982250756,0.21477820188969257,1.0,0.8194768891991022,0.03258859353323323,0.02175072744901752
0.99,buchwald-hartwig,bh_reaction_1,10,20,best__pooled,not_yet_hit,30,0.3978882268704606,1.0255822534174361,0.6666666666666666,0.25125172054041967,0.17256957746507276,0.22531864940538793
0.99,buchwald-hartwig,bh_reaction_1,10,40,best__pooled,not_yet_hit,30,0.09056553496975124,0.3579630031491543,1.0,0.6991288153318369,0.09052346976362387,4.2065206127400486e-05
0.99,buchwald-hartwig,bh_reaction_2,5,20,best__pooled,all,50,0.3039231356168108,0.788359614005871,0.7,0.3934096623655287,0.09399763513081907,0.20992550048599173
0.99,buchwald-hartwig,bh_reaction_2,5,40,best__pooled,all,50,0.062427270071657236,0.26804864273626655,0.98,0.7863195458509289,0.0375121183193904,0.02491515175226682
0.99,buchwald-hartwig,bh_reaction_2,10,20,best__pooled,all,50,0.25852937586200214,0.6761797658587715,0.7,0.456667234380878,0.059210834823850526,0.1993185410381516
0.99,buchwald-hartwig,bh_reaction_2,10,40,best__pooled,all,50,0.0688831993550503,0.26701748399678876,0.98,0.7889363810979659,0.03650530646794165,0.03237789288710863
0.99,buchwald-hartwig,bh_reaction_2,5,20,best__pooled,not_yet_hit,44,0.34536719956442136,0.89586306137024,0.6590909090909091,0.3106929345062826,0.12138114869467002,0.22398605086975137
0.99,buchwald-hartwig,bh_reaction_2,5,40,best__pooled,not_yet_hit,44,0.07094007962674685,0.30460059401841655,0.9772727272727273,0.7571814384669647,0.048440175408181546,0.02249990421856529
0.99,buchwald-hartwig,bh_reaction_2,10,20,best__pooled,not_yet_hit,37,0.34936402143478673,0.9137560889981642,0.5945945945945946,0.26576688429848383,0.10812766305858293,0.24123635837620377
0.99,buchwald-hartwig,bh_reaction_2,10,40,best__pooled,not_yet_hit,37,0.09308540453350041,0.36083408648197135,0.972972972972973,0.7147792447269812,0.06666400130556506,0.026421403227935326
0.99,buchwald-hartwig,bh_reaction_3,5,20,best__pooled,all,50,0.34007000875445215,0.8793925795449365,0.68,0.33341320971301674,0.1201224032014333,0.2199476055530189
0.99,buchwald-hartwig,bh_reaction_3,5,20,best__pooled,not_yet_hit,48,0.35423959245251274,0.916033895359288,0.6666666666666666,0.30563880178439246,0.13034111922145367,0.22389847323105905
0.99,buchwald-hartwig,bh_reaction_3,5,40,best__pooled,all,50,0.06950296824332731,0.29644020268698285,0.98,0.7623850270180931,0.0473562764659161,0.022146691777411208
0.99,buchwald-hartwig,bh_reaction_3,5,40,best__pooled,not_yet_hit,48,0.07239892525342428,0.308791836132253,0.9791666666666666,0.7524844448105136,0.05138482970564223,0.021014095547782066
0.99,buchwald-hartwig,bh_reaction_3,10,20,best__pooled,all,50,0.2542935926386999,0.669322188094762,0.68,0.44978531420526296,0.0529988015555695,0.2012947910831304
0.99,buchwald-hartwig,bh_reaction_3,10,40,best__pooled,all,50,0.07345142020084276,0.27799622445156724,0.98,0.78141400013115,0.03943639934391088,0.03401502085693188
0.99,buchwald-hartwig,bh_reaction_3,10,20,best__pooled,not_yet_hit,37,0.34363999005194573,0.9044890920197728,0.5675675675675675,0.2564669921692743,0.09678356801314912,0.24685642203879657
0.99,buchwald-hartwig,bh_reaction_3,10,40,best__pooled,not_yet_hit,37,0.09925867594673347,0.37567022223167185,0.972972972972973,0.7046138650420947,0.07201661080945682,0.027242065137276648
0.99,buchwald-hartwig,bh_reaction_4,5,20,best__pooled,all,50,0.33211766918726515,0.8674172569370149,0.62,0.3124621624588047,0.09457952151951463,0.2375381476677505
0.99,buchwald-hartwig,bh_reaction_4,5,20,best__pooled,not_yet_hit,49,0.3388955808033114,0.8851196295275559,0.6122448979591837,0.29843079842735176,0.09847928906497455,0.2404162917383369
0.99,buchwald-hartwig,bh_reaction_4,5,40,best__pooled,all,50,0.07285946448093314,0.3079413311933886,0.98,0.7513778538919513,0.05226808569104998,0.020591378789883163
0.99,buchwald-hartwig,bh_reaction_4,5,40,best__pooled,not_yet_hit,49,0.0743463923274624,0.31422582774834557,0.9795918367346939,0.7463039529509706,0.05442323672028794,0.019923155607174454
0.99,buchwald-hartwig,bh_reaction_4,10,20,best__pooled,all,50,0.21572132152648293,0.5825156999101369,0.62,0.46215897128947175,0.024913790344397776,0.19080753118208513
0.99,buchwald-hartwig,bh_reaction_4,10,40,best__pooled,all,50,0.07245952069308684,0.2728697322799055,0.98,0.784722809853076,0.038133180991678006,0.03432633970140884
0.99,buchwald-hartwig,bh_reaction_4,10,20,best__pooled,not_yet_hit,36,0.29961294656417076,0.80904919431944,0.4722222222222222,0.2529989601242665,0.048058838644869005,0.2515541079193018
0.99,buchwald-hartwig,bh_reaction_4,10,40,best__pooled,not_yet_hit,36,0.10063822318445392,0.37898535038856335,0.9722222222222222,0.7010042914626052,0.07355916596552839,0.02707905721892555
0.99,buchwald-hartwig,bh_reaction_5,5,20,best__pooled,all,50,0.25203978313125563,0.6870435511531418,0.5,0.35988182931704804,0.01963310175553685,0.23240668137571877
0.99,buchwald-hartwig,bh_reaction_5,5,20,best__pooled,not_yet_hit,46,0.27395628601214744,0.746786381688154,0.45652173913043476,0.3042194666489653,0.02319598220301979,0.25076030380912767
0.99,buchwald-hartwig,bh_reaction_5,5,40,best__pooled,all,50,0.08988341065727486,0.3368954453547716,0.94,0.7711757793341185,0.028501617483442265,0.06138179317383259
0.99,buchwald-hartwig,bh_reaction_5,5,40,best__pooled,not_yet_hit,46,0.0976993594099944,0.3661906145160127,0.9347826086956522,0.751278107971868,0.03367390178588533,0.06402545762410906
0.99,buchwald-hartwig,bh_reaction_5,10,20,best__pooled,all,50,0.15554425408902298,0.4502875280184942,0.5,0.4602448056822746,0.0015804754752401005,0.15396377861378285
0.99,buchwald-hartwig,bh_reaction_5,10,40,best__pooled,all,50,0.09069116404661853,0.3121228583385374,0.94,0.7825862772180046,0.02477908012008698,0.06591208392653153
0.99,buchwald-hartwig,bh_reaction_5,10,20,best__pooled,not_yet_hit,36,0.21603368623436525,0.6253989555810475,0.3055555555555556,0.2503403967809371,0.0030487137585063304,0.2129849724758589
0.99,buchwald-hartwig,bh_reaction_5,10,40,best__pooled,not_yet_hit,36,0.12595995006435903,0.4335035810255521,0.9166666666666666,0.698036885025006,0.04779898142068019,0.07816096864367886
0.99,buchwald-hartwig,bh_reaction_1,5,20,best__separate,all,50,0.315439763061344,0.8235864915024986,0.8,0.4031767054951436,0.15746872706168796,0.15797103599965603
0.99,buchwald-hartwig,bh_reaction_1,5,20,best__separate,not_yet_hit,46,0.342869307675287,0.8952026211983247,0.782608695652174,0.3512791146686343,0.18604520743143577,0.15682410024385113
0.99,buchwald-hartwig,bh_reaction_1,10,20,best__separate,all,50,0.2078982123068085,0.5384432716829248,0.8,0.5727593583742514,0.051638309206481874,0.15625990310032664
0.99,buchwald-hartwig,bh_reaction_1,10,20,best__separate,not_yet_hit,30,0.34649702051068093,0.8974047861378746,0.6666666666666666,0.2879329306237525,0.1434392428170238,0.20305777769365704
0.99,buchwald-hartwig,bh_reaction_2,5,20,best__separate,all,50,0.34355734896410306,0.899246472185504,0.7,0.3515240361903368,0.12143549735307371,0.2221218516110293
0.99,buchwald-hartwig,bh_reaction_2,10,20,best__separate,all,50,0.2949667402559454,0.7854586026152254,0.7,0.4066561953607481,0.0860505877202316,0.2089161525357138
0.99,buchwald-hartwig,bh_reaction_2,5,20,best__separate,not_yet_hit,44,0.39040607836816255,1.0218708547561866,0.6590909090909091,0.26309563203447356,0.1568122594510031,0.23359381891715936
0.99,buchwald-hartwig,bh_reaction_2,10,20,best__separate,not_yet_hit,37,0.3986037030482235,1.0614301927231018,0.5945945945945946,0.19818439913614605,0.15714104306340537,0.24146265998481822
0.99,buchwald-hartwig,bh_reaction_3,5,20,best__separate,all,50,0.3465950017978024,0.911198941932925,0.68,0.3299378115220206,0.12254353580199236,0.22405146599581013
0.99,buchwald-hartwig,bh_reaction_3,5,20,best__separate,not_yet_hit,48,0.36103646020600255,0.949165522846776,0.6666666666666666,0.3020185953354382,0.13296821592558472,0.22806824428041783
0.99,buchwald-hartwig,bh_reaction_3,10,20,best__separate,all,50,0.2493885137959075,0.6673483935348813,0.68,0.4516757512715382,0.052131962557416464,0.19725655123849098
0.99,buchwald-hartwig,bh_reaction_3,10,20,best__separate,not_yet_hit,37,0.33701150512925343,0.9018218020739881,0.5675675675675675,0.25902163685343,0.0952005913602534,0.241810913769
0.99,buchwald-hartwig,bh_reaction_4,5,20,best__separate,all,50,0.2930005123893582,0.783130535965899,0.62,0.3569112045080345,0.06921571431341328,0.22378479807594492
0.99,buchwald-hartwig,bh_reaction_4,5,20,best__separate,not_yet_hit,49,0.2989801146829982,0.7991127713937642,0.6122448979591837,0.34378696378370865,0.07206966242176369,0.2269104522612345
0.99,buchwald-hartwig,bh_reaction_4,10,20,best__separate,all,50,0.19885294890938263,0.5387136673952683,0.62,0.4796833810868427,0.019688753543220198,0.17916419536616238
0.99,buchwald-hartwig,bh_reaction_4,10,20,best__separate,not_yet_hit,36,0.2761846512626425,0.7482130380487894,0.4722222222222222,0.27733841817617044,0.03797969707945989,0.23820495418318263
0.99,buchwald-hartwig,bh_reaction_5,5,20,best__separate,all,50,0.24459030380665617,0.6767218899095906,0.5,0.36498517672743475,0.01822900250332202,0.22636130130333418
0.99,buchwald-hartwig,bh_reaction_5,5,20,best__separate,not_yet_hit,46,0.26585902587671323,0.7355671846842939,0.45652173913043476,0.3097665833993856,0.02153707573364449,0.24432195014306868
0.99,buchwald-hartwig,bh_reaction_5,10,20,best__separate,all,50,0.15103721834242015,0.4394573902920428,0.5,0.4932966918199815,4.493434055630227e-05,0.15099228400186385
0.99,buchwald-hartwig,bh_reaction_5,10,20,best__separate,not_yet_hit,36,0.20977391436408352,0.6103570976276428,0.3055555555555556,0.2962457941944188,8.667165660131435e-05,0.20968724270748218
0.99,buchwald-hartwig,bh_reaction_1,5,40,best__separate,all,50,0.09729677142991956,0.34170190982931503,1.0,0.7255231513385493,0.07533754045112083,0.02195923097879874
0.99,buchwald-hartwig,bh_reaction_1,5,40,best__separate,not_yet_hit,46,0.10575736024982559,0.371415032423125,1.0,0.7016556862375538,0.08900932955438497,0.01674803069544064
0.99,buchwald-hartwig,bh_reaction_1,10,40,best__separate,all,50,0.07491577946457428,0.2579771425428042,1.0,0.7927801514930194,0.04294006561525602,0.03197571384931827
0.99,buchwald-hartwig,bh_reaction_1,10,40,best__separate,not_yet_hit,30,0.1248596324402905,0.42996123757100696,1.0,0.6546342524883656,0.11927749955426997,0.005582132886020454
0.99,buchwald-hartwig,bh_reaction_2,5,40,best__separate,all,50,0.046882946582500196,0.20832610095009163,0.98,0.8503468412218474,0.01680994158115284,0.030073005001347356
0.99,buchwald-hartwig,bh_reaction_2,10,40,best__separate,all,50,0.041314701568288405,0.18493660859499755,0.98,0.8639614034636256,0.013464955886131497,0.02784974568215692
0.99,buchwald-hartwig,bh_reaction_2,5,40,best__separate,not_yet_hit,44,0.05327607566179568,0.23673406926139953,0.9772727272727273,0.82993972866119,0.021707012479867165,0.03156906318192851
0.99,buchwald-hartwig,bh_reaction_2,10,40,best__separate,not_yet_hit,37,0.05583067779463298,0.24991398458765887,0.972972972972973,0.8161644100859804,0.024588925394683898,0.031241752399949103
0.99,buchwald-hartwig,bh_reaction_3,5,40,best__separate,all,50,0.08234261457664914,0.3065238993383097,0.98,0.7779882999419773,0.04080872696033251,0.04153388761631662
0.99,buchwald-hartwig,bh_reaction_3,5,40,best__separate,not_yet_hit,48,0.08577355685063452,0.31929568681071835,0.9791666666666666,0.7687378541062264,0.04428028515559692,0.0414932716950376
0.99,buchwald-hartwig,bh_reaction_3,10,40,best__separate,all,50,0.09002113707335979,0.3065267920476818,0.98,0.7809360016176943,0.03962647545195063,0.05039466162140913
0.99,buchwald-hartwig,bh_reaction_3,10,40,best__separate,not_yet_hit,37,0.12165018523391861,0.4142250433075024,0.972972972972973,0.7039679211049921,0.07236371793049506,0.049286467303423585
0.99,buchwald-hartwig,bh_reaction_4,5,40,best__separate,all,50,0.10132857910831432,0.3583386609579756,0.98,0.7195026502457833,0.06785886922897072,0.033469709879343584
0.99,buchwald-hartwig,bh_reaction_4,5,40,best__separate,not_yet_hit,49,0.10339650929417785,0.3656516744469037,0.9795918367346939,0.7137782349446767,0.07065687089658176,0.032739638397596096
0.99,buchwald-hartwig,bh_reaction_4,10,40,best__separate,all,50,0.08821640654053364,0.30408372326743327,0.98,0.7648597505034153,0.04628532695345272,0.0419310795870809
0.99,buchwald-hartwig,bh_reaction_4,10,40,best__separate,not_yet_hit,36,0.12252278686146341,0.4223381156490184,0.9722222222222222,0.6734167090325213,0.08928473471256054,0.0332380521489028
0.99,buchwald-hartwig,bh_reaction_5,5,40,best__separate,all,50,0.12268370072062197,0.43691648502175445,0.94,0.776973752880139,0.026577557249985957,0.09610614347063601
0.99,buchwald-hartwig,bh_reaction_5,5,40,best__separate,not_yet_hit,46,0.13335184860928476,0.47490913589316774,0.9347826086956522,0.7575802531305859,0.031400674817808144,0.10195117379147664
0.99,buchwald-hartwig,bh_reaction_5,10,40,best__separate,all,50,0.1311508179936212,0.402655964993231,0.94,0.738932116896596,0.04042829361568421,0.09072252437793697
0.99,buchwald-hartwig,bh_reaction_5,10,40,best__separate,not_yet_hit,36,0.18215391387964053,0.5592440069348487,0.9166666666666666,0.6374061068008275,0.07798646029658193,0.10416745358305862
0.99,buchwald-hartwig,bh_reaction_1,5,20,best__separate_matched_penalty,all,50,0.31500685113930577,0.8228304469269354,0.8,0.4036278468588128,0.1571108837857807,0.157895967353525
0.99,buchwald-hartwig,bh_reaction_1,5,20,best__separate_matched_penalty,not_yet_hit,46,0.34239875123828883,0.8943808336161906,0.782608695652174,0.3517694857161009,0.1856224248183395,0.1567763264199493
0.99,buchwald-hartwig,bh_reaction_1,10,20,best__separate_matched_penalty,all,50,0.20781718334240287,0.5382550338076937,0.8,0.5727445345963881,0.05164504655581222,0.15617213678659067
0.99,buchwald-hartwig,bh_reaction_1,10,20,best__separate_matched_penalty,not_yet_hit,30,0.3463619722366715,0.8970910563458226,0.6666666666666666,0.2879082243273136,0.14345795764333305,0.2029040145933384
0.99,buchwald-hartwig,bh_reaction_2,5,20,best__separate_matched_penalty,all,50,0.34387583438777514,0.9003526843254797,0.7,0.35123876197831977,0.1216344011464151,0.22224143324135992
0.99,buchwald-hartwig,bh_reaction_2,10,20,best__separate_matched_penalty,all,50,0.29540445067970583,0.7869788797568019,0.7,0.40611261069316684,0.08636979759358615,0.20903465308611974
0.99,buchwald-hartwig,bh_reaction_2,5,20,best__separate_matched_penalty,not_yet_hit,44,0.39076799362233533,1.0231279140061587,0.6590909090909091,0.26277145679354513,0.15706910826928253,0.2336988853530528
0.99,buchwald-hartwig,bh_reaction_2,10,20,best__separate_matched_penalty,not_yet_hit,37,0.3991952036208728,1.0634846212927997,0.5945945945945946,0.19744982526103622,0.15772396780900522,0.24147123581186747
0.99,buchwald-hartwig,bh_reaction_3,5,20,best__separate_matched_penalty,all,50,0.34669148089658064,0.9117731882806801,0.68,0.33001118978855337,0.12249216727322397,0.2241993136233567
0.99,buchwald-hartwig,bh_reaction_3,5,20,best__separate_matched_penalty,not_yet_hit,48,0.36113695926722983,0.9497636961256877,0.6666666666666666,0.3020950310297431,0.13291247751098176,0.22822448175624818
0.99,buchwald-hartwig,bh_reaction_3,10,20,best__separate_matched_penalty,all,50,0.249490777716258,0.6678411730115285,0.68,0.45150903102906415,0.05220812290127715,0.1972826548149808
0.99,buchwald-hartwig,bh_reaction_3,10,20,best__separate_matched_penalty,not_yet_hit,37,0.3371496996162135,0.9024877202856735,0.5675675675675675,0.25879633922846507,0.09533967145003819,0.24181002816617542
0.99,buchwald-hartwig,bh_reaction_4,5,20,best__separate_matched_penalty,all,50,0.29275757662063,0.7826978915048529,0.62,0.3573208084812131,0.06900035765696352,0.2237572189636665
0.99,buchwald-hartwig,bh_reaction_4,5,20,best__separate_matched_penalty,not_yet_hit,49,0.29873222104143876,0.7986712974539213,0.6122448979591837,0.344204927021646,0.07184542602019602,0.22688679502124276
0.99,buchwald-hartwig,bh_reaction_4,10,20,best__separate_matched_penalty,all,50,0.19883487681643125,0.5386538625854334,0.62,0.479605294470118,0.019710673340822275,0.179124203475609
0.99,buchwald-hartwig,bh_reaction_4,10,20,best__separate_matched_penalty,not_yet_hit,36,0.27615955113354335,0.7481299758129073,0.4722222222222222,0.2772299645418306,0.038021980555296236,0.23813757057824717
0.99,buchwald-hartwig,bh_reaction_5,5,20,best__separate_matched_penalty,all,50,0.24460620975703484,0.6769147358118155,0.5,0.3651105732068626,0.018195157460581188,0.2264110522964537
0.99,buchwald-hartwig,bh_reaction_5,5,20,best__separate_matched_penalty,not_yet_hit,46,0.2658763149532118,0.7357767997954083,0.45652173913043476,0.30990288392050275,0.021497088703071005,0.24437922625014075
0.99,buchwald-hartwig,bh_reaction_5,10,20,best__separate_matched_penalty,all,50,0.15103542958208652,0.43946708964462966,0.5,0.49334480691458266,4.429159500418601e-05,0.15099113798708233
0.99,buchwald-hartwig,bh_reaction_5,10,20,best__separate_matched_penalty,not_yet_hit,36,0.20977142997473128,0.6103705689506799,0.3055555555555556,0.29631262071469827,8.54318444723344e-05,0.2096859981302589
0.99,buchwald-hartwig,bh_reaction_1,5,40,best__separate_matched_penalty,all,50,0.09786681787689565,0.342545708435858,1.0,0.7252499863940061,0.07548756997649389,0.022379247900401755
0.99,buchwald-hartwig,bh_reaction_1,5,40,best__separate_matched_penalty,not_yet_hit,46,0.1063769759530605,0.3723322048215415,1.0,0.7013587678195717,0.08918658555824442,0.01719039039481602
0.99,buchwald-hartwig,bh_reaction_1,10,40,best__separate_matched_penalty,all,50,0.0751821176893219,0.2584619286327576,1.0,0.792540863334344,0.04303929338605933,0.032142824303262554
0.99,buchwald-hartwig,bh_reaction_1,10,40,best__separate_matched_penalty,not_yet_hit,30,0.1253035294815365,0.43076921438759597,1.0,0.6542354388905733,0.11955313171919445,0.005750397762342042
0.99,buchwald-hartwig,bh_reaction_2,5,40,best__separate_matched_penalty,all,50,0.04667268012568664,0.20733183261729746,0.98,0.851545532094149,0.016500550324975282,0.030172129800711364
0.99,buchwald-hartwig,bh_reaction_2,10,40,best__separate_matched_penalty,all,50,0.040992797040617195,0.1837487810899838,0.98,0.8651922116658727,0.013180828262173762,0.027811968778443434
0.99,buchwald-hartwig,bh_reaction_2,5,40,best__separate_matched_penalty,not_yet_hit,44,0.053037136506325716,0.2356042188832244,0.9772727272727273,0.8313018773797151,0.02130748901848835,0.03172964748783738
0.99,buchwald-hartwig,bh_reaction_2,10,40,best__separate_matched_penalty,not_yet_hit,37,0.05539567167615839,0.2483088122835863,0.972972972972973,0.8178276644133416,0.02407006676806323,0.031325604908095134
0.99,buchwald-hartwig,bh_reaction_3,5,40,best__separate_matched_penalty,all,50,0.08253659851742784,0.3066229486267491,0.98,0.7784382837063238,0.040627125475252414,0.041909473042175405
0.99,buchwald-hartwig,bh_reaction_3,5,40,best__separate_matched_penalty,not_yet_hit,48,0.08597562345561233,0.3193988631528428,0.9791666666666666,0.7692065871940873,0.04408323497213186,0.041892388483480474
0.99,buchwald-hartwig,bh_reaction_3,10,40,best__separate_matched_penalty,all,50,0.09031995497391314,0.3070243589222394,0.98,0.7810251387302114,0.039590995417331624,0.0507289595565815
0.99,buchwald-hartwig,bh_reaction_3,10,40,best__separate_matched_penalty,not_yet_hit,37,0.12205399320763938,0.4148974309758234,0.972972972972973,0.7040883766624477,0.07229892613307416,0.04975506707456526
0.99,buchwald-hartwig,bh_reaction_4,5,40,best__separate_matched_penalty,all,50,0.10172798179072308,0.3588132213834481,0.98,0.719389709539314,0.0679177234940031,0.03381025829671997
0.99,buchwald-hartwig,bh_reaction_4,5,40,best__separate_matched_penalty,not_yet_hit,49,0.10380406305173782,0.36613591977901855,0.9795918367346939,0.7136629893258306,0.07071815188420646,0.03308591116753137
0.99,buchwald-hartwig,bh_reaction_4,10,40,best__separate_matched_penalty,all,50,0.08838775082774811,0.3043553735828638,0.98,0.7647497626340667,0.04633266468609061,0.042055086141657504
0.99,buchwald-hartwig,bh_reaction_4,10,40,best__separate_matched_penalty,not_yet_hit,36,0.12276076503815014,0.4227154077537831,0.9722222222222222,0.6732639481028706,0.08937604966442145,0.033384715373728696
0.99,buchwald-hartwig,bh_reaction_5,5,40,best__separate_matched_penalty,all,50,0.12312703548624584,0.4387938110759184,0.94,0.7772597515155247,0.026484388476788738,0.09664264700945711
0.99,buchwald-hartwig,bh_reaction_5,5,40,best__separate_matched_penalty,not_yet_hit,46,0.1338337342240933,0.47694970769117206,0.9347826086956522,0.757891121212527,0.03129059834399266,0.10254313588010068
0.99,buchwald-hartwig,bh_reaction_5,10,40,best__separate_matched_penalty,all,50,0.1318284690332612,0.40417078201972473,0.94,0.7383996430076681,0.0406427039394357,0.09118576509382552
0.99,buchwald-hartwig,bh_reaction_5,10,40,best__separate_matched_penalty,not_yet_hit,36,0.18309509587914052,0.5613479194716455,0.9166666666666666,0.6366665597328722,0.0784000598829363,0.10469503599620422
0.99,buchwald-hartwig,bh_reaction_1,5,20,pilot_summary__pooled,all,50,0.16601969734100624,0.5147465966556183,0.8,0.8780066145541735,0.006085031914203404,0.15993466542680285
0.99,buchwald-hartwig,bh_reaction_1,5,20,pilot_summary__pooled,not_yet_hit,46,0.18045619276187638,0.5595070833212806,0.782608695652174,0.8673985810371453,0.00718932466359657,0.17326686809827974
0.99,buchwald-hartwig,bh_reaction_1,5,40,pilot_summary__pooled,all,50,5.019721774808731e-05,0.006198436458293111,1.0,0.9938268334143281,3.810798569445703e-05,1.2089232053630276e-05
0.99,buchwald-hartwig,bh_reaction_1,5,40,pilot_summary__pooled,not_yet_hit,46,5.4562193117486206e-05,0.006737343976362073,1.0,0.9932901232764435,4.502244564532526e-05,9.53974747216095e-06
0.99,buchwald-hartwig,bh_reaction_1,10,20,pilot_summary__pooled,all,50,0.1459078075422665,0.40944177755019473,0.8,0.8288781142703934,0.0008339454838138949,0.1450738620584526
0.99,buchwald-hartwig,bh_reaction_1,10,40,pilot_summary__pooled,all,50,0.00024689964690230117,0.0109256705015973,1.0,0.9892002819364337,0.00011663391025252019,0.00013026573664978106
0.99,buchwald-hartwig,bh_reaction_1,10,20,pilot_summary__pooled,not_yet_hit,30,0.24317967923644415,0.6824022959166581,0.6666666666666666,0.7147975237839888,0.002316579406848087,0.2408630998295961
0.99,buchwald-hartwig,bh_reaction_1,10,40,pilot_summary__pooled,not_yet_hit,30,0.0004114994108371687,0.018208784168995476,1.0,0.9820011365607227,0.0003239590851057474,8.754032573142127e-05
0.99,buchwald-hartwig,bh_reaction_2,5,20,pilot_summary__pooled,all,50,0.24452844114758332,0.7229792469489641,0.7,0.8623030024890714,0.026342264616967533,0.21818617653061573
0.99,buchwald-hartwig,bh_reaction_2,5,40,pilot_summary__pooled,all,50,0.019992125130348058,0.12146588348722531,0.98,0.9922711774505116,0.00015058179602194373,0.01984154333432612
0.99,buchwald-hartwig,bh_reaction_2,10,20,pilot_summary__pooled,all,50,0.19916670446445991,0.551713849812195,0.7,0.8090657185100093,0.011895330954104619,0.1872713735103553
0.99,buchwald-hartwig,bh_reaction_2,10,40,pilot_summary__pooled,all,50,0.01987203664868253,0.10753067221670393,0.98,0.9887167882765096,7.59823978574942e-05,0.01979605425082503
0.99,buchwald-hartwig,bh_reaction_2,5,20,pilot_summary__pooled,not_yet_hit,44,0.27787322857666286,0.8215671897146636,0.6590909090909091,0.843526275555763,0.034016404403024975,0.24385682417363788
0.99,buchwald-hartwig,bh_reaction_2,5,40,pilot_summary__pooled,not_yet_hit,44,0.022718324011622795,0.1380292766899606,0.9772727272727273,0.9912173834664905,0.00019445343636225715,0.02252387057526054
0.99,buchwald-hartwig,bh_reaction_2,10,20,pilot_summary__pooled,not_yet_hit,37,0.2691441952218918,0.7455589051514391,0.5945945945945946,0.7419810520405532,0.021722767838469405,0.24742142738342243
0.99,buchwald-hartwig,bh_reaction_2,10,40,pilot_summary__pooled,not_yet_hit,37,0.026854103578949365,0.14531136786023505,0.972972972972973,0.9847527679412291,0.00013876356949415284,0.02671534000945522
0.99,buchwald-hartwig,bh_reaction_3,5,20,pilot_summary__pooled,all,50,0.2655548760345365,0.7747041032996469,0.68,0.8253963054698227,0.02114008564427398,0.24441479039026248
0.99,buchwald-hartwig,bh_reaction_3,5,20,pilot_summary__pooled,not_yet_hit,48,0.27661966253593384,0.8069833992704448,0.6666666666666666,0.8181211931977318,0.02293847360674915,0.2536811889291847
0.99,buchwald-hartwig,bh_reaction_3,5,40,pilot_summary__pooled,all,50,0.019958188416859184,0.1153209496861236,0.98,0.9900580223518722,0.00010116381363076043,0.019857024603228426
0.99,buchwald-hartwig,bh_reaction_3,5,40,pilot_summary__pooled,not_yet_hit,48,0.020789779600853316,0.12012594758969125,0.9791666666666666,0.9896438149498668,0.00010977063614816472,0.020680008964705152
0.99,buchwald-hartwig,bh_reaction_3,10,20,pilot_summary__pooled,all,50,0.22088220744986736,0.6001314119170419,0.68,0.7605088779181993,0.006481679423647517,0.21440052802621978
0.99,buchwald-hartwig,bh_reaction_3,10,40,pilot_summary__pooled,all,50,0.019857024425796038,0.10139126092836845,0.98,0.9841296615756441,1.7054104729350205e-05,0.01983997032106669
0.99,buchwald-hartwig,bh_reaction_3,10,20,pilot_summary__pooled,not_yet_hit,37,0.2984894695264964,0.8109880431309622,0.5675675675675675,0.6763636998894585,0.011836598408202404,0.2866528711182939
0.99,buchwald-hartwig,bh_reaction_3,10,40,pilot_summary__pooled,not_yet_hit,37,0.026833816791264918,0.13701486611924113,0.972972972972973,0.9785539480751947,3.114728309161724e-05,0.0268026695081733
0.99,buchwald-hartwig,bh_reaction_4,5,20,pilot_summary__pooled,all,50,0.2583626153111604,0.7294995430831893,0.62,0.7905609963873593,0.029091053488648766,0.22927156182251163
0.99,buchwald-hartwig,bh_reaction_4,5,20,pilot_summary__pooled,not_yet_hit,49,0.26363532174606163,0.7443872684522238,0.6122448979591837,0.7862867514156727,0.030290566754570005,0.23334475499149163
0.99,buchwald-hartwig,bh_reaction_4,5,40,pilot_summary__pooled,all,50,0.019652989112104145,0.0980920586924214,0.98,0.9880373114266346,6.45983749687119e-05,0.01958839073713543
0.99,buchwald-hartwig,bh_reaction_4,5,40,pilot_summary__pooled,not_yet_hit,49,0.02005407052253484,0.10009391703307285,0.9795918367346939,0.9877931953333006,6.726228286294146e-05,0.019986808239671895
0.99,buchwald-hartwig,bh_reaction_4,10,20,pilot_summary__pooled,all,50,0.19318531244283763,0.5273170111402263,0.62,0.717389527761908,0.009484720117687457,0.18370059232515018
0.99,buchwald-hartwig,bh_reaction_4,10,40,pilot_summary__pooled,all,50,0.018597589662474,0.07884930450252045,0.98,0.9790530617716228,8.966920083625473e-07,0.01859669297046564
0.99,buchwald-hartwig,bh_reaction_4,10,20,pilot_summary__pooled,not_yet_hit,36,0.26831293394799666,0.7323843488056755,0.4722222222222222,0.6074858441137612,0.018296247407217216,0.2500166865407796
0.99,buchwald-hartwig,bh_reaction_4,10,40,pilot_summary__pooled,not_yet_hit,36,0.025829985641936115,0.10951253403108392,0.9722222222222222,0.9709074191272536,1.7287071785390448e-06,0.025828256934757578
0.99,buchwald-hartwig,bh_reaction_5,5,20,pilot_summary__pooled,all,50,0.35290431201318634,0.983892347044405,0.5,0.8468285912958057,0.12029007174023305,0.2326142402729534
0.99,buchwald-hartwig,bh_reaction_5,5,20,pilot_summary__pooled,not_yet_hit,46,0.38359164349250696,1.0694481163525706,0.45652173913043476,0.8335094253215282,0.14211971553971406,0.24147192795279282
0.99,buchwald-hartwig,bh_reaction_5,5,40,pilot_summary__pooled,all,50,0.05921748929190586,0.3011028832814096,0.94,0.9914453132268949,0.0026466202530133114,0.056570869038892545
0.99,buchwald-hartwig,bh_reaction_5,5,40,pilot_summary__pooled,not_yet_hit,46,0.06436683618676724,0.32728565574061913,0.9347826086956522,0.9907015143770598,0.003126924012606129,0.061239912174161096
0.99,buchwald-hartwig,bh_reaction_5,10,20,pilot_summary__pooled,all,50,0.2721696106137886,0.7140414948797924,0.5,0.79542020162451,0.0872730955278661,0.1848965150859225
0.99,buchwald-hartwig,bh_reaction_5,10,40,pilot_summary__pooled,all,50,0.05883562069871966,0.2768392067064713,0.94,0.9869201506200023,0.0022015005342037076,0.05663412016451596
0.99,buchwald-hartwig,bh_reaction_5,10,20,pilot_summary__pooled,not_yet_hit,36,0.3780133480743175,0.9917239095550726,0.3055555555555556,0.7158617800340416,0.1683511978457898,0.20966215022852774
0.99,buchwald-hartwig,bh_reaction_5,10,40,pilot_summary__pooled,not_yet_hit,36,0.08171613985894395,0.38449850931434904,0.9166666666666666,0.9818339314166697,0.004246772394997022,0.07746936746394692
0.99,buchwald-hartwig,bh_reaction_1,5,20,pilot_summary__separate,all,50,0.16121013109107435,0.49120495135862535,0.8,0.7974340870604562,6.5839092133192485e-06,0.161203547181861
0.99,buchwald-hartwig,bh_reaction_1,5,20,pilot_summary__separate,not_yet_hit,46,0.17522840335977644,0.5339183384332449,0.782608695652174,0.7798197468048434,7.778235673025636e-06,0.17522062512410344
0.99,buchwald-hartwig,bh_reaction_1,10,20,pilot_summary__separate,all,50,0.12394712531522671,0.35772829160999386,0.8,0.822891011126405,0.0005239983903891983,0.12342312692483752
0.99,buchwald-hartwig,bh_reaction_1,10,20,pilot_summary__separate,not_yet_hit,30,0.2065785421913779,0.59621315268299,0.6666666666666666,0.7048190185440084,0.0014556019537725015,0.20512294023760533
0.99,buchwald-hartwig,bh_reaction_2,5,20,pilot_summary__separate,all,50,0.22983001487428503,0.6483263609875141,0.7,0.7548954959106732,0.0030135154712787214,0.22681649940300638
0.99,buchwald-hartwig,bh_reaction_2,10,20,pilot_summary__separate,all,50,0.1890940121708303,0.5215207966811047,0.7,0.7031862459671556,1.0152163363214893e-05,0.1890838600074671
0.99,buchwald-hartwig,bh_reaction_2,5,20,pilot_summary__separate,not_yet_hit,44,0.2611704714479148,0.7367343647584704,0.6590909090909091,0.721472290807583,0.0038914367848813785,0.2572790346630334
0.99,buchwald-hartwig,bh_reaction_2,10,20,pilot_summary__separate,not_yet_hit,37,0.25553244887914905,0.7047574820013172,0.5945945945945946,0.5989006837393995,1.8542403723005645e-05,0.25551390647542604
0.99,buchwald-hartwig,bh_reaction_3,5,20,pilot_summary__separate,all,50,0.2406779224425983,0.6939036967516025,0.68,0.7664073640283341,0.007466232558325017,0.23321168988427327
0.99,buchwald-hartwig,bh_reaction_3,5,20,pilot_summary__separate,not_yet_hit,48,0.25070616921099825,0.7228163091162317,0.6666666666666666,0.7566743791961811,0.008101388314795725,0.2426047808962025
0.99,buchwald-hartwig,bh_reaction_3,10,20,pilot_summary__separate,all,50,0.21842365218278634,0.5924840603305114,0.68,0.7608338704813613,0.006534114616997462,0.21188953756578882
0.99,buchwald-hartwig,bh_reaction_3,10,20,pilot_summary__separate,not_yet_hit,37,0.29516709754395454,0.800653784230245,0.5675675675675675,0.6768028790288664,0.011932353270046958,0.2832347442739076
0.99,buchwald-hartwig,bh_reaction_4,5,20,pilot_summary__separate,all,50,0.2592746977535899,0.7397078605057835,0.62,0.796731440904951,0.031234002204340205,0.2280406955492497
0.99,buchwald-hartwig,bh_reaction_4,5,20,pilot_summary__separate,not_yet_hit,49,0.2645660181158876,0.7548039188834424,0.6122448979591837,0.7925831233723991,0.03252187554518768,0.2320441425707
0.99,buchwald-hartwig,bh_reaction_4,10,20,pilot_summary__separate,all,50,0.20555123411883966,0.5598235635433605,0.62,0.7815689624636627,0.026104529631584456,0.17944670448725517
0.99,buchwald-hartwig,bh_reaction_4,10,20,pilot_summary__separate,not_yet_hit,36,0.2854878251646662,0.7775323382544728,0.4722222222222222,0.6966239478661982,0.05035613447199427,0.23513169069267192
0.99,buchwald-hartwig,bh_reaction_5,5,20,pilot_summary__separate,all,50,0.3010427965036013,0.8282268037502034,0.5,0.7591076718352266,0.06713678560387144,0.23390601089972982
0.99,buchwald-hartwig,bh_reaction_5,5,20,pilot_summary__separate,not_yet_hit,46,0.3272204309820883,0.9002464388588729,0.45652173913043476,0.7381605998208984,0.07932044785102241,0.24789998313106595
0.99,buchwald-hartwig,bh_reaction_5,10,20,pilot_summary__separate,all,50,0.2674116408140787,0.6962494355501815,0.5,0.7824016109463606,0.07975066986509957,0.18766097094897913
0.99,buchwald-hartwig,bh_reaction_5,10,20,pilot_summary__separate,not_yet_hit,36,0.37140505668583146,0.9670127160417241,0.3055555555555556,0.6977804040921672,0.15384033180956808,0.2175647248762634
0.99,buchwald-hartwig,bh_reaction_1,5,40,pilot_summary__separate,all,50,3.3948803531307566e-05,0.004049391285319626,1.0,0.9959677567820008,1.6258985369100997e-05,1.7689818162206576e-05
0.99,buchwald-hartwig,bh_reaction_1,5,40,pilot_summary__separate,not_yet_hit,46,3.690087331663866e-05,0.004401425310086547,1.0,0.9956172138934793,1.9208814055512876e-05,1.7692059261125788e-05
0.99,buchwald-hartwig,bh_reaction_1,10,40,pilot_summary__separate,all,50,0.0003618877309479219,0.011454139794611377,1.0,0.9887330451455191,0.00012694427169291267,0.00023494345925500915
0.99,buchwald-hartwig,bh_reaction_1,10,40,pilot_summary__separate,not_yet_hit,30,0.0006031462175798699,0.019089566324018942,1.0,0.9812224085758651,0.00035259793969174663,0.0002505482778881229
0.99,buchwald-hartwig,bh_reaction_2,5,40,pilot_summary__separate,all,50,0.0200081669447326,0.14762196169150218,0.98,0.9963779631452989,0.00026823767678877086,0.01973992926794383
0.99,buchwald-hartwig,bh_reaction_2,10,40,pilot_summary__separate,all,50,0.01995649413003803,0.12425588781279907,0.98,0.9943659459704112,0.00020638040362477806,0.019750113726413252
0.99,buchwald-hartwig,bh_reaction_2,5,40,pilot_summary__separate,not_yet_hit,44,0.022736553346150677,0.1677520928311843,0.9772727272727273,0.9958841853923851,0.0003463863733397802,0.0223901669728109
0.99,buchwald-hartwig,bh_reaction_2,10,40,pilot_summary__separate,not_yet_hit,37,0.026968235310510853,0.16791301055766092,0.972972972972973,0.9923867648248801,0.0003768953140691799,0.026591339996441664
0.99,buchwald-hartwig,bh_reaction_3,5,40,pilot_summary__separate,all,50,0.02013028071075653,0.13594878660283638,0.98,0.992530322782209,0.00015700898902634518,0.01997327172173018
0.99,buchwald-hartwig,bh_reaction_3,5,40,pilot_summary__separate,not_yet_hit,48,0.020969042406996378,0.14161327771126705,0.9791666666666666,0.9922191278981343,0.00017036674419896678,0.020798675662797413
0.99,buchwald-hartwig,bh_reaction_3,10,40,pilot_summary__separate,all,50,0.020151303194324316,0.11367505334300765,0.98,0.9855453659999758,3.075108407368588e-05,0.020120552110250635
0.99,buchwald-hartwig,bh_reaction_3,10,40,pilot_summary__separate,not_yet_hit,37,0.027231490802789617,0.15361458559848326,0.972972972972973,0.9804670621621291,5.616137277502912e-05,0.027175329430014585
0.99,buchwald-hartwig,bh_reaction_4,5,40,pilot_summary__separate,all,50,0.019730373887290743,0.0993560702356343,0.98,0.9899393737085422,9.879114971806104e-05,0.01963158273757269
0.99,buchwald-hartwig,bh_reaction_4,5,40,pilot_summary__separate,not_yet_hit,49,0.0201330345788477,0.10138372473022884,0.9795918367346939,0.9897340752127982,0.00010286500134674032,0.02003016957750096
0.99,buchwald-hartwig,bh_reaction_4,10,40,pilot_summary__separate,all,50,0.01888319896028931,0.08073410501830121,0.98,0.9766589494975766,1.1162618459744613e-05,0.018872036341829573
0.99,buchwald-hartwig,bh_reaction_4,10,40,pilot_summary__separate,not_yet_hit,36,0.026226665222235157,0.11213031252522389,0.9722222222222222,0.9675822631910784,2.1529219810692905e-05,0.02620513600242446
0.99,buchwald-hartwig,bh_reaction_5,5,40,pilot_summary__separate,all,50,0.060026841425389214,0.40133091322004355,0.94,0.9944173513258546,0.0029612481253215124,0.057065593300067705
0.99,buchwald-hartwig,bh_reaction_5,5,40,pilot_summary__separate,not_yet_hit,46,0.06524656676664044,0.4362291665434821,0.9347826086956522,0.9939319905715815,0.003498649376304493,0.061747917390335964
0.99,buchwald-hartwig,bh_reaction_5,10,40,pilot_summary__separate,all,50,0.059881553318427753,0.3332425001339395,0.94,0.9870017447798614,0.0022091640123512203,0.05767238930607654
0.99,buchwald-hartwig,bh_reaction_5,10,40,pilot_summary__separate,not_yet_hit,36,0.083168824052983,0.4628364168524993,0.9166666666666666,0.9819472566386962,0.004261555427096253,0.07890726862588676
0.99,buchwald-hartwig,bh_reaction_1,5,20,pilot_summary__separate_matched_penalty,all,50,0.16141316416725485,0.4917121200655253,0.8,0.7978758163699768,4.512156094058896e-06,0.1614086520111608
0.99,buchwald-hartwig,bh_reaction_1,5,20,pilot_summary__separate_matched_penalty,not_yet_hit,46,0.1754490914860596,0.5344696087668319,0.782608695652174,0.7802998873586703,5.330595736150798e-06,0.17544376089032346
0.99,buchwald-hartwig,bh_reaction_1,10,20,pilot_summary__separate_matched_penalty,all,50,0.12400890080913911,0.3578448686274467,0.8,0.8231574246946483,0.0005362663184882978,0.12347263449065082
0.99,buchwald-hartwig,bh_reaction_1,10,20,pilot_summary__separate_matched_penalty,not_yet_hit,30,0.20668150134789848,0.596407447712078,0.6666666666666666,0.7052630411577466,0.001489680123855707,0.2051918212240428
0.99,buchwald-hartwig,bh_reaction_2,5,20,pilot_summary__separate_matched_penalty,all,50,0.23006800658815474,0.649240050341021,0.7,0.755491679086791,0.00307932644787141,0.22698868014028334
0.99,buchwald-hartwig,bh_reaction_2,10,20,pilot_summary__separate_matched_penalty,all,50,0.18918334175683416,0.5217317681057202,0.7,0.7033278534687155,1.1074608709242483e-05,0.18917226714812496
0.99,buchwald-hartwig,bh_reaction_2,5,20,pilot_summary__separate_matched_penalty,not_yet_hit,44,0.2614409165773122,0.7377726481147282,0.6590909090909091,0.7221497716895352,0.003976420152232427,0.2574644964250798
0.99,buchwald-hartwig,bh_reaction_2,10,20,pilot_summary__separate_matched_penalty,not_yet_hit,37,0.2556531645359111,0.705042578521068,0.5945945945945946,0.599092045227994,2.0227062199865428e-05,0.25563293747371124
0.99,buchwald-hartwig,bh_reaction_3,5,20,pilot_summary__separate_matched_penalty,all,50,0.24096204725273043,0.6950945847138931,0.68,0.7673704800806865,0.00763360078952962,0.23332844646320083
0.99,buchwald-hartwig,bh_reaction_3,5,20,pilot_summary__separate_matched_penalty,not_yet_hit,48,0.2510021325548859,0.7240568174102844,0.6666666666666666,0.7576776250840483,0.00828299455205037,0.24271913800283554
0.99,buchwald-hartwig,bh_reaction_3,10,20,pilot_summary__separate_matched_penalty,all,50,0.21885436777932696,0.5936038103276698,0.68,0.7618463141069634,0.006698819132895688,0.21215554864643132
0.99,buchwald-hartwig,bh_reaction_3,10,20,pilot_summary__separate_matched_penalty,not_yet_hit,37,0.29574914564738775,0.8021669599020809,0.5675675675675675,0.6781710460904908,0.012233129461370756,0.283516016186017
0.99,buchwald-hartwig,bh_reaction_4,5,20,pilot_summary__separate_matched_penalty,all,50,0.259640210774383,0.7412963599993277,0.62,0.7981687132986763,0.031744090398505974,0.22789612037587703
0.99,buchwald-hartwig,bh_reaction_4,5,20,pilot_summary__separate_matched_penalty,not_yet_hit,49,0.26493899058608467,0.7564248367339976,0.6122448979591837,0.7940497278557923,0.03305299617373482,0.2318859944123498
0.99,buchwald-hartwig,bh_reaction_4,10,20,pilot_summary__separate_matched_penalty,all,50,0.2062096216827604,0.5615157337089479,0.62,0.7829174472080866,0.02654209460479971,0.17966752707796071
0.99,buchwald-hartwig,bh_reaction_4,10,20,pilot_summary__separate_matched_penalty,not_yet_hit,36,0.28640225233677835,0.7798825745955665,0.4722222222222222,0.6984968433445649,0.05120020416405971,0.23520204817271864
0.99,buchwald-hartwig,bh_reaction_5,5,20,pilot_summary__separate_matched_penalty,all,50,0.3016936651899928,0.8306493607908964,0.5,0.7599144172927721,0.06755550431664135,0.23413816087335138
0.99,buchwald-hartwig,bh_reaction_5,5,20,pilot_summary__separate_matched_penalty,not_yet_hit,46,0.3279278969455574,0.9028796530335395,0.45652173913043476,0.7390374970573611,0.07981515347702564,0.24811274346853168
0.99,buchwald-hartwig,bh_reaction_5,10,20,pilot_summary__separate_matched_penalty,all,50,0.2681590143800672,0.698220595429476,0.5,0.7832322994580371,0.08022053545628716,0.18793847892378004
0.99,buchwald-hartwig,bh_reaction_5,10,20,pilot_summary__separate_matched_penalty,not_yet_hit,36,0.37244307552748224,0.9697504380963,0.3055555555555556,0.6989341381361626,0.15474670923312742,0.21769636629435482
0.99,buchwald-hartwig,bh_reaction_1,5,40,pilot_summary__separate_matched_penalty,all,50,3.1259418837564776e-05,0.0038698824380487217,1.0,0.9961459010757191,1.4854078518143224e-05,1.640534031942155e-05
0.99,buchwald-hartwig,bh_reaction_1,5,40,pilot_summary__separate_matched_penalty,not_yet_hit,46,3.397762908430954e-05,0.004206306997835566,1.0,0.9958108489953468,1.754898613978653e-05,1.6428642944523003e-05
0.99,buchwald-hartwig,bh_reaction_1,10,40,pilot_summary__separate_matched_penalty,all,50,0.00034002842284861585,0.011059266469602168,1.0,0.9891164502046041,0.00011845165614886221,0.00022157676669975365
0.99,buchwald-hartwig,bh_reaction_1,10,40,pilot_summary__separate_matched_penalty,not_yet_hit,30,0.0005667140374143598,0.018431444115670256,1.0,0.9818614170076735,0.00032900819296951574,0.0002377058444448441
0.99,buchwald-hartwig,bh_reaction_2,5,40,pilot_summary__separate_matched_penalty,all,50,0.020007114564584517,0.1488762938222335,0.98,0.9965458049132431,0.0002737636602271,0.01973335090435742
0.99,buchwald-hartwig,bh_reaction_2,10,40,pilot_summary__separate_matched_penalty,all,50,0.0199572019616152,0.12513810975529083,0.98,0.9946144237088865,0.00021358138034286556,0.01974362058127234
0.99,buchwald-hartwig,bh_reaction_2,5,40,pilot_summary__separate_matched_penalty,not_yet_hit,44,0.022735357459618775,0.16917747025246985,0.9772727272727273,0.9960749146741397,0.00035352225107784,0.022381835208540937
0.99,buchwald-hartwig,bh_reaction_2,10,40,pilot_summary__separate_matched_penalty,not_yet_hit,37,0.026969191839669195,0.16910520237183896,0.972972972972973,0.9927225455525494,0.0003900456170759577,0.026579146222593237
0.99,buchwald-hartwig,bh_reaction_3,5,40,pilot_summary__separate_matched_penalty,all,50,0.020121250763472945,0.1369423564178972,0.98,0.9928388541615167,0.00016483617618069836,0.019956414587292245
0.99,buchwald-hartwig,bh_reaction_3,5,40,pilot_summary__separate_matched_penalty,not_yet_hit,48,0.020959636211909317,0.14264824626862205,0.9791666666666666,0.99254051475158,0.0001788598125983413,0.020780776399310974
0.99,buchwald-hartwig,bh_reaction_3,10,40,pilot_summary__separate_matched_penalty,all,50,0.020136899628301945,0.11416166311061332,0.98,0.9860738163231485,3.689124472734462e-05,0.0201000083835746
0.99,buchwald-hartwig,bh_reaction_3,10,40,pilot_summary__separate_matched_penalty,not_yet_hit,37,0.027212026524381,0.154272166365518,0.972972972972973,0.9811811842204708,6.737473188355141e-05,0.02714465179249744
0.99,buchwald-hartwig,bh_reaction_4,5,40,pilot_summary__separate_matched_penalty,all,50,0.019734417061552764,0.09974761579655665,0.98,0.99036624813703,0.00010745910043847935,0.019626957961114286
0.99,buchwald-hartwig,bh_reaction_4,5,40,pilot_summary__separate_matched_penalty,not_yet_hit,49,0.020137160266870166,0.10178326101688435,0.9795918367346939,0.9901696613643164,0.00011189037389504877,0.020025269892975116
0.99,buchwald-hartwig,bh_reaction_4,10,40,pilot_summary__separate_matched_penalty,all,50,0.01887354368391211,0.0804748335280227,0.98,0.9774410092385487,6.548433717193267e-06,0.018866995250194925
0.99,buchwald-hartwig,bh_reaction_4,10,40,pilot_summary__separate_matched_penalty,not_yet_hit,36,0.026213255116155708,0.1117702132331704,0.9722222222222222,0.9686684572757621,1.2629245294689068e-05,0.026200625870861027
0.99,buchwald-hartwig,bh_reaction_5,5,40,pilot_summary__separate_matched_penalty,all,50,0.060030761094357,0.4049327490722174,0.94,0.9946183472365672,0.0029831638548542135,0.05704759723950279
0.99,buchwald-hartwig,bh_reaction_5,5,40,pilot_summary__separate_matched_penalty,not_yet_hit,46,0.06525082727638805,0.4401442055132362,0.9347826086956522,0.9941504643875728,0.003524542289456725,0.06172628498693133
0.99,buchwald-hartwig,bh_reaction_5,10,40,pilot_summary__separate_matched_penalty,all,50,0.05988643876842811,0.3359838618328294,0.94,0.987434989206394,0.00225007820101071,0.0576363605674174
0.99,buchwald-hartwig,bh_reaction_5,10,40,pilot_summary__separate_matched_penalty,not_yet_hit,36,0.08317560940020573,0.4666438636565131,0.9166666666666666,0.9825489850088803,0.004340479870144802,0.07883512953006093
0.99,c2-yield,c2_yield_data,5,20,no_target__pooled,all,50,0.22461494948833544,0.630782020141842,0.18,0.5157648168394021,0.11273801222719722,0.11187693726113812
0.99,c2-yield,c2_yield_data,5,20,no_target__pooled,not_yet_hit,47,0.23895207392369722,0.6710446384487363,0.1276595744680851,0.48485625195681065,0.12758946640898475,0.11136260751471252
0.99,c2-yield,c2_yield_data,5,40,no_target__pooled,all,50,0.697932561280778,3.004491986181125,0.28,0.9854477464349446,0.497656522950142,0.20027603833063626
0.99,c2-yield,c2_yield_data,5,40,no_target__pooled,not_yet_hit,47,0.7424814481709765,3.196268006575633,0.23404255319148937,0.9845189430158987,0.5632148116838788,0.17926663648709823
0.99,c2-yield,c2_yield_data,10,20,no_target__pooled,all,50,0.15610302947118207,0.4840373091301904,0.18,0.45366525499396665,0.07489267179091286,0.08121035768026917
0.99,c2-yield,c2_yield_data,10,20,no_target__pooled,not_yet_hit,45,0.17344781052342448,0.5378191212557115,0.08888888888888889,0.3929615055488518,0.09246015620243687,0.08098765432098763
0.99,c2-yield,c2_yield_data,10,40,no_target__pooled,all,50,0.6882632320795831,2.7406840860987485,0.28,0.9798833966417873,0.4898367688948453,0.1984264631847377
0.99,c2-yield,c2_yield_data,10,40,no_target__pooled,not_yet_hit,45,0.7647369245327588,3.0452044289985527,0.2,0.9776483296019857,0.6047369245327586,0.16
0.99,c2-yield,c2_yield_data,5,20,no_target__separate,all,50,0.22498599802288402,0.6315247740180727,0.18,0.5162838054194617,0.1130867977873944,0.11189920023548967
0.99,c2-yield,c2_yield_data,5,20,no_target__separate,not_yet_hit,47,0.23934680640725964,0.671834802146854,0.1276595744680851,0.4854083674675126,0.12798419889254706,0.11136260751471252
0.99,c2-yield,c2_yield_data,10,20,no_target__separate,all,50,0.1543065990949845,0.4802662486950839,0.18,0.45069518844329015,0.07327588504634837,0.08103071404863617
0.99,c2-yield,c2_yield_data,10,20,no_target__separate,not_yet_hit,45,0.1714517767720939,0.5336290541055932,0.08888888888888889,0.3896614316036558,0.09046412245110627,0.08098765432098766
0.99,c2-yield,c2_yield_data,5,40,no_target__separate,all,50,0.6970207325628829,2.9751772162897665,0.28,0.9848399846974146,0.4967994040282516,0.20022132853463112
0.99,c2-yield,c2_yield_data,5,40,no_target__separate,not_yet_hit,47,0.7415114176200243,3.1650820811592926,0.23404255319148937,0.9838723879759728,0.5622447811329256,0.17926663648709817
0.99,c2-yield,c2_yield_data,10,40,no_target__separate,all,50,0.6930499602022424,2.8593260939141114,0.28,0.9829543538459998,0.4941448235910471,0.198905136611195
0.99,c2-yield,c2_yield_data,10,40,no_target__separate,not_yet_hit,45,0.7700555113357138,3.177028882126734,0.2,0.9810605042733329,0.610055511335713,0.16
0.99,c2-yield,c2_yield_data,5,20,no_target__separate_matched_penalty,all,50,0.22505485377703466,0.6316626020878618,0.18,0.5163800264355026,0.11315152218474946,0.11190333159228524
0.99,c2-yield,c2_yield_data,5,20,no_target__separate_matched_penalty,not_yet_hit,47,0.23942005720954745,0.6719814277530126,0.1276595744680851,0.4855107302505348,0.12805744969483507,0.11136260751471252
0.99,c2-yield,c2_yield_data,10,20,no_target__separate_matched_penalty,all,50,0.15424083033473196,0.4801279697957538,0.18,0.45058583330247,0.07321669318399211,0.08102413715073986
0.99,c2-yield,c2_yield_data,10,20,no_target__separate_matched_penalty,not_yet_hit,45,0.1713787003718133,0.5334754108841154,0.08888888888888889,0.38953992589163333,0.0903910460508256,0.08098765432098763
0.99,c2-yield,c2_yield_data,5,40,no_target__separate_matched_penalty,all,50,0.6970793895431991,2.977027901369931,0.28,0.9848790971401092,0.49685454158505554,0.2002248479581436
0.99,c2-yield,c2_yield_data,5,40,no_target__separate_matched_penalty,not_yet_hit,47,0.7415738186629138,3.1670508950743628,0.23404255319148937,0.9839139969575628,0.5623071821758153,0.17926663648709817
0.99,c2-yield,c2_yield_data,10,40,no_target__separate_matched_penalty,all,50,0.6929805241297986,2.8574599882947065,0.28,0.9829099025726827,0.49408233113473815,0.19889819299506037
0.99,c2-yield,c2_yield_data,10,40,no_target__separate_matched_penalty,not_yet_hit,45,0.7699783601441096,3.1749554314385073,0.2,0.9810111139696476,0.6099783601441098,0.16000000000000003
0.99,c2-yield,c2_yield_data,5,20,best__pooled,all,50,0.3630562104586441,0.9252217790267706,0.18,0.6726698727072588,0.24272360347338656,0.12033260698525751
0.99,c2-yield,c2_yield_data,5,20,best__pooled,not_yet_hit,47,0.38623001112615335,0.9842784244965324,0.1276595744680851,0.6517765241566582,0.2746985769508543,0.11153143417529895
0.99,c2-yield,c2_yield_data,5,40,best__pooled,all,50,0.7121002061018451,3.8374096810036993,0.28,0.9950145787843121,0.5112458478741072,0.2008543582277378
0.99,c2-yield,c2_yield_data,5,40,best__pooled,not_yet_hit,47,0.7575534107465798,4.082350660642202,0.23404255319148937,0.9946964242386301,0.5785943115390001,0.17895909920758
0.99,c2-yield,c2_yield_data,10,20,best__pooled,all,50,0.24218674272304386,0.6583722409433449,0.18,0.5738983733441583,0.1551559285231739,0.08703081419986992
0.99,c2-yield,c2_yield_data,10,20,best__pooled,not_yet_hit,45,0.269096380803271,0.7315246010481053,0.08888888888888889,0.5265538592712871,0.1915506262998255,0.0775457545034455
0.99,c2-yield,c2_yield_data,10,40,best__pooled,all,50,0.7079282019439006,3.4538302022499052,0.28,0.9925505663997776,0.5077283096766436,0.200199892267257
0.99,c2-yield,c2_yield_data,10,40,best__pooled,not_yet_hit,45,0.7865868910486674,3.83758900249984,0.2,0.9917229626664193,0.6268252496132926,0.1597616414353749
0.99,c2-yield,c2_yield_data,5,20,best__separate,all,50,0.3673729259598966,0.9357196613765746,0.18,0.6764863885012652,0.2464987339670293,0.12087419199286742
0.99,c2-yield,c2_yield_data,5,20,best__separate,not_yet_hit,47,0.39082226165940065,0.9954463844431325,0.1276595744680851,0.6558366473417714,0.27897102030941534,0.11185124134998531
0.99,c2-yield,c2_yield_data,10,20,best__separate,all,50,0.2440629232804209,0.6621733571746989,0.18,0.5760856561287284,0.15688384699092525,0.08717907628949562
0.99,c2-yield,c2_yield_data,10,20,best__separate,not_yet_hit,45,0.27118102586702325,0.7357480635273876,0.08888888888888889,0.528984173476365,0.19368385951613148,0.07749716635089174
0.99,c2-yield,c2_yield_data,5,40,best__separate,all,50,0.7092490370546821,3.5728203582358566,0.28,0.9931147264422809,0.5085326130688491,0.20071642398583303
0.99,c2-yield,c2_yield_data,5,40,best__separate,not_yet_hit,47,0.7545202521857682,3.800872657697688,0.23404255319148937,0.9926753047258308,0.5755236517005657,0.1789966004852025
0.99,c2-yield,c2_yield_data,10,40,best__separate,all,50,0.7056747538651355,3.324279455099577,0.28,0.9911106157397801,0.5056783078178093,0.1999964460473262
0.99,c2-yield,c2_yield_data,10,40,best__separate,not_yet_hit,45,0.7840830598500393,3.6936437278883636,0.2,0.9901230174886447,0.6242943827653611,0.15978867708467837
0.99,c2-yield,c2_yield_data,5,20,best__separate_matched_penalty,all,50,0.3682367588450826,0.9377933237135956,0.18,0.6772703309284799,0.2472777820217198,0.12095897682336285
0.99,c2-yield,c2_yield_data,5,20,best__separate_matched_penalty,not_yet_hit,47,0.3917412328138538,0.9976524082059207,0.1276595744680851,0.6566706286473188,0.2798526954438241,0.11188853737002964
0.99,c2-yield,c2_yield_data,10,20,best__separate_matched_penalty,all,50,0.2442347880575839,0.662522086055226,0.18,0.5762863886288467,0.1570429018124933,0.08719188624509062
0.99,c2-yield,c2_yield_data,10,20,best__separate_matched_penalty,not_yet_hit,45,0.27137198673053764,0.7361355400613068,0.08888888888888889,0.5292072095876074,0.19388022354293952,0.07749176318759815
0.99,c2-yield,c2_yield_data,5,40,best__separate_matched_penalty,all,50,0.7096723617179355,3.6052009776759677,0.28,0.9933947669351271,0.5089320934904242,0.20074026822751076
0.99,c2-yield,c2_yield_data,5,40,best__separate_matched_penalty,not_yet_hit,47,0.7549705975722081,3.8353201251871685,0.23404255319148937,0.9929732201437523,0.5759757572406067,0.17899484033160099
0.99,c2-yield,c2_yield_data,10,40,best__separate_matched_penalty,all,50,0.7059042361198533,3.336434908312065,0.28,0.9912576689813517,0.505887471684786,0.200016764435067
0.99,c2-yield,c2_yield_data,10,40,best__separate_matched_penalty,not_yet_hit,45,0.7843380401330595,3.7071497870133494,0.2,0.9902864099792796,0.6245526097979381,0.15978543033512077
0.99,c2-yield,c2_yield_data,5,20,pilot_summary__pooled,all,50,0.10789109357695599,0.3612964180870532,0.18,0.23483017678767978,0.0030063482865682173,0.10488474529038776
0.99,c2-yield,c2_yield_data,5,20,pilot_summary__pooled,not_yet_hit,47,0.11477775912435743,0.3843578277521524,0.1276595744680851,0.18598961360391467,0.0034023934655874077,0.11137536565877003
0.99,c2-yield,c2_yield_data,5,40,pilot_summary__pooled,all,50,0.6730761884854581,2.556324606804118,0.28,0.969274051725965,0.47509871838272844,0.19797747010272984
0.99,c2-yield,c2_yield_data,5,40,pilot_summary__pooled,not_yet_hit,47,0.7160384983887215,2.7194941987277534,0.23404255319148937,0.9673128848148564,0.5376853792390427,0.1783531191496788
0.99,c2-yield,c2_yield_data,10,20,pilot_summary__pooled,all,50,0.0754568332356815,0.2778727422614599,0.18,0.23142298049267832,0.002644322922750379,0.07281251031293114
0.99,c2-yield,c2_yield_data,10,20,pilot_summary__pooled,not_yet_hit,45,0.0838409258173128,0.3087473802904555,0.08888888888888889,0.14602564499186485,0.00326460889797096,0.08057631691934183
0.99,c2-yield,c2_yield_data,10,40,pilot_summary__pooled,all,50,0.6640596756177787,2.367640193751066,0.28,0.9652232951104142,0.46953096416197354,0.19452871145580503
0.99,c2-yield,c2_yield_data,10,40,pilot_summary__pooled,not_yet_hit,45,0.7378440840196429,2.6307112152789065,0.2,0.96135932790046,0.5796680261810401,0.1581760578386026
0.99,c2-yield,c2_yield_data,5,20,pilot_summary__separate,all,50,0.10532412793873329,0.35479446100957873,0.18,0.1601713555403091,0.000393175141108832,0.10493095279762446
0.99,c2-yield,c2_yield_data,5,20,pilot_summary__separate,not_yet_hit,47,0.11204694461560988,0.37744085213781775,0.1276595744680851,0.10656533568117986,0.0004449669099989779,0.11160197770561091
0.99,c2-yield,c2_yield_data,10,20,pilot_summary__separate,all,50,0.07282428430644798,0.2661826461390111,0.18,0.18013765093203205,1.8947779089289794e-08,0.0728242653586689
0.99,c2-yield,c2_yield_data,10,20,pilot_summary__separate,not_yet_hit,45,0.08091587145149776,0.2957583845988457,0.08888888888888889,0.0890419454800356,2.3426320093452325e-08,0.08091584802517769
0.99,c2-yield,c2_yield_data,5,40,pilot_summary__separate,all,50,0.7199246576381735,7.380691376056097,0.28,0.9999546669938865,0.5183347225262779,0.20158993511189544
0.99,c2-yield,c2_yield_data,5,40,pilot_summary__separate,not_yet_hit,47,0.7658772953596951,7.851799272400072,0.23404255319148937,0.9999518372275389,0.586617031372614,0.17926026398708125
0.99,c2-yield,c2_yield_data,10,40,pilot_summary__separate,all,50,0.7197639946141908,6.527644385710077,0.28,0.9998585280416399,0.5181963003942764,0.20156769421991452
0.99,c2-yield,c2_yield_data,10,40,pilot_summary__separate,not_yet_hit,45,0.799737771793434,7.252938095233362,0.2,0.9998429200462666,0.6397486967481385,0.15998907504529608
0.99,c2-yield,c2_yield_data,5,20,pilot_summary__separate_matched_penalty,all,50,0.10537475543001644,0.35517160800587605,0.18,0.15882102976584725,0.00044854878017912866,0.10492620664983733
0.99,c2-yield,c2_yield_data,5,20,pilot_summary__separate_matched_penalty,not_yet_hit,47,0.11210080364888984,0.3778420723466447,0.1276595744680851,0.10512881889983748,0.0005076349464761211,0.11159316870241373
0.99,c2-yield,c2_yield_data,10,20,pilot_summary__separate_matched_penalty,all,50,0.07282429148814981,0.26622071020928123,0.18,0.17917120793188612,6.86896292168438e-07,0.07282360459185766
0.99,c2-yield,c2_yield_data,10,20,pilot_summary__separate_matched_penalty,not_yet_hit,45,0.08091587943116647,0.29580067801025695,0.08888888888888889,0.08796811992431795,8.478154861170592e-07,0.08091503161568034
0.99,c2-yield,c2_yield_data,5,40,pilot_summary__separate_matched_penalty,all,50,0.7199679132099785,8.059708211578961,0.28,0.9999807559680943,0.5183722889643884,0.20159562424559005
0.99,c2-yield,c2_yield_data,5,40,pilot_summary__separate_matched_penalty,not_yet_hit,47,0.7659233119254455,8.574157608062695,0.23404255319148937,0.9999795914554191,0.5866595465845208,0.1792637653409242
0.99,c2-yield,c2_yield_data,10,40,pilot_summary__separate_matched_penalty,all,50,0.7198704159795768,7.033459060142397,0.28,0.9999228967321909,0.5182889772392688,0.2015814387403082
0.99,c2-yield,c2_yield_data,10,40,pilot_summary__separate_matched_penalty,not_yet_hit,45,0.7998560177549744,7.814954400158164,0.2,0.9999144408135453,0.639863112622047,0.15999290513292738
0.99,suzuki-miyaura,suzuki_miyaura_data,5,20,no_target__pooled,all,50,0.37530579877245474,0.9596879702093366,0.72,0.3078184868337281,0.16989359979603766,0.20541219897641713
0.99,suzuki-miyaura,suzuki_miyaura_data,5,20,no_target__pooled,not_yet_hit,48,0.39094354038793205,0.9996749273013714,0.7083333333333334,0.2789776321184667,0.18434631816570982,0.2065972222222222
0.99,suzuki-miyaura,suzuki_miyaura_data,5,40,no_target__pooled,all,50,0.06760141037113804,0.2917031544235047,0.98,0.765297016479763,0.046097371132491176,0.021504039238646834
0.99,suzuki-miyaura,suzuki_miyaura_data,5,40,no_target__pooled,not_yet_hit,48,0.07041813580322713,0.30385741085779655,0.9791666666666666,0.7555177671664196,0.05001883024767156,0.020399305555555556
0.99,suzuki-miyaura,suzuki_miyaura_data,10,20,no_target__pooled,all,50,0.302213282477705,0.786614466911765,0.72,0.4113217810593677,0.0952822428483609,0.20693103962934414
0.99,suzuki-miyaura,suzuki_miyaura_data,10,20,no_target__pooled,not_yet_hit,38,0.3976490558914013,1.0350187196205851,0.631578947368421,0.22542371192022076,0.16496207528198295,0.23268698060941825
0.99,suzuki-miyaura,suzuki_miyaura_data,10,40,no_target__pooled,all,50,0.07673560114335345,0.28881759306802296,0.98,0.7713875435102503,0.043519157002687756,0.03321644414066571
0.99,suzuki-miyaura,suzuki_miyaura_data,10,40,no_target__pooled,not_yet_hit,38,0.1009678962409388,0.38002283298408274,0.9736842105263158,0.6991944519871713,0.07534462754287781,0.025623268698060947
0.99,suzuki-miyaura,suzuki_miyaura_data,5,20,no_target__separate,all,50,0.3654629091097139,0.9355340518020084,0.72,0.31944485424638835,0.1604444247896971,0.2050184843200169
0.99,suzuki-miyaura,suzuki_miyaura_data,5,20,no_target__separate,not_yet_hit,48,0.3806905303225771,0.9745145956270713,0.7083333333333334,0.2910884315066546,0.17409330810035487,0.2065972222222222
0.99,suzuki-miyaura,suzuki_miyaura_data,10,20,no_target__separate,all,50,0.3114817843944821,0.8138062931631012,0.72,0.4001151618405638,0.10232630968428869,0.20915547471019338
0.99,suzuki-miyaura,suzuki_miyaura_data,10,20,no_target__separate,not_yet_hit,38,0.4098444531503184,1.0707974383723438,0.631578947368421,0.2106781603165313,0.17715747254090025,0.23268698060941825
0.99,suzuki-miyaura,suzuki_miyaura_data,5,40,no_target__separate,all,50,0.07301420357532844,0.30611375131213814,0.98,0.7535189775041691,0.05129365355075708,0.02172055002457134
0.99,suzuki-miyaura,suzuki_miyaura_data,5,40,no_target__separate,not_yet_hit,48,0.0760564620575921,0.3188684492834564,0.9791666666666666,0.7432489765668427,0.055657156502036544,0.020399305555555556
0.99,suzuki-miyaura,suzuki_miyaura_data,10,40,no_target__separate,all,50,0.07067917063811352,0.2742088933301361,0.98,0.7827279432476218,0.03891626437531351,0.031762906262800004
0.99,suzuki-miyaura,suzuki_miyaura_data,10,40,no_target__separate,not_yet_hit,38,0.09299890873404408,0.360800859644758,0.9736842105263158,0.714116030588976,0.0673756400359832,0.02562326869806095
0.99,suzuki-miyaura,suzuki_miyaura_data,5,20,no_target__separate_matched_penalty,all,50,0.3653703052057822,0.9353096990110827,0.72,0.31955584030598755,0.16035552503304376,0.2050147801727385
0.99,suzuki-miyaura,suzuki_miyaura_data,5,20,no_target__separate_matched_penalty,not_yet_hit,48,0.3805940679226481,0.9742808948031904,0.7083333333333334,0.29120404198540367,0.17399684570042592,0.2065972222222222
0.99,suzuki-miyaura,suzuki_miyaura_data,10,20,no_target__separate_matched_penalty,all,50,0.3115642045262351,0.8140541649154401,0.72,0.40001726760431233,0.10238894903141028,0.2091752554948249
0.99,suzuki-miyaura,suzuki_miyaura_data,10,20,no_target__separate_matched_penalty,not_yet_hit,38,0.40995290069209894,1.0711235854148946,0.631578947368421,0.2105493521109373,0.17726592008268047,0.23268698060941825
0.99,suzuki-miyaura,suzuki_miyaura_data,5,40,no_target__separate_matched_penalty,all,50,0.07299627292987956,0.30606676824751955,0.98,0.7535569826024971,0.05127644012808576,0.021719832801793792
0.99,suzuki-miyaura,suzuki_miyaura_data,5,40,no_target__separate_matched_penalty,not_yet_hit,48,0.07603778430191621,0.3188195085911454,0.9791666666666666,0.7432885652109346,0.05563847874636063,0.020399305555555556
0.99,suzuki-miyaura,suzuki_miyaura_data,10,40,no_target__separate_matched_penalty,all,50,0.07069657463098547,0.27425151595839514,0.98,0.7826944211990274,0.03892949142598678,0.031767083204998686
0.99,suzuki-miyaura,suzuki_miyaura_data,10,40,no_target__separate_matched_penalty,not_yet_hit,38,0.09302180872466509,0.36085694205036206,0.9736842105263158,0.7140719226302994,0.06739854002660411,0.02562326869806095
0.99,suzuki-miyaura,suzuki_miyaura_data,5,20,best__pooled,all,50,0.40552495166514213,1.0394419289844121,0.72,0.292529184884876,0.1827312977751885,0.22279365388995356
0.99,suzuki-miyaura,suzuki_miyaura_data,5,20,best__pooled,not_yet_hit,48,0.422421824651148,1.0827519676920747,0.7083333333333334,0.2630512759217458,0.1982761106526963,0.22414571399845173
0.99,suzuki-miyaura,suzuki_miyaura_data,5,40,best__pooled,all,50,0.07989558308416807,0.3219639691562242,0.98,0.7514304972249833,0.05224401759881837,0.0276515654853497
0.99,suzuki-miyaura,suzuki_miyaura_data,5,40,best__pooled,not_yet_hit,48,0.08322456571263341,0.33537909287104606,0.9791666666666666,0.7410734762760244,0.056688367310394686,0.026536198402238722
0.99,suzuki-miyaura,suzuki_miyaura_data,10,20,best__pooled,all,50,0.32656585856346526,0.8585207482712391,0.72,0.4005036963973764,0.1020778880157398,0.22448797054772548
0.99,suzuki-miyaura,suzuki_miyaura_data,10,20,best__pooled,not_yet_hit,38,0.4296919191621386,1.1296322477251566,0.631578947368421,0.21118938999654793,0.17672737994731935,0.25296453921481915
0.99,suzuki-miyaura,suzuki_miyaura_data,10,40,best__pooled,all,50,0.09013058290511462,0.31912885251313095,0.98,0.7589501252588267,0.048863047123088456,0.04126753578202615
0.99,suzuki-miyaura,suzuki_miyaura_data,10,40,best__pooled,not_yet_hit,38,0.11859287224325611,0.419906069096067,0.9736842105263158,0.6828294279721403,0.08459650453463678,0.033996367708619336
0.99,suzuki-miyaura,suzuki_miyaura_data,5,20,best__separate,all,50,0.3419995130432221,0.8826344015306548,0.72,0.33635466797660774,0.14718374078333887,0.19481577225988328
0.99,suzuki-miyaura,suzuki_miyaura_data,5,20,best__separate,not_yet_hit,48,0.3562494927533148,0.9194107932610778,0.7083333333333334,0.30870282080896644,0.15970454654048816,0.1965449462128266
0.99,suzuki-miyaura,suzuki_miyaura_data,10,20,best__separate,all,50,0.29067920008436254,0.7541716120734273,0.72,0.4127465470184714,0.09440468436907232,0.19627451571529023
0.99,suzuki-miyaura,suzuki_miyaura_data,10,20,best__separate,not_yet_hit,38,0.3824726316896349,0.9923307527280357,0.631578947368421,0.22729840397167303,0.16344275776916986,0.21902987392046513
0.99,suzuki-miyaura,suzuki_miyaura_data,5,40,best__separate,all,50,0.1377811727061743,0.45647917917732994,0.98,0.7129336434207513,0.07132443881651451,0.0664567338896598
0.99,suzuki-miyaura,suzuki_miyaura_data,5,40,best__separate,not_yet_hit,48,0.14352205490222322,0.4754991033096978,0.9791666666666666,0.7009725868966158,0.07739194601910544,0.06613010888311778
0.99,suzuki-miyaura,suzuki_miyaura_data,10,40,best__separate,all,50,0.1406920319867857,0.4446940830125187,0.98,0.7222261081826369,0.06644737930266964,0.07424465268411604
0.99,suzuki-miyaura,suzuki_miyaura_data,10,40,best__separate,not_yet_hit,38,0.18512109471913907,0.5851234776478931,0.9736842105263158,0.6345083528718906,0.11504026241561495,0.07008083230352413
0.99,suzuki-miyaura,suzuki_miyaura_data,5,20,best__separate_matched_penalty,all,50,0.3417957561262949,0.8821883152844261,0.72,0.3365819143991902,0.14700942836578987,0.19478632776050506
0.99,suzuki-miyaura,suzuki_miyaura_data,5,20,best__separate_matched_penalty,not_yet_hit,48,0.3560372459648489,0.9189461200879229,0.7083333333333334,0.30893953583248984,0.15951540548214477,0.19652184048270413
0.99,suzuki-miyaura,suzuki_miyaura_data,10,20,best__separate_matched_penalty,all,50,0.2907128557155453,0.7542675010586227,0.72,0.4126688035781777,0.09445246429406867,0.1962603914214766
0.99,suzuki-miyaura,suzuki_miyaura_data,10,20,best__separate_matched_penalty,not_yet_hit,38,0.3825169154148754,0.9924569224453984,0.631578947368421,0.22719610997128648,0.1635254791813574,0.21899143623351802
0.99,suzuki-miyaura,suzuki_miyaura_data,5,40,best__separate_matched_penalty,all,50,0.13853763417989426,0.4584491645609331,0.98,0.712629227518706,0.07148712997724387,0.06705050420265037
0.99,suzuki-miyaura,suzuki_miyaura_data,5,40,best__separate_matched_penalty,not_yet_hit,48,0.14431003560401487,0.47755117141761777,0.9791666666666666,0.700655486998652,0.07756847720006914,0.06674155840394574
0.99,suzuki-miyaura,suzuki_miyaura_data,10,40,best__separate_matched_penalty,all,50,0.14138668813562658,0.446675573299067,0.98,0.7217375596012596,0.06669948812071302,0.07468720001491354
0.99,suzuki-miyaura,suzuki_miyaura_data,10,40,best__separate_matched_penalty,not_yet_hit,38,0.1860351159676139,0.587730701709141,0.9736842105263158,0.6338655257911309,0.11547673849515103,0.07055837747246291
0.99,suzuki-miyaura,suzuki_miyaura_data,5,20,pilot_summary__pooled,all,50,0.236496640853323,0.6597415968086701,0.72,0.5703385398470873,0.022398552655101885,0.21409808819822107
0.99,suzuki-miyaura,suzuki_miyaura_data,5,20,pilot_summary__pooled,not_yet_hit,48,0.24635066755550308,0.6872307883423437,0.7083333333333334,0.5524360206740493,0.02430397209438658,0.22204669546111652
0.99,suzuki-miyaura,suzuki_miyaura_data,5,40,pilot_summary__pooled,all,50,0.020437555840464174,0.1086340999185145,0.98,0.9673208578467205,0.0001607606457430735,0.020276795194721097
0.99,suzuki-miyaura,suzuki_miyaura_data,5,40,pilot_summary__pooled,not_yet_hit,48,0.021289120667108512,0.11316047908176512,0.9791666666666666,0.9659592685903338,0.0001744353639467244,0.021114685303161785
0.99,suzuki-miyaura,suzuki_miyaura_data,10,20,pilot_summary__pooled,all,50,0.2423108851065875,0.6409958667078302,0.72,0.5312383833315368,0.03563094792729182,0.20667993717929561
0.99,suzuki-miyaura,suzuki_miyaura_data,10,20,pilot_summary__pooled,not_yet_hit,38,0.3188301119820361,0.8434152982996184,0.631578947368421,0.3832087149099169,0.06168777237149139,0.2571423396105447
0.99,suzuki-miyaura,suzuki_miyaura_data,10,40,pilot_summary__pooled,all,50,0.02270183157284562,0.12431127458325776,0.98,0.9502131259081156,0.0008872578681657843,0.02181457370467983
0.99,suzuki-miyaura,suzuki_miyaura_data,10,40,pilot_summary__pooled,not_yet_hit,38,0.02987083101658634,0.16356715076728645,0.9736842105263158,0.9344912709317308,0.001536086514064785,0.028334744502521558
0.99,suzuki-miyaura,suzuki_miyaura_data,5,20,pilot_summary__separate,all,50,0.20761533303577298,0.5975969290670747,0.72,0.5871349393694703,0.017653124336354322,0.18996220869941866
0.99,suzuki-miyaura,suzuki_miyaura_data,5,20,pilot_summary__separate,not_yet_hit,48,0.21626597191222183,0.6224967594448486,0.7083333333333334,0.5699322701765316,0.019154854282933013,0.1971111176292888
0.99,suzuki-miyaura,suzuki_miyaura_data,10,20,pilot_summary__separate,all,50,0.1985749858283437,0.5411195585808349,0.72,0.5604924783415188,0.02544264946563083,0.17313233636271289
0.99,suzuki-miyaura,suzuki_miyaura_data,10,20,pilot_summary__separate,not_yet_hit,38,0.26128287608961004,0.7119991033956776,0.631578947368421,0.421700945186209,0.044048775799996595,0.21723410028961357
0.99,suzuki-miyaura,suzuki_miyaura_data,5,40,pilot_summary__separate,all,50,0.02078049036366062,0.14168544936033534,0.98,0.9774805514433692,6.347621029509251e-06,0.020774142742631115
0.99,suzuki-miyaura,suzuki_miyaura_data,5,40,pilot_summary__separate,not_yet_hit,48,0.021646344128771478,0.1475889680836618,0.9791666666666666,0.9765422827535096,6.887390923637927e-06,0.02163945673784784
0.99,suzuki-miyaura,suzuki_miyaura_data,10,40,pilot_summary__separate,all,50,0.024289313643428304,0.16307781336289348,0.98,0.9531524471617141,0.0007207910934045643,0.02356852255002373
0.99,suzuki-miyaura,suzuki_miyaura_data,10,40,pilot_summary__separate,not_yet_hit,38,0.031959623214721455,0.21457575442470195,0.9736842105263158,0.9383587988969921,0.0012478847067811658,0.03071173850794029
0.99,suzuki-miyaura,suzuki_miyaura_data,5,20,pilot_summary__separate_matched_penalty,all,50,0.20741451016081394,0.5971825110051207,0.72,0.5880697917403841,0.01740557985142562,0.19000893030938837
0.99,suzuki-miyaura,suzuki_miyaura_data,5,20,pilot_summary__separate_matched_penalty,not_yet_hit,48,0.2160567814174729,0.6220650739636465,0.7083333333333334,0.5709060747295668,0.018886251407346514,0.19717053001012638
0.99,suzuki-miyaura,suzuki_miyaura_data,10,20,pilot_summary__separate_matched_penalty,all,50,0.19839442843987784,0.5407517939081952,0.72,0.5609947128304025,0.025282681347886183,0.17311174709199165
0.99,suzuki-miyaura,suzuki_miyaura_data,10,20,pilot_summary__separate_matched_penalty,not_yet_hit,38,0.26104530057847086,0.7115152025106253,0.631578947368421,0.4223617800400032,0.04377182310492716,0.21727347747354367
0.99,suzuki-miyaura,suzuki_miyaura_data,5,40,pilot_summary__separate_matched_penalty,all,50,0.02073197120303301,0.14209090547054257,0.98,0.9781837521958682,3.2987560860138704e-06,0.020728672446946997
0.99,suzuki-miyaura,suzuki_miyaura_data,5,40,pilot_summary__separate_matched_penalty,not_yet_hit,48,0.021595803336451048,0.14801131819846097,0.9791666666666666,0.9772747835373625,3.5792217749452434e-06,0.021592224114676106
0.99,suzuki-miyaura,suzuki_miyaura_data,10,40,pilot_summary__separate_matched_penalty,all,50,0.024052712671509616,0.16281235796173463,0.98,0.954483548225416,0.0006510893111646685,0.023401623360344938
0.99,suzuki-miyaura,suzuki_miyaura_data,10,40,pilot_summary__separate_matched_penalty,not_yet_hit,38,0.03164830614640738,0.2142264710021245,0.9736842105263158,0.9401102476650213,0.0011272109822115927,0.030521095164195777
