replicate,axis,task_family,equal_cell_delta,equal_family_delta,distinct_families
0,joint_families,all,-0.00859918729692976,-0.009905918065607809,15
0,joint_families,logical_deduction,-0.012295058306570185,-0.015483291911822569,15
0,joint_families,tracking_shuffled_objects,-0.004903316287289331,-0.004328544219393049,15
0,joint_families_larger,all,-0.01991732396335825,-0.023122258826517257,15
0,joint_families_larger,logical_deduction,0.001179226114629881,0.0066769347026770075,15
0,joint_families_larger,tracking_shuffled_objects,-0.041013874041346376,-0.05292145235571153,15
1,joint_families,all,-0.009036211066957954,-0.010172487478179042,14
1,joint_families,logical_deduction,-0.012386183604449126,-0.015572464150194235,14
1,joint_families,tracking_shuffled_objects,-0.00568623852946678,-0.00477251080616385,14
1,joint_families_larger,all,-0.014731487851756965,-0.015605306427404158,14
1,joint_families_larger,logical_deduction,0.005293485293916194,0.009447213185614926,14
1,joint_families_larger,tracking_shuffled_objects,-0.03475646099743013,-0.04065782604042325,14
2,joint_families,all,-0.00969338559547017,-0.010998728274725722,13
2,joint_families,logical_deduction,-0.01382221966703509,-0.016658216148654214,13
2,joint_families,tracking_shuffled_objects,-0.005564551523905249,-0.005339240400797229,13
2,joint_families_larger,all,-0.010280194108339802,-0.010491597237689233,13
2,joint_families_larger,logical_deduction,0.01404714843422866,0.02129200204008279,13
2,joint_families_larger,tracking_shuffled_objects,-0.034607536650908266,-0.042275196515461244,13
3,joint_families,all,-0.012203902990012536,-0.01232968684186476,10
3,joint_families,logical_deduction,-0.019093288800725063,-0.021221444967897417,10
3,joint_families,tracking_shuffled_objects,-0.005314517179300013,-0.0034379287158320996,10
3,joint_families_larger,all,-0.045283940621122266,-0.02487750692197855,10
3,joint_families_larger,logical_deduction,-0.040842853220554885,-0.009199487124018458,10
3,joint_families_larger,tracking_shuffled_objects,-0.04972502802168965,-0.04055552671993865,10
4,joint_families,all,-0.008053900458410554,-0.008569627077494027,14
4,joint_families,logical_deduction,-0.011732598552734343,-0.013287765654912622,14
4,joint_families,tracking_shuffled_objects,-0.004375202364086766,-0.003851488500075427,14
4,joint_families_larger,all,-0.015739057530943228,-0.010850877920261945,14
4,joint_families_larger,logical_deduction,-0.004286358790354654,0.002047718018589555,14
4,joint_families_larger,tracking_shuffled_objects,-0.02719175627153181,-0.023749473859113447,14
5,joint_families,all,-0.010252560028088718,-0.011228146842365373,13
5,joint_families,logical_deduction,-0.01564207550248599,-0.01777410837094127,13
5,joint_families,tracking_shuffled_objects,-0.004863044553691447,-0.004682185313789475,13
5,joint_families_larger,all,-0.03142849844633622,-0.027838284805597767,13
5,joint_families_larger,logical_deduction,-0.00949481315151627,-0.005049876343409079,13
5,joint_families_larger,tracking_shuffled_objects,-0.05336218374115617,-0.05062669326778648,13
6,joint_families,all,-0.008820525356690074,-0.010503073963752111,11
6,joint_families,logical_deduction,-0.012022764470494609,-0.01522770349373587,11
6,joint_families,tracking_shuffled_objects,-0.005618286242885542,-0.005778444433768357,11
6,joint_families_larger,all,-0.01726562558477432,-0.018590798774016908,11
6,joint_families_larger,logical_deduction,-0.0032650385912548,0.001144072802033387,11
6,joint_families_larger,tracking_shuffled_objects,-0.03126621257829383,-0.03832567035006721,11
7,joint_families,all,-0.008855577062182008,-0.009296713738916263,13
7,joint_families,logical_deduction,-0.013797711011268624,-0.015127070362425676,13
7,joint_families,tracking_shuffled_objects,-0.003913443113095387,-0.0034663571154068527,13
7,joint_families_larger,all,-0.02259321526723305,-0.025239363936211588,13
7,joint_families_larger,logical_deduction,0.0010435069445667877,0.004359507482361896,13
7,joint_families_larger,tracking_shuffled_objects,-0.04622993747903289,-0.05483823535478508,13
8,joint_families,all,-0.009821437058861047,-0.010601094291707176,12
8,joint_families,logical_deduction,-0.014617644158757503,-0.016474573159714,12
8,joint_families,tracking_shuffled_objects,-0.005025229958964593,-0.004727615423700354,12
8,joint_families_larger,all,-0.024360134960815905,-0.0237084136542901,12
8,joint_families_larger,logical_deduction,0.002647685327582729,0.006666159319933339,12
8,joint_families_larger,tracking_shuffled_objects,-0.05136795524921453,-0.05408298662851354,12
9,joint_families,all,-0.00846048874524267,-0.00934137643756998,14
9,joint_families,logical_deduction,-0.013906705042987105,-0.016435661286295554,14
9,joint_families,tracking_shuffled_objects,-0.0030142724474982365,-0.002247091588844404,14
9,joint_families_larger,all,-0.02001309587032457,-0.01388148557527159,14
9,joint_families_larger,logical_deduction,-0.001398099322841761,0.006913591431151394,14
9,joint_families_larger,tracking_shuffled_objects,-0.03862809241780738,-0.034676562581694576,14
10,joint_families,all,-0.00658912907559448,-0.007712069216736661,12
10,joint_families,logical_deduction,-0.009997450965289907,-0.013204372635309458,12
10,joint_families,tracking_shuffled_objects,-0.003180807185899052,-0.002219765798163862,12
10,joint_families_larger,all,-0.01754237746076921,-0.013610901584201121,12
10,joint_families_larger,logical_deduction,-0.005025101514625448,-0.004317975114276205,12
10,joint_families_larger,tracking_shuffled_objects,-0.030059653406912967,-0.022903828054126038,12
11,joint_families,all,-0.00957011117891136,-0.010486088323287315,15
11,joint_families,logical_deduction,-0.015180865766630615,-0.017983009872742678,15
11,joint_families,tracking_shuffled_objects,-0.003959356591192112,-0.0029891667738319505,15
11,joint_families_larger,all,-0.015558993343245254,-0.014384656935754955,15
11,joint_families_larger,logical_deduction,0.0027512792938906346,0.00639554640065329,15
11,joint_families_larger,tracking_shuffled_objects,-0.03386926598038114,-0.03516486027216319,15
12,joint_families,all,-0.009539025322594588,-0.010082875760055617,13
12,joint_families,logical_deduction,-0.014786523401036738,-0.016096071024732934,13
12,joint_families,tracking_shuffled_objects,-0.004291527244152436,-0.004069680495378302,13
12,joint_families_larger,all,-0.02505646925495274,-0.022212558468695732,13
12,joint_families_larger,logical_deduction,-0.0066213407126617715,0.0018929672644642456,13
12,joint_families_larger,tracking_shuffled_objects,-0.043491597797243715,-0.046318084201855715,13
13,joint_families,all,-0.011013052757846236,-0.014456719242993906,13
13,joint_families,logical_deduction,-0.016483833556711826,-0.02352259265071235,13
13,joint_families,tracking_shuffled_objects,-0.0055422719589806446,-0.005390845835275468,13
13,joint_families_larger,all,-0.018055847964006035,-0.017491011125986493,13
13,joint_families_larger,logical_deduction,0.016453216357023945,0.03159487489994689,13
13,joint_families_larger,tracking_shuffled_objects,-0.05256491228503602,-0.06657689715191986,13
14,joint_families,all,-0.01068021008556331,-0.01109889323524789,13
14,joint_families,logical_deduction,-0.016230023483809617,-0.018270801746687534,13
14,joint_families,tracking_shuffled_objects,-0.005130396687317002,-0.0039269847238082465,13
14,joint_families_larger,all,-0.031045157813805815,-0.019428562411121925,13
14,joint_families_larger,logical_deduction,-0.02329546797876129,-0.01658964943180693,13
14,joint_families_larger,tracking_shuffled_objects,-0.03879484764885035,-0.022267475390436914,13
15,joint_families,all,-0.009085947169052325,-0.009817881591607245,14
15,joint_families,logical_deduction,-0.0130245922367912,-0.015124434695380736,14
15,joint_families,tracking_shuffled_objects,-0.005147302101313449,-0.004511328487833753,14
15,joint_families_larger,all,-0.0171343058310732,-0.018403564062742454,14
15,joint_families_larger,logical_deduction,0.004458976531847866,0.011424006759347741,14
15,joint_families_larger,tracking_shuffled_objects,-0.038727588193994265,-0.048231134884832653,14
16,joint_families,all,-0.0108777467137547,-0.011827739918523919,12
16,joint_families,logical_deduction,-0.01761867797334928,-0.020340506772488835,12
16,joint_families,tracking_shuffled_objects,-0.004136815454160122,-0.003314973064559003,12
16,joint_families_larger,all,-0.030838384643423186,-0.023774730060108072,12
16,joint_families_larger,logical_deduction,-0.005833023880030861,0.008242403334561459,12
16,joint_families_larger,tracking_shuffled_objects,-0.055843745406815505,-0.0557918634547776,12
17,joint_families,all,-0.00784087472864895,-0.00888181604186604,12
17,joint_families,logical_deduction,-0.011571359243437615,-0.013917029762880692,12
17,joint_families,tracking_shuffled_objects,-0.004110390213860284,-0.0038466023208513856,12
17,joint_families_larger,all,-0.021998484672895623,-0.017738681795980767,12
17,joint_families_larger,logical_deduction,-0.009635545678486806,-0.003018581917664131,12
17,joint_families_larger,tracking_shuffled_objects,-0.03436142366730444,-0.0324587816742974,12
18,joint_families,all,-0.01139939108922336,-0.011868475108461247,13
18,joint_families,logical_deduction,-0.0170342729468439,-0.018708597635998435,13
18,joint_families,tracking_shuffled_objects,-0.0057645092316028195,-0.005028352580924056,13
18,joint_families_larger,all,-0.025904305257887908,-0.02354307704725086,13
18,joint_families_larger,logical_deduction,-0.00959685234417687,-0.004069797522805986,13
18,joint_families_larger,tracking_shuffled_objects,-0.04221175817159895,-0.043016356571695745,13
19,joint_families,all,-0.009584202734526849,-0.0101572413548787,14
19,joint_families,logical_deduction,-0.013031071538009361,-0.014856505716266389,14
19,joint_families,tracking_shuffled_objects,-0.006137333931044339,-0.00545797699349101,14
19,joint_families_larger,all,-0.015102345559378992,-0.016552484727988453,14
19,joint_families_larger,logical_deduction,-0.001590233231132605,0.0031787946827318155,14
19,joint_families_larger,tracking_shuffled_objects,-0.02861445788762538,-0.03628376413870872,14
20,joint_families,all,-0.009071942471209106,-0.01008822850445115,14
20,joint_families,logical_deduction,-0.012578085004925979,-0.014848108365507443,14
20,joint_families,tracking_shuffled_objects,-0.005565799937492231,-0.00532834864339486,14
20,joint_families_larger,all,-0.02113587855381694,-0.027459198099667993,14
20,joint_families_larger,logical_deduction,-0.003131086053785524,-0.00474804301853828,14
20,joint_families_larger,tracking_shuffled_objects,-0.03914067105384837,-0.0501703531807977,14
21,joint_families,all,-0.00900414155335684,-0.010341017725557754,14
21,joint_families,logical_deduction,-0.012645685335291845,-0.015733706775493468,14
21,joint_families,tracking_shuffled_objects,-0.005362597771421834,-0.004948328675622033,14
21,joint_families_larger,all,-0.020502371906287856,-0.021577335542637053,14
21,joint_families_larger,logical_deduction,0.00273965692972285,0.007120143154192939,14
21,joint_families_larger,tracking_shuffled_objects,-0.04374440074229855,-0.050274814239467044,14
22,joint_families,all,-0.009735440116095654,-0.010030264982790206,13
22,joint_families,logical_deduction,-0.014721662277589828,-0.016364107999269465,13
22,joint_families,tracking_shuffled_objects,-0.004749217954601483,-0.003696421966310947,13
22,joint_families_larger,all,-0.01677093916200989,-0.008780657475324432,13
22,joint_families_larger,logical_deduction,-0.008277844361716,-0.005280567520256286,13
22,joint_families_larger,tracking_shuffled_objects,-0.025264033962303777,-0.01228074743039257,13
23,joint_families,all,-0.01253271316247723,-0.013702419131558355,11
23,joint_families,logical_deduction,-0.019126702575426337,-0.02165705133052922,11
23,joint_families,tracking_shuffled_objects,-0.005938723749528123,-0.005747786932587491,11
23,joint_families_larger,all,-0.02647682318195796,-0.02453320947092566,11
23,joint_families_larger,logical_deduction,0.0023006019176197226,0.00895029427496307,11
23,joint_families_larger,tracking_shuffled_objects,-0.05525424828153564,-0.05801671321681438,11
24,joint_families,all,-0.00917838727593511,-0.010051412934635207,13
24,joint_families,logical_deduction,-0.01266115382540457,-0.015006465696316093,13
24,joint_families,tracking_shuffled_objects,-0.005695620726465646,-0.005096360172954321,13
24,joint_families_larger,all,-0.0236568847812586,-0.01381340247432108,13
24,joint_families_larger,logical_deduction,-0.018159822676337718,-0.00997396634050181,13
24,joint_families_larger,tracking_shuffled_objects,-0.029153946886179484,-0.01765283860814035,13
25,joint_families,all,-0.011006951937099505,-0.010967490109050317,13
25,joint_families,logical_deduction,-0.01718894480162178,-0.018466306234804428,13
25,joint_families,tracking_shuffled_objects,-0.004824959072577235,-0.003468673983296208,13
25,joint_families_larger,all,-0.02481076787192383,-0.018568836706517735,13
25,joint_families_larger,logical_deduction,-0.008185897121519996,0.0011457027163576544,13
25,joint_families_larger,tracking_shuffled_objects,-0.04143563862232766,-0.03828337612939313,13
26,joint_families,all,-0.009138489558285987,-0.010259159341233639,12
26,joint_families,logical_deduction,-0.01574258078633278,-0.018088887616757227,12
26,joint_families,tracking_shuffled_objects,-0.0025343983302391947,-0.002429431065710047,12
26,joint_families_larger,all,-0.02040315742259947,-0.012446626213560547,12
26,joint_families_larger,logical_deduction,0.002669786927183995,0.01086364698963724,12
26,joint_families_larger,tracking_shuffled_objects,-0.04347610177238293,-0.035756899416758345,12
27,joint_families,all,-0.010202017514555713,-0.0113273885503857,11
27,joint_families,logical_deduction,-0.014763819065531158,-0.017248375744695822,11
27,joint_families,tracking_shuffled_objects,-0.005640215963580267,-0.00540640135607558,11
27,joint_families_larger,all,-0.023992664809409373,-0.02411678649807258,11
27,joint_families_larger,logical_deduction,-0.007932378356551159,-0.0034563762734910707,11
27,joint_families_larger,tracking_shuffled_objects,-0.04005295126226758,-0.04477719672265408,11
28,joint_families,all,-0.010017168991066746,-0.010179635309950972,12
28,joint_families,logical_deduction,-0.014848771137826053,-0.01584424895262296,12
28,joint_families,tracking_shuffled_objects,-0.00518556684430744,-0.004515021667278982,12
28,joint_families_larger,all,-0.020210722057428902,-0.02142257628190116,12
28,joint_families_larger,logical_deduction,0.00015966370540612443,0.004017453057114761,12
28,joint_families_larger,tracking_shuffled_objects,-0.04058110782026394,-0.046862605620917076,12
29,joint_families,all,-0.010267862788881282,-0.010605136668312825,15
29,joint_families,logical_deduction,-0.015592119598365206,-0.0176517109938481,15
29,joint_families,tracking_shuffled_objects,-0.004943605979397356,-0.0035585623427775437,15
29,joint_families_larger,all,-0.03248244022328214,-0.025694594827014465,15
29,joint_families_larger,logical_deduction,-0.02248001698955152,-0.017504742878997708,15
29,joint_families_larger,tracking_shuffled_objects,-0.04248486345701276,-0.03388444677503122,15
30,joint_families,all,-0.008823429824997729,-0.009878670904659879,13
30,joint_families,logical_deduction,-0.011926130574888496,-0.014717725993815236,13
30,joint_families,tracking_shuffled_objects,-0.005720729075106961,-0.00503961581550452,13
30,joint_families_larger,all,-0.02160497781518835,-0.0173690629092185,13
30,joint_families_larger,logical_deduction,-0.012300988589908468,-0.006815770151606437,13
30,joint_families_larger,tracking_shuffled_objects,-0.030908967040468218,-0.027922355666830566,13
31,joint_families,all,-0.010425827637172732,-0.010325539489430064,13
31,joint_families,logical_deduction,-0.01564264197852049,-0.01609438504108652,13
31,joint_families,tracking_shuffled_objects,-0.005209013295824972,-0.004556693937773611,13
31,joint_families_larger,all,-0.029136085912566074,-0.02180496024328941,13
31,joint_families_larger,logical_deduction,-0.011204846131378598,-0.0005276140319709044,13
31,joint_families_larger,tracking_shuffled_objects,-0.04706732569375355,-0.043082306454607915,13
32,joint_families,all,-0.009762116615877775,-0.010174551607084109,11
32,joint_families,logical_deduction,-0.014754774741060406,-0.016483325642144,11
32,joint_families,tracking_shuffled_objects,-0.004769458490695144,-0.003865777572024215,11
32,joint_families_larger,all,-0.022268914591037477,-0.016495865720867496,11
32,joint_families_larger,logical_deduction,0.0034143609560213337,0.008911411919772827,11
32,joint_families_larger,tracking_shuffled_objects,-0.04795219013809629,-0.04190314336150782,11
33,joint_families,all,-0.010411245144259562,-0.011587947454199722,13
33,joint_families,logical_deduction,-0.015489521327805088,-0.01928818442897238,13
33,joint_families,tracking_shuffled_objects,-0.005332968960714041,-0.0038877104794270687,13
33,joint_families_larger,all,-0.01726624422869547,-0.01108368232179576,13
33,joint_families_larger,logical_deduction,-0.0010936444281076485,0.005207798868214769,13
33,joint_families_larger,tracking_shuffled_objects,-0.033438844029283286,-0.02737516351180629,13
34,joint_families,all,-0.007578305127110873,-0.008171349981614727,11
34,joint_families,logical_deduction,-0.01122244151212822,-0.012791842521063574,11
34,joint_families,tracking_shuffled_objects,-0.003934168742093523,-0.0035508574421658813,11
34,joint_families_larger,all,-0.017911073796792916,-0.020418438442294115,11
34,joint_families_larger,logical_deduction,-0.001856306393289525,-0.003773398863714765,11
34,joint_families_larger,tracking_shuffled_objects,-0.033965841200296304,-0.03706347802087347,11
35,joint_families,all,-0.009790593688330974,-0.011204594271696832,13
35,joint_families,logical_deduction,-0.01385888144414116,-0.01825324975624467,13
35,joint_families,tracking_shuffled_objects,-0.005722305932520789,-0.004155938787148997,13
35,joint_families_larger,all,-0.02676346441932803,-0.024715007355390534,13
35,joint_families_larger,logical_deduction,-0.0068141894331533726,-0.00352206008096117,13
35,joint_families_larger,tracking_shuffled_objects,-0.0467127394055027,-0.0459079546298199,13
36,joint_families,all,-0.009058473374732548,-0.010168018547012535,14
36,joint_families,logical_deduction,-0.013686782811599107,-0.016129433783635315,14
36,joint_families,tracking_shuffled_objects,-0.004430163937865989,-0.004206603310389757,14
36,joint_families_larger,all,-0.017867953989319382,-0.01622831939937359,14
36,joint_families_larger,logical_deduction,0.004710179015941163,0.007615378148641548,14
36,joint_families_larger,tracking_shuffled_objects,-0.04044608699457992,-0.04007201694738874,14
37,joint_families,all,-0.009453106992135536,-0.01059010278340084,14
37,joint_families,logical_deduction,-0.013212963342055907,-0.016118440937789087,14
37,joint_families,tracking_shuffled_objects,-0.0056932506422151625,-0.00506176462901259,14
37,joint_families_larger,all,-0.023679382399090003,-0.026391377369870427,14
37,joint_families_larger,logical_deduction,-0.0025437611411515872,0.0038361445269296675,14
37,joint_families_larger,tracking_shuffled_objects,-0.04481500365702842,-0.056618899266670505,14
38,joint_families,all,-0.009720125922859335,-0.010092517898315381,13
38,joint_families,logical_deduction,-0.013952641323886966,-0.015821851227075894,13
38,joint_families,tracking_shuffled_objects,-0.005487610521831701,-0.004363184569554867,13
38,joint_families_larger,all,-0.024177490572610687,-0.010371895511112133,13
38,joint_families_larger,logical_deduction,-0.022639397538780522,-0.012967565603526719,13
38,joint_families_larger,tracking_shuffled_objects,-0.02571558360644086,-0.007776225418697542,13
39,joint_families,all,-0.01084473050943727,-0.011476535285729539,12
39,joint_families,logical_deduction,-0.01631074405366997,-0.018133207166973305,12
39,joint_families,tracking_shuffled_objects,-0.0053787169652045755,-0.0048198634044857745,12
39,joint_families_larger,all,-0.01995266945976943,-0.020614667428957865,12
39,joint_families_larger,logical_deduction,0.01401170877223855,0.02141523455804199,12
39,joint_families_larger,tracking_shuffled_objects,-0.053917047691777416,-0.06264456941595772,12
40,joint_families,all,-0.007762179389795678,-0.00897369377343725,11
40,joint_families,logical_deduction,-0.010346587608753142,-0.01251644665865435,11
40,joint_families,tracking_shuffled_objects,-0.005177771170838213,-0.005430940888220149,11
40,joint_families_larger,all,-0.02041959593273084,-0.020531463881507856,11
40,joint_families_larger,logical_deduction,-0.0021878937608058252,0.0005006460543805775,11
40,joint_families_larger,tracking_shuffled_objects,-0.038651298104655854,-0.04156357381739628,11
41,joint_families,all,-0.010705053568084178,-0.011634219150558041,13
41,joint_families,logical_deduction,-0.014703928650902816,-0.01725309209408995,13
41,joint_families,tracking_shuffled_objects,-0.006706178485265537,-0.006015346207026128,13
41,joint_families_larger,all,-0.019592687904566173,-0.01712159278142985,13
41,joint_families_larger,logical_deduction,-0.00680022645423117,0.0018398186397919358,13
41,joint_families_larger,tracking_shuffled_objects,-0.03238514935490118,-0.03608300420265165,13
42,joint_families,all,-0.010114901738726353,-0.01134886080748235,13
42,joint_families,logical_deduction,-0.01571290694136856,-0.018874143398694074,13
42,joint_families,tracking_shuffled_objects,-0.004516896536084145,-0.00382357821627063,13
42,joint_families_larger,all,-0.021407270565954067,-0.014373022886570403,13
42,joint_families_larger,logical_deduction,-0.0008300881392254948,0.004970718690799372,13
42,joint_families_larger,tracking_shuffled_objects,-0.041984452992682636,-0.033716764463940174,13
43,joint_families,all,-0.010158790498738147,-0.01063751441671356,13
43,joint_families,logical_deduction,-0.01611160704815558,-0.017476605493772633,13
43,joint_families,tracking_shuffled_objects,-0.004205973949320715,-0.003798423339654493,13
43,joint_families_larger,all,-0.025878042499195675,-0.026187046158475846,13
43,joint_families_larger,logical_deduction,-0.0002515662443828169,0.0019112771981841914,13
43,joint_families_larger,tracking_shuffled_objects,-0.05150451875400853,-0.054285369515135885,13
44,joint_families,all,-0.008373262503201981,-0.009116134572562228,14
44,joint_families,logical_deduction,-0.01120285532031598,-0.0135100909999717,14
44,joint_families,tracking_shuffled_objects,-0.005543669686087985,-0.004722178145152762,14
44,joint_families_larger,all,-0.016698167141357488,-0.018481628817264787,14
44,joint_families_larger,logical_deduction,0.00034399959463975464,0.0015922147106063468,14
44,joint_families_larger,tracking_shuffled_objects,-0.033740333877354735,-0.03855547234513592,14
45,joint_families,all,-0.008954611011545896,-0.010674088326927861,13
45,joint_families,logical_deduction,-0.0129984927323808,-0.016621267288750744,13
45,joint_families,tracking_shuffled_objects,-0.004910729290710994,-0.004726909365104973,13
45,joint_families_larger,all,-0.017418118863272474,-0.021478047943456556,13
45,joint_families_larger,logical_deduction,0.002225458072836439,0.0012869833253557248,13
45,joint_families_larger,tracking_shuffled_objects,-0.03706169579938139,-0.044243079212268825,13
46,joint_families,all,-0.008075579311176646,-0.010219559761889496,11
46,joint_families,logical_deduction,-0.011713743632528051,-0.015862581292442147,11
46,joint_families,tracking_shuffled_objects,-0.004437414989825242,-0.004576538231336843,11
46,joint_families_larger,all,-0.016005957459853334,-0.02062215358233792,11
46,joint_families_larger,logical_deduction,0.009885572520709096,0.013321403788402441,11
46,joint_families_larger,tracking_shuffled_objects,-0.04189748744041577,-0.05456571095307827,11
47,joint_families,all,-0.008578680517281771,-0.010652785681016333,9
47,joint_families,logical_deduction,-0.01336849378759385,-0.01856640895384971,9
47,joint_families,tracking_shuffled_objects,-0.0037888672469696925,-0.0027391624081829586,9
47,joint_families_larger,all,-0.024316111271661455,-0.010803771896966654,9
47,joint_families_larger,logical_deduction,-0.0024575182305637522,0.010234838442500166,9
47,joint_families_larger,tracking_shuffled_objects,-0.04617470431275916,-0.03184238223643348,9
48,joint_families,all,-0.00967246332679588,-0.010169451776493268,13
48,joint_families,logical_deduction,-0.016305519669521745,-0.018584056027548736,13
48,joint_families,tracking_shuffled_objects,-0.0030394069840700175,-0.0017548475254377995,13
48,joint_families_larger,all,-0.02213869229971017,-0.018921485627436764,13
48,joint_families_larger,logical_deduction,-0.0004783024430418072,0.004913700555596366,13
48,joint_families_larger,tracking_shuffled_objects,-0.04379908215637854,-0.042756671810469896,13
49,joint_families,all,-0.009450592309192648,-0.010230297144080774,12
49,joint_families,logical_deduction,-0.012928069991363311,-0.015931423998593933,12
49,joint_families,tracking_shuffled_objects,-0.005973114627021985,-0.00452917028956762,12
49,joint_families_larger,all,-0.016446291024935743,-0.013377523630919916,12
49,joint_families_larger,logical_deduction,-0.010967166711539234,-0.011406852103244271,12
49,joint_families_larger,tracking_shuffled_objects,-0.021925415338332248,-0.015348195158595562,12
50,joint_families,all,-0.008202635488638138,-0.00885617362673271,11
50,joint_families,logical_deduction,-0.011520067010194437,-0.013362796290155163,11
50,joint_families,tracking_shuffled_objects,-0.00488520396708184,-0.004349550963310257,11
50,joint_families_larger,all,-0.02603926145657165,-0.031221565620764336,11
50,joint_families_larger,logical_deduction,-0.014547708250932394,-0.022579035381157034,11
50,joint_families_larger,tracking_shuffled_objects,-0.0375308146622109,-0.03986409586037163,11
51,joint_families,all,-0.010073886875643933,-0.012373544502900976,14
51,joint_families,logical_deduction,-0.014564593030614567,-0.018590836538281315,14
51,joint_families,tracking_shuffled_objects,-0.005583180720673301,-0.006156252467520639,14
51,joint_families_larger,all,-0.021864537330862622,-0.02950324437951337,14
51,joint_families_larger,logical_deduction,0.007322243285299712,0.012091517543869841,14
51,joint_families_larger,tracking_shuffled_objects,-0.05105131794702496,-0.07109800630289657,14
52,joint_families,all,-0.00911323961819575,-0.00912375689867397,13
52,joint_families,logical_deduction,-0.013736008765723307,-0.014324966988403126,13
52,joint_families,tracking_shuffled_objects,-0.004490470470668191,-0.003922546808944815,13
52,joint_families_larger,all,-0.02235112193592643,-0.01792798042904723,13
52,joint_families_larger,logical_deduction,-0.004234427620213296,0.004049585747476446,13
52,joint_families_larger,tracking_shuffled_objects,-0.04046781625163957,-0.0399055466055709,13
53,joint_families,all,-0.011467867452214722,-0.011627951124934232,15
53,joint_families,logical_deduction,-0.019109332516005873,-0.020193601359142097,15
53,joint_families,tracking_shuffled_objects,-0.0038264023884235724,-0.0030623008907263672,15
53,joint_families_larger,all,-0.024900081896760292,-0.01845247514519325,15
53,joint_families_larger,logical_deduction,0.006767714493675528,0.015516891303120683,15
53,joint_families_larger,tracking_shuffled_objects,-0.05656787828719611,-0.05242184159350719,15
54,joint_families,all,-0.008425816227506133,-0.009846272583744282,14
54,joint_families,logical_deduction,-0.01147503736803591,-0.014404053972441915,14
54,joint_families,tracking_shuffled_objects,-0.0053765950869763554,-0.00528849119504665,14
54,joint_families_larger,all,-0.011518943927421027,-0.008943419871869293,14
54,joint_families_larger,logical_deduction,0.006116358421536903,0.012790495374967136,14
54,joint_families_larger,tracking_shuffled_objects,-0.02915424627637896,-0.03067733511870572,14
55,joint_families,all,-0.008715012248635839,-0.00971836910448181,11
55,joint_families,logical_deduction,-0.013457333650903059,-0.015242563556984926,11
55,joint_families,tracking_shuffled_objects,-0.003972690846368619,-0.004194174651978692,11
55,joint_families_larger,all,-0.028801915704432083,-0.032420544472233755,11
55,joint_families_larger,logical_deduction,-0.004267489445578538,-0.00482807378009425,11
55,joint_families_larger,tracking_shuffled_objects,-0.053336341963285634,-0.060013015164373275,11
56,joint_families,all,-0.010003985160953102,-0.012497551991370974,12
56,joint_families,logical_deduction,-0.014153734206197454,-0.019094575877260666,12
56,joint_families,tracking_shuffled_objects,-0.005854236115708742,-0.005900528105481283,12
56,joint_families_larger,all,-0.023334294425574605,-0.028253156464642472,12
56,joint_families_larger,logical_deduction,0.007913499675469652,0.021630490851785894,12
56,joint_families_larger,tracking_shuffled_objects,-0.05458208852661886,-0.07813680378107082,12
57,joint_families,all,-0.009655716132977265,-0.012309179583116118,12
57,joint_families,logical_deduction,-0.013167318244895993,-0.019110255410945163,12
57,joint_families,tracking_shuffled_objects,-0.006144114021058536,-0.005508103755287071,12
57,joint_families_larger,all,-0.020675098083648858,-0.024914283368754155,12
57,joint_families_larger,logical_deduction,0.00020499176978964215,0.012990203410742215,12
57,joint_families_larger,tracking_shuffled_objects,-0.04155518793708735,-0.06281877014825053,12
58,joint_families,all,-0.009315612128044876,-0.011187555939778234,13
58,joint_families,logical_deduction,-0.012960261155464378,-0.016840603881679222,13
58,joint_families,tracking_shuffled_objects,-0.005670963100625374,-0.005534507997877245,13
58,joint_families_larger,all,-0.03605074013246211,-0.030230907583774398,13
58,joint_families_larger,logical_deduction,-0.018501438707016545,-0.013466161604167004,13
58,joint_families_larger,tracking_shuffled_objects,-0.05360004155790766,-0.04699565356338178,13
59,joint_families,all,-0.01068358843799744,-0.011643187472685085,12
59,joint_families,logical_deduction,-0.017279341088487627,-0.019620509391876914,12
59,joint_families,tracking_shuffled_objects,-0.004087835787507252,-0.003665865553493257,12
59,joint_families_larger,all,-0.03244742943162661,-0.019773837719061528,12
59,joint_families_larger,logical_deduction,-0.0076211494169474625,0.004871556297746172,12
59,joint_families_larger,tracking_shuffled_objects,-0.05727370944630575,-0.04441923173586923,12
60,joint_families,all,-0.008440282142024665,-0.009682087829361637,12
60,joint_families,logical_deduction,-0.01259754917346449,-0.014872739513400204,12
60,joint_families,tracking_shuffled_objects,-0.0042830151105848376,-0.004491436145323071,12
60,joint_families_larger,all,-0.02308399211659392,-0.023132804704698112,12
60,joint_families_larger,logical_deduction,0.0015790788944237786,0.005175367735694275,12
60,joint_families_larger,tracking_shuffled_objects,-0.047747063127611615,-0.051440977145090494,12
61,joint_families,all,-0.008570738375865868,-0.009088292187382819,14
61,joint_families,logical_deduction,-0.012457449535940551,-0.01391247081230602,14
61,joint_families,tracking_shuffled_objects,-0.004684027215791182,-0.00426411356245962,14
61,joint_families_larger,all,-0.012507534507852766,-0.007118576217323177,14
61,joint_families_larger,logical_deduction,-0.0009608167107353497,0.004444954217416256,14
61,joint_families_larger,tracking_shuffled_objects,-0.024054252304970183,-0.018682106652062616,14
62,joint_families,all,-0.01090988016506438,-0.011505880216154767,11
62,joint_families,logical_deduction,-0.016336315487523356,-0.017778754121439953,11
62,joint_families,tracking_shuffled_objects,-0.0054834448426054035,-0.005233006310869584,11
62,joint_families_larger,all,-0.02331930323530293,-0.022099590324945913,11
62,joint_families_larger,logical_deduction,0.007414155723601983,0.012194435329764641,11
62,joint_families_larger,tracking_shuffled_objects,-0.05405276219420785,-0.056393615979656475,11
63,joint_families,all,-0.007063701641023844,-0.008206608039787887,12
63,joint_families,logical_deduction,-0.01143966080319805,-0.013462660339948024,12
63,joint_families,tracking_shuffled_objects,-0.002687742478849636,-0.002950555739627752,12
63,joint_families_larger,all,-0.02060841338979728,-0.018759155762756868,12
63,joint_families_larger,logical_deduction,0.0085865166719817,0.011840324905702419,12
63,joint_families_larger,tracking_shuffled_objects,-0.04980334345157627,-0.049358636431216144,12
64,joint_families,all,-0.011824666983231407,-0.012119554161907395,13
64,joint_families,logical_deduction,-0.017269996139029343,-0.01832871584408204,13
64,joint_families,tracking_shuffled_objects,-0.006379337827433474,-0.005910392479732753,13
64,joint_families_larger,all,-0.036286872536502715,-0.02175263491944792,13
64,joint_families_larger,logical_deduction,-0.024776875550506606,-0.003403483240557363,13
64,joint_families_larger,tracking_shuffled_objects,-0.04779686952249882,-0.04010178659833848,13
65,joint_families,all,-0.007666904340941647,-0.008119185066226973,14
65,joint_families,logical_deduction,-0.012744943592227586,-0.013711875227911605,14
65,joint_families,tracking_shuffled_objects,-0.0025888650896557074,-0.0025264949045423362,14
65,joint_families_larger,all,-0.015676141805672693,-0.008995051875231998,14
65,joint_families_larger,logical_deduction,-0.0017749979762680932,0.004880393419307133,14
65,joint_families_larger,tracking_shuffled_objects,-0.02957728563507729,-0.022870497169771124,14
66,joint_families,all,-0.009219400955816267,-0.010208611490630168,14
66,joint_families,logical_deduction,-0.015435083314904398,-0.018458525066452437,14
66,joint_families,tracking_shuffled_objects,-0.003003718596728134,-0.0019586979148078997,14
66,joint_families_larger,all,-0.022376836365026385,-0.014137012315097744,14
66,joint_families_larger,logical_deduction,-0.008879849204769023,-0.0035209471579293926,14
66,joint_families_larger,tracking_shuffled_objects,-0.03587382352528376,-0.024753077472266106,14
67,joint_families,all,-0.00918858605966807,-0.01019216565865372,13
67,joint_families,logical_deduction,-0.014310677584431651,-0.017147841973818505,13
67,joint_families,tracking_shuffled_objects,-0.004066494534904486,-0.003236489343488929,13
67,joint_families_larger,all,-0.023532776160304667,-0.02336092348739751,13
67,joint_families_larger,logical_deduction,0.004319375611103845,0.010224252984301426,13
67,joint_families_larger,tracking_shuffled_objects,-0.051384927931713176,-0.056946099959096455,13
68,joint_families,all,-0.007889278226762223,-0.009796536265378368,14
68,joint_families,logical_deduction,-0.011439167286246773,-0.015733217410088478,14
68,joint_families,tracking_shuffled_objects,-0.004339389167277675,-0.00385985512066826,14
68,joint_families_larger,all,-0.01564572497091113,-0.012511045298401732,14
68,joint_families_larger,logical_deduction,-0.0011670661410395052,0.0024113360975608926,14
68,joint_families_larger,tracking_shuffled_objects,-0.030124383800782754,-0.027433426694364355,14
69,joint_families,all,-0.009931852658039421,-0.010918025567300486,13
69,joint_families,logical_deduction,-0.013920133470238039,-0.016617764896141713,13
69,joint_families,tracking_shuffled_objects,-0.005943571845840807,-0.005218286238459257,13
69,joint_families_larger,all,-0.0233259326629291,-0.024175399994746893,13
69,joint_families_larger,logical_deduction,-0.005251093155137352,-0.002329370175475414,13
69,joint_families_larger,tracking_shuffled_objects,-0.041400772170720856,-0.04602142981401837,13
70,joint_families,all,-0.0074293850099225855,-0.009457675455093361,12
70,joint_families,logical_deduction,-0.01070205123602135,-0.014878156844140192,12
70,joint_families,tracking_shuffled_objects,-0.004156718783823822,-0.004037194066046532,12
70,joint_families_larger,all,-0.024791078578587908,-0.025654683583526332,12
70,joint_families_larger,logical_deduction,-0.013570635470216355,-0.016442504078185493,12
70,joint_families_larger,tracking_shuffled_objects,-0.03601152168695946,-0.034866863088867155,12
71,joint_families,all,-0.009592833379491858,-0.010633238277725447,15
71,joint_families,logical_deduction,-0.013651872453694666,-0.015892844202314158,15
71,joint_families,tracking_shuffled_objects,-0.005533794305289053,-0.00537363235313673,15
71,joint_families_larger,all,-0.01573256244729434,-0.014683281940581305,15
71,joint_families_larger,logical_deduction,0.009036797417027655,0.01566795741168369,15
71,joint_families_larger,tracking_shuffled_objects,-0.04050192231161633,-0.0450345212928463,15
72,joint_families,all,-0.00821892857651964,-0.009757124418423838,12
72,joint_families,logical_deduction,-0.0119016010798198,-0.01624789816517381,12
72,joint_families,tracking_shuffled_objects,-0.004536256073219481,-0.003266350671673868,12
72,joint_families_larger,all,-0.014463548331341084,-0.012663976784316477,12
72,joint_families_larger,logical_deduction,0.004788179668494217,0.012465102493153909,12
72,joint_families_larger,tracking_shuffled_objects,-0.03371527633117638,-0.037793056061786866,12
73,joint_families,all,-0.011265447169279094,-0.012417393825337257,14
73,joint_families,logical_deduction,-0.016175152798073758,-0.018513522470930632,14
73,joint_families,tracking_shuffled_objects,-0.006355741540484431,-0.006321265179743876,14
73,joint_families_larger,all,-0.025142217238262952,-0.025120113000850996,14
73,joint_families_larger,logical_deduction,0.003613313411617451,0.008663366579082354,14
73,joint_families_larger,tracking_shuffled_objects,-0.05389774788814335,-0.05890359258078435,14
74,joint_families,all,-0.007938169873078464,-0.010189761215907232,11
74,joint_families,logical_deduction,-0.009954136259107217,-0.014480076248432816,11
74,joint_families,tracking_shuffled_objects,-0.005922203487049714,-0.005899446183381648,11
74,joint_families_larger,all,-0.023047449397640335,-0.034027566289855066,11
74,joint_families_larger,logical_deduction,-0.005903821649806153,-0.003040308048941198,11
74,joint_families_larger,tracking_shuffled_objects,-0.04019107714547452,-0.06501482453076893,11
75,joint_families,all,-0.00797089128272994,-0.008494912884437942,11
75,joint_families,logical_deduction,-0.011219542814498223,-0.013060570908575101,11
75,joint_families,tracking_shuffled_objects,-0.004722239750961657,-0.003929254860300784,11
75,joint_families_larger,all,-0.010392111091789016,-0.0057278090812505796,11
75,joint_families_larger,logical_deduction,-0.00307405546869547,-0.000510664312345661,11
75,joint_families_larger,tracking_shuffled_objects,-0.017710166714882566,-0.010944953850155495,11
76,joint_families,all,-0.01080524166990114,-0.011847713847721219,12
76,joint_families,logical_deduction,-0.015214059338661441,-0.018661780550314384,12
76,joint_families,tracking_shuffled_objects,-0.006396424001140835,-0.0050336471451280585,12
76,joint_families_larger,all,-0.031038419316319427,-0.031769450213659525,12
76,joint_families_larger,logical_deduction,-0.009938188558948352,-0.006759877380510706,12
76,joint_families_larger,tracking_shuffled_objects,-0.05213865007369049,-0.05677902304680834,12
77,joint_families,all,-0.009757128994752663,-0.010452968258754736,13
77,joint_families,logical_deduction,-0.01494908217387163,-0.0175444036973788,13
77,joint_families,tracking_shuffled_objects,-0.004565175815633695,-0.0033615328201306686,13
77,joint_families_larger,all,-0.020582642383257993,-0.015801301405857747,13
77,joint_families_larger,logical_deduction,-0.0034646122361132953,0.001567772054044278,13
77,joint_families_larger,tracking_shuffled_objects,-0.0377006725304027,-0.03317037486575977,13
78,joint_families,all,-0.008702427462313691,-0.010870992431180875,13
78,joint_families,logical_deduction,-0.011548439227093747,-0.015808271000460887,13
78,joint_families,tracking_shuffled_objects,-0.005856415697533636,-0.005933713861900868,13
78,joint_families_larger,all,-0.019749600163502887,-0.01585356652904323,13
78,joint_families_larger,logical_deduction,0.0006245268297365101,0.014034571078090788,13
78,joint_families_larger,tracking_shuffled_objects,-0.04012372715674228,-0.04574170413617725,13
79,joint_families,all,-0.008472081663852438,-0.010188425731626378,11
79,joint_families,logical_deduction,-0.01267712825666921,-0.016597736600908693,11
79,joint_families,tracking_shuffled_objects,-0.004267035071035666,-0.003779114862344061,11
79,joint_families_larger,all,-0.01879771736580375,-0.011092412789359442,11
79,joint_families_larger,logical_deduction,-0.012777176056027914,-0.007307483266106703,11
79,joint_families_larger,tracking_shuffled_objects,-0.02481825867557959,-0.01487734231261218,11
80,joint_families,all,-0.009386821151009448,-0.01082249210249156,13
80,joint_families,logical_deduction,-0.013959966346873584,-0.016548093986616285,13
80,joint_families,tracking_shuffled_objects,-0.004813675955145312,-0.0050968902183668365,13
80,joint_families_larger,all,-0.023469884021975074,-0.026138027392060142,13
80,joint_families_larger,logical_deduction,0.008986319172139413,0.01353887521087078,13
80,joint_families_larger,tracking_shuffled_objects,-0.05592608721608955,-0.06581492999499108,13
81,joint_families,all,-0.007785802037343849,-0.009206023117439453,11
81,joint_families,logical_deduction,-0.01284508801347921,-0.0156391161336155,11
81,joint_families,tracking_shuffled_objects,-0.0027265160612084845,-0.0027729301012634003,11
81,joint_families_larger,all,-0.023734132552224597,-0.026944563358049973,11
81,joint_families_larger,logical_deduction,-0.010316095352576337,-0.014133209059104163,11
81,joint_families_larger,tracking_shuffled_objects,-0.037152169751872854,-0.039755917656995765,11
82,joint_families,all,-0.007972237707231511,-0.008715908627222317,10
82,joint_families,logical_deduction,-0.011328921303605471,-0.01254516759132247,10
82,joint_families,tracking_shuffled_objects,-0.004615554110857553,-0.004886649663122166,10
82,joint_families_larger,all,-0.027358377320413255,-0.030229272307569256,10
82,joint_families_larger,logical_deduction,-0.005879325278742991,-0.004725756502733431,10
82,joint_families_larger,tracking_shuffled_objects,-0.048837429362083525,-0.05573278811240506,10
83,joint_families,all,-0.008159514870732201,-0.008987710469508541,14
83,joint_families,logical_deduction,-0.01052098566079316,-0.01246579464383457,14
83,joint_families,tracking_shuffled_objects,-0.005798044080671246,-0.00550962629518251,14
83,joint_families_larger,all,-0.01653771971619962,-0.02250988675912361,14
83,joint_families_larger,logical_deduction,0.000989782952209305,-0.0008425035266383218,14
83,joint_families_larger,tracking_shuffled_objects,-0.034065222384608546,-0.044177269991608904,14
84,joint_families,all,-0.01096263422992391,-0.012524770393954046,13
84,joint_families,logical_deduction,-0.016988980423602015,-0.020520118602049487,13
84,joint_families,tracking_shuffled_objects,-0.004936288036245805,-0.004529422185858605,13
84,joint_families_larger,all,-0.017836532542177316,-0.012397193206039256,13
84,joint_families_larger,logical_deduction,0.010755535358173002,0.021962504601241533,13
84,joint_families_larger,tracking_shuffled_objects,-0.046428600442527626,-0.04675689101332005,13
85,joint_families,all,-0.009486242694937086,-0.00968076190573436,14
85,joint_families,logical_deduction,-0.014707047382487473,-0.015489153756414112,14
85,joint_families,tracking_shuffled_objects,-0.004265438007386698,-0.003872370055054608,14
85,joint_families_larger,all,-0.02671523981942859,-0.020413708965175525,14
85,joint_families_larger,logical_deduction,-0.01271992184248986,0.0006810721779047555,14
85,joint_families_larger,tracking_shuffled_objects,-0.04071055779636732,-0.0415084901082558,14
86,joint_families,all,-0.007880334875839388,-0.00873022424045108,12
86,joint_families,logical_deduction,-0.011658139805467543,-0.013004666253126438,12
86,joint_families,tracking_shuffled_objects,-0.004102529946211232,-0.004455782227775721,12
86,joint_families_larger,all,-0.030825265672097108,-0.03049478288759791,12
86,joint_families_larger,logical_deduction,-0.003959646679839955,-0.002063133480095233,12
86,joint_families_larger,tracking_shuffled_objects,-0.05769088466435426,-0.0589264322951006,12
87,joint_families,all,-0.009233821986504503,-0.010336605351997638,15
87,joint_families,logical_deduction,-0.013774261881084758,-0.017190904876088105,15
87,joint_families,tracking_shuffled_objects,-0.004693382091924245,-0.0034823058279071705,15
87,joint_families_larger,all,-0.016533774100892268,-0.013994329665034454,15
87,joint_families_larger,logical_deduction,0.002520867422738827,0.009200240924841615,15
87,joint_families_larger,tracking_shuffled_objects,-0.035588415624523376,-0.03718890025491053,15
88,joint_families,all,-0.01013183984593552,-0.00984976293751748,13
88,joint_families,logical_deduction,-0.015071353489652923,-0.015400489673970027,13
88,joint_families,tracking_shuffled_objects,-0.005192326202218118,-0.00429903620106493,13
88,joint_families_larger,all,-0.032649922864464054,-0.023423278064127043,13
88,joint_families_larger,logical_deduction,-0.022003605397304966,-0.013870050918043178,13
88,joint_families_larger,tracking_shuffled_objects,-0.043296240331623125,-0.03297650521021093,13
89,joint_families,all,-0.00907721527045534,-0.010203879326460615,14
89,joint_families,logical_deduction,-0.012845390911408117,-0.015406601666251313,14
89,joint_families,tracking_shuffled_objects,-0.005309039629502561,-0.005001156986669915,14
89,joint_families_larger,all,-0.015761358353227492,-0.012176946201959162,14
89,joint_families_larger,logical_deduction,0.002687188743633487,0.009226111085682703,14
89,joint_families_larger,tracking_shuffled_objects,-0.03420990545008847,-0.03358000348960103,14
90,joint_families,all,-0.010066880843375588,-0.011932879067465003,14
90,joint_families,logical_deduction,-0.014463385342338129,-0.01958771491236123,14
90,joint_families,tracking_shuffled_objects,-0.005670376344413048,-0.004278043222568776,14
90,joint_families_larger,all,-0.019531710112131895,-0.011208554818942016,14
90,joint_families_larger,logical_deduction,0.0032501793754291567,0.015070381335794275,14
90,joint_families_larger,tracking_shuffled_objects,-0.04231359959969295,-0.0374874909736783,14
91,joint_families,all,-0.008392165943896104,-0.008485980558347653,11
91,joint_families,logical_deduction,-0.0141535103259586,-0.015162648019796703,11
91,joint_families,tracking_shuffled_objects,-0.002630821561833607,-0.001809313096898603,11
91,joint_families_larger,all,-0.015632421019495777,-0.010761925627164607,11
91,joint_families_larger,logical_deduction,0.0038094606637069112,0.008798817640471104,11
91,joint_families_larger,tracking_shuffled_objects,-0.035074302702698464,-0.03032266889480032,11
92,joint_families,all,-0.011642052576337795,-0.012442218721228583,11
92,joint_families,logical_deduction,-0.01675219559536311,-0.018654162111053096,11
92,joint_families,tracking_shuffled_objects,-0.006531909557312481,-0.006230275331404069,11
92,joint_families_larger,all,-0.01844555305611514,-0.021326283926891593,11
92,joint_families_larger,logical_deduction,0.015200881963274323,0.01905271996030234,11
92,joint_families_larger,tracking_shuffled_objects,-0.0520919880755046,-0.06170528781408553,11
93,joint_families,all,-0.010172909994440685,-0.01101974466501556,13
93,joint_families,logical_deduction,-0.014767509954627908,-0.016981996874393293,13
93,joint_families,tracking_shuffled_objects,-0.005578310034253466,-0.0050574924556378255,13
93,joint_families_larger,all,-0.02439942317617822,-0.017592516843948497,13
93,joint_families_larger,logical_deduction,-0.015258804898783328,-0.004131698030250942,13
93,joint_families_larger,tracking_shuffled_objects,-0.033540041453573116,-0.031053335657646054,13
94,joint_families,all,-0.009711648213684575,-0.010984568845294739,13
94,joint_families,logical_deduction,-0.01447033496346211,-0.017530049094566062,13
94,joint_families,tracking_shuffled_objects,-0.0049529614639070435,-0.004439088596023414,13
94,joint_families_larger,all,-0.019880783883038104,-0.01604703490075072,13
94,joint_families_larger,logical_deduction,-0.010046419927767615,-0.0036930212705071964,13
94,joint_families_larger,tracking_shuffled_objects,-0.029715147838308587,-0.028401048530994226,13
95,joint_families,all,-0.009937675931160048,-0.00978545346365853,13
95,joint_families,logical_deduction,-0.016196575617239854,-0.016412050647973915,13
95,joint_families,tracking_shuffled_objects,-0.003678776245080246,-0.0031588562793431396,13
95,joint_families_larger,all,-0.02238887238811895,-0.012892443933959696,13
95,joint_families_larger,logical_deduction,-0.012422989225037664,-0.005524588258048051,13
95,joint_families_larger,tracking_shuffled_objects,-0.032354755551200244,-0.020260299609871343,13
96,joint_families,all,-0.007873488261158287,-0.010615740389122085,13
96,joint_families,logical_deduction,-0.01160013203712926,-0.01718461505557642,13
96,joint_families,tracking_shuffled_objects,-0.004146844485187314,-0.004046865722667751,13
96,joint_families_larger,all,-0.014495137293667686,-0.019605245705201464,13
96,joint_families_larger,logical_deduction,0.00016879884704686346,0.002310915472330104,13
96,joint_families_larger,tracking_shuffled_objects,-0.02915907343438223,-0.04152140688273304,13
97,joint_families,all,-0.009262947699633421,-0.01023467267396018,12
97,joint_families,logical_deduction,-0.012119281525862391,-0.014304171614081517,12
97,joint_families,tracking_shuffled_objects,-0.006406613873404449,-0.006165173733838838,12
97,joint_families_larger,all,-0.018858349338981298,-0.02714536584253415,12
97,joint_families_larger,logical_deduction,-0.009595894939788316,-0.020629289716492475,12
97,joint_families_larger,tracking_shuffled_objects,-0.02812080373817429,-0.03366144196857583,12
98,joint_families,all,-0.009760959864286855,-0.009979025302720579,14
98,joint_families,logical_deduction,-0.013953456107028023,-0.015030714289558631,14
98,joint_families,tracking_shuffled_objects,-0.005568463621545692,-0.004927336315882525,14
98,joint_families_larger,all,-0.01882273686442015,-0.014670779659485576,14
98,joint_families_larger,logical_deduction,-0.009167097004898449,-0.00463599823072119,14
98,joint_families_larger,tracking_shuffled_objects,-0.028478376723941847,-0.02470556108824996,14
99,joint_families,all,-0.0104150427418817,-0.011157179297405303,12
99,joint_families,logical_deduction,-0.014335050454041397,-0.016291330290869814,12
99,joint_families,tracking_shuffled_objects,-0.006495035029722007,-0.0060230283039407915,12
99,joint_families_larger,all,-0.01818238140172727,-0.01547986289719712,12
99,joint_families_larger,logical_deduction,0.0005685028216666982,0.005151732625807138,12
99,joint_families_larger,tracking_shuffled_objects,-0.036933265625121246,-0.036111458420201366,12
100,joint_families,all,-0.009548867442322173,-0.010183947395235513,15
100,joint_families,logical_deduction,-0.014885016533372339,-0.016198836982718956,15
100,joint_families,tracking_shuffled_objects,-0.004212718351272004,-0.004169057807752067,15
100,joint_families_larger,all,-0.01939325469233207,-0.015776143170124386,15
100,joint_families_larger,logical_deduction,0.002162866077836158,0.008689829072235608,15
100,joint_families_larger,tracking_shuffled_objects,-0.040949375462500284,-0.04024211541248438,15
101,joint_families,all,-0.0069200428264417435,-0.007819627360115895,13
101,joint_families,logical_deduction,-0.009146653957542859,-0.011644641658475351,13
101,joint_families,tracking_shuffled_objects,-0.004693431695340628,-0.0039946130617564395,13
101,joint_families_larger,all,-0.012726125843183623,-0.014406301639343418,13
101,joint_families_larger,logical_deduction,0.0032669394450623957,0.006585636980977772,13
101,joint_families_larger,tracking_shuffled_objects,-0.02871919113142964,-0.03539824025966461,13
102,joint_families,all,-0.01013438375328212,-0.010383049808416756,12
102,joint_families,logical_deduction,-0.014584806048095348,-0.015470670144210635,12
102,joint_families,tracking_shuffled_objects,-0.005683961458468892,-0.005295429472622875,12
102,joint_families_larger,all,-0.025872272328816896,-0.029016999966349027,12
102,joint_families_larger,logical_deduction,-0.008375161050749926,-0.006058042232646199,12
102,joint_families_larger,tracking_shuffled_objects,-0.04336938360688387,-0.051975957700051846,12
103,joint_families,all,-0.009651633534620426,-0.009600508068721819,11
103,joint_families,logical_deduction,-0.017130246196583595,-0.018169766880474888,11
103,joint_families,tracking_shuffled_objects,-0.002173020872657253,-0.0010312492569687476,11
103,joint_families_larger,all,-0.025807020504440267,-0.014273569123866677,11
103,joint_families_larger,logical_deduction,-0.006679587535745088,0.004382158314121197,11
103,joint_families_larger,tracking_shuffled_objects,-0.04493445347313545,-0.032929296561854546,11
104,joint_families,all,-0.009806646366221116,-0.011809511329375475,14
104,joint_families,logical_deduction,-0.013989937120854902,-0.018191801630587978,14
104,joint_families,tracking_shuffled_objects,-0.005623355611587336,-0.005427221028162968,14
104,joint_families_larger,all,-0.017170173717332697,-0.015494457973515976,14
104,joint_families_larger,logical_deduction,0.010335217699342458,0.0180428771477711,14
104,joint_families_larger,tracking_shuffled_objects,-0.044675565134007854,-0.04903179309480306,14
105,joint_families,all,-0.009106321408876548,-0.009178972392181645,13
105,joint_families,logical_deduction,-0.014267862548117533,-0.014575040849408047,13
105,joint_families,tracking_shuffled_objects,-0.0039447802696355614,-0.0037829039349552415,13
105,joint_families_larger,all,-0.023517415910500977,-0.01927912074634604,13
105,joint_families_larger,logical_deduction,-0.0016775851384726631,0.0032985021364622578,13
105,joint_families_larger,tracking_shuffled_objects,-0.0453572466825293,-0.04185674362915435,13
106,joint_families,all,-0.00995162993839481,-0.010743675267998697,14
106,joint_families,logical_deduction,-0.014126653443689489,-0.01690367948551892,14
106,joint_families,tracking_shuffled_objects,-0.005776606433100129,-0.004583671050478471,14
106,joint_families_larger,all,-0.021400476744966705,-0.022633460246806812,14
106,joint_families_larger,logical_deduction,-0.001612988845532423,0.002132888579008215,14
106,joint_families_larger,tracking_shuffled_objects,-0.041187964644400984,-0.04739980907262184,14
107,joint_families,all,-0.008615569755109487,-0.010015219631324323,13
107,joint_families,logical_deduction,-0.011525763995001508,-0.014437321427688745,13
107,joint_families,tracking_shuffled_objects,-0.005705375515217464,-0.005593117834959905,13
107,joint_families_larger,all,-0.017506307826094167,-0.015483928528376401,13
107,joint_families_larger,logical_deduction,-0.007693005877169241,-0.0009565992151402004,13
107,joint_families_larger,tracking_shuffled_objects,-0.02731960977501909,-0.0300112578416126,13
108,joint_families,all,-0.007795847801117568,-0.009594935394001193,12
108,joint_families,logical_deduction,-0.010969474515871038,-0.013390228777495572,12
108,joint_families,tracking_shuffled_objects,-0.004622221086364099,-0.005799642010506813,12
108,joint_families_larger,all,-0.019577823013814024,-0.025691749897060485,12
108,joint_families_larger,logical_deduction,0.007608525077882013,0.010277403455746443,12
108,joint_families_larger,tracking_shuffled_objects,-0.04676417110551006,-0.061660903249867414,12
109,joint_families,all,-0.008800951310889689,-0.010148113668580927,13
109,joint_families,logical_deduction,-0.01303540130964693,-0.01514468835507964,13
109,joint_families,tracking_shuffled_objects,-0.004566501312132444,-0.005151538982082215,13
109,joint_families_larger,all,-0.023929593036708878,-0.02207842932967542,13
109,joint_families_larger,logical_deduction,-0.0014898079233599789,0.0037159198908738545,13
109,joint_families_larger,tracking_shuffled_objects,-0.04636937815005777,-0.04787277855022469,13
110,joint_families,all,-0.010285060343209093,-0.012028732747865027,14
110,joint_families,logical_deduction,-0.014361242500529049,-0.017446063379611777,14
110,joint_families,tracking_shuffled_objects,-0.006208878185889138,-0.006611402116118275,14
110,joint_families_larger,all,-0.012379233662986175,-0.012505596619819417,14
110,joint_families_larger,logical_deduction,0.011822423465177576,0.01730400455457221,14
110,joint_families_larger,tracking_shuffled_objects,-0.03658089079114993,-0.04231519779421104,14
111,joint_families,all,-0.010157905555922397,-0.011126994580920811,14
111,joint_families,logical_deduction,-0.014104040887694005,-0.016050856470386943,14
111,joint_families,tracking_shuffled_objects,-0.006211770224150792,-0.0062031326914546775,14
111,joint_families_larger,all,-0.018609467690412593,-0.0227075236682265,14
111,joint_families_larger,logical_deduction,0.007669041666982556,0.012126048677779111,14
111,joint_families_larger,tracking_shuffled_objects,-0.04488797704780775,-0.057541096014232115,14
112,joint_families,all,-0.007711343931161753,-0.008726192676440304,13
112,joint_families,logical_deduction,-0.011483325578271584,-0.01347127588252223,13
112,joint_families,tracking_shuffled_objects,-0.00393936228405192,-0.0039811094703583825,13
112,joint_families_larger,all,-0.013635485323154674,-0.011094451657885968,13
112,joint_families_larger,logical_deduction,0.006523806191591567,0.010516371661473203,13
112,joint_families_larger,tracking_shuffled_objects,-0.03379477683790092,-0.03270527497724514,13
113,joint_families,all,-0.005581303963160803,-0.007894169212980882,11
113,joint_families,logical_deduction,-0.00801592429694262,-0.011973089367840414,11
113,joint_families,tracking_shuffled_objects,-0.0031466836293789855,-0.0038152490581213503,11
113,joint_families_larger,all,-0.014521727052360173,-0.01587849611698764,11
113,joint_families_larger,logical_deduction,0.00214768483158577,0.0060229148790824855,11
113,joint_families_larger,tracking_shuffled_objects,-0.031191138936306106,-0.03777990711305775,11
114,joint_families,all,-0.007912588202054637,-0.00901863393861647,12
114,joint_families,logical_deduction,-0.011390452351336957,-0.013245015708481939,12
114,joint_families,tracking_shuffled_objects,-0.0044347240527723205,-0.004792252168751001,12
114,joint_families_larger,all,-0.011584282472966521,-0.013190612259047416,12
114,joint_families_larger,logical_deduction,0.008689423990878218,0.011602513810074318,12
114,joint_families_larger,tracking_shuffled_objects,-0.03185798893681126,-0.03798373832816915,12
115,joint_families,all,-0.009742565082263852,-0.010986468295266177,12
115,joint_families,logical_deduction,-0.013808232601068844,-0.016421537312949215,12
115,joint_families,tracking_shuffled_objects,-0.005676897563458857,-0.005551399277583142,12
115,joint_families_larger,all,-0.018510043369807692,-0.018601080006316207,12
115,joint_families_larger,logical_deduction,-0.00686293132126315,-0.001531607206521284,12
115,joint_families_larger,tracking_shuffled_objects,-0.030157155418352243,-0.03567055280611113,12
116,joint_families,all,-0.00933762431157177,-0.01025149454350643,16
116,joint_families,logical_deduction,-0.014357987434327611,-0.01709123538331433,16
116,joint_families,tracking_shuffled_objects,-0.004317261188815933,-0.003411753703698528,16
116,joint_families_larger,all,-0.017144098890440995,-0.01750068906403455,16
116,joint_families_larger,logical_deduction,0.0010999466216237044,0.0026630720992675857,16
116,joint_families_larger,tracking_shuffled_objects,-0.035388144402505685,-0.037664450227336686,16
117,joint_families,all,-0.010661049341928514,-0.012012953575431865,14
117,joint_families,logical_deduction,-0.014640493326571843,-0.017949011520070005,14
117,joint_families,tracking_shuffled_objects,-0.006681605357285185,-0.0060768956307937225,14
117,joint_families_larger,all,-0.029399399549562846,-0.03072544912264539,14
117,joint_families_larger,logical_deduction,-0.0053452019376391945,0.004251639716398397,14
117,joint_families_larger,tracking_shuffled_objects,-0.0534535971614865,-0.06570253796168919,14
118,joint_families,all,-0.009118328342903392,-0.00990710509618956,13
118,joint_families,logical_deduction,-0.013119980237451758,-0.01502687370140165,13
118,joint_families,tracking_shuffled_objects,-0.0051166764483550255,-0.004787336490977472,13
118,joint_families_larger,all,-0.014025316323476658,-0.012064538520944117,13
118,joint_families_larger,logical_deduction,0.0059022260110693755,0.012202986709205487,13
118,joint_families_larger,tracking_shuffled_objects,-0.033952858658022694,-0.036332063751093734,13
119,joint_families,all,-0.009621541125206466,-0.009823123966454983,14
119,joint_families,logical_deduction,-0.014792397958970048,-0.01671314572722959,14
119,joint_families,tracking_shuffled_objects,-0.004450684291442881,-0.0029331022056803724,14
119,joint_families_larger,all,-0.024201581546580676,-0.010278242479082217,14
119,joint_families_larger,logical_deduction,-0.015623763209754513,-0.00214262211531305,14
119,joint_families_larger,tracking_shuffled_objects,-0.032779399883406835,-0.018413862842851382,14
120,joint_families,all,-0.00890730596686927,-0.009870587565615537,14
120,joint_families,logical_deduction,-0.014723160220973737,-0.017083646680048616,14
120,joint_families,tracking_shuffled_objects,-0.0030914517127647984,-0.0026575284511824605,14
120,joint_families_larger,all,-0.019917502467559,-0.015480826529649216,14
120,joint_families_larger,logical_deduction,0.0014586469608057636,0.01092795641917884,14
120,joint_families_larger,tracking_shuffled_objects,-0.04129365189592377,-0.041889609478477266,14
121,joint_families,all,-0.008258435336961469,-0.0102675475001949,11
121,joint_families,logical_deduction,-0.013181223569706512,-0.016529825378669948,11
121,joint_families,tracking_shuffled_objects,-0.003335647104216432,-0.004005269621719855,11
121,joint_families_larger,all,-0.01565302899487852,-0.01638263590046618,11
121,joint_families_larger,logical_deduction,0.0042494116540026435,0.00595872636513625,11
121,joint_families_larger,tracking_shuffled_objects,-0.03555546964375968,-0.038723998166068606,11
122,joint_families,all,-0.007320457844640482,-0.009227859283850797,15
122,joint_families,logical_deduction,-0.010517465629935024,-0.014618332761910723,15
122,joint_families,tracking_shuffled_objects,-0.004123450059345941,-0.003837385805790873,15
122,joint_families_larger,all,-0.015876121439427546,-0.015360914967227923,15
122,joint_families_larger,logical_deduction,0.0040201199557252845,0.010174394312345285,15
122,joint_families_larger,tracking_shuffled_objects,-0.03577236283458038,-0.04089622424680113,15
123,joint_families,all,-0.007622903881981998,-0.009305589868227302,13
123,joint_families,logical_deduction,-0.01047545670931248,-0.013517984626176968,13
123,joint_families,tracking_shuffled_objects,-0.004770351054651515,-0.005093195110277634,13
123,joint_families_larger,all,-0.014421880195585704,-0.012870581430085678,13
123,joint_families_larger,logical_deduction,0.006228470440385154,0.013848014018795887,13
123,joint_families_larger,tracking_shuffled_objects,-0.03507223083155657,-0.039589176878967236,13
124,joint_families,all,-0.010149976259338436,-0.010498795807812985,13
124,joint_families,logical_deduction,-0.014098569767321309,-0.015113038621026281,13
124,joint_families,tracking_shuffled_objects,-0.006201382751355563,-0.005884552994599694,13
124,joint_families_larger,all,-0.01875421365132179,-0.021164523352229438,13
124,joint_families_larger,logical_deduction,0.006061108612960489,0.009531694430933893,13
124,joint_families_larger,tracking_shuffled_objects,-0.043569535915604064,-0.051860741135392775,13
125,joint_families,all,-0.008622165327977955,-0.009350249522026496,15
125,joint_families,logical_deduction,-0.012742709954457797,-0.014383376672127284,15
125,joint_families,tracking_shuffled_objects,-0.00450162070149811,-0.00431712237192571,15
125,joint_families_larger,all,-0.018660178982625626,-0.020275620799526283,15
125,joint_families_larger,logical_deduction,0.003007545272489812,0.006368635640384782,15
125,joint_families_larger,tracking_shuffled_objects,-0.04032790323774107,-0.04691987723943735,15
126,joint_families,all,-0.008542939684941457,-0.009931133401876622,13
126,joint_families,logical_deduction,-0.011611314138195836,-0.014873372197619542,13
126,joint_families,tracking_shuffled_objects,-0.005474565231687079,-0.004988894606133708,13
126,joint_families_larger,all,-0.01637101620202818,-0.021004909895751826,13
126,joint_families_larger,logical_deduction,0.008497132632206824,0.016238751766999505,13
126,joint_families_larger,tracking_shuffled_objects,-0.04123916503626319,-0.058248571558503145,13
127,joint_families,all,-0.012410184157906677,-0.012954480376424788,12
127,joint_families,logical_deduction,-0.01816523073474081,-0.020458394807381534,12
127,joint_families,tracking_shuffled_objects,-0.006655137581072544,-0.005450565945468047,12
127,joint_families_larger,all,-0.0288543113381136,-0.02613645811804875,12
127,joint_families_larger,logical_deduction,0.0003507380938240106,0.005778387050266203,12
127,joint_families_larger,tracking_shuffled_objects,-0.05805936077005123,-0.05805130328636371,12
128,joint_families,all,-0.01100629184829393,-0.01245779597970929,14
128,joint_families,logical_deduction,-0.01619582717494034,-0.020711276521985084,14
128,joint_families,tracking_shuffled_objects,-0.005816756521647519,-0.004204315437433497,14
128,joint_families_larger,all,-0.018668173945774694,-0.004272803354464924,14
128,joint_families_larger,logical_deduction,-4.7933216729719095e-05,0.010240436200222757,14
128,joint_families_larger,tracking_shuffled_objects,-0.03728841467481967,-0.01878604290915261,14
129,joint_families,all,-0.008233420995713668,-0.009336817606424845,15
129,joint_families,logical_deduction,-0.010873262711425507,-0.013086678049050754,15
129,joint_families,tracking_shuffled_objects,-0.005593579280001829,-0.005586957163798936,15
129,joint_families_larger,all,-0.012793517801606206,-0.015644165301544038,15
129,joint_families_larger,logical_deduction,0.0030995482883865795,0.006010968434679013,15
129,joint_families_larger,tracking_shuffled_objects,-0.028686583891598987,-0.03729929903776709,15
130,joint_families,all,-0.007726986066076041,-0.007816251902701219,11
130,joint_families,logical_deduction,-0.01024707498664268,-0.011231730600327774,11
130,joint_families,tracking_shuffled_objects,-0.005206897145509397,-0.0044007732050746606,11
130,joint_families_larger,all,-0.013351449693691833,-0.012990390832460855,11
130,joint_families_larger,logical_deduction,-0.0014799426183151798,0.0011159186332027559,11
130,joint_families_larger,tracking_shuffled_objects,-0.025222956769068498,-0.027096700298124464,11
131,joint_families,all,-0.008287985083806224,-0.009835028227503744,13
131,joint_families,logical_deduction,-0.013129435117036117,-0.015804968116007123,13
131,joint_families,tracking_shuffled_objects,-0.0034465350505763276,-0.003865088339000358,13
131,joint_families_larger,all,-0.027317886170992848,-0.02872888690755763,13
131,joint_families_larger,logical_deduction,0.004324442417441586,0.011415386977527153,13
131,joint_families_larger,tracking_shuffled_objects,-0.05896021475942727,-0.0688731607926424,13
132,joint_families,all,-0.010603611051530907,-0.012053128363842775,14
132,joint_families,logical_deduction,-0.015451129015597335,-0.01858739751963706,14
132,joint_families,tracking_shuffled_objects,-0.00575609308746448,-0.0055188592080484804,14
132,joint_families_larger,all,-0.022288884240815935,-0.022057489453712605,14
132,joint_families_larger,logical_deduction,0.002333622205285243,0.008534934092338842,14
132,joint_families_larger,tracking_shuffled_objects,-0.04691139068691712,-0.052649912999764056,14
133,joint_families,all,-0.010275615640452191,-0.009872151187531073,12
133,joint_families,logical_deduction,-0.014826619037435564,-0.01567193287043773,12
133,joint_families,tracking_shuffled_objects,-0.005724612243468813,-0.004072369504624419,12
133,joint_families_larger,all,-0.03402518356582051,-0.026655322837675834,12
133,joint_families_larger,logical_deduction,-0.03320445385717368,-0.029749138663434004,12
133,joint_families_larger,tracking_shuffled_objects,-0.03484591327446737,-0.02356150701191766,12
134,joint_families,all,-0.007338532378039767,-0.007558410950118247,13
134,joint_families,logical_deduction,-0.012215598252588979,-0.013207189356113291,13
134,joint_families,tracking_shuffled_objects,-0.0024614665034905564,-0.0019096325441232058,13
134,joint_families_larger,all,-0.025924075814084242,-0.01868290546929672,13
134,joint_families_larger,logical_deduction,-0.007646837603770039,0.0008455939540934568,13
134,joint_families_larger,tracking_shuffled_objects,-0.04420131402439845,-0.03821140489268689,13
135,joint_families,all,-0.008213002257135857,-0.008402501176337769,12
135,joint_families,logical_deduction,-0.012867469178019827,-0.013929352567681935,12
135,joint_families,tracking_shuffled_objects,-0.0035585353362518855,-0.002875649784993605,12
135,joint_families_larger,all,-0.02505414442453801,-0.022156916647081366,12
135,joint_families_larger,logical_deduction,0.0003555941137101409,0.006706758693916931,12
135,joint_families_larger,tracking_shuffled_objects,-0.05046388296278616,-0.051020591988079664,12
136,joint_families,all,-0.01162997449424668,-0.011803675299157147,14
136,joint_families,logical_deduction,-0.019692210299135073,-0.020871880479166726,14
136,joint_families,tracking_shuffled_objects,-0.003567738689358292,-0.0027354701191475645,14
136,joint_families_larger,all,-0.02775193624169033,-0.01617838019168148,14
136,joint_families_larger,logical_deduction,-0.0009891039476492914,0.009955206408790206,14
136,joint_families_larger,tracking_shuffled_objects,-0.05451476853573136,-0.042311966792153155,14
137,joint_families,all,-0.009140571080930119,-0.009967948322782392,13
137,joint_families,logical_deduction,-0.01341566615438385,-0.01606620343698105,13
137,joint_families,tracking_shuffled_objects,-0.004865476007476387,-0.0038696932085837297,13
137,joint_families_larger,all,-0.02060591891038715,-0.015042743417835685,13
137,joint_families_larger,logical_deduction,-0.009459300483062535,-0.007263046640865349,13
137,joint_families_larger,tracking_shuffled_objects,-0.03175253733771176,-0.022822440194806018,13
138,joint_families,all,-0.010980229699415684,-0.011505821611309646,14
138,joint_families,logical_deduction,-0.015545632850953341,-0.017050621397266336,14
138,joint_families,tracking_shuffled_objects,-0.006414826547878024,-0.005961021825352956,14
138,joint_families_larger,all,-0.021282052957608603,-0.007143327236941932,14
138,joint_families_larger,logical_deduction,-0.01103896296798201,0.004377244852102213,14
138,joint_families_larger,tracking_shuffled_objects,-0.03152514294723519,-0.018663899325986073,14
139,joint_families,all,-0.006214375688432234,-0.007326397352537102,12
139,joint_families,logical_deduction,-0.008988957890815627,-0.011131037731313216,12
139,joint_families,tracking_shuffled_objects,-0.0034397934860488427,-0.0035217569737609916,12
139,joint_families_larger,all,-0.011826605398918598,-0.012531260337751426,12
139,joint_families_larger,logical_deduction,-0.0013308488658827645,-0.004820443004537271,12
139,joint_families_larger,tracking_shuffled_objects,-0.022322361931954436,-0.02024207767096558,12
140,joint_families,all,-0.008166565403707146,-0.010087433654662813,13
140,joint_families,logical_deduction,-0.01152158094665829,-0.015737854205053338,13
140,joint_families,tracking_shuffled_objects,-0.004811549860756004,-0.004437013104272289,13
140,joint_families_larger,all,-0.01273251809510941,-0.009487565932704297,13
140,joint_families_larger,logical_deduction,0.0069018854472823144,0.015617212677196313,13
140,joint_families_larger,tracking_shuffled_objects,-0.03236692163750114,-0.0345923445426049,13
141,joint_families,all,-0.009466375833452082,-0.010018250511604451,12
141,joint_families,logical_deduction,-0.014365585151277505,-0.015523883389154577,12
141,joint_families,tracking_shuffled_objects,-0.004567166515626659,-0.004512617634054322,12
141,joint_families_larger,all,-0.02528651849750628,-0.030146851593361945,12
141,joint_families_larger,logical_deduction,-0.005127698558026753,-0.009922156230081438,12
141,joint_families_larger,tracking_shuffled_objects,-0.04544533843698581,-0.050371546956642456,12
142,joint_families,all,-0.008492660000742062,-0.009015449446931547,12
142,joint_families,logical_deduction,-0.011719946504805982,-0.013401883704799191,12
142,joint_families,tracking_shuffled_objects,-0.005265373496678141,-0.004629015189063907,12
142,joint_families_larger,all,-0.013771736735420212,-0.015226769794422676,12
142,joint_families_larger,logical_deduction,0.00010761737161354423,-3.073990120048553e-05,12
142,joint_families_larger,tracking_shuffled_objects,-0.02765109084245397,-0.03042279968764487,12
143,joint_families,all,-0.007289154696657197,-0.008670767322280042,12
143,joint_families,logical_deduction,-0.01130005162960682,-0.014133886027642711,12
143,joint_families,tracking_shuffled_objects,-0.003278257763707575,-0.003207648616917373,12
143,joint_families_larger,all,-0.011715805594625617,-0.012434476643454767,12
143,joint_families_larger,logical_deduction,0.01171846148834159,0.01651480485084441,12
143,joint_families_larger,tracking_shuffled_objects,-0.035150072677592833,-0.04138375813775395,12
144,joint_families,all,-0.009140798789408378,-0.010191386814203939,14
144,joint_families,logical_deduction,-0.01299237961620067,-0.015494114337558434,14
144,joint_families,tracking_shuffled_objects,-0.005289217962616086,-0.004888659290849449,14
144,joint_families_larger,all,-0.017694806940253122,-0.01640283252732489,14
144,joint_families_larger,logical_deduction,-0.0062380816871361305,-0.0032892746536718,14
144,joint_families_larger,tracking_shuffled_objects,-0.029151532193370112,-0.029516390400977977,14
145,joint_families,all,-0.006413219965825069,-0.007295245069432822,13
145,joint_families,logical_deduction,-0.009932915503867377,-0.012256489744952765,13
145,joint_families,tracking_shuffled_objects,-0.00289352442778276,-0.002334000393912875,13
145,joint_families_larger,all,-0.01674285634137326,-0.01783691641823984,13
145,joint_families_larger,logical_deduction,-0.0010561349366066306,0.0011442876169980938,13
145,joint_families_larger,tracking_shuffled_objects,-0.03242957774613989,-0.03681812045347777,13
146,joint_families,all,-0.008259966976527892,-0.008927294748308352,13
146,joint_families,logical_deduction,-0.0119783811241127,-0.013929476773912888,13
146,joint_families,tracking_shuffled_objects,-0.004541552828943082,-0.003925112722703816,13
146,joint_families_larger,all,-0.017400942200996472,-0.021066833414932807,13
146,joint_families_larger,logical_deduction,0.0054962116581363405,0.009166898824109631,13
146,joint_families_larger,tracking_shuffled_objects,-0.04029809606012928,-0.05130056565397525,13
147,joint_families,all,-0.008337146978564101,-0.010592229112533035,12
147,joint_families,logical_deduction,-0.012439597299182379,-0.016401459895816435,12
147,joint_families,tracking_shuffled_objects,-0.004234696657945826,-0.004782998329249638,12
147,joint_families_larger,all,-0.01950273268290838,-0.028359115538799624,12
147,joint_families_larger,logical_deduction,-0.003853830742908302,-0.011278713370652668,12
147,joint_families_larger,tracking_shuffled_objects,-0.035151634622908455,-0.04543951770694659,12
148,joint_families,all,-0.0068100635297574,-0.007584782048155892,13
148,joint_families,logical_deduction,-0.00918917744381984,-0.011328668062454441,13
148,joint_families,tracking_shuffled_objects,-0.00443094961569496,-0.0038408960338573404,13
148,joint_families_larger,all,-0.013085391080386527,-0.014329444775007675,13
148,joint_families_larger,logical_deduction,-0.00301235477603521,-0.005962077329414798,13
148,joint_families_larger,tracking_shuffled_objects,-0.023158427384737845,-0.02269681222060055,13
149,joint_families,all,-0.00738498789164426,-0.00990316662966306,12
149,joint_families,logical_deduction,-0.010967561506849525,-0.015095882242259403,12
149,joint_families,tracking_shuffled_objects,-0.003802414276438992,-0.004710451017066718,12
149,joint_families_larger,all,-0.022581519848026296,-0.020795154026989705,12
149,joint_families_larger,logical_deduction,0.006591588272942296,0.018661653128458976,12
149,joint_families_larger,tracking_shuffled_objects,-0.051754627968994896,-0.060251961182438384,12
150,joint_families,all,-0.011063383564316326,-0.011911982964435056,15
150,joint_families,logical_deduction,-0.0163272275084282,-0.018226881856765808,15
150,joint_families,tracking_shuffled_objects,-0.005799539620204458,-0.005597084072104308,15
150,joint_families_larger,all,-0.025024167104071533,-0.01797448104736727,15
150,joint_families_larger,logical_deduction,-0.008320628919895271,0.0009162675523655412,15
150,joint_families_larger,tracking_shuffled_objects,-0.041727705288247784,-0.03686522964710008,15
151,joint_families,all,-0.009044591153129678,-0.010790056792716947,12
151,joint_families,logical_deduction,-0.012492107100953833,-0.016065222514525523,12
151,joint_families,tracking_shuffled_objects,-0.0055970752053055225,-0.005514891070908369,12
151,joint_families_larger,all,-0.020258494774667794,-0.02879738225573465,12
151,joint_families_larger,logical_deduction,0.0016805934700813918,0.008300331954502329,12
151,joint_families_larger,tracking_shuffled_objects,-0.04219758301941697,-0.06589509646597162,12
152,joint_families,all,-0.010530774379952514,-0.0104811004296867,12
152,joint_families,logical_deduction,-0.015617207137734514,-0.0161315388782826,12
152,joint_families,tracking_shuffled_objects,-0.005444341622170511,-0.004830661981090798,12
152,joint_families_larger,all,-0.022335983746981706,-0.0170478393695806,12
152,joint_families_larger,logical_deduction,-0.00637348105719528,0.003445742509763637,12
152,joint_families_larger,tracking_shuffled_objects,-0.038298486436768135,-0.03754142124892483,12
153,joint_families,all,-0.009470790769095131,-0.012177484551418148,13
153,joint_families,logical_deduction,-0.012637102717231797,-0.018577821417331507,13
153,joint_families,tracking_shuffled_objects,-0.006304478820958467,-0.005777147685504785,13
153,joint_families_larger,all,-0.02267837897331967,-0.017284395946004054,13
153,joint_families_larger,logical_deduction,-0.0014440160273662035,0.012657521437435482,13
153,joint_families_larger,tracking_shuffled_objects,-0.04391274191927313,-0.047226313329443596,13
154,joint_families,all,-0.008466496836678156,-0.010113019795464116,14
154,joint_families,logical_deduction,-0.011066202116603143,-0.01465982089207446,14
154,joint_families,tracking_shuffled_objects,-0.005866791556753168,-0.0055662186988537764,14
154,joint_families_larger,all,-0.016586137723699854,-0.01429053958188219,14
154,joint_families_larger,logical_deduction,0.0015076475345197082,0.011834122688792359,14
154,joint_families_larger,tracking_shuffled_objects,-0.03467992298191942,-0.04041520185255673,14
155,joint_families,all,-0.009778391795370945,-0.011169854390063065,12
155,joint_families,logical_deduction,-0.01371393883916646,-0.016881796833881475,12
155,joint_families,tracking_shuffled_objects,-0.0058428447515754345,-0.00545791194624466,12
155,joint_families_larger,all,-0.023653284210728744,-0.027526237471389624,12
155,joint_families_larger,logical_deduction,0.0017138029835953223,0.009041221788834555,12
155,joint_families_larger,tracking_shuffled_objects,-0.049020371405052825,-0.06409369673161382,12
156,joint_families,all,-0.007803206054185409,-0.009047593948461413,14
156,joint_families,logical_deduction,-0.013644260746263999,-0.015843804580522307,14
156,joint_families,tracking_shuffled_objects,-0.001962151362106815,-0.0022513833164005226,14
156,joint_families_larger,all,-0.016056835458142307,-0.01679561921445217,14
156,joint_families_larger,logical_deduction,0.00797691594139587,0.009296421539083584,14
156,joint_families_larger,tracking_shuffled_objects,-0.04009058685768049,-0.042887659967987914,14
157,joint_families,all,-0.011845626015008617,-0.01183148838385816,14
157,joint_families,logical_deduction,-0.017838631390776433,-0.018808996504183342,14
157,joint_families,tracking_shuffled_objects,-0.0058526206392407985,-0.0048539802635329775,14
157,joint_families_larger,all,-0.023565019657095277,-0.018476331807702452,14
157,joint_families_larger,logical_deduction,-0.006635488437737838,0.0010996722786133927,14
157,joint_families_larger,tracking_shuffled_objects,-0.04049455087645272,-0.0380523358940183,14
158,joint_families,all,-0.009536452719768152,-0.01033119044023861,12
158,joint_families,logical_deduction,-0.014079678601683462,-0.015899614494800186,12
158,joint_families,tracking_shuffled_objects,-0.004993226837852845,-0.004762766385677031,12
158,joint_families_larger,all,-0.017063095955189633,-0.021378714236601915,12
158,joint_families_larger,logical_deduction,0.008629833529861988,0.011571965856388724,12
158,joint_families_larger,tracking_shuffled_objects,-0.042756025440241256,-0.05432939432959255,12
159,joint_families,all,-0.008049210198090564,-0.009120138756854404,10
159,joint_families,logical_deduction,-0.011947970637657814,-0.015823785916335,10
159,joint_families,tracking_shuffled_objects,-0.004150449758523312,-0.0024164915973738056,10
159,joint_families_larger,all,-0.021228798440287803,-0.015581552582838776,10
159,joint_families_larger,logical_deduction,-0.014031130397617973,-0.01697691790419844,10
159,joint_families_larger,tracking_shuffled_objects,-0.028426466482957633,-0.014186187261479109,10
160,joint_families,all,-0.010141676109501566,-0.01215554524225427,14
160,joint_families,logical_deduction,-0.014297690754596212,-0.018328432538297124,14
160,joint_families,tracking_shuffled_objects,-0.005985661464406918,-0.005982657946211419,14
160,joint_families_larger,all,-0.017602624719221267,-0.024751358877955897,14
160,joint_families_larger,logical_deduction,0.0029222627238112138,0.0016063009190818128,14
160,joint_families_larger,tracking_shuffled_objects,-0.03812751216225375,-0.0511090186749936,14
161,joint_families,all,-0.010320338004238944,-0.011838518740955057,13
161,joint_families,logical_deduction,-0.014781255888211272,-0.017990604525971832,13
161,joint_families,tracking_shuffled_objects,-0.005859420120266616,-0.00568643295593828,13
161,joint_families_larger,all,-0.0244050794221314,-0.02318535252429451,13
161,joint_families_larger,logical_deduction,-0.0041546509930697455,0.0005343528320413217,13
161,joint_families_larger,tracking_shuffled_objects,-0.044655507851193064,-0.04690505788063033,13
162,joint_families,all,-0.009234418094113855,-0.011387815819006792,11
162,joint_families,logical_deduction,-0.012612286018099654,-0.017950667462676886,11
162,joint_families,tracking_shuffled_objects,-0.005856550170128055,-0.004824964175336699,11
162,joint_families_larger,all,-0.020487025833264335,-0.015512125535742901,11
162,joint_families_larger,logical_deduction,-0.0036185016496085615,0.0036557106160336776,11
162,joint_families_larger,tracking_shuffled_objects,-0.037355550016920105,-0.03467996168751948,11
163,joint_families,all,-0.011273981491241897,-0.011976785963413112,13
163,joint_families,logical_deduction,-0.016348950919482134,-0.018335279900861062,13
163,joint_families,tracking_shuffled_objects,-0.006199012063001657,-0.005618292025965161,13
163,joint_families_larger,all,-0.023302740431780312,-0.01809036302201449,13
163,joint_families_larger,logical_deduction,0.00440749388648154,0.012608307230402863,13
163,joint_families_larger,tracking_shuffled_objects,-0.05101297475004218,-0.04878903327443184,13
164,joint_families,all,-0.010641804684201365,-0.01096306322577643,13
164,joint_families,logical_deduction,-0.015848060049423702,-0.017568253250045705,13
164,joint_families,tracking_shuffled_objects,-0.005435549318979031,-0.004357873201507154,13
164,joint_families_larger,all,-0.037328480758248905,-0.03902761348628361,13
164,joint_families_larger,logical_deduction,-0.005312052731853416,0.0001124515634803657,13
164,joint_families_larger,tracking_shuffled_objects,-0.0693449087846444,-0.0781676785360476,13
165,joint_families,all,-0.011862382483837317,-0.012156768966728532,12
165,joint_families,logical_deduction,-0.018835111774285096,-0.020683339915762274,12
165,joint_families,tracking_shuffled_objects,-0.004889653193389539,-0.0036301980176947912,12
165,joint_families_larger,all,-0.02299706321064767,-0.01669306013836518,12
165,joint_families_larger,logical_deduction,-0.003416872530734193,0.00783824619524175,12
165,joint_families_larger,tracking_shuffled_objects,-0.042577253890561155,-0.041224366471972106,12
166,joint_families,all,-0.010633134176952226,-0.010952534510170203,11
166,joint_families,logical_deduction,-0.015974630328263087,-0.016914450978631104,11
166,joint_families,tracking_shuffled_objects,-0.0052916380256413644,-0.004990618041709303,11
166,joint_families_larger,all,-0.022111262415434485,-0.018882080626352625,11
166,joint_families_larger,logical_deduction,-0.006693713531411938,-0.003433600912707116,11
166,joint_families_larger,tracking_shuffled_objects,-0.03752881129945702,-0.03433056033999814,11
167,joint_families,all,-0.006351432279388957,-0.0068795721676621225,12
167,joint_families,logical_deduction,-0.009376095480769902,-0.011028589822429985,12
167,joint_families,tracking_shuffled_objects,-0.003326769078008014,-0.0027305545128942614,12
167,joint_families_larger,all,-0.010330527225095422,-0.012018360932463267,12
167,joint_families_larger,logical_deduction,0.0031750126036993597,0.004148501674618389,12
167,joint_families_larger,tracking_shuffled_objects,-0.023836067053890197,-0.028185223539544925,12
168,joint_families,all,-0.009923473189873697,-0.010427073937903857,14
168,joint_families,logical_deduction,-0.01447449331523174,-0.015983217872555508,14
168,joint_families,tracking_shuffled_objects,-0.0053724530645156525,-0.004870930003252212,14
168,joint_families_larger,all,-0.01847281523491151,-0.017285801237750417,14
168,joint_families_larger,logical_deduction,0.00464006497597327,0.010390054282891342,14
168,joint_families_larger,tracking_shuffled_objects,-0.041585695445796295,-0.044961656758392164,14
169,joint_families,all,-0.00998813898394442,-0.010766275143725678,14
169,joint_families,logical_deduction,-0.015372344932025524,-0.017268970957051565,14
169,joint_families,tracking_shuffled_objects,-0.004603933035863317,-0.004263579330399792,14
169,joint_families_larger,all,-0.02611795876516156,-0.019473464468214928,14
169,joint_families_larger,logical_deduction,-0.006708343716687447,0.0029802189247932352,14
169,joint_families_larger,tracking_shuffled_objects,-0.04552757381363568,-0.0419271478612231,14
170,joint_families,all,-0.009738030160159774,-0.009849547100114599,12
170,joint_families,logical_deduction,-0.014857463328277842,-0.01671230971519806,12
170,joint_families,tracking_shuffled_objects,-0.004618596992041705,-0.002986784485031142,12
170,joint_families_larger,all,-0.028808951891494725,-0.02249856337307314,12
170,joint_families_larger,logical_deduction,-0.008795126730549278,-0.005791773490843475,12
170,joint_families_larger,tracking_shuffled_objects,-0.048822777052440175,-0.0392053532553028,12
171,joint_families,all,-0.007799184410672908,-0.009057957218637558,11
171,joint_families,logical_deduction,-0.010287709142998567,-0.013787620493941333,11
171,joint_families,tracking_shuffled_objects,-0.005310659678347249,-0.004328293943333785,11
171,joint_families_larger,all,-0.020834164828826336,-0.023120532658794598,11
171,joint_families_larger,logical_deduction,-0.0026155892564926667,0.002546175076811775,11
171,joint_families_larger,tracking_shuffled_objects,-0.039052740401160004,-0.04878724039440098,11
172,joint_families,all,-0.00838989760013301,-0.009385959604550314,13
172,joint_families,logical_deduction,-0.01074633691775777,-0.012848804429877755,13
172,joint_families,tracking_shuffled_objects,-0.006033458282508251,-0.005923114779222869,13
172,joint_families_larger,all,-0.018222055805559245,-0.018164828889454844,13
172,joint_families_larger,logical_deduction,-0.0001999484813912253,0.0055803539381207795,13
172,joint_families_larger,tracking_shuffled_objects,-0.036244163129727267,-0.041910011717030474,13
173,joint_families,all,-0.007817810695401842,-0.008211051258487059,13
173,joint_families,logical_deduction,-0.011701333283666033,-0.01316816923000087,13
173,joint_families,tracking_shuffled_objects,-0.003934288107137652,-0.00325393328697325,13
173,joint_families_larger,all,-0.01649955058209862,-0.013132113477107804,13
173,joint_families_larger,logical_deduction,-0.00622632420793355,-0.0009810255071271115,13
173,joint_families_larger,tracking_shuffled_objects,-0.026772776956263695,-0.02528320144708849,13
174,joint_families,all,-0.011311597563157829,-0.011117769612417127,12
174,joint_families,logical_deduction,-0.016020582311135918,-0.016880905072160186,12
174,joint_families,tracking_shuffled_objects,-0.0066026128151797404,-0.005354634152674076,12
174,joint_families_larger,all,-0.03384011632549159,-0.021695425298428855,12
174,joint_families_larger,logical_deduction,-0.027416461844512036,-0.012427175581025032,12
174,joint_families_larger,tracking_shuffled_objects,-0.04026377080647113,-0.030963675015832675,12
175,joint_families,all,-0.010624596514256826,-0.01195080096607869,14
175,joint_families,logical_deduction,-0.015129692154579604,-0.018093931625657058,14
175,joint_families,tracking_shuffled_objects,-0.006119500873934047,-0.005807670306500318,14
175,joint_families_larger,all,-0.01801616708611731,-0.018741873515638222,14
175,joint_families_larger,logical_deduction,0.006750545148488755,0.011851691882040173,14
175,joint_families_larger,tracking_shuffled_objects,-0.042782879320723374,-0.04933543891331661,14
176,joint_families,all,-0.008583889261461211,-0.009640583914465177,10
176,joint_families,logical_deduction,-0.012647593300657563,-0.01478157088306897,10
176,joint_families,tracking_shuffled_objects,-0.0045201852222648605,-0.004499596945861384,10
176,joint_families_larger,all,-0.027764665945054924,-0.03035460901820819,10
176,joint_families_larger,logical_deduction,0.0010968303696832493,0.007311293538917664,10
176,joint_families_larger,tracking_shuffled_objects,-0.05662616225979309,-0.06802051157533404,10
177,joint_families,all,-0.008527637970395517,-0.009687938664782467,12
177,joint_families,logical_deduction,-0.013204764999732032,-0.015209720961898765,12
177,joint_families,tracking_shuffled_objects,-0.003850510941059004,-0.004166156367666167,12
177,joint_families_larger,all,-0.016129835458123604,-0.014057675766341343,12
177,joint_families_larger,logical_deduction,0.008748567147235754,0.013305166427806821,12
177,joint_families_larger,tracking_shuffled_objects,-0.041008238063482964,-0.04142051796048951,12
178,joint_families,all,-0.01014237029909826,-0.011586357758593846,12
178,joint_families,logical_deduction,-0.015252198666823643,-0.017905680553253152,12
178,joint_families,tracking_shuffled_objects,-0.005032541931372879,-0.005267034963934538,12
178,joint_families_larger,all,-0.02696921465324733,-0.029814243640649336,12
178,joint_families_larger,logical_deduction,0.003415088523620479,0.009299679419266928,12
178,joint_families_larger,tracking_shuffled_objects,-0.05735351783011513,-0.0689281667005656,12
179,joint_families,all,-0.007195801886507626,-0.008191255464791469,12
179,joint_families,logical_deduction,-0.01065398129559895,-0.012443971473283506,12
179,joint_families,tracking_shuffled_objects,-0.0037376224774163017,-0.003938539456299431,12
179,joint_families_larger,all,-0.025726096625036693,-0.02236242711493578,12
179,joint_families_larger,logical_deduction,-0.007148596491423419,-0.005684922872446065,12
179,joint_families_larger,tracking_shuffled_objects,-0.04430359675864997,-0.039039931357425485,12
180,joint_families,all,-0.008563052961290037,-0.00923479721810913,16
180,joint_families,logical_deduction,-0.012780608921987149,-0.015085146726403606,16
180,joint_families,tracking_shuffled_objects,-0.004345497000592928,-0.0033844477098146537,16
180,joint_families_larger,all,-0.01830459047803149,-0.01469820849589178,16
180,joint_families_larger,logical_deduction,-0.005693222676103055,-0.0003282514741342904,16
180,joint_families_larger,tracking_shuffled_objects,-0.030915958279959927,-0.02906816551764927,16
181,joint_families,all,-0.00957277465391963,-0.011053556669453976,13
181,joint_families,logical_deduction,-0.013965155456866774,-0.01682702499127523,13
181,joint_families,tracking_shuffled_objects,-0.005180393850972484,-0.0052800883476327234,13
181,joint_families_larger,all,-0.024493006033817502,-0.03008269129440593,13
181,joint_families_larger,logical_deduction,0.003120462687872661,0.005288875540130728,13
181,joint_families_larger,tracking_shuffled_objects,-0.052106474755507684,-0.06545425812894258,13
182,joint_families,all,-0.010907841718304907,-0.013202813601367686,12
182,joint_families,logical_deduction,-0.01680436552850803,-0.022026767453957485,12
182,joint_families,tracking_shuffled_objects,-0.005011317908101782,-0.004378859748777893,12
182,joint_families_larger,all,-0.019071442926641174,-0.01073388324568033,12
182,joint_families_larger,logical_deduction,0.011888922593832525,0.02303947900908717,12
182,joint_families_larger,tracking_shuffled_objects,-0.05003180844711487,-0.04450724550044782,12
183,joint_families,all,-0.010929753614144758,-0.013042601547101329,13
183,joint_families,logical_deduction,-0.015179522729808782,-0.020028528797221726,13
183,joint_families,tracking_shuffled_objects,-0.006679984498480732,-0.006056674296980935,13
183,joint_families_larger,all,-0.016514276743682353,-0.008956802333138891,13
183,joint_families_larger,logical_deduction,0.005006748290249607,0.01830802972367252,13
183,joint_families_larger,tracking_shuffled_objects,-0.038035301777614314,-0.0362216343899503,13
184,joint_families,all,-0.010706075120426727,-0.010909066484169875,14
184,joint_families,logical_deduction,-0.015953079599337866,-0.0168860524295032,14
184,joint_families,tracking_shuffled_objects,-0.005459070641515586,-0.00493208053883655,14
184,joint_families_larger,all,-0.03369697038235857,-0.024171124209887956,14
184,joint_families_larger,logical_deduction,-0.019737275748077404,-0.0021523543523784766,14
184,joint_families_larger,tracking_shuffled_objects,-0.04765666501663976,-0.04618989406739743,14
185,joint_families,all,-0.009750571723475467,-0.01089697311370052,12
185,joint_families,logical_deduction,-0.013683542736061394,-0.016479459512941594,12
185,joint_families,tracking_shuffled_objects,-0.005817600710889538,-0.005314486714459448,12
185,joint_families_larger,all,-0.012655366095014017,-0.011307625023768055,12
185,joint_families_larger,logical_deduction,0.007942783735765372,0.015547681699319003,12
185,joint_families_larger,tracking_shuffled_objects,-0.033253515925793405,-0.038162931746855124,12
186,joint_families,all,-0.009817174497083345,-0.010962910251469529,14
186,joint_families,logical_deduction,-0.014480697676714128,-0.01728749137019778,14
186,joint_families,tracking_shuffled_objects,-0.005153651317452562,-0.0046383291327412755,14
186,joint_families_larger,all,-0.020163091006832227,-0.024777292677796343,14
186,joint_families_larger,logical_deduction,0.01024489058898321,0.017110734519995265,14
186,joint_families_larger,tracking_shuffled_objects,-0.05057107260264767,-0.06666531987558796,14
187,joint_families,all,-0.009012774158113452,-0.009951998560692687,15
187,joint_families,logical_deduction,-0.014481689066317522,-0.01702560291272751,15
187,joint_families,tracking_shuffled_objects,-0.0035438592499093826,-0.0028783942086578656,15
187,joint_families_larger,all,-0.02108590000617447,-0.013297239911001596,15
187,joint_families_larger,logical_deduction,-0.004888773888299053,0.0015445682799178893,15
187,joint_families_larger,tracking_shuffled_objects,-0.037283026124049885,-0.028139048101921076,15
188,joint_families,all,-0.009669018361008185,-0.010384166662227998,14
188,joint_families,logical_deduction,-0.013698053568492241,-0.015460601850116416,14
188,joint_families,tracking_shuffled_objects,-0.005639983153524125,-0.00530773147433958,14
188,joint_families_larger,all,-0.016992727173757823,-0.011863567483818158,14
188,joint_families_larger,logical_deduction,0.0019504173772911552,0.009172264372715292,14
188,joint_families_larger,tracking_shuffled_objects,-0.0359358717248068,-0.03289939934035161,14
189,joint_families,all,-0.01027812980805796,-0.011002996250153368,11
189,joint_families,logical_deduction,-0.015514898432158529,-0.017465226980346294,11
189,joint_families,tracking_shuffled_objects,-0.005041361183957393,-0.004540765519960447,11
189,joint_families_larger,all,-0.020776834046163647,-0.02038276528083581,11
189,joint_families_larger,logical_deduction,0.0059983783353550904,0.010173474432997986,11
189,joint_families_larger,tracking_shuffled_objects,-0.047552046427682376,-0.050939004994669614,11
190,joint_families,all,-0.008346585522376286,-0.009244470051271127,10
190,joint_families,logical_deduction,-0.013007215977940913,-0.014629949458308616,10
190,joint_families,tracking_shuffled_objects,-0.0036859550668116594,-0.0038589906442336405,10
190,joint_families_larger,all,-0.031152496752640584,-0.023668094998122356,10
190,joint_families_larger,logical_deduction,-0.004946301283294669,-0.0022718895085367505,10
190,joint_families_larger,tracking_shuffled_objects,-0.0573586922219865,-0.045064300487707945,10
191,joint_families,all,-0.007928373044181649,-0.009266493246243877,16
191,joint_families,logical_deduction,-0.011968366174804332,-0.01440660848332267,16
191,joint_families,tracking_shuffled_objects,-0.0038883799135589706,-0.004126378009165083,16
191,joint_families_larger,all,-0.01399115137149776,-0.01606955188836553,16
191,joint_families_larger,logical_deduction,0.006353128257348696,0.006583033667190733,16
191,joint_families_larger,tracking_shuffled_objects,-0.034335431000344224,-0.03872213744392179,16
192,joint_families,all,-0.005850420271103829,-0.008117706673083966,11
192,joint_families,logical_deduction,-0.011497005391082374,-0.014120939245410219,11
192,joint_families,tracking_shuffled_objects,-0.0002038351511252841,-0.002114474100757715,11
192,joint_families_larger,all,-0.021755766793080132,-0.027244598523664527,11
192,joint_families_larger,logical_deduction,0.0007822515944735955,-0.003356460258486341,11
192,joint_families_larger,tracking_shuffled_objects,-0.04429378518063386,-0.05113273678884271,11
193,joint_families,all,-0.0096153688546312,-0.009946988791051367,13
193,joint_families,logical_deduction,-0.015680537097275963,-0.016902152200193594,13
193,joint_families,tracking_shuffled_objects,-0.0035502006119864328,-0.002991825381909137,13
193,joint_families_larger,all,-0.022412578445986497,-0.017074389275483087,13
193,joint_families_larger,logical_deduction,-0.0005488926740082537,0.00791594634696142,13
193,joint_families_larger,tracking_shuffled_objects,-0.04427626421796474,-0.0420647248979276,13
194,joint_families,all,-0.010047746625811132,-0.01135997095515375,14
194,joint_families,logical_deduction,-0.013330045647450888,-0.01688268568083864,14
194,joint_families,tracking_shuffled_objects,-0.006765447604171375,-0.00583725622946886,14
194,joint_families_larger,all,-0.019658427860518815,-0.009340153161631923,14
194,joint_families_larger,logical_deduction,-0.015595392681870185,-0.0065998019572197,14
194,joint_families_larger,tracking_shuffled_objects,-0.023721463039167445,-0.012080504366044145,14
195,joint_families,all,-0.009397171827699849,-0.009435812280377546,12
195,joint_families,logical_deduction,-0.015249483195965323,-0.016305319012690632,12
195,joint_families,tracking_shuffled_objects,-0.003544860459434376,-0.002566305548064464,12
195,joint_families_larger,all,-0.03161933066012288,-0.025520947396517946,12
195,joint_families_larger,logical_deduction,-0.0021958704595631423,0.005280951908463629,12
195,joint_families_larger,tracking_shuffled_objects,-0.06104279086068263,-0.05632284670149953,12
196,joint_families,all,-0.01044922765457591,-0.010518019494101893,14
196,joint_families,logical_deduction,-0.017129846470449392,-0.018383295461460107,14
196,joint_families,tracking_shuffled_objects,-0.003768608838702425,-0.0026527435267436734,14
196,joint_families_larger,all,-0.022341308834514944,-0.0126456006147328,14
196,joint_families_larger,logical_deduction,-0.006663473491904326,-0.0023527083115242944,14
196,joint_families_larger,tracking_shuffled_objects,-0.03801914417712556,-0.022938492917941304,14
197,joint_families,all,-0.009900390898687873,-0.009906379503364746,12
197,joint_families,logical_deduction,-0.015926643200066707,-0.017317668148244918,12
197,joint_families,tracking_shuffled_objects,-0.003874138597309037,-0.002495090858484572,12
197,joint_families_larger,all,-0.02784326672895999,-0.015288178675549005,12
197,joint_families_larger,logical_deduction,-0.020914766233728933,-0.009047765728386318,12
197,joint_families_larger,tracking_shuffled_objects,-0.03477176722419106,-0.021528591622711694,12
198,joint_families,all,-0.010429618291733172,-0.011694248136440284,14
198,joint_families,logical_deduction,-0.015211316194696152,-0.018974833189979532,14
198,joint_families,tracking_shuffled_objects,-0.005647920388770188,-0.004413663082901039,14
198,joint_families_larger,all,-0.025684347360982133,-0.021302726525536275,14
198,joint_families_larger,logical_deduction,-0.010428296280623505,-0.0014229808526297154,14
198,joint_families_larger,tracking_shuffled_objects,-0.04094039844134076,-0.04118247219844283,14
199,joint_families,all,-0.009374993325828833,-0.009484036452807024,11
199,joint_families,logical_deduction,-0.016448607824857468,-0.01811989687865794,11
199,joint_families,tracking_shuffled_objects,-0.002301378826800193,-0.0008481760269561111,11
199,joint_families_larger,all,-0.02710436375683274,-0.012378696569923606,11
199,joint_families_larger,logical_deduction,-0.013790817001196682,-0.008876629225680836,11
199,joint_families_larger,tracking_shuffled_objects,-0.0404179105124688,-0.015880763914166374,11
200,joint_families,all,-0.010179040125389494,-0.011511497684074804,10
200,joint_families,logical_deduction,-0.014866989633732425,-0.017671126984121818,10
200,joint_families,tracking_shuffled_objects,-0.0054910906170465654,-0.005351868384027791,10
200,joint_families_larger,all,-0.021368654875962807,-0.018991486791471564,10
200,joint_families_larger,logical_deduction,-0.0003941882077768274,0.010149928633633556,10
200,joint_families_larger,tracking_shuffled_objects,-0.04234312154414878,-0.04813290221657669,10
201,joint_families,all,-0.006957228728470927,-0.007479020891381333,12
201,joint_families,logical_deduction,-0.010199702902264927,-0.011539543968787511,12
201,joint_families,tracking_shuffled_objects,-0.0037147545546769253,-0.003418497813975152,12
201,joint_families_larger,all,-0.012591409255692498,-0.014529238493894711,12
201,joint_families_larger,logical_deduction,0.006605087848398518,0.00853792376813311,12
201,joint_families_larger,tracking_shuffled_objects,-0.03178790635978351,-0.037596400755922535,12
202,joint_families,all,-0.010865318645360996,-0.010959060842031838,13
202,joint_families,logical_deduction,-0.018270307718423435,-0.019584786168372004,13
202,joint_families,tracking_shuffled_objects,-0.0034603295722985556,-0.0023333355156916775,13
202,joint_families_larger,all,-0.02193769198462687,-0.01573094057817873,13
202,joint_families_larger,logical_deduction,0.008178710573343385,0.014168660196858886,13
202,joint_families_larger,tracking_shuffled_objects,-0.052054094542597115,-0.04563054135321635,13
203,joint_families,all,-0.009509064570017,-0.010088383375443658,14
203,joint_families,logical_deduction,-0.015165630065461603,-0.017040858136226626,14
203,joint_families,tracking_shuffled_objects,-0.003852499074572395,-0.0031359086146606945,14
203,joint_families_larger,all,-0.02425909626331428,-0.016655768420016488,14
203,joint_families_larger,logical_deduction,-0.006502034519563807,0.00027127035123356214,14
203,joint_families_larger,tracking_shuffled_objects,-0.04201615800706475,-0.033582807191266516,14
204,joint_families,all,-0.008932935850706872,-0.010791411262065278,13
204,joint_families,logical_deduction,-0.011943268498177062,-0.015629541190111434,13
204,joint_families,tracking_shuffled_objects,-0.005922603203236684,-0.005953281334019119,13
204,joint_families_larger,all,-0.013668293851894378,-0.01951129079703431,13
204,joint_families_larger,logical_deduction,0.011043475279339712,0.01690600677031719,13
204,joint_families_larger,tracking_shuffled_objects,-0.03838006298312848,-0.055928588364385814,13
205,joint_families,all,-0.008842543838795305,-0.009979937789949656,13
205,joint_families,logical_deduction,-0.014250591691443645,-0.01680474149332332,13
205,joint_families,tracking_shuffled_objects,-0.003434495986146967,-0.0031551340865759877,13
205,joint_families_larger,all,-0.021205866234727682,-0.01893606612711115,13
205,joint_families_larger,logical_deduction,0.007362414391032323,0.012178758532578283,13
205,joint_families_larger,tracking_shuffled_objects,-0.049774146860487686,-0.05005089078680057,13
206,joint_families,all,-0.011911624606653449,-0.011492218794715191,12
206,joint_families,logical_deduction,-0.01920029373769934,-0.02085180465591433,12
206,joint_families,tracking_shuffled_objects,-0.00462295547560756,-0.002132632933516048,12
206,joint_families_larger,all,-0.048429104909205885,-0.035293647693080236,12
206,joint_families_larger,logical_deduction,-0.01931290640449952,-0.014566936434904379,12
206,joint_families_larger,tracking_shuffled_objects,-0.07754530341391225,-0.05602035895125611,12
207,joint_families,all,-0.008849768292873778,-0.010514958288429108,14
207,joint_families,logical_deduction,-0.012137493852590702,-0.015128929118629517,14
207,joint_families,tracking_shuffled_objects,-0.005562042733156856,-0.005900987458228702,14
207,joint_families_larger,all,-0.017930282328991645,-0.023439802783503678,14
207,joint_families_larger,logical_deduction,-0.0001222064177012156,-0.0007155953841037309,14
207,joint_families_larger,tracking_shuffled_objects,-0.03573835824028208,-0.046164010182903614,14
208,joint_families,all,-0.008748369304873216,-0.010936079313383393,12
208,joint_families,logical_deduction,-0.011933564020166276,-0.016087725065574876,12
208,joint_families,tracking_shuffled_objects,-0.005563174589580152,-0.005784433561191916,12
208,joint_families_larger,all,-0.01754739431400583,-0.033478979314180035,12
208,joint_families_larger,logical_deduction,-0.003499146488958504,-0.016748884174412806,12
208,joint_families_larger,tracking_shuffled_objects,-0.03159564213905316,-0.05020907445394729,12
209,joint_families,all,-0.00993052587277436,-0.010725929926858014,13
209,joint_families,logical_deduction,-0.016681566846021425,-0.0189900140312458,13
209,joint_families,tracking_shuffled_objects,-0.003179484899527298,-0.0024618458224702276,13
209,joint_families_larger,all,-0.017598316902664196,-0.007986408477825899,13
209,joint_families_larger,logical_deduction,0.01034827218267648,0.01833552843235429,13
209,joint_families_larger,tracking_shuffled_objects,-0.04554490598800487,-0.03430834538800609,13
210,joint_families,all,-0.009491036968760047,-0.009269284974137676,12
210,joint_families,logical_deduction,-0.014501216168881129,-0.015154579775743466,12
210,joint_families,tracking_shuffled_objects,-0.004480857768638969,-0.00338399017253189,12
210,joint_families_larger,all,-0.026817630636133724,-0.024879928548390433,12
210,joint_families_larger,logical_deduction,-0.012951952054130236,-0.006742161954051794,12
210,joint_families_larger,tracking_shuffled_objects,-0.040683309218137204,-0.04301769514272907,12
211,joint_families,all,-0.00879181834451868,-0.01072164773181631,13
211,joint_families,logical_deduction,-0.012581541272677486,-0.01701324442645903,13
211,joint_families,tracking_shuffled_objects,-0.005002095416359875,-0.00443005103717359,13
211,joint_families_larger,all,-0.021945506673187756,-0.0227231316141319,13
211,joint_families_larger,logical_deduction,-0.0014062318229028834,0.0023000658243502873,13
211,joint_families_larger,tracking_shuffled_objects,-0.04248478152347262,-0.04774632905261409,13
212,joint_families,all,-0.009375171501228073,-0.010969502208773348,14
212,joint_families,logical_deduction,-0.012274020974043898,-0.015501483383135057,14
212,joint_families,tracking_shuffled_objects,-0.006476322028412247,-0.006437521034411644,14
212,joint_families_larger,all,-0.018781610705653557,-0.01713643577224798,14
212,joint_families_larger,logical_deduction,0.003588038071743325,0.012714982419078914,14
212,joint_families_larger,tracking_shuffled_objects,-0.041151259483050436,-0.04698785396357487,14
213,joint_families,all,-0.009292365996465164,-0.01036474388569126,9
213,joint_families,logical_deduction,-0.011366749644093137,-0.01371227601667509,9
213,joint_families,tracking_shuffled_objects,-0.0072179823488371896,-0.0070172117547074335,9
213,joint_families_larger,all,-0.01763077214411496,-0.02336387578774084,9
213,joint_families_larger,logical_deduction,-0.00932175368594044,-0.015027355356036933,9
213,joint_families_larger,tracking_shuffled_objects,-0.025939790602289476,-0.031700396219444746,9
214,joint_families,all,-0.009775661233805745,-0.011678098735196702,15
214,joint_families,logical_deduction,-0.013688375989075857,-0.018423155508226645,15
214,joint_families,tracking_shuffled_objects,-0.005862946478535631,-0.004933041962166758,15
214,joint_families_larger,all,-0.020564683416491158,-0.014457488894692222,15
214,joint_families_larger,logical_deduction,-0.0014010619574943083,0.008528379106279724,15
214,joint_families_larger,tracking_shuffled_objects,-0.039728304875488,-0.037443356895664165,15
215,joint_families,all,-0.009800118954280238,-0.010879238766877788,15
215,joint_families,logical_deduction,-0.014461492470876485,-0.017451997233630574,15
215,joint_families,tracking_shuffled_objects,-0.005138745437683993,-0.004306480300124997,15
215,joint_families_larger,all,-0.022965683293823223,-0.02468567536418822,15
215,joint_families_larger,logical_deduction,0.005598283198285124,0.01091408230270254,15
215,joint_families_larger,tracking_shuffled_objects,-0.05152964978593157,-0.060285433031078986,15
216,joint_families,all,-0.009790086809611472,-0.010037845707052656,13
216,joint_families,logical_deduction,-0.014882454583012896,-0.015334286604356984,13
216,joint_families,tracking_shuffled_objects,-0.004697719036210052,-0.004741404809748334,13
216,joint_families_larger,all,-0.022525792978561745,-0.025871462287565046,13
216,joint_families_larger,logical_deduction,0.000983477032186217,-0.0005353315771882793,13
216,joint_families_larger,tracking_shuffled_objects,-0.04603506298930971,-0.051207592997941795,13
217,joint_families,all,-0.008796586112937441,-0.010405538707379697,13
217,joint_families,logical_deduction,-0.014183208481054959,-0.016351691934092215,13
217,joint_families,tracking_shuffled_objects,-0.0034099637448199217,-0.00445938548066718,13
217,joint_families_larger,all,-0.01616768113339477,-0.017886544892680396,13
217,joint_families_larger,logical_deduction,0.015433637165839429,0.019018628565394907,13
217,joint_families_larger,tracking_shuffled_objects,-0.047768999432628974,-0.05479171835075569,13
218,joint_families,all,-0.01157833326175953,-0.011430533425485102,12
218,joint_families,logical_deduction,-0.016704719753330106,-0.017101677467744658,12
218,joint_families,tracking_shuffled_objects,-0.006451946770188957,-0.005759389383225544,12
218,joint_families_larger,all,-0.03852644155736801,-0.04004542485372227,12
218,joint_families_larger,logical_deduction,-0.026961118181877516,-0.017492717765935983,12
218,joint_families_larger,tracking_shuffled_objects,-0.050091764932858496,-0.06259813194150855,12
219,joint_families,all,-0.014074980971536689,-0.013437849752069127,11
219,joint_families,logical_deduction,-0.021325218699688033,-0.021000367789993583,11
219,joint_families,tracking_shuffled_objects,-0.006824743243385349,-0.005875331714144673,11
219,joint_families_larger,all,-0.03445880276854146,-0.027857523930623063,11
219,joint_families_larger,logical_deduction,-0.0030350131589776917,0.006454288113345599,11
219,joint_families_larger,tracking_shuffled_objects,-0.06588259237810523,-0.06216933597459171,11
220,joint_families,all,-0.009400763621418642,-0.011048510693848554,12
220,joint_families,logical_deduction,-0.01310532893351843,-0.017053211683181697,12
220,joint_families,tracking_shuffled_objects,-0.005696198309318855,-0.005043809704515403,12
220,joint_families_larger,all,-0.021262984324388803,-0.01727001678204098,12
220,joint_families_larger,logical_deduction,-0.006516091014135884,0.0023324827727585033,12
220,joint_families_larger,tracking_shuffled_objects,-0.03600987763464172,-0.03687251633684045,12
221,joint_families,all,-0.011043669540667352,-0.011992203451676946,14
221,joint_families,logical_deduction,-0.016394239884144908,-0.018554091480199437,14
221,joint_families,tracking_shuffled_objects,-0.005693099197189797,-0.005430315423154458,14
221,joint_families_larger,all,-0.017687218920417094,-0.01053189128532286,14
221,joint_families_larger,logical_deduction,-0.0019288957280468658,0.010462909206143227,14
221,joint_families_larger,tracking_shuffled_objects,-0.033445542112787316,-0.03152669177678895,14
222,joint_families,all,-0.008910001925721512,-0.009426728918715595,12
222,joint_families,logical_deduction,-0.01347515432752589,-0.014874903026453726,12
222,joint_families,tracking_shuffled_objects,-0.00434484952391713,-0.003978554810977468,12
222,joint_families_larger,all,-0.01868935977538268,-0.016561518272795957,12
222,joint_families_larger,logical_deduction,-0.0013853025013045117,0.0031484128587569308,12
222,joint_families_larger,tracking_shuffled_objects,-0.03599341704946084,-0.03627144940434886,12
223,joint_families,all,-0.010118765177680823,-0.011383118618458516,13
223,joint_families,logical_deduction,-0.013922297670353478,-0.017039560621824084,13
223,joint_families,tracking_shuffled_objects,-0.0063152326850081705,-0.005726676615092948,13
223,joint_families_larger,all,-0.02722764499881599,-0.02534578919558243,13
223,joint_families_larger,logical_deduction,-0.012980828456206205,-0.012091568254261895,13
223,joint_families_larger,tracking_shuffled_objects,-0.041474461541425776,-0.03860001013690298,13
224,joint_families,all,-0.008337175891113529,-0.00997591560341815,13
224,joint_families,logical_deduction,-0.012461511591737957,-0.01633841265413191,13
224,joint_families,tracking_shuffled_objects,-0.0042128401904891,-0.0036134185527043937,13
224,joint_families_larger,all,-0.015441729877791553,-0.019784268266920375,13
224,joint_families_larger,logical_deduction,0.007872659648540446,0.01517374892855416,13
224,joint_families_larger,tracking_shuffled_objects,-0.038756119404123546,-0.054742285462394916,13
225,joint_families,all,-0.006941714133125581,-0.008486617764607629,13
225,joint_families,logical_deduction,-0.010955668780691478,-0.014456941953323277,13
225,joint_families,tracking_shuffled_objects,-0.0029277594855596847,-0.0025162935758919797,13
225,joint_families_larger,all,-0.019658646654741825,-0.013599071302725502,13
225,joint_families_larger,logical_deduction,-0.0020570238641367047,0.002364029003200316,13
225,joint_families_larger,tracking_shuffled_objects,-0.03726026944534696,-0.02956217160865131,13
226,joint_families,all,-0.010498838145482985,-0.011046354105544245,14
226,joint_families,logical_deduction,-0.015341822629098128,-0.016804815763119214,14
226,joint_families,tracking_shuffled_objects,-0.0056558536618678415,-0.0052878924479692726,14
226,joint_families_larger,all,-0.02359353356884235,-0.0213370137082127,14
226,joint_families_larger,logical_deduction,0.0012804463258654505,0.006993602841774203,14
226,joint_families_larger,tracking_shuffled_objects,-0.04846751346355016,-0.04966763025819959,14
227,joint_families,all,-0.01164076178037919,-0.012023948102273838,12
227,joint_families,logical_deduction,-0.016487881942418642,-0.018926627843144597,12
227,joint_families,tracking_shuffled_objects,-0.006793641618339738,-0.005121268361403077,12
227,joint_families_larger,all,-0.029258989342963716,-0.018469913191194554,12
227,joint_families_larger,logical_deduction,-0.016102631276877347,0.0028629661132428415,12
227,joint_families_larger,tracking_shuffled_objects,-0.042415347409050085,-0.03980279249563195,12
228,joint_families,all,-0.010490769672020242,-0.011035528076005776,13
228,joint_families,logical_deduction,-0.015819888755150356,-0.017940762220319127,13
228,joint_families,tracking_shuffled_objects,-0.005161650588890128,-0.004130293931692425,13
228,joint_families_larger,all,-0.02798716658559657,-0.02103805931820198,13
228,joint_families_larger,logical_deduction,-0.0020341436185960997,0.006855842677339295,13
228,joint_families_larger,tracking_shuffled_objects,-0.05394018955259704,-0.048931961313743264,13
229,joint_families,all,-0.009196464609399588,-0.009361786291220415,14
229,joint_families,logical_deduction,-0.013291251808633105,-0.014679204029791249,14
229,joint_families,tracking_shuffled_objects,-0.005101677410166069,-0.004044368552649577,14
229,joint_families_larger,all,-0.021467459858518487,-0.022618166356269585,14
229,joint_families_larger,logical_deduction,-0.0074258776498688376,-0.009091708557788776,14
229,joint_families_larger,tracking_shuffled_objects,-0.035509042067168144,-0.03614462415475039,14
230,joint_families,all,-0.00902595971218823,-0.009486441393218923,10
230,joint_families,logical_deduction,-0.01492123134893662,-0.015863404452804476,10
230,joint_families,tracking_shuffled_objects,-0.0031306880754398427,-0.0031094783336333685,10
230,joint_families_larger,all,-0.016908166264263967,-0.014063057638250432,10
230,joint_families_larger,logical_deduction,0.007183942580285477,0.011727252265758954,10
230,joint_families_larger,tracking_shuffled_objects,-0.04100027510881342,-0.03985336754225981,10
231,joint_families,all,-0.009697335861926488,-0.010937075929480632,15
231,joint_families,logical_deduction,-0.014069705879268646,-0.01702445799424952,15
231,joint_families,tracking_shuffled_objects,-0.005324965844584332,-0.004849693864711743,15
231,joint_families_larger,all,-0.018211491186568368,-0.013096622002862626,15
231,joint_families_larger,logical_deduction,-0.005111587261070284,0.00041621991375748266,15
231,joint_families_larger,tracking_shuffled_objects,-0.03131139511206646,-0.026609463919482733,15
232,joint_families,all,-0.010239916828358592,-0.011416607431637447,13
232,joint_families,logical_deduction,-0.01482073171919486,-0.018930978300668817,13
232,joint_families,tracking_shuffled_objects,-0.005659101937522329,-0.0039022365626060693,13
232,joint_families_larger,all,-0.01963660837663895,-0.014319342476249788,13
232,joint_families_larger,logical_deduction,-2.3514974557828926e-05,0.005989751949704393,13
232,joint_families_larger,tracking_shuffled_objects,-0.03924970177872007,-0.03462843690220397,13
233,joint_families,all,-0.011874741511600803,-0.011815975692102302,13
233,joint_families,logical_deduction,-0.01908866650148817,-0.019514808146723205,13
233,joint_families,tracking_shuffled_objects,-0.0046608165217134345,-0.0041171432374814,13
233,joint_families_larger,all,-0.023996335346957727,-0.024668317597989507,13
233,joint_families_larger,logical_deduction,-0.000904145188395941,0.003124208760964484,13
233,joint_families_larger,tracking_shuffled_objects,-0.047088525505519514,-0.05246084395694349,13
234,joint_families,all,-0.009737215270564219,-0.009631190507362926,12
234,joint_families,logical_deduction,-0.014267204728196897,-0.014551441312913119,12
234,joint_families,tracking_shuffled_objects,-0.005207225812931539,-0.0047109397018127355,12
234,joint_families_larger,all,-0.03173290390193492,-0.019420992016715502,12
234,joint_families_larger,logical_deduction,-0.022245261456925253,-0.011624878412701056,12
234,joint_families_larger,tracking_shuffled_objects,-0.04122054634694458,-0.027217105620729952,12
235,joint_families,all,-0.009819890878769697,-0.01095504588812308,12
235,joint_families,logical_deduction,-0.014515460312597874,-0.017326716672538735,12
235,joint_families,tracking_shuffled_objects,-0.005124321444941523,-0.004583375103707423,12
235,joint_families_larger,all,-0.01659700626253988,-0.014421012982643627,12
235,joint_families_larger,logical_deduction,0.003793742027879421,0.015221901119436807,12
235,joint_families_larger,tracking_shuffled_objects,-0.036987754552959176,-0.044063927084724064,12
236,joint_families,all,-0.007891504560491406,-0.008405674161422499,12
236,joint_families,logical_deduction,-0.011415307566950984,-0.012737733652672093,12
236,joint_families,tracking_shuffled_objects,-0.004367701554031826,-0.004073614670172902,12
236,joint_families_larger,all,-0.020838691676101726,-0.020631310247595225,12
236,joint_families_larger,logical_deduction,-0.0026502708792200715,-0.0016325942261250358,12
236,joint_families_larger,tracking_shuffled_objects,-0.03902711247298338,-0.039630026269065415,12
237,joint_families,all,-0.008260284086637915,-0.009098021804572474,12
237,joint_families,logical_deduction,-0.013796275508913481,-0.016404375356012173,12
237,joint_families,tracking_shuffled_objects,-0.0027242926643623517,-0.0017916682531327727,12
237,joint_families_larger,all,-0.02476299257584136,-0.022522155844291115,12
237,joint_families_larger,logical_deduction,-0.010457938547374744,-0.00887382703230316,12
237,joint_families_larger,tracking_shuffled_objects,-0.03906804660430797,-0.036170484656279075,12
238,joint_families,all,-0.008338061459078595,-0.012684222686851002,11
238,joint_families,logical_deduction,-0.010732063503835477,-0.01905991904957631,11
238,joint_families,tracking_shuffled_objects,-0.0059440594143217165,-0.006308526324125698,11
238,joint_families_larger,all,-0.016157373808715583,-0.024200321883462373,11
238,joint_families_larger,logical_deduction,0.003212597125905492,0.016724268524379266,11
238,joint_families_larger,tracking_shuffled_objects,-0.03552734474333666,-0.06512491229130402,11
239,joint_families,all,-0.01019915501197669,-0.010615026845664798,13
239,joint_families,logical_deduction,-0.016372323807947214,-0.018626410241411064,13
239,joint_families,tracking_shuffled_objects,-0.004025986216006164,-0.002603643449918531,13
239,joint_families_larger,all,-0.02209528058677168,-0.011731010255303865,13
239,joint_families_larger,logical_deduction,-0.008251504191424144,-0.000811698916397367,13
239,joint_families_larger,tracking_shuffled_objects,-0.03593905698211923,-0.022650321594210356,13
240,joint_families,all,-0.007900456566596643,-0.009655951518129242,14
240,joint_families,logical_deduction,-0.011181653375799265,-0.015413205661146925,14
240,joint_families,tracking_shuffled_objects,-0.004619259757394022,-0.003898697375111554,14
240,joint_families_larger,all,-0.015703976136984547,-0.014278474875136993,14
240,joint_families_larger,logical_deduction,-0.0004400508339975,0.001995780767491081,14
240,joint_families_larger,tracking_shuffled_objects,-0.03096790143997159,-0.03055273051776506,14
241,joint_families,all,-0.008687003087553284,-0.01043555427600559,14
241,joint_families,logical_deduction,-0.01162274000937511,-0.015238481128853315,14
241,joint_families,tracking_shuffled_objects,-0.005751266165731464,-0.005632627423157859,14
241,joint_families_larger,all,-0.013452874089978946,-0.009890393030878075,14
241,joint_families_larger,logical_deduction,0.00723740431477282,0.0166283853809288,14
241,joint_families_larger,tracking_shuffled_objects,-0.034143152494730704,-0.03640917144268495,14
242,joint_families,all,-0.01054410610804653,-0.012541373714571155,13
242,joint_families,logical_deduction,-0.014676191070960045,-0.018699562220139798,13
242,joint_families,tracking_shuffled_objects,-0.006412021145133013,-0.006383185209002507,13
242,joint_families_larger,all,-0.017703551957181474,-0.016068642589475473,13
242,joint_families_larger,logical_deduction,0.012181553217640499,0.024240299573757933,13
242,joint_families_larger,tracking_shuffled_objects,-0.047588657132003435,-0.05637758475270889,13
243,joint_families,all,-0.01200855531576876,-0.012405491770487111,13
243,joint_families,logical_deduction,-0.019116315429774603,-0.02169811902848994,13
243,joint_families,tracking_shuffled_objects,-0.004900795201762918,-0.0031128645124842724,13
243,joint_families_larger,all,-0.02779602637041923,-0.017017421791479588,13
243,joint_families_larger,logical_deduction,-0.004412181420192174,0.011202727523821635,13
243,joint_families_larger,tracking_shuffled_objects,-0.05117987132064629,-0.0452375711067808,13
244,joint_families,all,-0.011654173466593254,-0.01187173896488409,11
244,joint_families,logical_deduction,-0.016649987127356748,-0.017625785601078893,11
244,joint_families,tracking_shuffled_objects,-0.006658359805829757,-0.006117692328689294,11
244,joint_families_larger,all,-0.028414158605735637,-0.027220423995935605,11
244,joint_families_larger,logical_deduction,-0.0026181701790956133,0.004189030220829023,11
244,joint_families_larger,tracking_shuffled_objects,-0.054210147032375665,-0.05862987821270023,11
245,joint_families,all,-0.008525163367015358,-0.009669399992275006,13
245,joint_families,logical_deduction,-0.014008321910416413,-0.016454895358132063,13
245,joint_families,tracking_shuffled_objects,-0.0030420048236143,-0.0028839046264179493,13
245,joint_families_larger,all,-0.022417954673998725,-0.02319309078182959,13
245,joint_families_larger,logical_deduction,-0.005265282607348447,-0.004435519291634516,13
245,joint_families_larger,tracking_shuffled_objects,-0.03957062674064902,-0.04195066227202466,13
246,joint_families,all,-0.008487543356674968,-0.00916770598578181,13
246,joint_families,logical_deduction,-0.012012972261587705,-0.013388180387931011,13
246,joint_families,tracking_shuffled_objects,-0.004962114451762232,-0.0049472315836326065,13
246,joint_families_larger,all,-0.01659749394144433,-0.01071333581835565,13
246,joint_families_larger,logical_deduction,-0.0024134499468443462,0.0038746942702595063,13
246,joint_families_larger,tracking_shuffled_objects,-0.030781537936044313,-0.025301365906970803,13
247,joint_families,all,-0.008684175509224398,-0.009421536355289084,14
247,joint_families,logical_deduction,-0.013043481708717514,-0.01528667034712614,14
247,joint_families,tracking_shuffled_objects,-0.004324869309731282,-0.0035564023634520243,14
247,joint_families_larger,all,-0.01856457146256221,-0.01740475248630428,14
247,joint_families_larger,logical_deduction,0.004674756305794795,0.009689843962957221,14
247,joint_families_larger,tracking_shuffled_objects,-0.04180389923091921,-0.04449934893556577,14
248,joint_families,all,-0.011052899680060149,-0.011079571317904413,11
248,joint_families,logical_deduction,-0.016994999846927494,-0.018165184885658516,11
248,joint_families,tracking_shuffled_objects,-0.005110799513192801,-0.0039939577501503145,11
248,joint_families_larger,all,-0.028965249838482286,-0.017392121863051432,11
248,joint_families_larger,logical_deduction,-0.007799691470356097,0.004870493337446932,11
248,joint_families_larger,tracking_shuffled_objects,-0.050130808206608465,-0.03965473706354979,11
249,joint_families,all,-0.007493988515094534,-0.008842445181867109,12
249,joint_families,logical_deduction,-0.010014708852904163,-0.01275626118055274,12
249,joint_families,tracking_shuffled_objects,-0.0049732681772849075,-0.0049286291831814755,12
249,joint_families_larger,all,-0.011884128744709661,-0.01296662009333945,12
249,joint_families_larger,logical_deduction,0.0024388905686591245,0.007237234799317345,12
249,joint_families_larger,tracking_shuffled_objects,-0.02620714805807845,-0.03317047498599625,12
250,joint_families,all,-0.00875158738853664,-0.00945662782042388,14
250,joint_families,logical_deduction,-0.014450902637885139,-0.015880090944490895,14
250,joint_families,tracking_shuffled_objects,-0.0030522721391881445,-0.0030331646963568685,14
250,joint_families_larger,all,-0.02499530229985709,-0.025122595417045666,14
250,joint_families_larger,logical_deduction,0.0024819838512153275,0.0029150057097311137,14
250,joint_families_larger,tracking_shuffled_objects,-0.05247258845092951,-0.053160196543822445,14
251,joint_families,all,-0.010118850257322726,-0.011322764524164017,12
251,joint_families,logical_deduction,-0.014871120577976613,-0.018001303449674898,12
251,joint_families,tracking_shuffled_objects,-0.005366579936668834,-0.004644225598653133,12
251,joint_families_larger,all,-0.03112892557531783,-0.03504362437418772,12
251,joint_families_larger,logical_deduction,0.0021553816476067825,0.00788501652771931,12
251,joint_families_larger,tracking_shuffled_objects,-0.06441323279824245,-0.07797226527609473,12
252,joint_families,all,-0.00934203240451503,-0.010406216115321876,14
252,joint_families,logical_deduction,-0.013786340862568284,-0.017176464732963352,14
252,joint_families,tracking_shuffled_objects,-0.004897723946461777,-0.003635967497680412,14
252,joint_families_larger,all,-0.018341781715968484,-0.01849026400342372,14
252,joint_families_larger,logical_deduction,0.00013821138967268383,0.004432136215128166,14
252,joint_families_larger,tracking_shuffled_objects,-0.036821774821609636,-0.04141266422197559,14
253,joint_families,all,-0.009569406762684293,-0.011069460437209005,11
253,joint_families,logical_deduction,-0.012583714759349536,-0.015485518593584305,11
253,joint_families,tracking_shuffled_objects,-0.006555098766019055,-0.006653402280833708,11
253,joint_families_larger,all,-0.02503974160069857,-0.03038500285017758,11
253,joint_families_larger,logical_deduction,0.0031888055547182118,0.007658076433334734,11
253,joint_families_larger,tracking_shuffled_objects,-0.05326828875611536,-0.0684280821336899,11
254,joint_families,all,-0.006991537130866562,-0.008496377055426227,13
254,joint_families,logical_deduction,-0.01122218777202566,-0.014529326089619949,13
254,joint_families,tracking_shuffled_objects,-0.0027608864897074644,-0.002463428021232511,13
254,joint_families_larger,all,-0.018860951586964842,-0.01651644819238824,13
254,joint_families_larger,logical_deduction,-0.006500493593843513,-0.0007280275755406562,13
254,joint_families_larger,tracking_shuffled_objects,-0.03122140958008616,-0.03230486880923583,13
255,joint_families,all,-0.012185271965321392,-0.012936759109492667,12
255,joint_families,logical_deduction,-0.0165505197331172,-0.018280784066038697,12
255,joint_families,tracking_shuffled_objects,-0.007820024197525586,-0.007592734152946638,12
255,joint_families_larger,all,-0.03268288058952051,-0.01972020246668689,12
255,joint_families_larger,logical_deduction,-0.021232982460088538,-0.011133214689456331,12
255,joint_families_larger,tracking_shuffled_objects,-0.04413277871895248,-0.02830719024391745,12
256,joint_families,all,-0.008763568109789252,-0.01022802928175531,12
256,joint_families,logical_deduction,-0.012758680337981677,-0.015485797554019479,12
256,joint_families,tracking_shuffled_objects,-0.004768455881596827,-0.004970261009491144,12
256,joint_families_larger,all,-0.019028396669214933,-0.019890049679052606,12
256,joint_families_larger,logical_deduction,0.0069222589961651145,0.010338409798110867,12
256,joint_families_larger,tracking_shuffled_objects,-0.04497905233459498,-0.05011850915621609,12
257,joint_families,all,-0.009701278182446222,-0.011183362221464781,14
257,joint_families,logical_deduction,-0.013883740543087305,-0.017040166691185625,14
257,joint_families,tracking_shuffled_objects,-0.005518815821805135,-0.005326557751743938,14
257,joint_families_larger,all,-0.01466082334027939,-0.015834487669108686,14
257,joint_families_larger,logical_deduction,-2.3779279433117085e-06,0.0035317676100967005,14
257,joint_families_larger,tracking_shuffled_objects,-0.02931926875261547,-0.035200742948314066,14
258,joint_families,all,-0.011229620940270852,-0.011585060875954133,12
258,joint_families,logical_deduction,-0.015988624182694828,-0.01696874521415552,12
258,joint_families,tracking_shuffled_objects,-0.006470617697846878,-0.006201376537752744,12
258,joint_families_larger,all,-0.01303460236184921,-0.009763238632552695,12
258,joint_families_larger,logical_deduction,0.00904778499099912,0.01624765042709988,12
258,joint_families_larger,tracking_shuffled_objects,-0.03511698971469754,-0.03577412769220527,12
259,joint_families,all,-0.0069144281323324135,-0.008069289764061596,11
259,joint_families,logical_deduction,-0.010926571744180673,-0.01308903838000251,11
259,joint_families,tracking_shuffled_objects,-0.002902284520484157,-0.0030495411481206826,11
259,joint_families_larger,all,-0.02367496728752134,-0.02084344772661203,11
259,joint_families_larger,logical_deduction,0.006165056598700737,0.010296280029678011,11
259,joint_families_larger,tracking_shuffled_objects,-0.05351499117374342,-0.051983175482902065,11
260,joint_families,all,-0.00822952754785406,-0.009217445664408106,15
260,joint_families,logical_deduction,-0.012399196600437352,-0.01433219632185973,15
260,joint_families,tracking_shuffled_objects,-0.004059858495270761,-0.004102695006956479,15
260,joint_families_larger,all,-0.016703564814390785,-0.015801589731729876,15
260,joint_families_larger,logical_deduction,0.005020301395722699,0.00657122009070098,15
260,joint_families_larger,tracking_shuffled_objects,-0.03842743102450427,-0.03817439955416073,15
261,joint_families,all,-0.008089740396361013,-0.008640365477410823,13
261,joint_families,logical_deduction,-0.01091689917784473,-0.01252787053754548,13
261,joint_families,tracking_shuffled_objects,-0.0052625816148772955,-0.0047528604172761705,13
261,joint_families_larger,all,-0.01731003466706956,-0.017706768526992496,13
261,joint_families_larger,logical_deduction,-0.001285067685505681,0.0041685590008605,13
261,joint_families_larger,tracking_shuffled_objects,-0.033335001648633435,-0.03958209605484549,13
262,joint_families,all,-0.008619857213970877,-0.009687875096817624,10
262,joint_families,logical_deduction,-0.010654066090618987,-0.013159736809738365,10
262,joint_families,tracking_shuffled_objects,-0.006585648337322767,-0.006216013383896879,10
262,joint_families_larger,all,-0.010994514693527,-0.010324004571755743,10
262,joint_families_larger,logical_deduction,0.002724192084331436,0.009551469276003434,10
262,joint_families_larger,tracking_shuffled_objects,-0.024713221471385435,-0.030199478419514918,10
263,joint_families,all,-0.0065247443202142395,-0.007489455539750151,11
263,joint_families,logical_deduction,-0.009428438969901856,-0.011870858178534643,11
263,joint_families,tracking_shuffled_objects,-0.003621049670526623,-0.003108052900965657,11
263,joint_families_larger,all,-0.013839242902387376,-0.00608683291622371,11
263,joint_families_larger,logical_deduction,-0.006664509752625024,-0.0060027529165093555,11
263,joint_families_larger,tracking_shuffled_objects,-0.021013976052149726,-0.006170912915938065,11
264,joint_families,all,-0.008697685659375233,-0.009941354195385447,13
264,joint_families,logical_deduction,-0.013347370536416837,-0.016316648402865237,13
264,joint_families,tracking_shuffled_objects,-0.00404800078233363,-0.0035660599879056556,13
264,joint_families_larger,all,-0.018478025833722673,-0.012221627248074563,13
264,joint_families_larger,logical_deduction,-0.005249591878374571,-0.0013027929667832779,13
264,joint_families_larger,tracking_shuffled_objects,-0.03170645978907078,-0.023140461529365847,13
265,joint_families,all,-0.009117670433783216,-0.009944337687696904,12
265,joint_families,logical_deduction,-0.013818101780542739,-0.0159850355476672,12
265,joint_families,tracking_shuffled_objects,-0.004417239087023691,-0.00390363982772661,12
265,joint_families_larger,all,-0.019479535404522755,-0.016728526892892136,12
265,joint_families_larger,logical_deduction,0.0028419025898846844,0.010803617718180192,12
265,joint_families_larger,tracking_shuffled_objects,-0.041800973398930186,-0.04426067150396447,12
266,joint_families,all,-0.009309200542459024,-0.009842314793002476,14
266,joint_families,logical_deduction,-0.015789078351149406,-0.018270607975571625,14
266,joint_families,tracking_shuffled_objects,-0.0028293227337686383,-0.0014140216104333262,14
266,joint_families_larger,all,-0.021425432650243475,-0.013784148563914847,14
266,joint_families_larger,logical_deduction,-0.013046750497668038,-0.012316318891075897,14
266,joint_families_larger,tracking_shuffled_objects,-0.02980411480281893,-0.015251978236753796,14
267,joint_families,all,-0.013598884786399444,-0.0131499020410462,12
267,joint_families,logical_deduction,-0.02095479803603478,-0.021464373227245134,12
267,joint_families,tracking_shuffled_objects,-0.006242971536764114,-0.004835430854847268,12
267,joint_families_larger,all,-0.048781933582331606,-0.025035769704820875,12
267,joint_families_larger,logical_deduction,-0.032180687588718115,-0.0018636937825321873,12
267,joint_families_larger,tracking_shuffled_objects,-0.06538317957594508,-0.048207845627109565,12
268,joint_families,all,-0.008980733910080741,-0.009619457809697418,13
268,joint_families,logical_deduction,-0.013598616443019504,-0.014394413390722043,13
268,joint_families,tracking_shuffled_objects,-0.004362851377141978,-0.004844502228672795,13
268,joint_families_larger,all,-0.016946667395566186,-0.021011091914961016,13
268,joint_families_larger,logical_deduction,0.009416049451283739,0.009520711765433546,13
268,joint_families_larger,tracking_shuffled_objects,-0.043309384242416114,-0.051542895595355576,13
269,joint_families,all,-0.009556653410012179,-0.01120093343705382,13
269,joint_families,logical_deduction,-0.015652411253705395,-0.01944142391210437,13
269,joint_families,tracking_shuffled_objects,-0.003460895566318965,-0.002960442962003272,13
269,joint_families_larger,all,-0.018543735695748766,-0.015347591876433897,13
269,joint_families_larger,logical_deduction,0.010179371354620648,0.01814684891152966,13
269,joint_families_larger,tracking_shuffled_objects,-0.04726684274611817,-0.04884203266439747,13
270,joint_families,all,-0.005191216050986179,-0.006293326337381283,11
270,joint_families,logical_deduction,-0.01117271524426418,-0.012989977591385482,11
270,joint_families,tracking_shuffled_objects,0.0007902831422918237,0.0004033249166229165,11
270,joint_families_larger,all,-0.02838131878714181,-0.017858034632739384,11
270,joint_families_larger,logical_deduction,-0.013975063099088534,-0.004647516762008616,11
270,joint_families_larger,tracking_shuffled_objects,-0.04278757447519507,-0.03106855250347016,11
271,joint_families,all,-0.009598993212313353,-0.011152514873473721,12
271,joint_families,logical_deduction,-0.014512148369868865,-0.017869000005043385,12
271,joint_families,tracking_shuffled_objects,-0.0046858380547578436,-0.004436029741904063,12
271,joint_families_larger,all,-0.020791907994678827,-0.020725272812896798,12
271,joint_families_larger,logical_deduction,0.004499698915161203,0.010666050255292025,12
271,joint_families_larger,tracking_shuffled_objects,-0.046083514904518855,-0.052116595881085616,12
272,joint_families,all,-0.010210314275570731,-0.011158980088084155,14
272,joint_families,logical_deduction,-0.014068547031270308,-0.017286169942590274,14
272,joint_families,tracking_shuffled_objects,-0.006352081519871159,-0.00503179023357804,14
272,joint_families_larger,all,-0.026144805823824602,-0.024420271327533882,14
272,joint_families_larger,logical_deduction,-0.011855048920407679,-0.009994169568773904,14
272,joint_families_larger,tracking_shuffled_objects,-0.04043456272724152,-0.038846373086293864,14
273,joint_families,all,-0.008978965320398402,-0.00974308689646154,11
273,joint_families,logical_deduction,-0.01196702676781739,-0.013770310896911766,11
273,joint_families,tracking_shuffled_objects,-0.005990903872979416,-0.005715862896011311,11
273,joint_families_larger,all,-0.020437392751702713,-0.021968880130698476,11
273,joint_families_larger,logical_deduction,-0.0070696830526356304,-0.004844035559218466,11
273,joint_families_larger,tracking_shuffled_objects,-0.03380510245076978,-0.039093724702178485,11
274,joint_families,all,-0.011091767027671348,-0.01127520898479203,13
274,joint_families,logical_deduction,-0.01591274904681446,-0.016972974325700625,13
274,joint_families,tracking_shuffled_objects,-0.006270785008528242,-0.0055774436438834315,13
274,joint_families_larger,all,-0.018390952570056764,-0.013127300452850727,13
274,joint_families_larger,logical_deduction,0.0009463313107197292,0.007832912832519186,13
274,joint_families_larger,tracking_shuffled_objects,-0.03772823645083326,-0.03408751373822063,13
275,joint_families,all,-0.009107468724460149,-0.010956359959791944,13
275,joint_families,logical_deduction,-0.012522918778830399,-0.016803642785697483,13
275,joint_families,tracking_shuffled_objects,-0.0056920186700898994,-0.005109077133886407,13
275,joint_families_larger,all,-0.0203870777760401,-0.02231301703279053,13
275,joint_families_larger,logical_deduction,0.002456413361836562,0.008395808776322983,13
275,joint_families_larger,tracking_shuffled_objects,-0.043230568913916766,-0.05302184284190405,13
276,joint_families,all,-0.008498141005054617,-0.009274907415079756,13
276,joint_families,logical_deduction,-0.011970764658483892,-0.01356878657406188,13
276,joint_families,tracking_shuffled_objects,-0.005025517351625343,-0.004981028256097632,13
276,joint_families_larger,all,-0.018410710801831626,-0.01653101336711828,13
276,joint_families_larger,logical_deduction,-0.001057658573600919,0.00035613261396535555,13
276,joint_families_larger,tracking_shuffled_objects,-0.03576376303006233,-0.033418159348201915,13
277,joint_families,all,-0.0089506761208396,-0.010595672834634681,15
277,joint_families,logical_deduction,-0.01276026947440796,-0.016573595586982924,15
277,joint_families,tracking_shuffled_objects,-0.005141082767271239,-0.004617750082286434,15
277,joint_families_larger,all,-0.022788196482538457,-0.021831256203104995,15
277,joint_families_larger,logical_deduction,-0.005724552136059155,-0.0036372019498002338,15
277,joint_families_larger,tracking_shuffled_objects,-0.03985184082901776,-0.04002531045640975,15
278,joint_families,all,-0.008506913561913347,-0.011745290605447217,11
278,joint_families,logical_deduction,-0.012301848754338953,-0.019265011890703256,11
278,joint_families,tracking_shuffled_objects,-0.004711978369487744,-0.004225569320191178,11
278,joint_families_larger,all,-0.02418867693235821,-0.022737929837866003,11
278,joint_families_larger,logical_deduction,-0.003416022618914351,0.006639578136848486,11
278,joint_families_larger,tracking_shuffled_objects,-0.04496133124580206,-0.05211543781258049,11
279,joint_families,all,-0.01068640014796028,-0.011297469735464362,15
279,joint_families,logical_deduction,-0.015799695967958948,-0.01785642931288447,15
279,joint_families,tracking_shuffled_objects,-0.005573104327961613,-0.004738510158044261,15
279,joint_families_larger,all,-0.03843495435844579,-0.02868906490461931,15
279,joint_families_larger,logical_deduction,-0.02431693866496975,-0.010579908027672022,15
279,joint_families_larger,tracking_shuffled_objects,-0.05255297005192182,-0.04679822178156661,15
280,joint_families,all,-0.009161002677457853,-0.01050131343085757,13
280,joint_families,logical_deduction,-0.01221416909248148,-0.01511741803453307,13
280,joint_families,tracking_shuffled_objects,-0.00610783626243423,-0.005885208827182071,13
280,joint_families_larger,all,-0.015284203637419664,-0.018127962870647822,13
280,joint_families_larger,logical_deduction,0.009726878220296893,0.01771606032358325,13
280,joint_families_larger,tracking_shuffled_objects,-0.04029528549513622,-0.053971986064878893,13
281,joint_families,all,-0.009462462976106506,-0.010991322438402723,14
281,joint_families,logical_deduction,-0.014001257850456904,-0.01766969013811357,14
281,joint_families,tracking_shuffled_objects,-0.004923668101756108,-0.00431295473869187,14
281,joint_families_larger,all,-0.019729328074692253,-0.014249797699119724,14
281,joint_families_larger,logical_deduction,-0.0028398979499142,0.005684745079237029,14
281,joint_families_larger,tracking_shuffled_objects,-0.0366187581994703,-0.034184340477476476,14
282,joint_families,all,-0.008402025941393351,-0.009946813021489821,11
282,joint_families,logical_deduction,-0.011149993205585067,-0.014707799427041595,11
282,joint_families,tracking_shuffled_objects,-0.005654058677201634,-0.00518582661593805,11
282,joint_families_larger,all,-0.019132330871660365,-0.022615526798338816,11
282,joint_families_larger,logical_deduction,-0.002861600804168405,1.694119186032572e-07,11
282,joint_families_larger,tracking_shuffled_objects,-0.03540306093915232,-0.045231223008596236,11
283,joint_families,all,-0.00894496015537935,-0.008991627289618246,11
283,joint_families,logical_deduction,-0.01526178849314086,-0.015361493756948405,11
283,joint_families,tracking_shuffled_objects,-0.0026281318176178386,-0.002621760822288089,11
283,joint_families_larger,all,-0.015700649816290976,-0.016411100790844527,11
283,joint_families_larger,logical_deduction,0.008974437256406353,0.008193593270657263,11
283,joint_families_larger,tracking_shuffled_objects,-0.0403757368889883,-0.04101579485234631,11
284,joint_families,all,-0.00957945410298956,-0.009764975128008722,13
284,joint_families,logical_deduction,-0.013546348588680856,-0.014184186611630612,13
284,joint_families,tracking_shuffled_objects,-0.0056125596172982685,-0.005345763644386831,13
284,joint_families_larger,all,-0.01629715939909456,-0.014747007898062428,13
284,joint_families_larger,logical_deduction,0.0007809689960438825,0.003228641484851239,13
284,joint_families_larger,tracking_shuffled_objects,-0.03337528779423301,-0.032722657280976085,13
285,joint_families,all,-0.008459241226349605,-0.008774740100910774,13
285,joint_families,logical_deduction,-0.013672390312880915,-0.014689097102274002,13
285,joint_families,tracking_shuffled_objects,-0.0032460921398182927,-0.0028603830995475453,13
285,joint_families_larger,all,-0.026381053762729003,-0.02934612667297603,13
285,joint_families_larger,logical_deduction,-0.012353528418856114,-0.011063761771280106,13
285,joint_families_larger,tracking_shuffled_objects,-0.04040857910660189,-0.04762849157467196,13
286,joint_families,all,-0.010325460376646004,-0.012146421368900323,12
286,joint_families,logical_deduction,-0.014663451810406722,-0.019234697460233697,12
286,joint_families,tracking_shuffled_objects,-0.005987468942885284,-0.005058145277566949,12
286,joint_families_larger,all,-0.019053959121560913,-0.016408614054851212,12
286,joint_families_larger,logical_deduction,0.003695472912761788,0.013231476457018712,12
286,joint_families_larger,tracking_shuffled_objects,-0.04180339115588361,-0.04604870456672113,12
287,joint_families,all,-0.008248406978269575,-0.009126393281294009,14
287,joint_families,logical_deduction,-0.01261441094104139,-0.014692311717474121,14
287,joint_families,tracking_shuffled_objects,-0.0038824030154977576,-0.003560474845113902,14
287,joint_families_larger,all,-0.014181742696348282,-0.014136072846024255,14
287,joint_families_larger,logical_deduction,0.00977933155205174,0.012140569102946419,14
287,joint_families_larger,tracking_shuffled_objects,-0.0381428169447483,-0.04041271479499493,14
288,joint_families,all,-0.009043945218625955,-0.009165105256365007,11
288,joint_families,logical_deduction,-0.012766032176304516,-0.013852221395272932,11
288,joint_families,tracking_shuffled_objects,-0.005321858260947392,-0.004477989117457082,11
288,joint_families_larger,all,-0.023728870624737698,-0.028307595218539965,11
288,joint_families_larger,logical_deduction,-0.006602285307034261,-0.00773717343519247,11
288,joint_families_larger,tracking_shuffled_objects,-0.040855455942441145,-0.048878017001887465,11
289,joint_families,all,-0.008651706557410698,-0.011565082864063768,12
289,joint_families,logical_deduction,-0.013610301311711068,-0.01850210654634137,12
289,joint_families,tracking_shuffled_objects,-0.0036931118031103263,-0.004628059181786172,12
289,joint_families_larger,all,-0.03247154633946256,-0.03435651449486332,12
289,joint_families_larger,logical_deduction,-0.0024581441409105903,0.00601981819585021,12
289,joint_families_larger,tracking_shuffled_objects,-0.06248494853801453,-0.07473284718557685,12
290,joint_families,all,-0.01058602091237298,-0.011357496465425911,12
290,joint_families,logical_deduction,-0.015714749369748576,-0.017308649430629368,12
290,joint_families,tracking_shuffled_objects,-0.005457292454997383,-0.005406343500222455,12
290,joint_families_larger,all,-0.026834956355146697,-0.03203360022518875,12
290,joint_families_larger,logical_deduction,-0.004912650473016733,-0.008322786597446372,12
290,joint_families_larger,tracking_shuffled_objects,-0.048757262237276666,-0.05574441385293113,12
291,joint_families,all,-0.00799891175384613,-0.009138078745116988,12
291,joint_families,logical_deduction,-0.011012156637146579,-0.01389414686557008,12
291,joint_families,tracking_shuffled_objects,-0.004985666870545681,-0.004382010624663894,12
291,joint_families_larger,all,-0.021275535376753463,-0.02641725651360442,12
291,joint_families_larger,logical_deduction,-0.011366917138424415,-0.016030625767757805,12
291,joint_families_larger,tracking_shuffled_objects,-0.031184153615082512,-0.03680388725945103,12
292,joint_families,all,-0.009592859516643602,-0.010481247714565867,13
292,joint_families,logical_deduction,-0.014839452141672664,-0.01664479620992232,13
292,joint_families,tracking_shuffled_objects,-0.004346266891614539,-0.004317699219209415,13
292,joint_families_larger,all,-0.026086574460254693,-0.020550400058024797,13
292,joint_families_larger,logical_deduction,-0.006582000344301005,0.0007225627283595628,13
292,joint_families_larger,tracking_shuffled_objects,-0.045591148576208385,-0.04182336284440917,13
293,joint_families,all,-0.008543799669179964,-0.010637619128064288,13
293,joint_families,logical_deduction,-0.012537920849095236,-0.016726830683844052,13
293,joint_families,tracking_shuffled_objects,-0.004549678489264693,-0.004548407572284523,13
293,joint_families_larger,all,-0.01878880887561789,-0.018378865511462925,13
293,joint_families_larger,logical_deduction,0.013894043912651524,0.02384411044689215,13
293,joint_families_larger,tracking_shuffled_objects,-0.051471661663887294,-0.060601841469817994,13
294,joint_families,all,-0.01141509452176107,-0.012078655433261871,12
294,joint_families,logical_deduction,-0.01702667361358257,-0.018821558750565414,12
294,joint_families,tracking_shuffled_objects,-0.005803515429939575,-0.00533575211595833,12
294,joint_families_larger,all,-0.021638207254587347,-0.024287690659067936,12
294,joint_families_larger,logical_deduction,0.0005291006075153852,0.007373276876082462,12
294,joint_families_larger,tracking_shuffled_objects,-0.04380551511669008,-0.05594865819421833,12
295,joint_families,all,-0.010555684938574157,-0.011678322408364378,15
295,joint_families,logical_deduction,-0.015085787490965206,-0.017788791011908146,15
295,joint_families,tracking_shuffled_objects,-0.0060255823861831105,-0.005567853804820607,15
295,joint_families_larger,all,-0.02152915837617322,-0.019193628024443025,15
295,joint_families_larger,logical_deduction,0.004413580251267289,0.010843799970292205,15
295,joint_families_larger,tracking_shuffled_objects,-0.04747189700361373,-0.04923105601917825,15
296,joint_families,all,-0.008534685690554475,-0.009994018297047401,13
296,joint_families,logical_deduction,-0.012435548736749331,-0.015740319702830026,13
296,joint_families,tracking_shuffled_objects,-0.004633822644359621,-0.004247716891264776,13
296,joint_families_larger,all,-0.01893545415824344,-0.0232245405345398,13
296,joint_families_larger,logical_deduction,-0.00877300493671789,-0.006174802643294152,13
296,joint_families_larger,tracking_shuffled_objects,-0.029097903379768995,-0.04027427842578544,13
297,joint_families,all,-0.009318212226401798,-0.010012788175080813,13
297,joint_families,logical_deduction,-0.015872773610611502,-0.017035219048940474,13
297,joint_families,tracking_shuffled_objects,-0.0027636508421920933,-0.002990357301221149,13
297,joint_families_larger,all,-0.023236739577368402,-0.01874940912166026,13
297,joint_families_larger,logical_deduction,0.007257036234792037,0.013472183553235003,13
297,joint_families_larger,tracking_shuffled_objects,-0.053730515389528846,-0.050971001796555525,13
298,joint_families,all,-0.008563962083796235,-0.00903187695092427,12
298,joint_families,logical_deduction,-0.013663555681945785,-0.014962630376904757,12
298,joint_families,tracking_shuffled_objects,-0.0034643684856466854,-0.003101123524943787,12
298,joint_families_larger,all,-0.016110531947154023,-0.017191085590545045,12
298,joint_families_larger,logical_deduction,0.0001548068522000771,-0.0025664010336374104,12
298,joint_families_larger,tracking_shuffled_objects,-0.03237587074650812,-0.03181577014745267,12
299,joint_families,all,-0.009741910163089168,-0.010836115140222613,13
299,joint_families,logical_deduction,-0.01382409680958344,-0.016596918097757096,13
299,joint_families,tracking_shuffled_objects,-0.005659723516594899,-0.00507531218268813,13
299,joint_families_larger,all,-0.02065824469986751,-0.024022877052580195,13
299,joint_families_larger,logical_deduction,-0.0005164472713065464,0.0058543468867195605,13
299,joint_families_larger,tracking_shuffled_objects,-0.04080004212842848,-0.05390010099187995,13
300,joint_families,all,-0.010425857535035927,-0.011250982037464571,14
300,joint_families,logical_deduction,-0.015037892378582442,-0.017841644003573867,14
300,joint_families,tracking_shuffled_objects,-0.005813822691489415,-0.004660320071355275,14
300,joint_families_larger,all,-0.02007914265155221,-0.012392025549254603,14
300,joint_families_larger,logical_deduction,-0.006149535811712346,0.002098784549405171,14
300,joint_families_larger,tracking_shuffled_objects,-0.034008749491392064,-0.026882835647914372,14
301,joint_families,all,-0.009551558746916166,-0.009798132973175645,12
301,joint_families,logical_deduction,-0.012880140658674624,-0.014090248148539364,12
301,joint_families,tracking_shuffled_objects,-0.006222976835157708,-0.005506017797811924,12
301,joint_families_larger,all,-0.024667634257353962,-0.02261493606680162,12
301,joint_families_larger,logical_deduction,-0.010285903675230483,-0.0027322965225165903,12
301,joint_families_larger,tracking_shuffled_objects,-0.039049364839477435,-0.04249757561108664,12
302,joint_families,all,-0.0074284606612334,-0.009262793482388948,14
302,joint_families,logical_deduction,-0.01073673853979399,-0.01437932809898761,14
302,joint_families,tracking_shuffled_objects,-0.00412018278267281,-0.004146258865790288,14
302,joint_families_larger,all,-0.016885564440011297,-0.016834920272778976,14
302,joint_families_larger,logical_deduction,-0.0005133358187203593,0.002114493998731101,14
302,joint_families_larger,tracking_shuffled_objects,-0.033257793061302235,-0.03578433454428905,14
303,joint_families,all,-0.010256034257246234,-0.01190132834341045,14
303,joint_families,logical_deduction,-0.015569857021555568,-0.01892204989430658,14
303,joint_families,tracking_shuffled_objects,-0.004942211492936902,-0.004880606792514321,14
303,joint_families_larger,all,-0.02312030206911426,-0.02523114058373916,14
303,joint_families_larger,logical_deduction,0.011383594937944674,0.018638250918359953,14
303,joint_families_larger,tracking_shuffled_objects,-0.057624199076173194,-0.06910053208583826,14
304,joint_families,all,-0.010386030175112314,-0.010704138126459787,12
304,joint_families,logical_deduction,-0.015784297962202386,-0.017514144898212437,12
304,joint_families,tracking_shuffled_objects,-0.004987762388022238,-0.0038941313547071373,12
304,joint_families_larger,all,-0.023376022670461086,-0.018837088105523266,12
304,joint_families_larger,logical_deduction,0.002527496341731997,0.010275731419585075,12
304,joint_families_larger,tracking_shuffled_objects,-0.04927954168265416,-0.04794990763063161,12
305,joint_families,all,-0.00837955561352734,-0.01006761546507918,14
305,joint_families,logical_deduction,-0.012009598143932406,-0.0159694061344776,14
305,joint_families,tracking_shuffled_objects,-0.004749513083122276,-0.00416582479568076,14
305,joint_families_larger,all,-0.02072390237998077,-0.018209610450195403,14
305,joint_families_larger,logical_deduction,-0.0017646278718752215,0.004313093082960305,14
305,joint_families_larger,tracking_shuffled_objects,-0.03968317688808632,-0.0407323139833511,14
306,joint_families,all,-0.010434049448209836,-0.011274613708983989,13
306,joint_families,logical_deduction,-0.01538356326310369,-0.018564655973293535,13
306,joint_families,tracking_shuffled_objects,-0.005484535633315984,-0.003984571444674444,13
306,joint_families_larger,all,-0.017134040145054295,-0.012143719798349332,13
306,joint_families_larger,logical_deduction,0.0022833934418043113,0.010455379960914026,13
306,joint_families_larger,tracking_shuffled_objects,-0.03655147373191289,-0.034742819557612686,13
307,joint_families,all,-0.009236143346810218,-0.010761808905274986,15
307,joint_families,logical_deduction,-0.01378472251841598,-0.017807755942134414,15
307,joint_families,tracking_shuffled_objects,-0.004687564175204456,-0.0037158618684155578,15
307,joint_families_larger,all,-0.02071393655215413,-0.017140183320481256,15
307,joint_families_larger,logical_deduction,-0.005705627185939623,0.0009788954212321612,15
307,joint_families_larger,tracking_shuffled_objects,-0.03572224591836864,-0.035259262062194666,15
308,joint_families,all,-0.008809496736968755,-0.008988468924097551,14
308,joint_families,logical_deduction,-0.01410895477563745,-0.01488964967717705,14
308,joint_families,tracking_shuffled_objects,-0.0035100386983000606,-0.0030872881710180557,14
308,joint_families_larger,all,-0.023105651986954846,-0.012601196909558039,14
308,joint_families_larger,logical_deduction,-0.010753640438650595,0.0029117823659307487,14
308,joint_families_larger,tracking_shuffled_objects,-0.035457663535259094,-0.028114176185046823,14
309,joint_families,all,-0.007577497587378498,-0.009735975052169726,10
309,joint_families,logical_deduction,-0.010678027090279337,-0.014185857045765202,10
309,joint_families,tracking_shuffled_objects,-0.004476968084477657,-0.005286093058574255,10
309,joint_families_larger,all,-0.027187354246512325,-0.029561050923751518,10
309,joint_families_larger,logical_deduction,-0.001954174723917056,0.008384401929312876,10
309,joint_families_larger,tracking_shuffled_objects,-0.0524205337691076,-0.06750650377681591,10
310,joint_families,all,-0.009284395573852602,-0.009928372550612232,13
310,joint_families,logical_deduction,-0.015474855840952293,-0.017332244996988627,13
310,joint_families,tracking_shuffled_objects,-0.003093935306752912,-0.0025245001042358385,13
310,joint_families_larger,all,-0.020936022976599092,-0.015208676763211554,13
310,joint_families_larger,logical_deduction,0.002480790622697929,0.010004459999542666,13
310,joint_families_larger,tracking_shuffled_objects,-0.0443528365758961,-0.04042181352596578,13
311,joint_families,all,-0.007239254923428269,-0.007751444671755228,12
311,joint_families,logical_deduction,-0.011852517223437858,-0.013630971137861433,12
311,joint_families,tracking_shuffled_objects,-0.0026259926234186806,-0.0018719182056490195,12
311,joint_families_larger,all,-0.019766848773087358,-0.011712813005189764,12
311,joint_families_larger,logical_deduction,-0.011730508415721201,-0.009846872296071608,12
311,joint_families_larger,tracking_shuffled_objects,-0.02780318913045352,-0.013578753714307917,12
312,joint_families,all,-0.008263878672305816,-0.009257359027637836,12
312,joint_families,logical_deduction,-0.013502793243653433,-0.015140075072052603,12
312,joint_families,tracking_shuffled_objects,-0.0030249641009581964,-0.0033746429832230682,12
312,joint_families_larger,all,-0.013780855381975385,-0.015153147691548735,12
312,joint_families_larger,logical_deduction,0.01339909447081745,0.016268125240694372,12
312,joint_families_larger,tracking_shuffled_objects,-0.040960805234768215,-0.04657442062379184,12
313,joint_families,all,-0.006060179476368136,-0.007439770789686687,13
313,joint_families,logical_deduction,-0.009286871547953483,-0.012069309538533555,13
313,joint_families,tracking_shuffled_objects,-0.002833487404782788,-0.002810232040839816,13
313,joint_families_larger,all,-0.013968810946389298,-0.01188103658579619,13
313,joint_families_larger,logical_deduction,0.0035054597769538453,0.006499280243519918,13
313,joint_families_larger,tracking_shuffled_objects,-0.03144308166973244,-0.030261353415112303,13
314,joint_families,all,-0.008782916047957938,-0.009376097512318259,12
314,joint_families,logical_deduction,-0.012538594309264869,-0.014760886567023715,12
314,joint_families,tracking_shuffled_objects,-0.0050272377866510095,-0.003991308457612802,12
314,joint_families_larger,all,-0.01862773081252843,-0.02066791142714814,12
314,joint_families_larger,logical_deduction,-0.004387939446334921,-0.003791844532328323,12
314,joint_families_larger,tracking_shuffled_objects,-0.03286752217872193,-0.037543978321967944,12
315,joint_families,all,-0.008846447678278035,-0.009707907587447866,12
315,joint_families,logical_deduction,-0.01417174470857821,-0.015278746220522988,12
315,joint_families,tracking_shuffled_objects,-0.003521150647977859,-0.00413706895437275,12
315,joint_families_larger,all,-0.021561555648222173,-0.014503534374013829,12
315,joint_families_larger,logical_deduction,-0.0034816835898950987,0.006807835610159736,12
315,joint_families_larger,tracking_shuffled_objects,-0.03964142770654925,-0.035814904358187384,12
316,joint_families,all,-0.00927689365652919,-0.011064707548281797,12
316,joint_families,logical_deduction,-0.012996377222811183,-0.017614967704409262,12
316,joint_families,tracking_shuffled_objects,-0.0055574100902471965,-0.004514447392154328,12
316,joint_families_larger,all,-0.01862934653728745,-0.011368186931329011,12
316,joint_families_larger,logical_deduction,-0.002536758553443535,0.004827313055025425,12
316,joint_families_larger,tracking_shuffled_objects,-0.03472193452113136,-0.02756368691768344,12
317,joint_families,all,-0.0096818166770378,-0.009983864999241056,13
317,joint_families,logical_deduction,-0.01617973348876744,-0.018494641397601923,13
317,joint_families,tracking_shuffled_objects,-0.0031838998653081563,-0.0014730886008801852,13
317,joint_families_larger,all,-0.01796780548073868,-0.018339269032667662,13
317,joint_families_larger,logical_deduction,0.00413117177530185,0.010403183834122283,13
317,joint_families_larger,tracking_shuffled_objects,-0.0400667827367792,-0.047081721899457606,13
318,joint_families,all,-0.007842269020029033,-0.009042766086678655,13
318,joint_families,logical_deduction,-0.010387150366011807,-0.013256569912188454,13
318,joint_families,tracking_shuffled_objects,-0.005297387674046259,-0.004828962261168852,13
318,joint_families_larger,all,-0.015006653494148075,-0.021139665353954906,13
318,joint_families_larger,logical_deduction,0.0016757332469689605,0.004086108191654885,13
318,joint_families_larger,tracking_shuffled_objects,-0.03168904023526511,-0.046365438899564695,13
319,joint_families,all,-0.008970461414996597,-0.009779864086033195,12
319,joint_families,logical_deduction,-0.011269682142944713,-0.0135541228040179,12
319,joint_families,tracking_shuffled_objects,-0.00667124068704848,-0.006005605368048492,12
319,joint_families_larger,all,-0.01772056403148329,-0.01978308010628309,12
319,joint_families_larger,logical_deduction,-0.006411718715987716,-0.009048637169509039,12
319,joint_families_larger,tracking_shuffled_objects,-0.02902940934697886,-0.03051752304305714,12
320,joint_families,all,-0.007845451324683846,-0.008275320349816335,11
320,joint_families,logical_deduction,-0.010994572789096784,-0.012440822428422826,11
320,joint_families,tracking_shuffled_objects,-0.004696329860270911,-0.004109818271209846,11
320,joint_families_larger,all,-0.014504468916637281,-0.020705162688242403,11
320,joint_families_larger,logical_deduction,0.001884556338471308,-0.00011660493181560299,11
320,joint_families_larger,tracking_shuffled_objects,-0.030893494171745868,-0.0412937204446692,11
321,joint_families,all,-0.008339751069449935,-0.010260211855246296,14
321,joint_families,logical_deduction,-0.013382660311404431,-0.01622710413910743,14
321,joint_families,tracking_shuffled_objects,-0.003296841827495439,-0.004293319571385161,14
321,joint_families_larger,all,-0.02390470834490134,-0.026427238537928853,14
321,joint_families_larger,logical_deduction,0.005209591475634594,0.00971443715375154,14
321,joint_families_larger,tracking_shuffled_objects,-0.05301900816543728,-0.06256891422960924,14
322,joint_families,all,-0.008579317549185101,-0.009724129917392386,13
322,joint_families,logical_deduction,-0.012175703255933746,-0.015182106941933218,13
322,joint_families,tracking_shuffled_objects,-0.004982931842436458,-0.004266152892851556,13
322,joint_families_larger,all,-0.019904451505622308,-0.01996114301947307,13
322,joint_families_larger,logical_deduction,-0.004596991385942384,-0.004767846215731551,13
322,joint_families_larger,tracking_shuffled_objects,-0.03521191162530223,-0.03515443982321459,13
323,joint_families,all,-0.009089505395115759,-0.010159998285294247,12
323,joint_families,logical_deduction,-0.013509536226236669,-0.016223421758379514,12
323,joint_families,tracking_shuffled_objects,-0.004669474563994849,-0.004096574812208981,12
323,joint_families_larger,all,-0.02601184631954145,-0.026522950282473274,12
323,joint_families_larger,logical_deduction,-0.001358477300338939,0.002468511173088743,12
323,joint_families_larger,tracking_shuffled_objects,-0.050665215338743956,-0.0555144117380353,12
324,joint_families,all,-0.009534993245403812,-0.009397059730491816,12
324,joint_families,logical_deduction,-0.015790028645255298,-0.016451568867509335,12
324,joint_families,tracking_shuffled_objects,-0.0032799578455523274,-0.0023425505934742954,12
324,joint_families_larger,all,-0.02373185910889621,-0.016204795473066677,12
324,joint_families_larger,logical_deduction,-0.008173356736346355,-0.005013683389765999,12
324,joint_families_larger,tracking_shuffled_objects,-0.03929036148144606,-0.02739590755636736,12
325,joint_families,all,-0.008952482749682144,-0.009140592740408945,11
325,joint_families,logical_deduction,-0.013071631129497087,-0.014284147964137624,11
325,joint_families,tracking_shuffled_objects,-0.004833334369867204,-0.003997037516680268,11
325,joint_families_larger,all,-0.02275458236767724,-0.02142705694522817,11
325,joint_families_larger,logical_deduction,-0.009711605823071068,-0.00776793811133482,11
325,joint_families_larger,tracking_shuffled_objects,-0.03579755891228342,-0.035086175779121515,11
326,joint_families,all,-0.008794949203827822,-0.010059078814234523,12
326,joint_families,logical_deduction,-0.011630493093002906,-0.015291704371603218,12
326,joint_families,tracking_shuffled_objects,-0.005959405314652738,-0.004826453256865826,12
326,joint_families_larger,all,-0.020588808779285282,-0.023678342658626818,12
326,joint_families_larger,logical_deduction,-0.006692983157995144,-0.007102111498331373,12
326,joint_families_larger,tracking_shuffled_objects,-0.03448463440057542,-0.040254573818922265,12
327,joint_families,all,-0.00837090259432327,-0.008942932446493065,14
327,joint_families,logical_deduction,-0.012375737347571239,-0.014465137694593427,14
327,joint_families,tracking_shuffled_objects,-0.004366067841075301,-0.003420727198392699,14
327,joint_families_larger,all,-0.019930208918605228,-0.01901724957351948,14
327,joint_families_larger,logical_deduction,-0.006005089410514045,-0.003920796339078214,14
327,joint_families_larger,tracking_shuffled_objects,-0.03385532842669641,-0.03411370280796076,14
328,joint_families,all,-0.009663279033956012,-0.01132089431737253,11
328,joint_families,logical_deduction,-0.014469000755341601,-0.017170403765632117,11
328,joint_families,tracking_shuffled_objects,-0.004857557312570426,-0.005471384869112946,11
328,joint_families_larger,all,-0.024758336471458274,-0.02945032718249489,11
328,joint_families_larger,logical_deduction,0.0017593271889173889,0.004528878634930674,11
328,joint_families_larger,tracking_shuffled_objects,-0.051276000131833935,-0.06342953299992046,11
329,joint_families,all,-0.007702949144884881,-0.008887430204042712,14
329,joint_families,logical_deduction,-0.011468769028389045,-0.014072230278254286,14
329,joint_families,tracking_shuffled_objects,-0.003937129261380716,-0.003702630129831133,14
329,joint_families_larger,all,-0.013366473223243431,-0.0067918016833037635,14
329,joint_families_larger,logical_deduction,0.002044360419228941,0.007085047733485343,14
329,joint_families_larger,tracking_shuffled_objects,-0.028777306865715807,-0.020668651100092868,14
330,joint_families,all,-0.009836362882946053,-0.010422650019764402,12
330,joint_families,logical_deduction,-0.014035356402078873,-0.015239374158253622,12
330,joint_families,tracking_shuffled_objects,-0.005637369363813235,-0.005605925881275181,12
330,joint_families_larger,all,-0.014067635006411247,-0.016880216226304225,12
330,joint_families_larger,logical_deduction,0.006885953134618442,0.007049553615592598,12
330,joint_families_larger,tracking_shuffled_objects,-0.03502122314744093,-0.04080998606820105,12
331,joint_families,all,-0.008733363152860076,-0.009010016428994405,14
331,joint_families,logical_deduction,-0.012941559924264573,-0.01397454428070925,14
331,joint_families,tracking_shuffled_objects,-0.004525166381455581,-0.004045488577279559,14
331,joint_families_larger,all,-0.023681659228224603,-0.023717904929528445,14
331,joint_families_larger,logical_deduction,-0.003269595364266625,-0.0009274870102757732,14
331,joint_families_larger,tracking_shuffled_objects,-0.04409372309218259,-0.04650832284878113,14
332,joint_families,all,-0.011204461838607203,-0.010918695353494058,12
332,joint_families,logical_deduction,-0.018915399083132237,-0.01898002239076125,12
332,joint_families,tracking_shuffled_objects,-0.0034935245940821693,-0.002857368316226864,12
332,joint_families_larger,all,-0.02986114785576755,-0.02382516904015928,12
332,joint_families_larger,logical_deduction,-0.01133730066483964,0.0010637666404806358,12
332,joint_families_larger,tracking_shuffled_objects,-0.04838499504669547,-0.04871410472079921,12
333,joint_families,all,-0.007441642707622526,-0.009125223998011935,11
333,joint_families,logical_deduction,-0.010302241229265657,-0.013876396133914093,11
333,joint_families,tracking_shuffled_objects,-0.004581044185979397,-0.004374051862109776,11
333,joint_families_larger,all,-0.024961335966039666,-0.030052357140342413,11
333,joint_families_larger,logical_deduction,-0.01038863711044429,-0.011256759873903767,11
333,joint_families_larger,tracking_shuffled_objects,-0.03953403482163503,-0.048847954406781045,11
334,joint_families,all,-0.010112343950679826,-0.011364681150240918,16
334,joint_families,logical_deduction,-0.015090475583182352,-0.017754811929021612,16
334,joint_families,tracking_shuffled_objects,-0.0051342123181773,-0.004974550371460225,16
334,joint_families_larger,all,-0.02020400136525108,-0.020005694605806534,16
334,joint_families_larger,logical_deduction,0.0022672673093165866,0.008690625202802792,16
334,joint_families_larger,tracking_shuffled_objects,-0.04267527003981874,-0.048702014414415865,16
335,joint_families,all,-0.010452573116349787,-0.010558371980625864,13
335,joint_families,logical_deduction,-0.016807742909492756,-0.017617328822195744,13
335,joint_families,tracking_shuffled_objects,-0.0040974033232068175,-0.003499415139055985,13
335,joint_families_larger,all,-0.026694491804532955,-0.016640727941838067,13
335,joint_families_larger,logical_deduction,-0.0007012095031955537,0.00826373855907105,13
335,joint_families_larger,tracking_shuffled_objects,-0.05268777410587036,-0.04154519444274719,13
336,joint_families,all,-0.010423779822934184,-0.010851915338567681,14
336,joint_families,logical_deduction,-0.015831443596201054,-0.01715024739302739,14
336,joint_families,tracking_shuffled_objects,-0.005016116049667316,-0.004553583284107974,14
336,joint_families_larger,all,-0.026033739888539378,-0.009659541931094705,14
336,joint_families_larger,logical_deduction,-0.012757463156065107,0.005002657805406756,14
336,joint_families_larger,tracking_shuffled_objects,-0.039310016621013646,-0.02432174166759617,14
337,joint_families,all,-0.007877504070130126,-0.009307716775193285,14
337,joint_families,logical_deduction,-0.012076532732721511,-0.014523054514032213,14
337,joint_families,tracking_shuffled_objects,-0.0036784754075387433,-0.004092379036354358,14
337,joint_families_larger,all,-0.020820375399808667,-0.027017763772264575,14
337,joint_families_larger,logical_deduction,0.0031621796546479185,0.002701244784960834,14
337,joint_families_larger,tracking_shuffled_objects,-0.044802930454265255,-0.05673677232948998,14
338,joint_families,all,-0.007581820294054859,-0.008546868431362872,13
338,joint_families,logical_deduction,-0.010569235396628025,-0.012718079774186966,13
338,joint_families,tracking_shuffled_objects,-0.004594405191481691,-0.004375657088538777,13
338,joint_families_larger,all,-0.017119084444871088,-0.02019081779070727,13
338,joint_families_larger,logical_deduction,0.0020076440028785588,0.0053244286788036565,13
338,joint_families_larger,tracking_shuffled_objects,-0.036245812892620737,-0.04570606426021819,13
339,joint_families,all,-0.007928160656939454,-0.00970815331854465,14
339,joint_families,logical_deduction,-0.01064272018899311,-0.014266716095105589,14
339,joint_families,tracking_shuffled_objects,-0.0052136011248858005,-0.005149590541983712,14
339,joint_families_larger,all,-0.01910153761027682,-0.020471313839587602,14
339,joint_families_larger,logical_deduction,-0.0021513261794534125,0.0034561173803739327,14
339,joint_families_larger,tracking_shuffled_objects,-0.03605174904110023,-0.04439874505954914,14
340,joint_families,all,-0.010722781497713888,-0.010918603223609763,14
340,joint_families,logical_deduction,-0.016594438229548744,-0.018186431014306188,14
340,joint_families,tracking_shuffled_objects,-0.004851124765879036,-0.003650775432913337,14
340,joint_families_larger,all,-0.028322416595388013,-0.01846824443622268,14
340,joint_families_larger,logical_deduction,-0.013515987379802225,0.00030208914735355456,14
340,joint_families_larger,tracking_shuffled_objects,-0.043128845810973794,-0.03723857801979892,14
341,joint_families,all,-0.009701225583974401,-0.010069302234615714,15
341,joint_families,logical_deduction,-0.014293356379262618,-0.016015294133363462,15
341,joint_families,tracking_shuffled_objects,-0.005109094788686183,-0.004123310335867966,15
341,joint_families_larger,all,-0.018647160945208213,-0.013017056158566381,15
341,joint_families_larger,logical_deduction,-0.0053672934747229575,0.0024890353265709557,15
341,joint_families_larger,tracking_shuffled_objects,-0.031927028415693476,-0.02852314764370371,15
342,joint_families,all,-0.010934038555112206,-0.010396970274568118,13
342,joint_families,logical_deduction,-0.017870587666004786,-0.01800842727931041,13
342,joint_families,tracking_shuffled_objects,-0.003997489444219631,-0.002785513269825824,13
342,joint_families_larger,all,-0.030673467438302578,-0.0202106607578297,13
342,joint_families_larger,logical_deduction,-0.020796346152602306,-0.006707028370693084,13
342,joint_families_larger,tracking_shuffled_objects,-0.04055058872400284,-0.03371429314496633,13
343,joint_families,all,-0.011135980698056196,-0.011076367099068684,13
343,joint_families,logical_deduction,-0.01791353495175459,-0.01896312553164917,13
343,joint_families,tracking_shuffled_objects,-0.004358426444357805,-0.003189608666488198,13
343,joint_families_larger,all,-0.02744037527920682,-0.026112820635089733,13
343,joint_families_larger,logical_deduction,0.005815883963037674,0.009987167877255319,13
343,joint_families_larger,tracking_shuffled_objects,-0.060696634521451305,-0.06221280914743479,13
344,joint_families,all,-0.010586465924288389,-0.011213206915110342,12
344,joint_families,logical_deduction,-0.01377628136128233,-0.014974760061756794,12
344,joint_families,tracking_shuffled_objects,-0.007396650487294447,-0.007451653768463887,12
344,joint_families_larger,all,-0.032125178314299715,-0.027083805477347768,12
344,joint_families_larger,logical_deduction,-0.024231432431098026,-0.013737627562082938,12
344,joint_families_larger,tracking_shuffled_objects,-0.04001892419750143,-0.0404299833926126,12
345,joint_families,all,-0.010862714168993525,-0.01194905224066617,12
345,joint_families,logical_deduction,-0.015229162441621638,-0.017703612977089597,12
345,joint_families,tracking_shuffled_objects,-0.006496265896365414,-0.0061944915042427395,12
345,joint_families_larger,all,-0.025805641770849812,-0.019499990647713614,12
345,joint_families_larger,logical_deduction,-0.007753748023689141,0.007427902973760151,12
345,joint_families_larger,tracking_shuffled_objects,-0.04385753551801049,-0.04642788426918738,12
346,joint_families,all,-0.010360354409024702,-0.012676185006531384,11
346,joint_families,logical_deduction,-0.014025482725573633,-0.019026396192161718,11
346,joint_families,tracking_shuffled_objects,-0.006695226092475769,-0.006325973820901049,11
346,joint_families_larger,all,-0.01931677311048144,-0.014873041633489136,11
346,joint_families_larger,logical_deduction,-0.0031624621709771734,0.006997804304756014,11
346,joint_families_larger,tracking_shuffled_objects,-0.035471084049985696,-0.03674388757173429,11
347,joint_families,all,-0.011059738315410007,-0.01203031346905616,12
347,joint_families,logical_deduction,-0.016382057439866617,-0.018748683426382536,12
347,joint_families,tracking_shuffled_objects,-0.005737419190953396,-0.005311943511729788,12
347,joint_families_larger,all,-0.0259352463632688,-0.015500425847160779,12
347,joint_families_larger,logical_deduction,-0.009898815298793707,-0.0035315304486679758,12
347,joint_families_larger,tracking_shuffled_objects,-0.0419716774277439,-0.027469321245653582,12
348,joint_families,all,-0.010463691041562181,-0.010577673862510847,12
348,joint_families,logical_deduction,-0.016685035073083474,-0.017141133553338156,12
348,joint_families,tracking_shuffled_objects,-0.004242347010040885,-0.004014214171683539,12
348,joint_families_larger,all,-0.024543955280949683,-0.02306349096726091,12
348,joint_families_larger,logical_deduction,0.003739323319159275,0.008130421822422806,12
348,joint_families_larger,tracking_shuffled_objects,-0.05282723388105864,-0.05425740375694462,12
349,joint_families,all,-0.007230464123860116,-0.00821901027556521,12
349,joint_families,logical_deduction,-0.01070340435978871,-0.013504871106417904,12
349,joint_families,tracking_shuffled_objects,-0.0037575238879315235,-0.002933149444712515,12
349,joint_families_larger,all,-0.022766474237338546,-0.01731546288203655,12
349,joint_families_larger,logical_deduction,-0.013551622704026163,-0.01219251244320984,12
349,joint_families_larger,tracking_shuffled_objects,-0.03198132577065094,-0.022438413320863264,12
350,joint_families,all,-0.010822720508747587,-0.012034437777506166,12
350,joint_families,logical_deduction,-0.0160614914651023,-0.019198492174220004,12
350,joint_families,tracking_shuffled_objects,-0.005583949552392874,-0.00487038338079233,12
350,joint_families_larger,all,-0.021353002097406846,-0.01927672436281059,12
350,joint_families_larger,logical_deduction,-0.0002740999299341111,0.006248553246133411,12
350,joint_families_larger,tracking_shuffled_objects,-0.042431904264879576,-0.04480200197175459,12
351,joint_families,all,-0.010058686378084703,-0.01152822816003681,12
351,joint_families,logical_deduction,-0.01406945584130291,-0.018078689474612365,12
351,joint_families,tracking_shuffled_objects,-0.006047916914866496,-0.004977766845461257,12
351,joint_families_larger,all,-0.02089685050139759,-0.023103576074857305,12
351,joint_families_larger,logical_deduction,-0.006650131524967019,-0.0038755031661389674,12
351,joint_families_larger,tracking_shuffled_objects,-0.035143569477828165,-0.04233164898357564,12
352,joint_families,all,-0.00984710877099129,-0.011277705713790363,13
352,joint_families,logical_deduction,-0.01337567636240843,-0.016252080083122677,13
352,joint_families,tracking_shuffled_objects,-0.006318541179574151,-0.0063033313444580494,13
352,joint_families_larger,all,-0.020280226322389936,-0.025833597466390225,13
352,joint_families_larger,logical_deduction,-0.0002574056725593663,0.0012101072474626656,13
352,joint_families_larger,tracking_shuffled_objects,-0.04030304697222051,-0.0528773021802431,13
353,joint_families,all,-0.009348427679884991,-0.00941758282472429,12
353,joint_families,logical_deduction,-0.013247928139845317,-0.013671818306962033,12
353,joint_families,tracking_shuffled_objects,-0.0054489272199246645,-0.005163347342486543,12
353,joint_families_larger,all,-0.023311064897521307,-0.01939005727993527,12
353,joint_families_larger,logical_deduction,-0.004881126304943605,-0.0006894184539719065,12
353,joint_families_larger,tracking_shuffled_objects,-0.041741003490099016,-0.038090696105898644,12
354,joint_families,all,-0.007442821366585487,-0.008184651297935507,11
354,joint_families,logical_deduction,-0.010883879282785466,-0.012351318436600662,11
354,joint_families,tracking_shuffled_objects,-0.004001763450385509,-0.004017984159270348,11
354,joint_families_larger,all,-0.022106767894427087,-0.027802425560413062,11
354,joint_families_larger,logical_deduction,-0.001726151096548855,-0.004274973367355159,11
354,joint_families_larger,tracking_shuffled_objects,-0.04248738469230532,-0.051329877753470955,11
355,joint_families,all,-0.008131306271144502,-0.008760292739320517,10
355,joint_families,logical_deduction,-0.013060434603260162,-0.0138955182767533,10
355,joint_families,tracking_shuffled_objects,-0.003202177939028842,-0.003625067201887737,10
355,joint_families_larger,all,-0.031966711985991665,-0.035520835909882,10
355,joint_families_larger,logical_deduction,-0.008382322162816678,-0.00723436403594645,10
355,joint_families_larger,tracking_shuffled_objects,-0.05555110180916666,-0.06380730778381756,10
356,joint_families,all,-0.008256392981064368,-0.009136915999360309,12
356,joint_families,logical_deduction,-0.010850846923506696,-0.01255619461607808,12
356,joint_families,tracking_shuffled_objects,-0.00566193903862204,-0.005717637382642536,12
356,joint_families_larger,all,-0.01755973947393536,-0.020241700602275415,12
356,joint_families_larger,logical_deduction,-0.0010469193929465942,-0.00017827097629930807,12
356,joint_families_larger,tracking_shuffled_objects,-0.03407255955492414,-0.04030513022825153,12
357,joint_families,all,-0.010017030072816681,-0.011041806610332636,13
357,joint_families,logical_deduction,-0.013900502904852183,-0.016724860884463313,13
357,joint_families,tracking_shuffled_objects,-0.006133557240781183,-0.005358752336201964,13
357,joint_families_larger,all,-0.02213598007337541,-0.02280744166081643,13
357,joint_families_larger,logical_deduction,0.0014011716753416547,0.008147162194424082,13
357,joint_families_larger,tracking_shuffled_objects,-0.045673131822092476,-0.05376204551605694,13
358,joint_families,all,-0.009780168779773255,-0.0106386977581928,13
358,joint_families,logical_deduction,-0.014962893100388288,-0.01746598308414496,13
358,joint_families,tracking_shuffled_objects,-0.0045974444591582245,-0.0038114124322406392,13
358,joint_families_larger,all,-0.01641304640190097,-0.015466524050745677,13
358,joint_families_larger,logical_deduction,0.006171241011702033,0.013044350137064922,13
358,joint_families_larger,tracking_shuffled_objects,-0.03899733381550398,-0.04397739823855628,13
359,joint_families,all,-0.010277649246408612,-0.010671425488979524,14
359,joint_families,logical_deduction,-0.014727424168016486,-0.015843028001796204,14
359,joint_families,tracking_shuffled_objects,-0.005827874324800734,-0.005499822976162847,14
359,joint_families_larger,all,-0.015609340384053256,-0.011320842736862523,14
359,joint_families_larger,logical_deduction,0.0025584184046054848,0.009451459603667145,14
359,joint_families_larger,tracking_shuffled_objects,-0.03377709917271199,-0.032093145077392186,14
360,joint_families,all,-0.00800370327892991,-0.010149696475843194,15
360,joint_families,logical_deduction,-0.012790264005145912,-0.016716810710445167,15
360,joint_families,tracking_shuffled_objects,-0.0032171425527139077,-0.0035825822412412244,15
360,joint_families_larger,all,-0.019466688563699604,-0.017298614199491268,15
360,joint_families_larger,logical_deduction,0.002905244942742537,0.007480481873578927,15
360,joint_families_larger,tracking_shuffled_objects,-0.04183862207014174,-0.042077710272561464,15
361,joint_families,all,-0.009459708734792117,-0.009759484476202656,11
361,joint_families,logical_deduction,-0.01159498332373328,-0.012574562951808393,11
361,joint_families,tracking_shuffled_objects,-0.007324434145850953,-0.006944406000596916,11
361,joint_families_larger,all,-0.020869543020301924,-0.020005997037075816,11
361,joint_families_larger,logical_deduction,-0.0010515563726950744,0.0032571610135124023,11
361,joint_families_larger,tracking_shuffled_objects,-0.04068752966790878,-0.04326915508766403,11
362,joint_families,all,-0.009755237262272717,-0.010575736091513277,15
362,joint_families,logical_deduction,-0.014657829621547488,-0.016424874052189634,15
362,joint_families,tracking_shuffled_objects,-0.004852644902997948,-0.004726598130836919,15
362,joint_families_larger,all,-0.019156536034284428,-0.02454588684412042,15
362,joint_families_larger,logical_deduction,0.0057524540222327995,0.0023796562899725806,15
362,joint_families_larger,tracking_shuffled_objects,-0.04406552609080165,-0.05147142997821341,15
363,joint_families,all,-0.005903854319070572,-0.008210126351457406,12
363,joint_families,logical_deduction,-0.008404938884567805,-0.013489606701047069,12
363,joint_families,tracking_shuffled_objects,-0.0034027697535733417,-0.0029306460018677432,12
363,joint_families_larger,all,-0.025276016988688352,-0.024125809452434456,12
363,joint_families_larger,logical_deduction,-0.007269713888704146,-0.0011386356643827487,12
363,joint_families_larger,tracking_shuffled_objects,-0.04328232008867256,-0.04711298324048616,12
364,joint_families,all,-0.008019408914089993,-0.007802042591156848,11
364,joint_families,logical_deduction,-0.012514447580059176,-0.013298261473162962,11
364,joint_families,tracking_shuffled_objects,-0.003524370248120808,-0.0023058237091507353,11
364,joint_families_larger,all,-0.027226070791749792,-0.01808853393140086,11
364,joint_families_larger,logical_deduction,-0.01708740150277878,-0.009161906702171154,11
364,joint_families_larger,tracking_shuffled_objects,-0.03736474008072082,-0.027015161160630567,11
365,joint_families,all,-0.007170398113194222,-0.008848241750494966,12
365,joint_families,logical_deduction,-0.010779435292430061,-0.013616189295674897,12
365,joint_families,tracking_shuffled_objects,-0.0035613609339583824,-0.004080294205315033,12
365,joint_families_larger,all,-0.015114772929894871,-0.023434818032074554,12
365,joint_families_larger,logical_deduction,0.005352713857294282,0.004639869558370824,12
365,joint_families_larger,tracking_shuffled_objects,-0.03558225971708402,-0.051509505622519935,12
366,joint_families,all,-0.009766992574876293,-0.011842922306626624,12
366,joint_families,logical_deduction,-0.014648706232044824,-0.019925671350606904,12
366,joint_families,tracking_shuffled_objects,-0.004885278917707759,-0.0037601732626463455,12
366,joint_families_larger,all,-0.018335533656387085,-0.017046252800416856,12
366,joint_families_larger,logical_deduction,0.010786775814974866,0.01995193465780231,12
366,joint_families_larger,tracking_shuffled_objects,-0.04745784312774904,-0.05404444025863603,12
367,joint_families,all,-0.009485323527674326,-0.009793339016404818,14
367,joint_families,logical_deduction,-0.014475345283533286,-0.01566878457284451,14
367,joint_families,tracking_shuffled_objects,-0.004495301771815367,-0.003917893459965129,14
367,joint_families_larger,all,-0.021196128145291208,-0.01714749014866337,14
367,joint_families_larger,logical_deduction,-0.005631971654897981,0.002793786554680682,14
367,joint_families_larger,tracking_shuffled_objects,-0.03676028463568443,-0.037088766852007425,14
368,joint_families,all,-0.009606368211125876,-0.010107585983459327,12
368,joint_families,logical_deduction,-0.016235584865413853,-0.018252583401327686,12
368,joint_families,tracking_shuffled_objects,-0.002977151556837899,-0.0019625885655909702,12
368,joint_families_larger,all,-0.027370399217525654,-0.0202269597831488,12
368,joint_families_larger,logical_deduction,0.00040725795680221586,0.005573485823113225,12
368,joint_families_larger,tracking_shuffled_objects,-0.05514805639185352,-0.04602740538941082,12
369,joint_families,all,-0.010293768161314842,-0.010538412056931328,12
369,joint_families,logical_deduction,-0.01588497946419079,-0.01712882239638097,12
369,joint_families,tracking_shuffled_objects,-0.004702556858438891,-0.003948001717481687,12
369,joint_families_larger,all,-0.0235324970923611,-0.02205869558780792,12
369,joint_families_larger,logical_deduction,0.0006018752862182652,0.0023940069282923915,12
369,joint_families_larger,tracking_shuffled_objects,-0.04766686947094046,-0.04651139810390822,12
370,joint_families,all,-0.009193054308145385,-0.009427609022052594,13
370,joint_families,logical_deduction,-0.013213513763368072,-0.014496324749877896,13
370,joint_families,tracking_shuffled_objects,-0.0051725948529226995,-0.004358893294227293,13
370,joint_families_larger,all,-0.01717791295547918,-0.012686623945313105,13
370,joint_families_larger,logical_deduction,-0.006450473976414834,-0.0008198554130710026,13
370,joint_families_larger,tracking_shuffled_objects,-0.02790535193454352,-0.02455339247755521,13
371,joint_families,all,-0.007892938124522365,-0.009109308524226183,13
371,joint_families,logical_deduction,-0.011242170809405906,-0.01469950816823297,13
371,joint_families,tracking_shuffled_objects,-0.0045437054396388205,-0.0035191088802193904,13
371,joint_families_larger,all,-0.016761906469786984,-0.015349298422533172,13
371,joint_families_larger,logical_deduction,0.0008065147283184658,0.0072081357928555105,13
371,joint_families_larger,tracking_shuffled_objects,-0.034330327667892443,-0.03790673263792186,13
372,joint_families,all,-0.008935797176950292,-0.010239173860661433,13
372,joint_families,logical_deduction,-0.0129047864102149,-0.016102120514894756,13
372,joint_families,tracking_shuffled_objects,-0.004966807943685685,-0.0043762272064281115,13
372,joint_families_larger,all,-0.01653452455893578,-0.01451390611131419,13
372,joint_families_larger,logical_deduction,-0.005656432929622404,-0.001179478235917568,13
372,joint_families_larger,tracking_shuffled_objects,-0.027412616188249153,-0.02784833398671081,13
373,joint_families,all,-0.009134595209476818,-0.010046484474128403,11
373,joint_families,logical_deduction,-0.013453325445823497,-0.0156373853141425,11
373,joint_families,tracking_shuffled_objects,-0.0048158649731301385,-0.004455583634114308,11
373,joint_families_larger,all,-0.018296941374226546,-0.02057829290430846,11
373,joint_families_larger,logical_deduction,0.008554628982769529,0.011381757779688854,11
373,joint_families_larger,tracking_shuffled_objects,-0.04514851173122262,-0.05253834358830578,11
374,joint_families,all,-0.01066580176744045,-0.010630773395848527,12
374,joint_families,logical_deduction,-0.016651477484682292,-0.017310516845179213,12
374,joint_families,tracking_shuffled_objects,-0.004680126050198615,-0.003951029946517843,12
374,joint_families_larger,all,-0.024553172358993625,-0.016570887317941832,12
374,joint_families_larger,logical_deduction,-0.005347160367999349,0.0021970031362915756,12
374,joint_families_larger,tracking_shuffled_objects,-0.043759184349987906,-0.03533877777217524,12
375,joint_families,all,-0.009641301683260075,-0.010581885709626765,13
375,joint_families,logical_deduction,-0.016518135463362876,-0.018832787584777036,13
375,joint_families,tracking_shuffled_objects,-0.002764467903157269,-0.0023309838344764957,13
375,joint_families_larger,all,-0.020340695959863733,-0.00785545433485275,13
375,joint_families_larger,logical_deduction,-0.0016652518869664512,0.010089948947014074,13
375,joint_families_larger,tracking_shuffled_objects,-0.03901614003276101,-0.025800857616719575,13
376,joint_families,all,-0.008031895105857051,-0.00891252196082381,12
376,joint_families,logical_deduction,-0.01410495612017079,-0.016300506333129593,12
376,joint_families,tracking_shuffled_objects,-0.0019588340915433116,-0.001524537588518023,12
376,joint_families_larger,all,-0.02366462017393344,-0.022255522919313993,12
376,joint_families_larger,logical_deduction,0.001500717706941709,0.007815014483636713,12
376,joint_families_larger,tracking_shuffled_objects,-0.04882995805480859,-0.05232606032226469,12
377,joint_families,all,-0.008726054846660405,-0.009113118574781188,13
377,joint_families,logical_deduction,-0.013328869661570217,-0.01479522854802277,13
377,joint_families,tracking_shuffled_objects,-0.004123240031750597,-0.0034310086015396043,13
377,joint_families_larger,all,-0.02158372883576951,-0.017471219742130093,13
377,joint_families_larger,logical_deduction,-0.00141719415328779,0.0026050975235581975,13
377,joint_families_larger,tracking_shuffled_objects,-0.04175026351825122,-0.037547537007818384,13
378,joint_families,all,-0.007473084824196213,-0.008790395829933118,11
378,joint_families,logical_deduction,-0.009680022091330585,-0.012414094587333033,11
378,joint_families,tracking_shuffled_objects,-0.005266147557061836,-0.005166697072533205,11
378,joint_families_larger,all,-0.0192008350339995,-0.025992707401701176,11
378,joint_families_larger,logical_deduction,-0.0008539969495299846,0.001567000501340094,11
378,joint_families_larger,tracking_shuffled_objects,-0.037547673118469016,-0.05355241530474244,11
379,joint_families,all,-0.011014220937227228,-0.01157744328989654,12
379,joint_families,logical_deduction,-0.015594779680495283,-0.017657078117604124,12
379,joint_families,tracking_shuffled_objects,-0.006433662193959173,-0.005497808462188958,12
379,joint_families_larger,all,-0.030511547490221298,-0.024630522952329835,12
379,joint_families_larger,logical_deduction,-0.01983256963688003,-0.015175629582963302,12
379,joint_families_larger,tracking_shuffled_objects,-0.04119052534356257,-0.03408541632169636,12
380,joint_families,all,-0.008585423679421037,-0.008838162352328618,14
380,joint_families,logical_deduction,-0.013791404560856896,-0.01450380768608862,14
380,joint_families,tracking_shuffled_objects,-0.0033794427979851795,-0.00317251701856862,14
380,joint_families_larger,all,-0.020022331720736537,-0.018194658453676054,14
380,joint_families_larger,logical_deduction,0.001436247364236953,0.005796252637921874,14
380,joint_families_larger,tracking_shuffled_objects,-0.04148091080571002,-0.042185569545273985,14
381,joint_families,all,-0.00859578142946699,-0.008741783134459039,12
381,joint_families,logical_deduction,-0.013452705218159432,-0.013840430303795828,12
381,joint_families,tracking_shuffled_objects,-0.0037388576407745497,-0.003643135965122249,12
381,joint_families_larger,all,-0.01956231052633925,-0.021315407694353673,12
381,joint_families_larger,logical_deduction,0.003663728028403946,0.005034910078653395,12
381,joint_families_larger,tracking_shuffled_objects,-0.042788349081082436,-0.04766572546736074,12
382,joint_families,all,-0.010430823288880158,-0.011329999774629115,13
382,joint_families,logical_deduction,-0.016236872675114374,-0.018737628597328398,13
382,joint_families,tracking_shuffled_objects,-0.004624773902645941,-0.00392237095192983,13
382,joint_families_larger,all,-0.019186386716136646,-0.013841641688294815,13
382,joint_families_larger,logical_deduction,0.008621945260741589,0.017066945488593912,13
382,joint_families_larger,tracking_shuffled_objects,-0.04699471869301489,-0.04475022886518355,13
383,joint_families,all,-0.008477912908996441,-0.00907332309530102,14
383,joint_families,logical_deduction,-0.012468234821885318,-0.014589258067108299,14
383,joint_families,tracking_shuffled_objects,-0.0044875909961075685,-0.003557388123493739,14
383,joint_families_larger,all,-0.014714141808374655,-0.009687760577313253,14
383,joint_families_larger,logical_deduction,-0.007046957183563413,-0.0028580449671713423,14
383,joint_families_larger,tracking_shuffled_objects,-0.022381326433185897,-0.01651747618745517,14
384,joint_families,all,-0.0102539731335956,-0.01080727618764563,14
384,joint_families,logical_deduction,-0.01571459110332596,-0.017615627083016845,14
384,joint_families,tracking_shuffled_objects,-0.004793355163865242,-0.0039989252922744125,14
384,joint_families_larger,all,-0.01602847628601421,-0.006384813376593318,14
384,joint_families_larger,logical_deduction,-0.0056655541747453984,0.003860407108641155,14
384,joint_families_larger,tracking_shuffled_objects,-0.026391398397283012,-0.0166300338618278,14
385,joint_families,all,-0.007213227500842155,-0.007231370341716186,12
385,joint_families,logical_deduction,-0.013416357148979454,-0.014011617858012327,12
385,joint_families,tracking_shuffled_objects,-0.0010100978527048524,-0.0004511228254200493,12
385,joint_families_larger,all,-0.019379163886825146,-0.007388697350831132,12
385,joint_families_larger,logical_deduction,-0.012992747728599397,-0.003059549371090331,12
385,joint_families_larger,tracking_shuffled_objects,-0.025765580045050897,-0.011717845330571939,12
386,joint_families,all,-0.008717200429616356,-0.010832817757706063,15
386,joint_families,logical_deduction,-0.011816692243148528,-0.01610870273501353,15
386,joint_families,tracking_shuffled_objects,-0.005617708616084187,-0.005556932780398592,15
386,joint_families_larger,all,-0.017093135086362825,-0.01794928637177291,15
386,joint_families_larger,logical_deduction,-0.0012645730382929187,0.0023554029780743033,15
386,joint_families_larger,tracking_shuffled_objects,-0.03292169713443273,-0.03825397572162013,15
387,joint_families,all,-0.009477130771618233,-0.009882103726015341,14
387,joint_families,logical_deduction,-0.01342760008336849,-0.015420999659959361,14
387,joint_families,tracking_shuffled_objects,-0.005526661459867974,-0.004343207792071322,14
387,joint_families_larger,all,-0.027672355776928875,-0.016556760733054447,14
387,joint_families_larger,logical_deduction,-0.021931661407814326,-0.015854151060367014,14
387,joint_families_larger,tracking_shuffled_objects,-0.033413050146043434,-0.017259370405741877,14
388,joint_families,all,-0.009746277924134045,-0.01136681897441121,12
388,joint_families,logical_deduction,-0.014483981020511044,-0.01803356143299124,12
388,joint_families,tracking_shuffled_objects,-0.005008574827757044,-0.004700076515831181,12
388,joint_families_larger,all,-0.026342276935473443,-0.029726132958866096,12
388,joint_families_larger,logical_deduction,0.004380819061877166,0.009244135909198698,12
388,joint_families_larger,tracking_shuffled_objects,-0.05706537293282404,-0.0686964018269309,12
389,joint_families,all,-0.010658551452922618,-0.011133677350403695,15
389,joint_families,logical_deduction,-0.01602179713689975,-0.017647096758297197,15
389,joint_families,tracking_shuffled_objects,-0.005295305768945482,-0.004620257942510198,15
389,joint_families_larger,all,-0.0233529181292563,-0.021113747044470103,15
389,joint_families_larger,logical_deduction,-0.0072162730670279115,0.0016139523937023028,15
389,joint_families_larger,tracking_shuffled_objects,-0.0394895631914847,-0.04384144648264251,15
390,joint_families,all,-0.007688703553756163,-0.009831151189487153,12
390,joint_families,logical_deduction,-0.010444551291699586,-0.014477168160442611,12
390,joint_families,tracking_shuffled_objects,-0.00493285581581274,-0.005185134218531696,12
390,joint_families_larger,all,-0.016813614932510063,-0.01759707128131222,12
390,joint_families_larger,logical_deduction,0.00349912553895187,0.011285942717433271,12
390,joint_families_larger,tracking_shuffled_objects,-0.037126355403971995,-0.046480085280057704,12
391,joint_families,all,-0.011102152072123657,-0.01213636059624868,11
391,joint_families,logical_deduction,-0.015154182005512344,-0.017961146195827997,11
391,joint_families,tracking_shuffled_objects,-0.007050122138734971,-0.006311574996669364,11
391,joint_families_larger,all,-0.021868939258188037,-0.01692384668727954,11
391,joint_families_larger,logical_deduction,-0.008560808783871979,-0.0005883137765390512,11
391,joint_families_larger,tracking_shuffled_objects,-0.0351770697325041,-0.03325937959802004,11
392,joint_families,all,-0.008726943189449993,-0.009980874176617409,13
392,joint_families,logical_deduction,-0.013075126161720652,-0.01618614111165805,13
392,joint_families,tracking_shuffled_objects,-0.004378760217179334,-0.003775607241576768,13
392,joint_families_larger,all,-0.020641717128247493,-0.017625570184889992,13
392,joint_families_larger,logical_deduction,-0.003487906695331451,-0.0008470957206931369,13
392,joint_families_larger,tracking_shuffled_objects,-0.03779552756116354,-0.03440404464908685,13
393,joint_families,all,-0.009427586257424186,-0.009965289481603318,12
393,joint_families,logical_deduction,-0.015089742608091756,-0.016702924338406037,12
393,joint_families,tracking_shuffled_objects,-0.0037654299067566175,-0.0032276546248006,12
393,joint_families_larger,all,-0.02079872076955785,-0.008131474385116227,12
393,joint_families_larger,logical_deduction,-0.012388657042329804,-0.003286831711725696,12
393,joint_families_larger,tracking_shuffled_objects,-0.02920878449678589,-0.012976117058506759,12
394,joint_families,all,-0.008017006133281681,-0.009411497868185164,13
394,joint_families,logical_deduction,-0.010636042763890604,-0.013790944825897614,13
394,joint_families,tracking_shuffled_objects,-0.005397969502672758,-0.005032050910472713,13
394,joint_families_larger,all,-0.016032925015575773,-0.012962632390959286,13
394,joint_families_larger,logical_deduction,-0.002425828377503136,0.003701317249510157,13
394,joint_families_larger,tracking_shuffled_objects,-0.029640021653648412,-0.02962658203142874,13
395,joint_families,all,-0.010585193426985162,-0.011375630522552208,14
395,joint_families,logical_deduction,-0.015841765412234997,-0.018428942713801248,14
395,joint_families,tracking_shuffled_objects,-0.0053286214417353275,-0.004322318331303168,14
395,joint_families_larger,all,-0.026776005898022603,-0.018937278545686977,14
395,joint_families_larger,logical_deduction,-0.010814274445236733,-0.002589420169795768,14
395,joint_families_larger,tracking_shuffled_objects,-0.042737737350808484,-0.03528513692157818,14
396,joint_families,all,-0.008737042981743577,-0.009871028351825035,13
396,joint_families,logical_deduction,-0.01295690443194797,-0.015449051462317115,13
396,joint_families,tracking_shuffled_objects,-0.004517181531539182,-0.004293005241332958,13
396,joint_families_larger,all,-0.020386475908280622,-0.013658795958676839,13
396,joint_families_larger,logical_deduction,-0.0037151359318596507,0.0032513029096637863,13
396,joint_families_larger,tracking_shuffled_objects,-0.037057815884701605,-0.030568894827017468,13
397,joint_families,all,-0.006989439702763086,-0.007841960555732195,13
397,joint_families,logical_deduction,-0.012199526413587862,-0.014077078995123482,13
397,joint_families,tracking_shuffled_objects,-0.0017793529919383098,-0.0016068421163409094,13
397,joint_families_larger,all,-0.018444654860269357,-0.009876724340727125,13
397,joint_families_larger,logical_deduction,-0.005039880818984414,-0.0003877694829240886,13
397,joint_families_larger,tracking_shuffled_objects,-0.03184942890155431,-0.019365679198530158,13
398,joint_families,all,-0.009892524164675457,-0.009571934205291874,11
398,joint_families,logical_deduction,-0.016138729055333288,-0.016550750437417223,11
398,joint_families,tracking_shuffled_objects,-0.003646319274017628,-0.0025931179731665268,11
398,joint_families_larger,all,-0.022954159131056643,-0.02175414783273005,11
398,joint_families_larger,logical_deduction,-0.01040506191752431,-0.004502221304595181,11
398,joint_families_larger,tracking_shuffled_objects,-0.03550325634458898,-0.039006074360864916,11
399,joint_families,all,-0.010656837285590763,-0.010189007117053062,11
399,joint_families,logical_deduction,-0.01742838266549167,-0.01738548472676864,11
399,joint_families,tracking_shuffled_objects,-0.0038852919056898564,-0.002992529507337481,11
399,joint_families_larger,all,-0.037582043482826594,-0.031165415485639697,11
399,joint_families_larger,logical_deduction,-0.018511307287964084,-0.012908458521619084,11
399,joint_families_larger,tracking_shuffled_objects,-0.056652779677689113,-0.049422372449660315,11
400,joint_families,all,-0.009475858911275498,-0.011433483437917941,13
400,joint_families,logical_deduction,-0.013596340983870345,-0.017886028578834832,13
400,joint_families,tracking_shuffled_objects,-0.005355376838680645,-0.004980938297001051,13
400,joint_families_larger,all,-0.01630144573574018,-0.0187023751271851,13
400,joint_families_larger,logical_deduction,0.0043281958834462675,0.011043720969835824,13
400,joint_families_larger,tracking_shuffled_objects,-0.036931087354926624,-0.04844847122420602,13
401,joint_families,all,-0.007791702040262853,-0.007526703594840177,14
401,joint_families,logical_deduction,-0.011827541706523774,-0.012059862767715604,14
401,joint_families,tracking_shuffled_objects,-0.003755862374001935,-0.002993544421964749,14
401,joint_families_larger,all,-0.02346234690470084,-0.01964470078631488,14
401,joint_families_larger,logical_deduction,-0.010559234425409061,-0.004950291397163314,14
401,joint_families_larger,tracking_shuffled_objects,-0.03636545938399262,-0.03433911017546644,14
402,joint_families,all,-0.009127570062393143,-0.009579072542546727,13
402,joint_families,logical_deduction,-0.012947215281187302,-0.01454713827409689,13
402,joint_families,tracking_shuffled_objects,-0.005307924843598983,-0.004611006810996568,13
402,joint_families_larger,all,-0.02286995796899818,-0.019045981040165343,13
402,joint_families_larger,logical_deduction,-0.009380283601839321,-0.003451115399106805,13
402,joint_families_larger,tracking_shuffled_objects,-0.03635963233615704,-0.03464084668122387,13
403,joint_families,all,-0.008562732129093345,-0.010374522339840837,11
403,joint_families,logical_deduction,-0.01287686069046857,-0.016888189846554415,11
403,joint_families,tracking_shuffled_objects,-0.004248603567718121,-0.0038608548331272585,11
403,joint_families_larger,all,-0.017831001959591024,-0.018705714132912717,11
403,joint_families_larger,logical_deduction,0.0031789674190377823,0.00014871975837698215,11
403,joint_families_larger,tracking_shuffled_objects,-0.03884097133821982,-0.03756014802420242,11
404,joint_families,all,-0.011708440097842015,-0.012664787917079885,13
404,joint_families,logical_deduction,-0.016398722526442637,-0.018950833822666845,13
404,joint_families,tracking_shuffled_objects,-0.007018157669241396,-0.006378742011492923,13
404,joint_families_larger,all,-0.033547972079052704,-0.01410850703819389,13
404,joint_families_larger,logical_deduction,-0.02996627463675146,-0.012082874690457258,13
404,joint_families_larger,tracking_shuffled_objects,-0.037129669521353936,-0.01613413938593052,13
405,joint_families,all,-0.009816956916080642,-0.010393071040821465,13
405,joint_families,logical_deduction,-0.015145093108540083,-0.017257927863776116,13
405,joint_families,tracking_shuffled_objects,-0.004488820723621202,-0.0035282142178668175,13
405,joint_families_larger,all,-0.03398901641723303,-0.023840499508440395,13
405,joint_families_larger,logical_deduction,-0.015604814824572863,-0.004315253763613299,13
405,joint_families_larger,tracking_shuffled_objects,-0.0523732180098932,-0.043365745253267494,13
406,joint_families,all,-0.01010125267936141,-0.01042252937963065,14
406,joint_families,logical_deduction,-0.014160383532402388,-0.01540009302125516,14
406,joint_families,tracking_shuffled_objects,-0.006042121826320435,-0.005444965738006139,14
406,joint_families_larger,all,-0.02043632872897871,-0.017429756143071202,14
406,joint_families_larger,logical_deduction,0.000490623125902375,0.0075179061831819926,14
406,joint_families_larger,tracking_shuffled_objects,-0.04136328058385979,-0.04237741846932441,14
407,joint_families,all,-0.010191614529675822,-0.011686575007901039,13
407,joint_families,logical_deduction,-0.014048228051309482,-0.017353591359488444,13
407,joint_families,tracking_shuffled_objects,-0.0063350010080421605,-0.006019558656313632,13
407,joint_families_larger,all,-0.01759289428467255,-0.019894869591793617,13
407,joint_families_larger,logical_deduction,0.007692574629050502,0.016568849218905717,13
407,joint_families_larger,tracking_shuffled_objects,-0.04287836319839561,-0.05635858840249295,13
408,joint_families,all,-0.007954398425787348,-0.008070942107236365,12
408,joint_families,logical_deduction,-0.013023952346557446,-0.013520412314529062,12
408,joint_families,tracking_shuffled_objects,-0.002884844505017249,-0.0026214718999436684,12
408,joint_families_larger,all,-0.019508797942968403,-0.019405175640832027,12
408,joint_families_larger,logical_deduction,0.002427567357965003,0.006038435675751031,12
408,joint_families_larger,tracking_shuffled_objects,-0.0414451632439018,-0.044848786957415086,12
409,joint_families,all,-0.009217911004322928,-0.009891695240532208,12
409,joint_families,logical_deduction,-0.014811274780969398,-0.017175798299335403,12
409,joint_families,tracking_shuffled_objects,-0.0036245472276764602,-0.002607592181729015,12
409,joint_families_larger,all,-0.027021260381172193,-0.013287856462712161,12
409,joint_families_larger,logical_deduction,-0.01241391423046838,-0.0053924796720476835,12
409,joint_families_larger,tracking_shuffled_objects,-0.04162860653187601,-0.021183233253376642,12
410,joint_families,all,-0.00985840810317398,-0.011163454627395864,14
410,joint_families,logical_deduction,-0.014367641826374492,-0.017994178246069015,14
410,joint_families,tracking_shuffled_objects,-0.005349174379973474,-0.004332731008722715,14
410,joint_families_larger,all,-0.024268725478708713,-0.026192724282690632,14
410,joint_families_larger,logical_deduction,0.0033855504562119378,0.011247990094828695,14
410,joint_families_larger,tracking_shuffled_objects,-0.05192300141362936,-0.06363343866020996,14
411,joint_families,all,-0.008404361274861907,-0.009100219256361316,11
411,joint_families,logical_deduction,-0.012808688920092418,-0.013721077183680461,11
411,joint_families,tracking_shuffled_objects,-0.004000033629631392,-0.004479361329042168,11
411,joint_families_larger,all,-0.018398216647777757,-0.015822233705632325,11
411,joint_families_larger,logical_deduction,0.0059668858002170115,0.008585771759932637,11
411,joint_families_larger,tracking_shuffled_objects,-0.04276331909577252,-0.040230239171197286,11
412,joint_families,all,-0.01039507029126028,-0.010916154680404359,13
412,joint_families,logical_deduction,-0.01567608440258511,-0.01752600962441709,13
412,joint_families,tracking_shuffled_objects,-0.005114056179935448,-0.004306299736391632,13
412,joint_families_larger,all,-0.020498750185271464,-0.018976645515780165,13
412,joint_families_larger,logical_deduction,0.0042132954545961625,0.009541439075466968,13
412,joint_families_larger,tracking_shuffled_objects,-0.045210795825139094,-0.0474947301070273,13
413,joint_families,all,-0.006705052522356277,-0.00815622816635468,11
413,joint_families,logical_deduction,-0.010400011455618082,-0.01215969479154711,11
413,joint_families,tracking_shuffled_objects,-0.0030100935890944713,-0.004152761541162247,11
413,joint_families_larger,all,-0.01963752366136745,-0.025631355588203054,11
413,joint_families_larger,logical_deduction,0.006561371026011412,0.007611163426182249,11
413,joint_families_larger,tracking_shuffled_objects,-0.045836418348746306,-0.05887387460258835,11
414,joint_families,all,-0.008334263932077724,-0.009499353496876483,15
414,joint_families,logical_deduction,-0.012247075543684717,-0.014976200438092224,15
414,joint_families,tracking_shuffled_objects,-0.004421452320470731,-0.00402250655566074,15
414,joint_families_larger,all,-0.014760341659439985,-0.017879037757258454,15
414,joint_families_larger,logical_deduction,0.006018115589616396,0.012610664887763693,15
414,joint_families_larger,tracking_shuffled_objects,-0.03553879890849638,-0.04836874040228061,15
415,joint_families,all,-0.008887307557959176,-0.009947928802579682,13
415,joint_families,logical_deduction,-0.0127858855853535,-0.015662507988817194,13
415,joint_families,tracking_shuffled_objects,-0.004988729530564853,-0.004233349616342168,13
415,joint_families_larger,all,-0.016566330829294595,-0.01986057439394938,13
415,joint_families_larger,logical_deduction,0.003455339979018944,0.004788459743856471,13
415,joint_families_larger,tracking_shuffled_objects,-0.036588001637608135,-0.04450960853175522,13
416,joint_families,all,-0.012595866394308734,-0.01312904898460476,12
416,joint_families,logical_deduction,-0.018886254808153743,-0.021277157574350263,12
416,joint_families,tracking_shuffled_objects,-0.006305477980463724,-0.004980940394859255,12
416,joint_families_larger,all,-0.03032112270103677,-0.019487115975827606,12
416,joint_families_larger,logical_deduction,-0.007647748842625672,0.0033862356121295454,12
416,joint_families_larger,tracking_shuffled_objects,-0.052994496559447865,-0.042360467563784754,12
417,joint_families,all,-0.009576429937912512,-0.010737167817042573,13
417,joint_families,logical_deduction,-0.013347986975190677,-0.016365015246913178,13
417,joint_families,tracking_shuffled_objects,-0.005804872900634352,-0.0051093203871719626,13
417,joint_families_larger,all,-0.021978156966803893,-0.0180820751910443,13
417,joint_families_larger,logical_deduction,-0.005354651465745219,0.003884644075257292,13
417,joint_families_larger,tracking_shuffled_objects,-0.03860166246786257,-0.040048794457345896,13
418,joint_families,all,-0.009580408802132042,-0.01192948166242513,10
418,joint_families,logical_deduction,-0.011836031967098207,-0.015893233977531472,10
418,joint_families,tracking_shuffled_objects,-0.007324785637165871,-0.007965729347318788,10
418,joint_families_larger,all,-0.02198952129956032,-0.013779071713590562,10
418,joint_families_larger,logical_deduction,-0.007525469497705189,0.005618126728123204,10
418,joint_families_larger,tracking_shuffled_objects,-0.03645357310141544,-0.03317627015530435,10
419,joint_families,all,-0.00894623557071405,-0.009598858984221293,13
419,joint_families,logical_deduction,-0.01249351143276799,-0.01435624426900407,13
419,joint_families,tracking_shuffled_objects,-0.00539895970866011,-0.004841473699438517,13
419,joint_families_larger,all,-0.016112576086784212,-0.015735589482844148,13
419,joint_families_larger,logical_deduction,0.0011142707518086595,0.00689740227164741,13
419,joint_families_larger,tracking_shuffled_objects,-0.033339422925377074,-0.0383685812373357,13
420,joint_families,all,-0.012083510868610816,-0.012191038223089479,11
420,joint_families,logical_deduction,-0.01898110437816371,-0.019918252534642276,11
420,joint_families,tracking_shuffled_objects,-0.005185917359057926,-0.004463823911536684,11
420,joint_families_larger,all,-0.03907846966799108,-0.032846779146894725,11
420,joint_families_larger,logical_deduction,-0.00209123529280498,0.013508318217666992,11
420,joint_families_larger,tracking_shuffled_objects,-0.07606570404317717,-0.07920187651145644,11
421,joint_families,all,-0.007785504140058195,-0.01084620274494088,13
421,joint_families,logical_deduction,-0.009694140629818656,-0.015973569395330036,13
421,joint_families,tracking_shuffled_objects,-0.005876867650297732,-0.005718836094551727,13
421,joint_families_larger,all,-0.016153919923601653,-0.0188144402344695,13
421,joint_families_larger,logical_deduction,-0.004418336065282004,0.003904812483448112,13
421,joint_families_larger,tracking_shuffled_objects,-0.02788950378192131,-0.04153369295238711,13
422,joint_families,all,-0.00941544974946314,-0.011754079357270266,15
422,joint_families,logical_deduction,-0.013200418708998171,-0.017453167487388288,15
422,joint_families,tracking_shuffled_objects,-0.00563048078992811,-0.006054991227152239,15
422,joint_families_larger,all,-0.020335937122791494,-0.018778232156740814,15
422,joint_families_larger,logical_deduction,0.00503049297779732,0.014588965738604614,15
422,joint_families_larger,tracking_shuffled_objects,-0.0457023672233803,-0.05214543005208624,15
423,joint_families,all,-0.01009153806370653,-0.011496313169094023,14
423,joint_families,logical_deduction,-0.015021745878747321,-0.01832211568872301,14
423,joint_families,tracking_shuffled_objects,-0.005161330248665743,-0.004670510649465038,14
423,joint_families_larger,all,-0.02144733108630024,-0.01360952400107252,14
423,joint_families_larger,logical_deduction,-0.006570787105394391,0.0027114057931701555,14
423,joint_families_larger,tracking_shuffled_objects,-0.03632387506720609,-0.02993045379531519,14
424,joint_families,all,-0.00966925659403951,-0.009806504062255288,13
424,joint_families,logical_deduction,-0.015994999092021064,-0.017030700188901265,13
424,joint_families,tracking_shuffled_objects,-0.003343514096057953,-0.0025823079356093186,13
424,joint_families_larger,all,-0.0252143835079268,-0.021270316230664842,13
424,joint_families_larger,logical_deduction,-0.008101994628023754,-0.005499951877203888,13
424,joint_families_larger,tracking_shuffled_objects,-0.04232677238782986,-0.037040680584125796,13
425,joint_families,all,-0.010780898363463487,-0.011062849306307266,13
425,joint_families,logical_deduction,-0.015902458196754964,-0.01729837974573701,13
425,joint_families,tracking_shuffled_objects,-0.00565933853017201,-0.004827318866877521,13
425,joint_families_larger,all,-0.026707025967958112,-0.0235132669514799,13
425,joint_families_larger,logical_deduction,-0.004866724112866084,0.006146354005330234,13
425,joint_families_larger,tracking_shuffled_objects,-0.04854732782305013,-0.053172887908290035,13
426,joint_families,all,-0.008516901671077277,-0.010135019017382257,14
426,joint_families,logical_deduction,-0.011468581624082265,-0.015351302725061827,14
426,joint_families,tracking_shuffled_objects,-0.005565221718072294,-0.004918735309702688,14
426,joint_families_larger,all,-0.015637955138770466,-0.01964477875329051,14
426,joint_families_larger,logical_deduction,0.005434237785795181,0.009369480436777194,14
426,joint_families_larger,tracking_shuffled_objects,-0.03671014806333612,-0.04865903794335823,14
427,joint_families,all,-0.01117043664866151,-0.012436951815836622,13
427,joint_families,logical_deduction,-0.01710437847118822,-0.02154437336179215,13
427,joint_families,tracking_shuffled_objects,-0.005236494826134803,-0.003329530269881089,13
427,joint_families_larger,all,-0.028711880530526156,-0.008138777078558802,13
427,joint_families_larger,logical_deduction,-0.02332185697830877,-0.004505728747608728,13
427,joint_families_larger,tracking_shuffled_objects,-0.034101904082743544,-0.011771825409508874,13
428,joint_families,all,-0.008824093587257598,-0.010334649176993858,14
428,joint_families,logical_deduction,-0.012751772821733834,-0.016390852223389832,14
428,joint_families,tracking_shuffled_objects,-0.004896414352781362,-0.0042784461305978875,14
428,joint_families_larger,all,-0.014795201036751368,-0.015977102822933593,14
428,joint_families_larger,logical_deduction,0.006153938169057428,0.008252976716656495,14
428,joint_families_larger,tracking_shuffled_objects,-0.03574434024256016,-0.040207182362523686,14
429,joint_families,all,-0.008104632011152664,-0.010680981767317122,13
429,joint_families,logical_deduction,-0.009750256126742643,-0.015020737438251882,13
429,joint_families,tracking_shuffled_objects,-0.006459007895562689,-0.006341226096382357,13
429,joint_families_larger,all,-0.017294868682112132,-0.012631302523945587,13
429,joint_families_larger,logical_deduction,-0.0053336378631974836,0.003075825598966566,13
429,joint_families_larger,tracking_shuffled_objects,-0.029256099501026783,-0.02833843064685774,13
430,joint_families,all,-0.007949876848291232,-0.00914016582501234,12
430,joint_families,logical_deduction,-0.011483661957841746,-0.013318315299415833,12
430,joint_families,tracking_shuffled_objects,-0.004416091738740718,-0.004962016350608849,12
430,joint_families_larger,all,-0.02078999308821823,-0.021106068928987132,12
430,joint_families_larger,logical_deduction,-0.0012270521712247847,0.0011546331294672524,12
430,joint_families_larger,tracking_shuffled_objects,-0.04035293400521168,-0.04336677098744151,12
431,joint_families,all,-0.00945052112725864,-0.010901346147743901,13
431,joint_families,logical_deduction,-0.013002393159363732,-0.01621811974250194,13
431,joint_families,tracking_shuffled_objects,-0.005898649095153548,-0.005584572552985859,13
431,joint_families_larger,all,-0.018949959958404688,-0.022714026483336026,13
431,joint_families_larger,logical_deduction,0.004079625033549643,0.008720966436298525,13
431,joint_families_larger,tracking_shuffled_objects,-0.04197954495035903,-0.05414901940297058,13
432,joint_families,all,-0.010186786938292735,-0.011093411371575261,14
432,joint_families,logical_deduction,-0.016958752411652865,-0.01958682373790021,14
432,joint_families,tracking_shuffled_objects,-0.003414821464932608,-0.002599999005250317,14
432,joint_families_larger,all,-0.024941637142553888,-0.019266468091956476,14
432,joint_families_larger,logical_deduction,0.0016964870029218624,0.008714495180832883,14
432,joint_families_larger,tracking_shuffled_objects,-0.051579761288029644,-0.047247431364745844,14
433,joint_families,all,-0.00855010451375916,-0.010084925412232638,13
433,joint_families,logical_deduction,-0.013198051524679653,-0.016475787906799415,13
433,joint_families,tracking_shuffled_objects,-0.003902157502838668,-0.0036940629176658592,13
433,joint_families_larger,all,-0.013369259679731163,-0.01171622232516975,13
433,joint_families_larger,logical_deduction,0.01063296761306527,0.014634024182148663,13
433,joint_families_larger,tracking_shuffled_objects,-0.037371486972527596,-0.03806646883248817,13
434,joint_families,all,-0.00658346707351092,-0.00982042124606625,10
434,joint_families,logical_deduction,-0.008671368244149373,-0.014727232086741177,10
434,joint_families,tracking_shuffled_objects,-0.004495565902872468,-0.004913610405391326,10
434,joint_families_larger,all,-0.013019301960241212,-0.01972134514960847,10
434,joint_families_larger,logical_deduction,0.008223148210260964,0.019353054457220693,10
434,joint_families_larger,tracking_shuffled_objects,-0.03426175213074338,-0.05879574475643764,10
435,joint_families,all,-0.012901514930133619,-0.012284246546621178,13
435,joint_families,logical_deduction,-0.019377424520412228,-0.01972361061612061,13
435,joint_families,tracking_shuffled_objects,-0.006425605339855006,-0.004844882477121747,13
435,joint_families_larger,all,-0.047541240381115214,-0.030007045537078603,13
435,joint_families_larger,logical_deduction,-0.022158188020184138,-0.003898064487751404,13
435,joint_families_larger,tracking_shuffled_objects,-0.0729242927420463,-0.0561160265864058,13
436,joint_families,all,-0.010289769849359283,-0.010694928178586974,14
436,joint_families,logical_deduction,-0.014564617435875832,-0.015452577111668416,14
436,joint_families,tracking_shuffled_objects,-0.006014922262842734,-0.005937279245505529,14
436,joint_families_larger,all,-0.02531051106569218,-0.023187922239224577,14
436,joint_families_larger,logical_deduction,-0.007238920998664481,-0.002727944094597496,14
436,joint_families_larger,tracking_shuffled_objects,-0.04338210113271987,-0.043647900383851655,14
437,joint_families,all,-0.008733490519416316,-0.009870378455810274,14
437,joint_families,logical_deduction,-0.012877760862150275,-0.01495151771037655,14
437,joint_families,tracking_shuffled_objects,-0.004589220176682356,-0.0047892392012439935,14
437,joint_families_larger,all,-0.01447698439735246,-0.019950993377328013,14
437,joint_families_larger,logical_deduction,0.005702329985582792,0.00614634104110106,14
437,joint_families_larger,tracking_shuffled_objects,-0.03465629878028771,-0.046048327795757085,14
438,joint_families,all,-0.010266308396052685,-0.01138943990150542,14
438,joint_families,logical_deduction,-0.015661692051145492,-0.01865717361523579,14
438,joint_families,tracking_shuffled_objects,-0.004870924740959878,-0.004121706187775054,14
438,joint_families_larger,all,-0.017590367592136922,-0.008507868481979427,14
438,joint_families_larger,logical_deduction,-0.0009026921515170362,0.007987128148856593,14
438,joint_families_larger,tracking_shuffled_objects,-0.03427804303275682,-0.025002865112815444,14
439,joint_families,all,-0.009162828842064739,-0.01141867352337739,13
439,joint_families,logical_deduction,-0.012406795855499322,-0.01747293664488323,13
439,joint_families,tracking_shuffled_objects,-0.0059188618286301585,-0.005364410401871544,13
439,joint_families_larger,all,-0.013638129155250709,-0.004226659848743555,13
439,joint_families_larger,logical_deduction,0.00440538616107397,0.013891983073081815,13
439,joint_families_larger,tracking_shuffled_objects,-0.03168164447157539,-0.022345302770568926,13
440,joint_families,all,-0.009028849396429485,-0.010534998609372048,13
440,joint_families,logical_deduction,-0.012467988266552616,-0.016033108493151562,13
440,joint_families,tracking_shuffled_objects,-0.005589710526306352,-0.005036888725592531,13
440,joint_families_larger,all,-0.023402238211996065,-0.02298129202476985,13
440,joint_families_larger,logical_deduction,-0.0031366744842395797,-0.002342562958016093,13
440,joint_families_larger,tracking_shuffled_objects,-0.04366780193975255,-0.04362002109152362,13
441,joint_families,all,-0.012215825818614561,-0.013788643799022287,13
441,joint_families,logical_deduction,-0.016850427560769713,-0.02044983020960018,13
441,joint_families,tracking_shuffled_objects,-0.007581224076459409,-0.0071274573884443915,13
441,joint_families_larger,all,-0.032696447561808575,-0.026786201248515346,13
441,joint_families_larger,logical_deduction,-0.011117913786242094,0.007035358982871362,13
441,joint_families_larger,tracking_shuffled_objects,-0.054274981337375044,-0.060607761479902045,13
442,joint_families,all,-0.010227301230576132,-0.011058531875054328,12
442,joint_families,logical_deduction,-0.015888211964026722,-0.018177068498225663,12
442,joint_families,tracking_shuffled_objects,-0.004566390497125536,-0.003939995251882991,12
442,joint_families_larger,all,-0.023396778874557204,-0.014469050384663607,12
442,joint_families_larger,logical_deduction,0.001052521335278854,0.014170385959733547,12
442,joint_families_larger,tracking_shuffled_objects,-0.04784607908439327,-0.04310848672906077,12
443,joint_families,all,-0.008790845203131318,-0.0098564933792529,14
443,joint_families,logical_deduction,-0.012404795424183214,-0.014695074829841313,14
443,joint_families,tracking_shuffled_objects,-0.00517689498207942,-0.005017911928664486,14
443,joint_families_larger,all,-0.008571937312242478,-0.00986596203395943,14
443,joint_families_larger,logical_deduction,0.011125190108323909,0.015281279640168533,14
443,joint_families_larger,tracking_shuffled_objects,-0.028269064732808862,-0.035013203708087394,14
444,joint_families,all,-0.010272603851972857,-0.010365269160160097,12
444,joint_families,logical_deduction,-0.01581126426156606,-0.016656572051707466,12
444,joint_families,tracking_shuffled_objects,-0.004733943442379657,-0.0040739662686127285,12
444,joint_families_larger,all,-0.020162736453828115,-0.02087833588836412,12
444,joint_families_larger,logical_deduction,-0.0014780423946089381,0.0017728092216682493,12
444,joint_families_larger,tracking_shuffled_objects,-0.03884743051304729,-0.043529480998396486,12
445,joint_families,all,-0.00884769445936158,-0.010220951092751255,12
445,joint_families,logical_deduction,-0.012580894860170003,-0.01552186688288267,12
445,joint_families,tracking_shuffled_objects,-0.005114494058553155,-0.00492003530261984,12
445,joint_families_larger,all,-0.016522874595295837,-0.013302754560314028,12
445,joint_families_larger,logical_deduction,0.007298575629016007,0.011315072303669219,12
445,joint_families_larger,tracking_shuffled_objects,-0.04034432481960769,-0.03792058142429727,12
446,joint_families,all,-0.009666383397861581,-0.010481646275024384,10
446,joint_families,logical_deduction,-0.015135062966289877,-0.017122568187862768,10
446,joint_families,tracking_shuffled_objects,-0.004197703829433285,-0.003840724362185998,10
446,joint_families_larger,all,-0.02294011790255261,-0.024651556278087926,10
446,joint_families_larger,logical_deduction,0.0013435197016370855,-0.004597178539147787,10
446,joint_families_larger,tracking_shuffled_objects,-0.04722375550674229,-0.04470593401702808,10
447,joint_families,all,-0.008884984596437197,-0.010015610796448787,14
447,joint_families,logical_deduction,-0.01259983842773756,-0.01578255102788173,14
447,joint_families,tracking_shuffled_objects,-0.005170130765136835,-0.0042486705650158375,14
447,joint_families_larger,all,-0.02004981933212485,-0.019024150043138177,14
447,joint_families_larger,logical_deduction,-0.01111228969215368,-0.009599426926024019,14
447,joint_families_larger,tracking_shuffled_objects,-0.028987348972096018,-0.028448873160252332,14
448,joint_families,all,-0.010220880272101808,-0.012016108408422177,15
448,joint_families,logical_deduction,-0.014963934786826808,-0.019401571859796296,15
448,joint_families,tracking_shuffled_objects,-0.0054778257573768075,-0.004630644957048058,15
448,joint_families_larger,all,-0.020316450326375173,-0.015430483619537813,15
448,joint_families_larger,logical_deduction,0.0028702120969159844,0.012387991878370568,15
448,joint_families_larger,tracking_shuffled_objects,-0.043503112749666326,-0.0432489591174462,15
449,joint_families,all,-0.009319676980411093,-0.010039126394870158,14
449,joint_families,logical_deduction,-0.013988301113038202,-0.015493483130941888,14
449,joint_families,tracking_shuffled_objects,-0.004651052847783983,-0.004584769658798429,14
449,joint_families_larger,all,-0.021583710290409786,-0.02204555359375913,14
449,joint_families_larger,logical_deduction,0.004782284842913751,0.006402094949358885,14
449,joint_families_larger,tracking_shuffled_objects,-0.04794970542373333,-0.05049320213687715,14
450,joint_families,all,-0.008604512169499968,-0.009783760286150116,17
450,joint_families,logical_deduction,-0.01279404942841534,-0.01580921602787108,17
450,joint_families,tracking_shuffled_objects,-0.004414974910584594,-0.0037583045444291524,17
450,joint_families_larger,all,-0.019595515886767955,-0.016421703611476535,17
450,joint_families_larger,logical_deduction,-0.004747785207038108,0.0020459848097570885,17
450,joint_families_larger,tracking_shuffled_objects,-0.034443246566497804,-0.03488939203271016,17
451,joint_families,all,-0.005825207363102868,-0.00727631027716324,12
451,joint_families,logical_deduction,-0.008132871675939337,-0.01059613352675708,12
451,joint_families,tracking_shuffled_objects,-0.003517543050266396,-0.0039564870275694,12
451,joint_families_larger,all,-0.013609449967981578,-0.014640209601884094,12
451,joint_families_larger,logical_deduction,0.0062836308236541,0.011041212660688585,12
451,joint_families_larger,tracking_shuffled_objects,-0.033502530759617274,-0.040321631864456774,12
452,joint_families,all,-0.008750889865655148,-0.00922297402541757,12
452,joint_families,logical_deduction,-0.016229020361059145,-0.01787998593807611,12
452,joint_families,tracking_shuffled_objects,-0.0012727593702511466,-0.000565962112759028,12
452,joint_families_larger,all,-0.02093233958058744,-0.008558739876305687,12
452,joint_families_larger,logical_deduction,-0.01346387563778345,-0.004615670191573173,12
452,joint_families_larger,tracking_shuffled_objects,-0.028400803523391437,-0.012501809561038196,12
453,joint_families,all,-0.008619624092542702,-0.010485988100262663,13
453,joint_families,logical_deduction,-0.013123218385545409,-0.016309795112498714,13
453,joint_families,tracking_shuffled_objects,-0.004116029799539997,-0.004662181088026612,13
453,joint_families_larger,all,-0.02303678576921748,-0.02525411790331511,13
453,joint_families_larger,logical_deduction,-0.00040245194348921716,0.0028425882099507717,13
453,joint_families_larger,tracking_shuffled_objects,-0.04567111959494574,-0.053350824016581,13
454,joint_families,all,-0.009983153548691236,-0.010811454750139874,14
454,joint_families,logical_deduction,-0.014391362330278186,-0.016748054369073145,14
454,joint_families,tracking_shuffled_objects,-0.0055749447671042856,-0.004874855131206596,14
454,joint_families_larger,all,-0.01537876537398202,-0.014903484845508389,14
454,joint_families_larger,logical_deduction,0.009431052817437332,0.015839957886083007,14
454,joint_families_larger,tracking_shuffled_objects,-0.04018858356540138,-0.04564692757709978,14
455,joint_families,all,-0.011419077042599405,-0.011629429647720815,13
455,joint_families,logical_deduction,-0.01857728633405008,-0.02023401731473396,13
455,joint_families,tracking_shuffled_objects,-0.0042608677511487255,-0.0030248419807076704,13
455,joint_families_larger,all,-0.023117819113291933,-0.013889125366231169,13
455,joint_families_larger,logical_deduction,-0.008773577506959692,0.001527201992929422,13
455,joint_families_larger,tracking_shuffled_objects,-0.03746206071962418,-0.029305452725391767,13
456,joint_families,all,-0.007516350310465836,-0.00867551043535792,13
456,joint_families,logical_deduction,-0.010775755441516866,-0.013708997217864654,13
456,joint_families,tracking_shuffled_objects,-0.004256945179414806,-0.0036420236528511875,13
456,joint_families_larger,all,-0.012778070522055554,-0.011237153756606489,13
456,joint_families_larger,logical_deduction,0.0012449829628796082,0.0021976630652194716,13
456,joint_families_larger,tracking_shuffled_objects,-0.026801124006990716,-0.024671970578432435,13
457,joint_families,all,-0.008149511881139049,-0.008548654344010968,12
457,joint_families,logical_deduction,-0.012648018724437231,-0.014227651150854401,12
457,joint_families,tracking_shuffled_objects,-0.003651005037840865,-0.002869657537167535,12
457,joint_families_larger,all,-0.01905150917748078,-0.014975764844496609,12
457,joint_families_larger,logical_deduction,-0.011011512331799603,-0.009528237367405507,12
457,joint_families_larger,tracking_shuffled_objects,-0.02709150602316195,-0.020423292321587704,12
458,joint_families,all,-0.008553942597663509,-0.01032352059113508,14
458,joint_families,logical_deduction,-0.012553801406458717,-0.015994449157471086,14
458,joint_families,tracking_shuffled_objects,-0.004554083788868301,-0.004652592024799076,14
458,joint_families_larger,all,-0.01472630683280817,-0.013457913168623659,14
458,joint_families_larger,logical_deduction,0.006060788701198948,0.008966649470633319,14
458,joint_families_larger,tracking_shuffled_objects,-0.035513402366815286,-0.03588247580788063,14
459,joint_families,all,-0.008576121726994148,-0.009670190551613955,14
459,joint_families,logical_deduction,-0.012439044540891687,-0.014569856782820485,14
459,joint_families,tracking_shuffled_objects,-0.004713198913096609,-0.004770524320407425,14
459,joint_families_larger,all,-0.021076058668956708,-0.02830745136844547,14
459,joint_families_larger,logical_deduction,-0.0021338903762383433,-0.005762941686802217,14
459,joint_families_larger,tracking_shuffled_objects,-0.04001822696167507,-0.05085196105008871,14
460,joint_families,all,-0.010933667689416162,-0.012003705142541881,12
460,joint_families,logical_deduction,-0.015119510316589023,-0.01706367291085695,12
460,joint_families,tracking_shuffled_objects,-0.006747825062243299,-0.006943737374226813,12
460,joint_families_larger,all,-0.024518765052747957,-0.010136607919255533,12
460,joint_families_larger,logical_deduction,-0.012037359871722237,0.002650964551828188,12
460,joint_families_larger,tracking_shuffled_objects,-0.037000170233773666,-0.02292418039033925,12
461,joint_families,all,-0.0081813399299878,-0.0091663133520048,15
461,joint_families,logical_deduction,-0.012169886905756667,-0.014817832458121077,15
461,joint_families,tracking_shuffled_objects,-0.004192792954218933,-0.0035147942458885204,15
461,joint_families_larger,all,-0.012023199564947445,-0.008071832506181691,15
461,joint_families_larger,logical_deduction,0.003450908859296124,0.008853770300560072,15
461,joint_families_larger,tracking_shuffled_objects,-0.027497307989191016,-0.02499743531292345,15
462,joint_families,all,-0.009408568677062228,-0.010352560189786851,12
462,joint_families,logical_deduction,-0.01394365768495653,-0.016063401511386372,12
462,joint_families,tracking_shuffled_objects,-0.004873479669167924,-0.004641718868187329,12
462,joint_families_larger,all,-0.018431953199117255,-0.01979877168820867,12
462,joint_families_larger,logical_deduction,0.0012129350695922552,0.0067824240630616605,12
462,joint_families_larger,tracking_shuffled_objects,-0.03807684146782676,-0.046379967439479,12
463,joint_families,all,-0.009127557361789142,-0.0095589614604693,11
463,joint_families,logical_deduction,-0.013313989989955212,-0.014213581602090266,11
463,joint_families,tracking_shuffled_objects,-0.004941124733623073,-0.004904341318848331,11
463,joint_families_larger,all,-0.035533173122733894,-0.03536571414078203,11
463,joint_families_larger,logical_deduction,-0.010733004895417462,-0.009787415822065024,11
463,joint_families_larger,tracking_shuffled_objects,-0.06033334135005032,-0.06094401245949903,11
464,joint_families,all,-0.009366135196343495,-0.010276019993757459,14
464,joint_families,logical_deduction,-0.013527685763418125,-0.015040954568199155,14
464,joint_families,tracking_shuffled_objects,-0.005204584629268863,-0.005511085419315761,14
464,joint_families_larger,all,-0.01812503324820749,-0.01725330576358734,14
464,joint_families_larger,logical_deduction,0.00769221392383103,0.010422497699552969,14
464,joint_families_larger,tracking_shuffled_objects,-0.043942280420246005,-0.04492910922672766,14
465,joint_families,all,-0.010738019396421166,-0.010898548600890255,13
465,joint_families,logical_deduction,-0.01608399528682147,-0.017389546456320588,13
465,joint_families,tracking_shuffled_objects,-0.005392043506020864,-0.004407550745459922,13
465,joint_families_larger,all,-0.034753364824828686,-0.03401857755761013,13
465,joint_families_larger,logical_deduction,-0.010199067302485947,-0.0018965681569317512,13
465,joint_families_larger,tracking_shuffled_objects,-0.059307662347171435,-0.06614058695828849,13
466,joint_families,all,-0.00915934516216053,-0.009702015138035642,12
466,joint_families,logical_deduction,-0.014260646491839526,-0.015368536145488993,12
466,joint_families,tracking_shuffled_objects,-0.00405804383248154,-0.00403549413058229,12
466,joint_families_larger,all,-0.019898108626140134,-0.01002819161610941,12
466,joint_families_larger,logical_deduction,-0.005643120928362609,0.004947009862490859,12
466,joint_families_larger,tracking_shuffled_objects,-0.034153096323917664,-0.02500339309470968,12
467,joint_families,all,-0.00973335218108636,-0.010057888562087279,14
467,joint_families,logical_deduction,-0.01477549439831504,-0.01654801272247144,14
467,joint_families,tracking_shuffled_objects,-0.004691209963857677,-0.0035677644017031163,14
467,joint_families_larger,all,-0.03556763317808693,-0.026828353531298026,14
467,joint_families_larger,logical_deduction,-0.02112216317652175,-0.009803881535826623,14
467,joint_families_larger,tracking_shuffled_objects,-0.0500131031796521,-0.043852825526769425,14
468,joint_families,all,-0.009754617795662513,-0.010741320356865055,13
468,joint_families,logical_deduction,-0.01393196964567563,-0.01635637901051782,13
468,joint_families,tracking_shuffled_objects,-0.005577265945649393,-0.005126261703212296,13
468,joint_families_larger,all,-0.019633392014312634,-0.017401583912454156,13
468,joint_families_larger,logical_deduction,0.008708120925570427,0.014927499166452274,13
468,joint_families_larger,tracking_shuffled_objects,-0.0479749049541957,-0.0497306669913606,13
469,joint_families,all,-0.01086667001794123,-0.01110330181261514,13
469,joint_families,logical_deduction,-0.015628706472392503,-0.016727246496345285,13
469,joint_families,tracking_shuffled_objects,-0.006104633563489954,-0.00547935712888499,13
469,joint_families_larger,all,-0.030368066870778983,-0.022465651927041207,13
469,joint_families_larger,logical_deduction,-0.016610318909864568,-0.005988451991550205,13
469,joint_families_larger,tracking_shuffled_objects,-0.04412581483169341,-0.03894285186253221,13
470,joint_families,all,-0.006934204882623074,-0.008638352612433984,12
470,joint_families,logical_deduction,-0.00959789160931,-0.013181598926900412,12
470,joint_families,tracking_shuffled_objects,-0.004270518155936145,-0.004095106297967556,12
470,joint_families_larger,all,-0.014534315125810045,-0.018453106149085498,12
470,joint_families_larger,logical_deduction,0.0035202898503158015,0.010451193533070545,12
470,joint_families_larger,tracking_shuffled_objects,-0.0325889201019359,-0.04735740583124153,12
471,joint_families,all,-0.00863519296650778,-0.00922095787166299,12
471,joint_families,logical_deduction,-0.01191187985532947,-0.013193200298639388,12
471,joint_families,tracking_shuffled_objects,-0.005358506077686088,-0.00524871544468659,12
471,joint_families_larger,all,-0.019294931331145473,-0.024723261719846335,12
471,joint_families_larger,logical_deduction,-0.0010967998614507036,-0.003021606486944364,12
471,joint_families_larger,tracking_shuffled_objects,-0.03749306280084024,-0.0464249169527483,12
472,joint_families,all,-0.008854208099548027,-0.009962242461050168,15
472,joint_families,logical_deduction,-0.013906526620976835,-0.016999480788690714,15
472,joint_families,tracking_shuffled_objects,-0.0038018895781192267,-0.0029250041334096238,15
472,joint_families_larger,all,-0.021172396675272254,-0.0166214858325457,15
472,joint_families_larger,logical_deduction,-0.006060370382017595,-0.004531836000942356,15
472,joint_families_larger,tracking_shuffled_objects,-0.03628442296852691,-0.028711135664149047,15
473,joint_families,all,-0.009802831606087263,-0.011352945310817954,13
473,joint_families,logical_deduction,-0.01365804698934242,-0.016964627755333972,13
473,joint_families,tracking_shuffled_objects,-0.005947616222832106,-0.005741262866301938,13
473,joint_families_larger,all,-0.018474273521573055,-0.02091397809757324,13
473,joint_families_larger,logical_deduction,0.003008808694973401,0.0038946901443378244,13
473,joint_families_larger,tracking_shuffled_objects,-0.03995735573811952,-0.0457226463394843,13
474,joint_families,all,-0.006926606477956538,-0.00767245574672175,10
474,joint_families,logical_deduction,-0.008633436137419804,-0.01033415269137125,10
474,joint_families,tracking_shuffled_objects,-0.005219776818493272,-0.00501075880207225,10
474,joint_families_larger,all,-0.010251333214135546,-0.01222318382061938,10
474,joint_families_larger,logical_deduction,0.0024190326595470877,0.003654640788103311,10
474,joint_families_larger,tracking_shuffled_objects,-0.02292169908781818,-0.028101008429342066,10
475,joint_families,all,-0.009228960834442988,-0.00999820398501896,15
475,joint_families,logical_deduction,-0.013517218797592333,-0.01642556155098618,15
475,joint_families,tracking_shuffled_objects,-0.004940702871293641,-0.0035708464190517437,15
475,joint_families_larger,all,-0.021914736228490217,-0.016227329733855093,15
475,joint_families_larger,logical_deduction,-0.011175035074598084,-0.008756774987812186,15
475,joint_families_larger,tracking_shuffled_objects,-0.03265443738238235,-0.023697884479898006,15
476,joint_families,all,-0.009605303875403688,-0.01214413803524359,12
476,joint_families,logical_deduction,-0.013644789044391445,-0.01920413577309931,12
476,joint_families,tracking_shuffled_objects,-0.00556581870641593,-0.005084140297387873,12
476,joint_families_larger,all,-0.015236306662123012,-0.008143523112058538,12
476,joint_families_larger,logical_deduction,0.0005843729807042598,0.013119458598270592,12
476,joint_families_larger,tracking_shuffled_objects,-0.03105698630495029,-0.029406504822387658,12
477,joint_families,all,-0.008612586769902756,-0.009453396100064352,13
477,joint_families,logical_deduction,-0.011231413332582832,-0.013110349307798272,13
477,joint_families,tracking_shuffled_objects,-0.005993760207222677,-0.005796442892330436,13
477,joint_families_larger,all,-0.013217105561280525,-0.012001300884813451,13
477,joint_families_larger,logical_deduction,0.0024868787356605053,0.005468420138156344,13
477,joint_families_larger,tracking_shuffled_objects,-0.02892108985822155,-0.029471021907783244,13
478,joint_families,all,-0.00981980480466785,-0.010281343719632643,10
478,joint_families,logical_deduction,-0.01588434025653547,-0.016843124515544185,10
478,joint_families,tracking_shuffled_objects,-0.003755269352800231,-0.0037195629237211066,10
478,joint_families_larger,all,-0.01972609502114117,-0.022081388776183403,10
478,joint_families_larger,logical_deduction,0.019317205414872,0.021397764793045157,10
478,joint_families_larger,tracking_shuffled_objects,-0.05876939545715435,-0.06556054234541198,10
479,joint_families,all,-0.010528411543059259,-0.010047680403640694,11
479,joint_families,logical_deduction,-0.017808894442806596,-0.01720881429296855,11
479,joint_families,tracking_shuffled_objects,-0.0032479286433119234,-0.002886546514312833,11
479,joint_families_larger,all,-0.023544140303575732,-0.02454850075455884,11
479,joint_families_larger,logical_deduction,-0.004251352714131885,-0.0012254842986080946,11
479,joint_families_larger,tracking_shuffled_objects,-0.04283692789301959,-0.04787151721050958,11
480,joint_families,all,-0.008412263900113731,-0.00876308206584289,12
480,joint_families,logical_deduction,-0.011419235835337693,-0.012800233187447638,12
480,joint_families,tracking_shuffled_objects,-0.005405291964889771,-0.004725930944238143,12
480,joint_families_larger,all,-0.017282805097663025,-0.009265583324055911,12
480,joint_families_larger,logical_deduction,-0.008124183830023677,0.0008118836663832624,12
480,joint_families_larger,tracking_shuffled_objects,-0.02644142636530238,-0.019343050314495083,12
481,joint_families,all,-0.01119747723282067,-0.011244169825076082,10
481,joint_families,logical_deduction,-0.017097406291208733,-0.016873350088968543,10
481,joint_families,tracking_shuffled_objects,-0.005297548174432609,-0.0056149895611836195,10
481,joint_families_larger,all,-0.026433491465855614,-0.016224296692207152,10
481,joint_families_larger,logical_deduction,-0.00918383488431001,0.0041564804119668146,10
481,joint_families_larger,tracking_shuffled_objects,-0.04368314804740122,-0.03660507379638112,10
482,joint_families,all,-0.009918077685266244,-0.01006794636623782,11
482,joint_families,logical_deduction,-0.014337966216875882,-0.014923176654426329,11
482,joint_families,tracking_shuffled_objects,-0.005498189153656604,-0.005212716078049312,11
482,joint_families_larger,all,-0.016330403945486075,-0.010186608213363129,11
482,joint_families_larger,logical_deduction,-0.003600301678994935,0.0009727265804188191,11
482,joint_families_larger,tracking_shuffled_objects,-0.029060506211977206,-0.021345943007145075,11
483,joint_families,all,-0.007773613211248761,-0.009145804324866611,12
483,joint_families,logical_deduction,-0.010883794568807165,-0.014176066061463882,12
483,joint_families,tracking_shuffled_objects,-0.004663431853690356,-0.0041155425882693445,12
483,joint_families_larger,all,-0.012995465518386208,-0.01285722645509168,12
483,joint_families_larger,logical_deduction,0.0015819328075687312,0.0014942822749552428,12
483,joint_families_larger,tracking_shuffled_objects,-0.02757286384434115,-0.0272087351851386,12
484,joint_families,all,-0.008090494185988452,-0.009927388781169562,12
484,joint_families,logical_deduction,-0.01046080472080359,-0.014961681839800072,12
484,joint_families,tracking_shuffled_objects,-0.005720183651173319,-0.004893095722539051,12
484,joint_families_larger,all,-0.013631810514917275,-0.012062177768265863,12
484,joint_families_larger,logical_deduction,0.006098424031261988,0.015483536978142875,12
484,joint_families_larger,tracking_shuffled_objects,-0.03336204506109654,-0.0396078925146746,12
485,joint_families,all,-0.010671918756029101,-0.011898821625196485,13
485,joint_families,logical_deduction,-0.01678842625355947,-0.020392011620853637,13
485,joint_families,tracking_shuffled_objects,-0.004555411258498728,-0.0034056316295393305,13
485,joint_families_larger,all,-0.021007234857947994,-0.01120961621573508,13
485,joint_families_larger,logical_deduction,-0.0036673211244077717,0.005630684893486397,13
485,joint_families_larger,tracking_shuffled_objects,-0.038347148591488224,-0.02804991732495656,13
486,joint_families,all,-0.009873853301132838,-0.010062839920055518,13
486,joint_families,logical_deduction,-0.014709152267368488,-0.01579944180616788,13
486,joint_families,tracking_shuffled_objects,-0.00503855433489719,-0.004326238033943159,13
486,joint_families_larger,all,-0.028191142085658632,-0.019944081991868954,13
486,joint_families_larger,logical_deduction,-0.013045667146255109,-0.004748566242323097,13
486,joint_families_larger,tracking_shuffled_objects,-0.043336617025062155,-0.03513959774141482,13
487,joint_families,all,-0.007830701738623987,-0.008778215810256009,12
487,joint_families,logical_deduction,-0.011605637191062992,-0.014198744343422335,12
487,joint_families,tracking_shuffled_objects,-0.004055766286184984,-0.0033576872770896783,12
487,joint_families_larger,all,-0.016995039162967428,-0.015549822197626167,12
487,joint_families_larger,logical_deduction,-0.0021229973405883884,0.0008376646046981372,12
487,joint_families_larger,tracking_shuffled_objects,-0.03186708098534646,-0.031937308999950474,12
488,joint_families,all,-0.009445856438239975,-0.011170329432242025,11
488,joint_families,logical_deduction,-0.013319921812738585,-0.016230549493070432,11
488,joint_families,tracking_shuffled_objects,-0.005571791063741366,-0.006110109371413622,11
488,joint_families_larger,all,-0.017448598551213564,-0.025204109658517316,11
488,joint_families_larger,logical_deduction,0.009776282125494121,0.013023903125680535,11
488,joint_families_larger,tracking_shuffled_objects,-0.04467347922792126,-0.06343212244271516,11
489,joint_families,all,-0.00852822023445031,-0.00964866170802845,11
489,joint_families,logical_deduction,-0.01180183882647971,-0.014735736118602166,11
489,joint_families,tracking_shuffled_objects,-0.005254601642420911,-0.004561587297454732,11
489,joint_families_larger,all,-0.013050980155115834,-0.008970808077939684,11
489,joint_families_larger,logical_deduction,-0.0036192944562981953,-0.000977186689626891,11
489,joint_families_larger,tracking_shuffled_objects,-0.02248266585393348,-0.01696442946625248,11
490,joint_families,all,-0.007851203957191511,-0.008662490039056364,11
490,joint_families,logical_deduction,-0.011690655414549195,-0.013931732912092187,11
490,joint_families,tracking_shuffled_objects,-0.0040117524998338275,-0.003393247166020541,11
490,joint_families_larger,all,-0.01833706401734995,-0.02102204573623337,11
490,joint_families_larger,logical_deduction,-0.0013102595254155776,-0.002739068735463278,11
490,joint_families_larger,tracking_shuffled_objects,-0.03536386850928433,-0.03930502273700347,11
491,joint_families,all,-0.008400439396395783,-0.008837355288220465,12
491,joint_families,logical_deduction,-0.01220307953897585,-0.01441155286304768,12
491,joint_families,tracking_shuffled_objects,-0.004597799253815715,-0.0032631577133932508,12
491,joint_families_larger,all,-0.015428569132007616,-0.015685766614250078,12
491,joint_families_larger,logical_deduction,0.0032024998884646904,0.005627499520389044,12
491,joint_families_larger,tracking_shuffled_objects,-0.034059638152479914,-0.036999032748889195,12
492,joint_families,all,-0.009896209344287631,-0.011760497184736974,10
492,joint_families,logical_deduction,-0.01270798605110032,-0.016039632626012452,10
492,joint_families,tracking_shuffled_objects,-0.007084432637474944,-0.0074813617434615,10
492,joint_families_larger,all,-0.0346871461011883,-0.024724249727266175,10
492,joint_families_larger,logical_deduction,-0.029125828515652617,-0.008937080988158968,10
492,joint_families_larger,tracking_shuffled_objects,-0.040248463686723975,-0.040511418466373385,10
493,joint_families,all,-0.00916554198314605,-0.00997627286581569,13
493,joint_families,logical_deduction,-0.013716643417561639,-0.016358086776270934,13
493,joint_families,tracking_shuffled_objects,-0.004614440548730459,-0.0035944589553604397,13
493,joint_families_larger,all,-0.01711726672507357,-0.020260572368089202,13
493,joint_families_larger,logical_deduction,0.004986953386182646,0.009268647370267748,13
493,joint_families_larger,tracking_shuffled_objects,-0.03922148683632978,-0.04978979210644616,13
494,joint_families,all,-0.01073822436503962,-0.011215908609485205,14
494,joint_families,logical_deduction,-0.01518097840912612,-0.01648725756612906,14
494,joint_families,tracking_shuffled_objects,-0.006295470320953121,-0.005944559652841351,14
494,joint_families_larger,all,-0.019783938900710014,-0.015538006872335757,14
494,joint_families_larger,logical_deduction,0.0012610232423050898,0.007331165057157196,14
494,joint_families_larger,tracking_shuffled_objects,-0.04082890104372513,-0.038407178801828715,14
495,joint_families,all,-0.008578401957515957,-0.009214663986179325,13
495,joint_families,logical_deduction,-0.012755696021243367,-0.014903244247511258,13
495,joint_families,tracking_shuffled_objects,-0.004401107893788548,-0.0035260837248473906,13
495,joint_families_larger,all,-0.01603922056738559,-0.011872923891577986,13
495,joint_families_larger,logical_deduction,-0.002049901816403204,0.002570340198149686,13
495,joint_families_larger,tracking_shuffled_objects,-0.030028539318367978,-0.02631618798130565,13
496,joint_families,all,-0.008744331896672664,-0.010961586664143501,12
496,joint_families,logical_deduction,-0.013185005704409109,-0.018000359270040116,12
496,joint_families,tracking_shuffled_objects,-0.004303658088936219,-0.003922814058246883,12
496,joint_families_larger,all,-0.02077456892771028,-0.019766781792027642,12
496,joint_families_larger,logical_deduction,0.00434949201021119,0.013672384596325055,12
496,joint_families_larger,tracking_shuffled_objects,-0.04589862986563175,-0.05320594818038034,12
497,joint_families,all,-0.00871569230882934,-0.009677866757518342,14
497,joint_families,logical_deduction,-0.014441309395312378,-0.016419527503176663,14
497,joint_families,tracking_shuffled_objects,-0.0029900752223463024,-0.0029362060118600184,14
497,joint_families_larger,all,-0.021911720773551392,-0.0149509190977145,14
497,joint_families_larger,logical_deduction,0.00264281503611117,0.009745398838468105,14
497,joint_families_larger,tracking_shuffled_objects,-0.04646625658321396,-0.039647237033897095,14
498,joint_families,all,-0.010912147447847605,-0.011676302392368016,13
498,joint_families,logical_deduction,-0.017839665018479983,-0.019115729879704245,13
498,joint_families,tracking_shuffled_objects,-0.003984629877215222,-0.0042368749050317915,13
498,joint_families_larger,all,-0.022981899209880058,-0.02479969714227622,13
498,joint_families_larger,logical_deduction,0.009918841202888154,0.0061380701506830474,13
498,joint_families_larger,tracking_shuffled_objects,-0.05588263962264828,-0.05573746443523551,13
499,joint_families,all,-0.010835469945465909,-0.011389485450151143,12
499,joint_families,logical_deduction,-0.016157372639301077,-0.018623168074607396,12
499,joint_families,tracking_shuffled_objects,-0.005513567251630739,-0.004155802825694893,12
499,joint_families_larger,all,-0.030597925886319353,-0.01707342006867275,12
499,joint_families_larger,logical_deduction,-0.014471528513705138,-0.00389593939755708,12
499,joint_families_larger,tracking_shuffled_objects,-0.04672432325893357,-0.030250900739788422,12
