family,table,seed,pilot,budget,predictor,hit_already,observed,predicted
additives,additive_rxn_screening_plate_1,0,5,20,no_target,False,1,0.9586918911615359
additives,additive_rxn_screening_plate_1,0,5,40,no_target,False,1,0.9981015906876389
additives,additive_rxn_screening_plate_1,0,10,20,no_target,False,1,0.8833688190120768
additives,additive_rxn_screening_plate_1,0,10,40,no_target,False,1,0.9942056107473701
additives,additive_rxn_screening_plate_1,1,5,20,no_target,True,1,1.0
additives,additive_rxn_screening_plate_1,1,5,40,no_target,True,1,1.0
additives,additive_rxn_screening_plate_1,1,10,20,no_target,True,1,1.0
additives,additive_rxn_screening_plate_1,1,10,40,no_target,True,1,1.0
additives,additive_rxn_screening_plate_1,2,5,20,no_target,False,1,0.9586918911615359
additives,additive_rxn_screening_plate_1,2,5,40,no_target,False,1,0.9981015906876389
additives,additive_rxn_screening_plate_1,2,10,20,no_target,False,1,0.8833688190120768
additives,additive_rxn_screening_plate_1,2,10,40,no_target,False,1,0.9942056107473701
additives,additive_rxn_screening_plate_1,3,5,20,no_target,True,1,1.0
additives,additive_rxn_screening_plate_1,3,5,40,no_target,True,1,1.0
additives,additive_rxn_screening_plate_1,3,10,20,no_target,True,1,1.0
additives,additive_rxn_screening_plate_1,3,10,40,no_target,True,1,1.0
additives,additive_rxn_screening_plate_1,4,5,20,no_target,True,1,1.0
additives,additive_rxn_screening_plate_1,4,5,40,no_target,True,1,1.0
additives,additive_rxn_screening_plate_1,4,10,20,no_target,True,1,1.0
additives,additive_rxn_screening_plate_1,4,10,40,no_target,True,1,1.0
additives,additive_rxn_screening_plate_1,5,5,20,no_target,False,1,0.9586918911615359
additives,additive_rxn_screening_plate_1,5,5,40,no_target,False,1,0.9981015906876389
additives,additive_rxn_screening_plate_1,5,10,20,no_target,False,1,0.8833688190120768
additives,additive_rxn_screening_plate_1,5,10,40,no_target,False,1,0.9942056107473701
additives,additive_rxn_screening_plate_1,6,5,20,no_target,True,1,1.0
additives,additive_rxn_screening_plate_1,6,5,40,no_target,True,1,1.0
additives,additive_rxn_screening_plate_1,6,10,20,no_target,True,1,1.0
additives,additive_rxn_screening_plate_1,6,10,40,no_target,True,1,1.0
additives,additive_rxn_screening_plate_1,7,5,20,no_target,True,1,1.0
additives,additive_rxn_screening_plate_1,7,5,40,no_target,True,1,1.0
additives,additive_rxn_screening_plate_1,7,10,20,no_target,True,1,1.0
additives,additive_rxn_screening_plate_1,7,10,40,no_target,True,1,1.0
additives,additive_rxn_screening_plate_1,8,5,20,no_target,False,1,0.9586918911615359
additives,additive_rxn_screening_plate_1,8,5,40,no_target,False,1,0.9981015906876389
additives,additive_rxn_screening_plate_1,8,10,20,no_target,False,1,0.8833688190120768
additives,additive_rxn_screening_plate_1,8,10,40,no_target,False,1,0.9942056107473701
additives,additive_rxn_screening_plate_1,9,5,20,no_target,False,1,0.9586918911615359
additives,additive_rxn_screening_plate_1,9,5,40,no_target,False,1,0.9981015906876389
additives,additive_rxn_screening_plate_1,9,10,20,no_target,False,1,0.8833688190120768
additives,additive_rxn_screening_plate_1,9,10,40,no_target,False,1,0.9942056107473701
additives,additive_rxn_screening_plate_1,10,5,20,no_target,False,1,0.9586918911615359
additives,additive_rxn_screening_plate_1,10,5,40,no_target,False,1,0.9981015906876389
additives,additive_rxn_screening_plate_1,10,10,20,no_target,False,1,0.8833688190120768
additives,additive_rxn_screening_plate_1,10,10,40,no_target,False,1,0.9942056107473701
additives,additive_rxn_screening_plate_1,11,5,20,no_target,False,1,0.9586918911615359
additives,additive_rxn_screening_plate_1,11,5,40,no_target,False,1,0.9981015906876389
additives,additive_rxn_screening_plate_1,11,10,20,no_target,False,1,0.8833688190120768
additives,additive_rxn_screening_plate_1,11,10,40,no_target,False,1,0.9942056107473701
additives,additive_rxn_screening_plate_1,12,5,20,no_target,True,1,1.0
additives,additive_rxn_screening_plate_1,12,5,40,no_target,True,1,1.0
additives,additive_rxn_screening_plate_1,12,10,20,no_target,True,1,1.0
additives,additive_rxn_screening_plate_1,12,10,40,no_target,True,1,1.0
additives,additive_rxn_screening_plate_1,13,5,20,no_target,True,1,1.0
additives,additive_rxn_screening_plate_1,13,5,40,no_target,True,1,1.0
additives,additive_rxn_screening_plate_1,13,10,20,no_target,True,1,1.0
additives,additive_rxn_screening_plate_1,13,10,40,no_target,True,1,1.0
additives,additive_rxn_screening_plate_1,14,5,20,no_target,True,1,1.0
additives,additive_rxn_screening_plate_1,14,5,40,no_target,True,1,1.0
additives,additive_rxn_screening_plate_1,14,10,20,no_target,True,1,1.0
additives,additive_rxn_screening_plate_1,14,10,40,no_target,True,1,1.0
additives,additive_rxn_screening_plate_1,15,5,20,no_target,True,1,1.0
additives,additive_rxn_screening_plate_1,15,5,40,no_target,True,1,1.0
additives,additive_rxn_screening_plate_1,15,10,20,no_target,True,1,1.0
additives,additive_rxn_screening_plate_1,15,10,40,no_target,True,1,1.0
additives,additive_rxn_screening_plate_1,16,5,20,no_target,True,1,1.0
additives,additive_rxn_screening_plate_1,16,5,40,no_target,True,1,1.0
additives,additive_rxn_screening_plate_1,16,10,20,no_target,True,1,1.0
additives,additive_rxn_screening_plate_1,16,10,40,no_target,True,1,1.0
additives,additive_rxn_screening_plate_1,17,5,20,no_target,True,1,1.0
additives,additive_rxn_screening_plate_1,17,5,40,no_target,True,1,1.0
additives,additive_rxn_screening_plate_1,17,10,20,no_target,True,1,1.0
additives,additive_rxn_screening_plate_1,17,10,40,no_target,True,1,1.0
additives,additive_rxn_screening_plate_1,18,5,20,no_target,False,1,0.9586918911615359
additives,additive_rxn_screening_plate_1,18,5,40,no_target,False,1,0.9981015906876389
additives,additive_rxn_screening_plate_1,18,10,20,no_target,False,1,0.8833688190120768
additives,additive_rxn_screening_plate_1,18,10,40,no_target,False,1,0.9942056107473701
additives,additive_rxn_screening_plate_1,19,5,20,no_target,True,1,1.0
additives,additive_rxn_screening_plate_1,19,5,40,no_target,True,1,1.0
additives,additive_rxn_screening_plate_1,19,10,20,no_target,True,1,1.0
additives,additive_rxn_screening_plate_1,19,10,40,no_target,True,1,1.0
additives,additive_rxn_screening_plate_1,20,5,20,no_target,True,1,1.0
additives,additive_rxn_screening_plate_1,20,5,40,no_target,True,1,1.0
additives,additive_rxn_screening_plate_1,20,10,20,no_target,True,1,1.0
additives,additive_rxn_screening_plate_1,20,10,40,no_target,True,1,1.0
additives,additive_rxn_screening_plate_1,21,5,20,no_target,False,1,0.9586918911615359
additives,additive_rxn_screening_plate_1,21,5,40,no_target,False,1,0.9981015906876389
additives,additive_rxn_screening_plate_1,21,10,20,no_target,False,1,0.8833688190120768
additives,additive_rxn_screening_plate_1,21,10,40,no_target,False,1,0.9942056107473701
additives,additive_rxn_screening_plate_1,22,5,20,no_target,False,1,0.9586918911615359
additives,additive_rxn_screening_plate_1,22,5,40,no_target,False,1,0.9981015906876389
additives,additive_rxn_screening_plate_1,22,10,20,no_target,False,1,0.8833688190120768
additives,additive_rxn_screening_plate_1,22,10,40,no_target,False,1,0.9942056107473701
additives,additive_rxn_screening_plate_1,23,5,20,no_target,True,1,1.0
additives,additive_rxn_screening_plate_1,23,5,40,no_target,True,1,1.0
additives,additive_rxn_screening_plate_1,23,10,20,no_target,True,1,1.0
additives,additive_rxn_screening_plate_1,23,10,40,no_target,True,1,1.0
additives,additive_rxn_screening_plate_1,24,5,20,no_target,False,1,0.9586918911615359
additives,additive_rxn_screening_plate_1,24,5,40,no_target,False,1,0.9981015906876389
additives,additive_rxn_screening_plate_1,24,10,20,no_target,False,1,0.8833688190120768
additives,additive_rxn_screening_plate_1,24,10,40,no_target,False,1,0.9942056107473701
additives,additive_rxn_screening_plate_1,25,5,20,no_target,False,1,0.9586918911615359
additives,additive_rxn_screening_plate_1,25,5,40,no_target,False,1,0.9981015906876389
additives,additive_rxn_screening_plate_1,25,10,20,no_target,False,1,0.8833688190120768
additives,additive_rxn_screening_plate_1,25,10,40,no_target,False,1,0.9942056107473701
additives,additive_rxn_screening_plate_1,26,5,20,no_target,False,1,0.9586918911615359
additives,additive_rxn_screening_plate_1,26,5,40,no_target,False,1,0.9981015906876389
additives,additive_rxn_screening_plate_1,26,10,20,no_target,False,1,0.8833688190120768
additives,additive_rxn_screening_plate_1,26,10,40,no_target,False,1,0.9942056107473701
additives,additive_rxn_screening_plate_1,27,5,20,no_target,True,1,1.0
additives,additive_rxn_screening_plate_1,27,5,40,no_target,True,1,1.0
additives,additive_rxn_screening_plate_1,27,10,20,no_target,True,1,1.0
additives,additive_rxn_screening_plate_1,27,10,40,no_target,True,1,1.0
additives,additive_rxn_screening_plate_1,28,5,20,no_target,False,1,0.9586918911615359
additives,additive_rxn_screening_plate_1,28,5,40,no_target,False,1,0.9981015906876389
additives,additive_rxn_screening_plate_1,28,10,20,no_target,False,1,0.8833688190120768
additives,additive_rxn_screening_plate_1,28,10,40,no_target,False,1,0.9942056107473701
additives,additive_rxn_screening_plate_1,29,5,20,no_target,True,1,1.0
additives,additive_rxn_screening_plate_1,29,5,40,no_target,True,1,1.0
additives,additive_rxn_screening_plate_1,29,10,20,no_target,True,1,1.0
additives,additive_rxn_screening_plate_1,29,10,40,no_target,True,1,1.0
additives,additive_rxn_screening_plate_1,30,5,20,no_target,False,1,0.9586918911615359
additives,additive_rxn_screening_plate_1,30,5,40,no_target,False,1,0.9981015906876389
additives,additive_rxn_screening_plate_1,30,10,20,no_target,False,1,0.8833688190120768
additives,additive_rxn_screening_plate_1,30,10,40,no_target,False,1,0.9942056107473701
additives,additive_rxn_screening_plate_1,31,5,20,no_target,False,1,0.9586918911615359
additives,additive_rxn_screening_plate_1,31,5,40,no_target,False,1,0.9981015906876389
additives,additive_rxn_screening_plate_1,31,10,20,no_target,False,1,0.8833688190120768
additives,additive_rxn_screening_plate_1,31,10,40,no_target,False,1,0.9942056107473701
additives,additive_rxn_screening_plate_1,32,5,20,no_target,False,1,0.9586918911615359
additives,additive_rxn_screening_plate_1,32,5,40,no_target,False,1,0.9981015906876389
additives,additive_rxn_screening_plate_1,32,10,20,no_target,False,1,0.8833688190120768
additives,additive_rxn_screening_plate_1,32,10,40,no_target,False,1,0.9942056107473701
additives,additive_rxn_screening_plate_1,33,5,20,no_target,False,1,0.9586918911615359
additives,additive_rxn_screening_plate_1,33,5,40,no_target,False,1,0.9981015906876389
additives,additive_rxn_screening_plate_1,33,10,20,no_target,False,1,0.8833688190120768
additives,additive_rxn_screening_plate_1,33,10,40,no_target,False,1,0.9942056107473701
additives,additive_rxn_screening_plate_1,34,5,20,no_target,True,1,1.0
additives,additive_rxn_screening_plate_1,34,5,40,no_target,True,1,1.0
additives,additive_rxn_screening_plate_1,34,10,20,no_target,True,1,1.0
additives,additive_rxn_screening_plate_1,34,10,40,no_target,True,1,1.0
additives,additive_rxn_screening_plate_1,35,5,20,no_target,True,1,1.0
additives,additive_rxn_screening_plate_1,35,5,40,no_target,True,1,1.0
additives,additive_rxn_screening_plate_1,35,10,20,no_target,True,1,1.0
additives,additive_rxn_screening_plate_1,35,10,40,no_target,True,1,1.0
additives,additive_rxn_screening_plate_1,36,5,20,no_target,False,1,0.9586918911615359
additives,additive_rxn_screening_plate_1,36,5,40,no_target,False,1,0.9981015906876389
additives,additive_rxn_screening_plate_1,36,10,20,no_target,False,1,0.8833688190120768
additives,additive_rxn_screening_plate_1,36,10,40,no_target,False,1,0.9942056107473701
additives,additive_rxn_screening_plate_1,37,5,20,no_target,False,1,0.9586918911615359
additives,additive_rxn_screening_plate_1,37,5,40,no_target,False,1,0.9981015906876389
additives,additive_rxn_screening_plate_1,37,10,20,no_target,False,1,0.8833688190120768
additives,additive_rxn_screening_plate_1,37,10,40,no_target,False,1,0.9942056107473701
additives,additive_rxn_screening_plate_1,38,5,20,no_target,True,1,1.0
additives,additive_rxn_screening_plate_1,38,5,40,no_target,True,1,1.0
additives,additive_rxn_screening_plate_1,38,10,20,no_target,True,1,1.0
additives,additive_rxn_screening_plate_1,38,10,40,no_target,True,1,1.0
additives,additive_rxn_screening_plate_1,39,5,20,no_target,False,1,0.9586918911615359
additives,additive_rxn_screening_plate_1,39,5,40,no_target,False,1,0.9981015906876389
additives,additive_rxn_screening_plate_1,39,10,20,no_target,False,1,0.8833688190120768
additives,additive_rxn_screening_plate_1,39,10,40,no_target,False,1,0.9942056107473701
additives,additive_rxn_screening_plate_1,40,5,20,no_target,True,1,1.0
additives,additive_rxn_screening_plate_1,40,5,40,no_target,True,1,1.0
additives,additive_rxn_screening_plate_1,40,10,20,no_target,True,1,1.0
additives,additive_rxn_screening_plate_1,40,10,40,no_target,True,1,1.0
additives,additive_rxn_screening_plate_1,41,5,20,no_target,True,1,1.0
additives,additive_rxn_screening_plate_1,41,5,40,no_target,True,1,1.0
additives,additive_rxn_screening_plate_1,41,10,20,no_target,True,1,1.0
additives,additive_rxn_screening_plate_1,41,10,40,no_target,True,1,1.0
additives,additive_rxn_screening_plate_1,42,5,20,no_target,False,1,0.9586918911615359
additives,additive_rxn_screening_plate_1,42,5,40,no_target,False,1,0.9981015906876389
additives,additive_rxn_screening_plate_1,42,10,20,no_target,False,1,0.8833688190120768
additives,additive_rxn_screening_plate_1,42,10,40,no_target,False,1,0.9942056107473701
additives,additive_rxn_screening_plate_1,43,5,20,no_target,True,1,1.0
additives,additive_rxn_screening_plate_1,43,5,40,no_target,True,1,1.0
additives,additive_rxn_screening_plate_1,43,10,20,no_target,True,1,1.0
additives,additive_rxn_screening_plate_1,43,10,40,no_target,True,1,1.0
additives,additive_rxn_screening_plate_1,44,5,20,no_target,True,1,1.0
additives,additive_rxn_screening_plate_1,44,5,40,no_target,True,1,1.0
additives,additive_rxn_screening_plate_1,44,10,20,no_target,True,1,1.0
additives,additive_rxn_screening_plate_1,44,10,40,no_target,True,1,1.0
additives,additive_rxn_screening_plate_1,45,5,20,no_target,True,1,1.0
additives,additive_rxn_screening_plate_1,45,5,40,no_target,True,1,1.0
additives,additive_rxn_screening_plate_1,45,10,20,no_target,True,1,1.0
additives,additive_rxn_screening_plate_1,45,10,40,no_target,True,1,1.0
additives,additive_rxn_screening_plate_1,46,5,20,no_target,False,1,0.9586918911615359
additives,additive_rxn_screening_plate_1,46,5,40,no_target,False,1,0.9981015906876389
additives,additive_rxn_screening_plate_1,46,10,20,no_target,False,1,0.8833688190120768
additives,additive_rxn_screening_plate_1,46,10,40,no_target,False,1,0.9942056107473701
additives,additive_rxn_screening_plate_1,47,5,20,no_target,False,1,0.9586918911615359
additives,additive_rxn_screening_plate_1,47,5,40,no_target,False,1,0.9981015906876389
additives,additive_rxn_screening_plate_1,47,10,20,no_target,False,1,0.8833688190120768
additives,additive_rxn_screening_plate_1,47,10,40,no_target,False,1,0.9942056107473701
additives,additive_rxn_screening_plate_1,48,5,20,no_target,False,1,0.9586918911615359
additives,additive_rxn_screening_plate_1,48,5,40,no_target,False,1,0.9981015906876389
additives,additive_rxn_screening_plate_1,48,10,20,no_target,False,1,0.8833688190120768
additives,additive_rxn_screening_plate_1,48,10,40,no_target,False,1,0.9942056107473701
additives,additive_rxn_screening_plate_1,49,5,20,no_target,False,1,0.9586918911615359
additives,additive_rxn_screening_plate_1,49,5,40,no_target,False,1,0.9981015906876389
additives,additive_rxn_screening_plate_1,49,10,20,no_target,False,1,0.8833688190120768
additives,additive_rxn_screening_plate_1,49,10,40,no_target,False,1,0.9942056107473701
additives,additive_rxn_screening_plate_2,0,5,20,no_target,False,1,0.9586918911615359
additives,additive_rxn_screening_plate_2,0,5,40,no_target,False,1,0.9981015906876389
additives,additive_rxn_screening_plate_2,0,10,20,no_target,False,1,0.8833688190120768
additives,additive_rxn_screening_plate_2,0,10,40,no_target,False,1,0.9942056107473701
additives,additive_rxn_screening_plate_2,1,5,20,no_target,True,1,1.0
additives,additive_rxn_screening_plate_2,1,5,40,no_target,True,1,1.0
additives,additive_rxn_screening_plate_2,1,10,20,no_target,True,1,1.0
additives,additive_rxn_screening_plate_2,1,10,40,no_target,True,1,1.0
additives,additive_rxn_screening_plate_2,2,5,20,no_target,True,1,1.0
additives,additive_rxn_screening_plate_2,2,5,40,no_target,True,1,1.0
additives,additive_rxn_screening_plate_2,2,10,20,no_target,True,1,1.0
additives,additive_rxn_screening_plate_2,2,10,40,no_target,True,1,1.0
additives,additive_rxn_screening_plate_2,3,5,20,no_target,False,1,0.9586918911615359
additives,additive_rxn_screening_plate_2,3,5,40,no_target,False,1,0.9981015906876389
additives,additive_rxn_screening_plate_2,3,10,20,no_target,False,1,0.8833688190120768
additives,additive_rxn_screening_plate_2,3,10,40,no_target,False,1,0.9942056107473701
additives,additive_rxn_screening_plate_2,4,5,20,no_target,False,1,0.9586918911615359
additives,additive_rxn_screening_plate_2,4,5,40,no_target,False,1,0.9981015906876389
additives,additive_rxn_screening_plate_2,4,10,20,no_target,False,1,0.8833688190120768
additives,additive_rxn_screening_plate_2,4,10,40,no_target,False,1,0.9942056107473701
additives,additive_rxn_screening_plate_2,5,5,20,no_target,False,1,0.9586918911615359
additives,additive_rxn_screening_plate_2,5,5,40,no_target,False,1,0.9981015906876389
additives,additive_rxn_screening_plate_2,5,10,20,no_target,False,1,0.8833688190120768
additives,additive_rxn_screening_plate_2,5,10,40,no_target,False,1,0.9942056107473701
additives,additive_rxn_screening_plate_2,6,5,20,no_target,True,1,1.0
additives,additive_rxn_screening_plate_2,6,5,40,no_target,True,1,1.0
additives,additive_rxn_screening_plate_2,6,10,20,no_target,True,1,1.0
additives,additive_rxn_screening_plate_2,6,10,40,no_target,True,1,1.0
additives,additive_rxn_screening_plate_2,7,5,20,no_target,True,1,1.0
additives,additive_rxn_screening_plate_2,7,5,40,no_target,True,1,1.0
additives,additive_rxn_screening_plate_2,7,10,20,no_target,True,1,1.0
additives,additive_rxn_screening_plate_2,7,10,40,no_target,True,1,1.0
additives,additive_rxn_screening_plate_2,8,5,20,no_target,False,1,0.9586918911615359
additives,additive_rxn_screening_plate_2,8,5,40,no_target,False,1,0.9981015906876389
additives,additive_rxn_screening_plate_2,8,10,20,no_target,False,1,0.8833688190120768
additives,additive_rxn_screening_plate_2,8,10,40,no_target,False,1,0.9942056107473701
additives,additive_rxn_screening_plate_2,9,5,20,no_target,True,1,1.0
additives,additive_rxn_screening_plate_2,9,5,40,no_target,True,1,1.0
additives,additive_rxn_screening_plate_2,9,10,20,no_target,True,1,1.0
additives,additive_rxn_screening_plate_2,9,10,40,no_target,True,1,1.0
additives,additive_rxn_screening_plate_2,10,5,20,no_target,True,1,1.0
additives,additive_rxn_screening_plate_2,10,5,40,no_target,True,1,1.0
additives,additive_rxn_screening_plate_2,10,10,20,no_target,True,1,1.0
additives,additive_rxn_screening_plate_2,10,10,40,no_target,True,1,1.0
additives,additive_rxn_screening_plate_2,11,5,20,no_target,False,1,0.9586918911615359
additives,additive_rxn_screening_plate_2,11,5,40,no_target,False,1,0.9981015906876389
additives,additive_rxn_screening_plate_2,11,10,20,no_target,False,1,0.8833688190120768
additives,additive_rxn_screening_plate_2,11,10,40,no_target,False,1,0.9942056107473701
additives,additive_rxn_screening_plate_2,12,5,20,no_target,True,1,1.0
additives,additive_rxn_screening_plate_2,12,5,40,no_target,True,1,1.0
additives,additive_rxn_screening_plate_2,12,10,20,no_target,True,1,1.0
additives,additive_rxn_screening_plate_2,12,10,40,no_target,True,1,1.0
additives,additive_rxn_screening_plate_2,13,5,20,no_target,False,1,0.9586918911615359
additives,additive_rxn_screening_plate_2,13,5,40,no_target,False,1,0.9981015906876389
additives,additive_rxn_screening_plate_2,13,10,20,no_target,False,1,0.8833688190120768
additives,additive_rxn_screening_plate_2,13,10,40,no_target,False,1,0.9942056107473701
additives,additive_rxn_screening_plate_2,14,5,20,no_target,True,1,1.0
additives,additive_rxn_screening_plate_2,14,5,40,no_target,True,1,1.0
additives,additive_rxn_screening_plate_2,14,10,20,no_target,True,1,1.0
additives,additive_rxn_screening_plate_2,14,10,40,no_target,True,1,1.0
additives,additive_rxn_screening_plate_2,15,5,20,no_target,True,1,1.0
additives,additive_rxn_screening_plate_2,15,5,40,no_target,True,1,1.0
additives,additive_rxn_screening_plate_2,15,10,20,no_target,True,1,1.0
additives,additive_rxn_screening_plate_2,15,10,40,no_target,True,1,1.0
additives,additive_rxn_screening_plate_2,16,5,20,no_target,True,1,1.0
additives,additive_rxn_screening_plate_2,16,5,40,no_target,True,1,1.0
additives,additive_rxn_screening_plate_2,16,10,20,no_target,True,1,1.0
additives,additive_rxn_screening_plate_2,16,10,40,no_target,True,1,1.0
additives,additive_rxn_screening_plate_2,17,5,20,no_target,True,1,1.0
additives,additive_rxn_screening_plate_2,17,5,40,no_target,True,1,1.0
additives,additive_rxn_screening_plate_2,17,10,20,no_target,True,1,1.0
additives,additive_rxn_screening_plate_2,17,10,40,no_target,True,1,1.0
additives,additive_rxn_screening_plate_2,18,5,20,no_target,False,1,0.9586918911615359
additives,additive_rxn_screening_plate_2,18,5,40,no_target,False,1,0.9981015906876389
additives,additive_rxn_screening_plate_2,18,10,20,no_target,False,1,0.8833688190120768
additives,additive_rxn_screening_plate_2,18,10,40,no_target,False,1,0.9942056107473701
additives,additive_rxn_screening_plate_2,19,5,20,no_target,True,1,1.0
additives,additive_rxn_screening_plate_2,19,5,40,no_target,True,1,1.0
additives,additive_rxn_screening_plate_2,19,10,20,no_target,True,1,1.0
additives,additive_rxn_screening_plate_2,19,10,40,no_target,True,1,1.0
additives,additive_rxn_screening_plate_2,20,5,20,no_target,False,1,0.9586918911615359
additives,additive_rxn_screening_plate_2,20,5,40,no_target,False,1,0.9981015906876389
additives,additive_rxn_screening_plate_2,20,10,20,no_target,False,1,0.8833688190120768
additives,additive_rxn_screening_plate_2,20,10,40,no_target,False,1,0.9942056107473701
additives,additive_rxn_screening_plate_2,21,5,20,no_target,False,1,0.9586918911615359
additives,additive_rxn_screening_plate_2,21,5,40,no_target,False,1,0.9981015906876389
additives,additive_rxn_screening_plate_2,21,10,20,no_target,False,1,0.8833688190120768
additives,additive_rxn_screening_plate_2,21,10,40,no_target,False,1,0.9942056107473701
additives,additive_rxn_screening_plate_2,22,5,20,no_target,False,1,0.9586918911615359
additives,additive_rxn_screening_plate_2,22,5,40,no_target,False,1,0.9981015906876389
additives,additive_rxn_screening_plate_2,22,10,20,no_target,False,1,0.8833688190120768
additives,additive_rxn_screening_plate_2,22,10,40,no_target,False,1,0.9942056107473701
additives,additive_rxn_screening_plate_2,23,5,20,no_target,True,1,1.0
additives,additive_rxn_screening_plate_2,23,5,40,no_target,True,1,1.0
additives,additive_rxn_screening_plate_2,23,10,20,no_target,True,1,1.0
additives,additive_rxn_screening_plate_2,23,10,40,no_target,True,1,1.0
additives,additive_rxn_screening_plate_2,24,5,20,no_target,False,1,0.9586918911615359
additives,additive_rxn_screening_plate_2,24,5,40,no_target,False,1,0.9981015906876389
additives,additive_rxn_screening_plate_2,24,10,20,no_target,False,1,0.8833688190120768
additives,additive_rxn_screening_plate_2,24,10,40,no_target,False,1,0.9942056107473701
additives,additive_rxn_screening_plate_2,25,5,20,no_target,False,1,0.9586918911615359
additives,additive_rxn_screening_plate_2,25,5,40,no_target,False,1,0.9981015906876389
additives,additive_rxn_screening_plate_2,25,10,20,no_target,False,1,0.8833688190120768
additives,additive_rxn_screening_plate_2,25,10,40,no_target,False,1,0.9942056107473701
additives,additive_rxn_screening_plate_2,26,5,20,no_target,True,1,1.0
additives,additive_rxn_screening_plate_2,26,5,40,no_target,True,1,1.0
additives,additive_rxn_screening_plate_2,26,10,20,no_target,True,1,1.0
additives,additive_rxn_screening_plate_2,26,10,40,no_target,True,1,1.0
additives,additive_rxn_screening_plate_2,27,5,20,no_target,False,1,0.9586918911615359
additives,additive_rxn_screening_plate_2,27,5,40,no_target,False,1,0.9981015906876389
additives,additive_rxn_screening_plate_2,27,10,20,no_target,False,1,0.8833688190120768
additives,additive_rxn_screening_plate_2,27,10,40,no_target,False,1,0.9942056107473701
additives,additive_rxn_screening_plate_2,28,5,20,no_target,False,1,0.9586918911615359
additives,additive_rxn_screening_plate_2,28,5,40,no_target,False,1,0.9981015906876389
additives,additive_rxn_screening_plate_2,28,10,20,no_target,False,1,0.8833688190120768
additives,additive_rxn_screening_plate_2,28,10,40,no_target,False,1,0.9942056107473701
additives,additive_rxn_screening_plate_2,29,5,20,no_target,False,1,0.9586918911615359
additives,additive_rxn_screening_plate_2,29,5,40,no_target,False,1,0.9981015906876389
additives,additive_rxn_screening_plate_2,29,10,20,no_target,False,1,0.8833688190120768
additives,additive_rxn_screening_plate_2,29,10,40,no_target,False,1,0.9942056107473701
additives,additive_rxn_screening_plate_2,30,5,20,no_target,True,1,1.0
additives,additive_rxn_screening_plate_2,30,5,40,no_target,True,1,1.0
additives,additive_rxn_screening_plate_2,30,10,20,no_target,True,1,1.0
additives,additive_rxn_screening_plate_2,30,10,40,no_target,True,1,1.0
additives,additive_rxn_screening_plate_2,31,5,20,no_target,False,1,0.9586918911615359
additives,additive_rxn_screening_plate_2,31,5,40,no_target,False,1,0.9981015906876389
additives,additive_rxn_screening_plate_2,31,10,20,no_target,False,1,0.8833688190120768
additives,additive_rxn_screening_plate_2,31,10,40,no_target,False,1,0.9942056107473701
additives,additive_rxn_screening_plate_2,32,5,20,no_target,False,1,0.9586918911615359
additives,additive_rxn_screening_plate_2,32,5,40,no_target,False,1,0.9981015906876389
additives,additive_rxn_screening_plate_2,32,10,20,no_target,False,1,0.8833688190120768
additives,additive_rxn_screening_plate_2,32,10,40,no_target,False,1,0.9942056107473701
additives,additive_rxn_screening_plate_2,33,5,20,no_target,False,1,0.9586918911615359
additives,additive_rxn_screening_plate_2,33,5,40,no_target,False,1,0.9981015906876389
additives,additive_rxn_screening_plate_2,33,10,20,no_target,False,1,0.8833688190120768
additives,additive_rxn_screening_plate_2,33,10,40,no_target,False,1,0.9942056107473701
additives,additive_rxn_screening_plate_2,34,5,20,no_target,True,1,1.0
additives,additive_rxn_screening_plate_2,34,5,40,no_target,True,1,1.0
additives,additive_rxn_screening_plate_2,34,10,20,no_target,True,1,1.0
additives,additive_rxn_screening_plate_2,34,10,40,no_target,True,1,1.0
additives,additive_rxn_screening_plate_2,35,5,20,no_target,True,1,1.0
additives,additive_rxn_screening_plate_2,35,5,40,no_target,True,1,1.0
additives,additive_rxn_screening_plate_2,35,10,20,no_target,True,1,1.0
additives,additive_rxn_screening_plate_2,35,10,40,no_target,True,1,1.0
additives,additive_rxn_screening_plate_2,36,5,20,no_target,True,1,1.0
additives,additive_rxn_screening_plate_2,36,5,40,no_target,True,1,1.0
additives,additive_rxn_screening_plate_2,36,10,20,no_target,True,1,1.0
additives,additive_rxn_screening_plate_2,36,10,40,no_target,True,1,1.0
additives,additive_rxn_screening_plate_2,37,5,20,no_target,False,1,0.9586918911615359
additives,additive_rxn_screening_plate_2,37,5,40,no_target,False,1,0.9981015906876389
additives,additive_rxn_screening_plate_2,37,10,20,no_target,False,1,0.8833688190120768
additives,additive_rxn_screening_plate_2,37,10,40,no_target,False,1,0.9942056107473701
additives,additive_rxn_screening_plate_2,38,5,20,no_target,True,1,1.0
additives,additive_rxn_screening_plate_2,38,5,40,no_target,True,1,1.0
additives,additive_rxn_screening_plate_2,38,10,20,no_target,True,1,1.0
additives,additive_rxn_screening_plate_2,38,10,40,no_target,True,1,1.0
additives,additive_rxn_screening_plate_2,39,5,20,no_target,True,1,1.0
additives,additive_rxn_screening_plate_2,39,5,40,no_target,True,1,1.0
additives,additive_rxn_screening_plate_2,39,10,20,no_target,True,1,1.0
additives,additive_rxn_screening_plate_2,39,10,40,no_target,True,1,1.0
additives,additive_rxn_screening_plate_2,40,5,20,no_target,True,1,1.0
additives,additive_rxn_screening_plate_2,40,5,40,no_target,True,1,1.0
additives,additive_rxn_screening_plate_2,40,10,20,no_target,True,1,1.0
additives,additive_rxn_screening_plate_2,40,10,40,no_target,True,1,1.0
additives,additive_rxn_screening_plate_2,41,5,20,no_target,True,1,1.0
additives,additive_rxn_screening_plate_2,41,5,40,no_target,True,1,1.0
additives,additive_rxn_screening_plate_2,41,10,20,no_target,True,1,1.0
additives,additive_rxn_screening_plate_2,41,10,40,no_target,True,1,1.0
additives,additive_rxn_screening_plate_2,42,5,20,no_target,False,1,0.9586918911615359
additives,additive_rxn_screening_plate_2,42,5,40,no_target,False,1,0.9981015906876389
additives,additive_rxn_screening_plate_2,42,10,20,no_target,False,1,0.8833688190120768
additives,additive_rxn_screening_plate_2,42,10,40,no_target,False,1,0.9942056107473701
additives,additive_rxn_screening_plate_2,43,5,20,no_target,False,1,0.9586918911615359
additives,additive_rxn_screening_plate_2,43,5,40,no_target,False,1,0.9981015906876389
additives,additive_rxn_screening_plate_2,43,10,20,no_target,False,1,0.8833688190120768
additives,additive_rxn_screening_plate_2,43,10,40,no_target,False,1,0.9942056107473701
additives,additive_rxn_screening_plate_2,44,5,20,no_target,False,1,0.9586918911615359
additives,additive_rxn_screening_plate_2,44,5,40,no_target,False,1,0.9981015906876389
additives,additive_rxn_screening_plate_2,44,10,20,no_target,False,1,0.8833688190120768
additives,additive_rxn_screening_plate_2,44,10,40,no_target,False,1,0.9942056107473701
additives,additive_rxn_screening_plate_2,45,5,20,no_target,False,1,0.9586918911615359
additives,additive_rxn_screening_plate_2,45,5,40,no_target,False,1,0.9981015906876389
additives,additive_rxn_screening_plate_2,45,10,20,no_target,False,1,0.8833688190120768
additives,additive_rxn_screening_plate_2,45,10,40,no_target,False,1,0.9942056107473701
additives,additive_rxn_screening_plate_2,46,5,20,no_target,False,1,0.9586918911615359
additives,additive_rxn_screening_plate_2,46,5,40,no_target,False,1,0.9981015906876389
additives,additive_rxn_screening_plate_2,46,10,20,no_target,False,1,0.8833688190120768
additives,additive_rxn_screening_plate_2,46,10,40,no_target,False,1,0.9942056107473701
additives,additive_rxn_screening_plate_2,47,5,20,no_target,False,1,0.9586918911615359
additives,additive_rxn_screening_plate_2,47,5,40,no_target,False,1,0.9981015906876389
additives,additive_rxn_screening_plate_2,47,10,20,no_target,False,1,0.8833688190120768
additives,additive_rxn_screening_plate_2,47,10,40,no_target,False,1,0.9942056107473701
additives,additive_rxn_screening_plate_2,48,5,20,no_target,False,1,0.9586918911615359
additives,additive_rxn_screening_plate_2,48,5,40,no_target,False,1,0.9981015906876389
additives,additive_rxn_screening_plate_2,48,10,20,no_target,False,1,0.8833688190120768
additives,additive_rxn_screening_plate_2,48,10,40,no_target,False,1,0.9942056107473701
additives,additive_rxn_screening_plate_2,49,5,20,no_target,False,1,0.9586918911615359
additives,additive_rxn_screening_plate_2,49,5,40,no_target,False,1,0.9981015906876389
additives,additive_rxn_screening_plate_2,49,10,20,no_target,False,1,0.8833688190120768
additives,additive_rxn_screening_plate_2,49,10,40,no_target,False,1,0.9942056107473701
additives,additive_rxn_screening_plate_3,0,5,20,no_target,False,1,0.9586918911615359
additives,additive_rxn_screening_plate_3,0,5,40,no_target,False,1,0.9981015906876389
additives,additive_rxn_screening_plate_3,0,10,20,no_target,True,1,1.0
additives,additive_rxn_screening_plate_3,0,10,40,no_target,True,1,1.0
additives,additive_rxn_screening_plate_3,1,5,20,no_target,False,1,0.9586918911615359
additives,additive_rxn_screening_plate_3,1,5,40,no_target,False,1,0.9981015906876389
additives,additive_rxn_screening_plate_3,1,10,20,no_target,True,1,1.0
additives,additive_rxn_screening_plate_3,1,10,40,no_target,True,1,1.0
additives,additive_rxn_screening_plate_3,2,5,20,no_target,False,1,0.9586918911615359
additives,additive_rxn_screening_plate_3,2,5,40,no_target,False,1,0.9981015906876389
additives,additive_rxn_screening_plate_3,2,10,20,no_target,True,1,1.0
additives,additive_rxn_screening_plate_3,2,10,40,no_target,True,1,1.0
additives,additive_rxn_screening_plate_3,3,5,20,no_target,False,1,0.9586918911615359
additives,additive_rxn_screening_plate_3,3,5,40,no_target,False,1,0.9981015906876389
additives,additive_rxn_screening_plate_3,3,10,20,no_target,True,1,1.0
additives,additive_rxn_screening_plate_3,3,10,40,no_target,True,1,1.0
additives,additive_rxn_screening_plate_3,4,5,20,no_target,False,1,0.9586918911615359
additives,additive_rxn_screening_plate_3,4,5,40,no_target,False,1,0.9981015906876389
additives,additive_rxn_screening_plate_3,4,10,20,no_target,True,1,1.0
additives,additive_rxn_screening_plate_3,4,10,40,no_target,True,1,1.0
additives,additive_rxn_screening_plate_3,5,5,20,no_target,False,1,0.9586918911615359
additives,additive_rxn_screening_plate_3,5,5,40,no_target,False,1,0.9981015906876389
additives,additive_rxn_screening_plate_3,5,10,20,no_target,True,1,1.0
additives,additive_rxn_screening_plate_3,5,10,40,no_target,True,1,1.0
additives,additive_rxn_screening_plate_3,6,5,20,no_target,False,1,0.9586918911615359
additives,additive_rxn_screening_plate_3,6,5,40,no_target,False,1,0.9981015906876389
additives,additive_rxn_screening_plate_3,6,10,20,no_target,True,1,1.0
additives,additive_rxn_screening_plate_3,6,10,40,no_target,True,1,1.0
additives,additive_rxn_screening_plate_3,7,5,20,no_target,True,1,1.0
additives,additive_rxn_screening_plate_3,7,5,40,no_target,True,1,1.0
additives,additive_rxn_screening_plate_3,7,10,20,no_target,True,1,1.0
additives,additive_rxn_screening_plate_3,7,10,40,no_target,True,1,1.0
additives,additive_rxn_screening_plate_3,8,5,20,no_target,False,1,0.9586918911615359
additives,additive_rxn_screening_plate_3,8,5,40,no_target,False,1,0.9981015906876389
additives,additive_rxn_screening_plate_3,8,10,20,no_target,True,1,1.0
additives,additive_rxn_screening_plate_3,8,10,40,no_target,True,1,1.0
additives,additive_rxn_screening_plate_3,9,5,20,no_target,False,1,0.9586918911615359
additives,additive_rxn_screening_plate_3,9,5,40,no_target,False,1,0.9981015906876389
additives,additive_rxn_screening_plate_3,9,10,20,no_target,True,1,1.0
additives,additive_rxn_screening_plate_3,9,10,40,no_target,True,1,1.0
additives,additive_rxn_screening_plate_3,10,5,20,no_target,False,1,0.9586918911615359
additives,additive_rxn_screening_plate_3,10,5,40,no_target,False,1,0.9981015906876389
additives,additive_rxn_screening_plate_3,10,10,20,no_target,True,1,1.0
additives,additive_rxn_screening_plate_3,10,10,40,no_target,True,1,1.0
additives,additive_rxn_screening_plate_3,11,5,20,no_target,False,1,0.9586918911615359
additives,additive_rxn_screening_plate_3,11,5,40,no_target,False,1,0.9981015906876389
additives,additive_rxn_screening_plate_3,11,10,20,no_target,True,1,1.0
additives,additive_rxn_screening_plate_3,11,10,40,no_target,True,1,1.0
additives,additive_rxn_screening_plate_3,12,5,20,no_target,False,1,0.9586918911615359
additives,additive_rxn_screening_plate_3,12,5,40,no_target,False,1,0.9981015906876389
additives,additive_rxn_screening_plate_3,12,10,20,no_target,True,1,1.0
additives,additive_rxn_screening_plate_3,12,10,40,no_target,True,1,1.0
additives,additive_rxn_screening_plate_3,13,5,20,no_target,False,1,0.9586918911615359
additives,additive_rxn_screening_plate_3,13,5,40,no_target,False,1,0.9981015906876389
additives,additive_rxn_screening_plate_3,13,10,20,no_target,True,1,1.0
additives,additive_rxn_screening_plate_3,13,10,40,no_target,True,1,1.0
additives,additive_rxn_screening_plate_3,14,5,20,no_target,False,1,0.9586918911615359
additives,additive_rxn_screening_plate_3,14,5,40,no_target,False,1,0.9981015906876389
additives,additive_rxn_screening_plate_3,14,10,20,no_target,True,1,1.0
additives,additive_rxn_screening_plate_3,14,10,40,no_target,True,1,1.0
additives,additive_rxn_screening_plate_3,15,5,20,no_target,False,1,0.9586918911615359
additives,additive_rxn_screening_plate_3,15,5,40,no_target,False,1,0.9981015906876389
additives,additive_rxn_screening_plate_3,15,10,20,no_target,True,1,1.0
additives,additive_rxn_screening_plate_3,15,10,40,no_target,True,1,1.0
additives,additive_rxn_screening_plate_3,16,5,20,no_target,True,1,1.0
additives,additive_rxn_screening_plate_3,16,5,40,no_target,True,1,1.0
additives,additive_rxn_screening_plate_3,16,10,20,no_target,True,1,1.0
additives,additive_rxn_screening_plate_3,16,10,40,no_target,True,1,1.0
additives,additive_rxn_screening_plate_3,17,5,20,no_target,True,1,1.0
additives,additive_rxn_screening_plate_3,17,5,40,no_target,True,1,1.0
additives,additive_rxn_screening_plate_3,17,10,20,no_target,True,1,1.0
additives,additive_rxn_screening_plate_3,17,10,40,no_target,True,1,1.0
additives,additive_rxn_screening_plate_3,18,5,20,no_target,False,1,0.9586918911615359
additives,additive_rxn_screening_plate_3,18,5,40,no_target,False,1,0.9981015906876389
additives,additive_rxn_screening_plate_3,18,10,20,no_target,True,1,1.0
additives,additive_rxn_screening_plate_3,18,10,40,no_target,True,1,1.0
additives,additive_rxn_screening_plate_3,19,5,20,no_target,True,1,1.0
additives,additive_rxn_screening_plate_3,19,5,40,no_target,True,1,1.0
additives,additive_rxn_screening_plate_3,19,10,20,no_target,True,1,1.0
additives,additive_rxn_screening_plate_3,19,10,40,no_target,True,1,1.0
additives,additive_rxn_screening_plate_3,20,5,20,no_target,True,1,1.0
additives,additive_rxn_screening_plate_3,20,5,40,no_target,True,1,1.0
additives,additive_rxn_screening_plate_3,20,10,20,no_target,True,1,1.0
additives,additive_rxn_screening_plate_3,20,10,40,no_target,True,1,1.0
additives,additive_rxn_screening_plate_3,21,5,20,no_target,True,1,1.0
additives,additive_rxn_screening_plate_3,21,5,40,no_target,True,1,1.0
additives,additive_rxn_screening_plate_3,21,10,20,no_target,True,1,1.0
additives,additive_rxn_screening_plate_3,21,10,40,no_target,True,1,1.0
additives,additive_rxn_screening_plate_3,22,5,20,no_target,True,1,1.0
additives,additive_rxn_screening_plate_3,22,5,40,no_target,True,1,1.0
additives,additive_rxn_screening_plate_3,22,10,20,no_target,True,1,1.0
additives,additive_rxn_screening_plate_3,22,10,40,no_target,True,1,1.0
additives,additive_rxn_screening_plate_3,23,5,20,no_target,True,1,1.0
additives,additive_rxn_screening_plate_3,23,5,40,no_target,True,1,1.0
additives,additive_rxn_screening_plate_3,23,10,20,no_target,True,1,1.0
additives,additive_rxn_screening_plate_3,23,10,40,no_target,True,1,1.0
additives,additive_rxn_screening_plate_3,24,5,20,no_target,False,1,0.9586918911615359
additives,additive_rxn_screening_plate_3,24,5,40,no_target,False,1,0.9981015906876389
additives,additive_rxn_screening_plate_3,24,10,20,no_target,True,1,1.0
additives,additive_rxn_screening_plate_3,24,10,40,no_target,True,1,1.0
additives,additive_rxn_screening_plate_3,25,5,20,no_target,False,1,0.9586918911615359
additives,additive_rxn_screening_plate_3,25,5,40,no_target,False,1,0.9981015906876389
additives,additive_rxn_screening_plate_3,25,10,20,no_target,True,1,1.0
additives,additive_rxn_screening_plate_3,25,10,40,no_target,True,1,1.0
additives,additive_rxn_screening_plate_3,26,5,20,no_target,False,1,0.9586918911615359
additives,additive_rxn_screening_plate_3,26,5,40,no_target,False,1,0.9981015906876389
additives,additive_rxn_screening_plate_3,26,10,20,no_target,True,1,1.0
additives,additive_rxn_screening_plate_3,26,10,40,no_target,True,1,1.0
additives,additive_rxn_screening_plate_3,27,5,20,no_target,False,1,0.9586918911615359
additives,additive_rxn_screening_plate_3,27,5,40,no_target,False,1,0.9981015906876389
additives,additive_rxn_screening_plate_3,27,10,20,no_target,True,1,1.0
additives,additive_rxn_screening_plate_3,27,10,40,no_target,True,1,1.0
additives,additive_rxn_screening_plate_3,28,5,20,no_target,True,1,1.0
additives,additive_rxn_screening_plate_3,28,5,40,no_target,True,1,1.0
additives,additive_rxn_screening_plate_3,28,10,20,no_target,True,1,1.0
additives,additive_rxn_screening_plate_3,28,10,40,no_target,True,1,1.0
additives,additive_rxn_screening_plate_3,29,5,20,no_target,False,1,0.9586918911615359
additives,additive_rxn_screening_plate_3,29,5,40,no_target,False,1,0.9981015906876389
additives,additive_rxn_screening_plate_3,29,10,20,no_target,True,1,1.0
additives,additive_rxn_screening_plate_3,29,10,40,no_target,True,1,1.0
additives,additive_rxn_screening_plate_3,30,5,20,no_target,True,1,1.0
additives,additive_rxn_screening_plate_3,30,5,40,no_target,True,1,1.0
additives,additive_rxn_screening_plate_3,30,10,20,no_target,True,1,1.0
additives,additive_rxn_screening_plate_3,30,10,40,no_target,True,1,1.0
additives,additive_rxn_screening_plate_3,31,5,20,no_target,False,1,0.9586918911615359
additives,additive_rxn_screening_plate_3,31,5,40,no_target,False,1,0.9981015906876389
additives,additive_rxn_screening_plate_3,31,10,20,no_target,True,1,1.0
additives,additive_rxn_screening_plate_3,31,10,40,no_target,True,1,1.0
additives,additive_rxn_screening_plate_3,32,5,20,no_target,False,1,0.9586918911615359
additives,additive_rxn_screening_plate_3,32,5,40,no_target,False,1,0.9981015906876389
additives,additive_rxn_screening_plate_3,32,10,20,no_target,True,1,1.0
additives,additive_rxn_screening_plate_3,32,10,40,no_target,True,1,1.0
additives,additive_rxn_screening_plate_3,33,5,20,no_target,True,1,1.0
additives,additive_rxn_screening_plate_3,33,5,40,no_target,True,1,1.0
additives,additive_rxn_screening_plate_3,33,10,20,no_target,True,1,1.0
additives,additive_rxn_screening_plate_3,33,10,40,no_target,True,1,1.0
additives,additive_rxn_screening_plate_3,34,5,20,no_target,False,1,0.9586918911615359
additives,additive_rxn_screening_plate_3,34,5,40,no_target,False,1,0.9981015906876389
additives,additive_rxn_screening_plate_3,34,10,20,no_target,True,1,1.0
additives,additive_rxn_screening_plate_3,34,10,40,no_target,True,1,1.0
additives,additive_rxn_screening_plate_3,35,5,20,no_target,False,1,0.9586918911615359
additives,additive_rxn_screening_plate_3,35,5,40,no_target,False,1,0.9981015906876389
additives,additive_rxn_screening_plate_3,35,10,20,no_target,True,1,1.0
additives,additive_rxn_screening_plate_3,35,10,40,no_target,True,1,1.0
additives,additive_rxn_screening_plate_3,36,5,20,no_target,False,1,0.9586918911615359
additives,additive_rxn_screening_plate_3,36,5,40,no_target,False,1,0.9981015906876389
additives,additive_rxn_screening_plate_3,36,10,20,no_target,True,1,1.0
additives,additive_rxn_screening_plate_3,36,10,40,no_target,True,1,1.0
additives,additive_rxn_screening_plate_3,37,5,20,no_target,False,1,0.9586918911615359
additives,additive_rxn_screening_plate_3,37,5,40,no_target,False,1,0.9981015906876389
additives,additive_rxn_screening_plate_3,37,10,20,no_target,True,1,1.0
additives,additive_rxn_screening_plate_3,37,10,40,no_target,True,1,1.0
additives,additive_rxn_screening_plate_3,38,5,20,no_target,True,1,1.0
additives,additive_rxn_screening_plate_3,38,5,40,no_target,True,1,1.0
additives,additive_rxn_screening_plate_3,38,10,20,no_target,True,1,1.0
additives,additive_rxn_screening_plate_3,38,10,40,no_target,True,1,1.0
additives,additive_rxn_screening_plate_3,39,5,20,no_target,True,1,1.0
additives,additive_rxn_screening_plate_3,39,5,40,no_target,True,1,1.0
additives,additive_rxn_screening_plate_3,39,10,20,no_target,True,1,1.0
additives,additive_rxn_screening_plate_3,39,10,40,no_target,True,1,1.0
additives,additive_rxn_screening_plate_3,40,5,20,no_target,False,1,0.9586918911615359
additives,additive_rxn_screening_plate_3,40,5,40,no_target,False,1,0.9981015906876389
additives,additive_rxn_screening_plate_3,40,10,20,no_target,True,1,1.0
additives,additive_rxn_screening_plate_3,40,10,40,no_target,True,1,1.0
additives,additive_rxn_screening_plate_3,41,5,20,no_target,False,1,0.9586918911615359
additives,additive_rxn_screening_plate_3,41,5,40,no_target,False,1,0.9981015906876389
additives,additive_rxn_screening_plate_3,41,10,20,no_target,True,1,1.0
additives,additive_rxn_screening_plate_3,41,10,40,no_target,True,1,1.0
additives,additive_rxn_screening_plate_3,42,5,20,no_target,False,1,0.9586918911615359
additives,additive_rxn_screening_plate_3,42,5,40,no_target,False,1,0.9981015906876389
additives,additive_rxn_screening_plate_3,42,10,20,no_target,True,1,1.0
additives,additive_rxn_screening_plate_3,42,10,40,no_target,True,1,1.0
additives,additive_rxn_screening_plate_3,43,5,20,no_target,False,1,0.9586918911615359
additives,additive_rxn_screening_plate_3,43,5,40,no_target,False,1,0.9981015906876389
additives,additive_rxn_screening_plate_3,43,10,20,no_target,True,1,1.0
additives,additive_rxn_screening_plate_3,43,10,40,no_target,True,1,1.0
additives,additive_rxn_screening_plate_3,44,5,20,no_target,False,1,0.9586918911615359
additives,additive_rxn_screening_plate_3,44,5,40,no_target,False,1,0.9981015906876389
additives,additive_rxn_screening_plate_3,44,10,20,no_target,True,1,1.0
additives,additive_rxn_screening_plate_3,44,10,40,no_target,True,1,1.0
additives,additive_rxn_screening_plate_3,45,5,20,no_target,False,1,0.9586918911615359
additives,additive_rxn_screening_plate_3,45,5,40,no_target,False,1,0.9981015906876389
additives,additive_rxn_screening_plate_3,45,10,20,no_target,True,1,1.0
additives,additive_rxn_screening_plate_3,45,10,40,no_target,True,1,1.0
additives,additive_rxn_screening_plate_3,46,5,20,no_target,False,1,0.9586918911615359
additives,additive_rxn_screening_plate_3,46,5,40,no_target,False,1,0.9981015906876389
additives,additive_rxn_screening_plate_3,46,10,20,no_target,True,1,1.0
additives,additive_rxn_screening_plate_3,46,10,40,no_target,True,1,1.0
additives,additive_rxn_screening_plate_3,47,5,20,no_target,True,1,1.0
additives,additive_rxn_screening_plate_3,47,5,40,no_target,True,1,1.0
additives,additive_rxn_screening_plate_3,47,10,20,no_target,True,1,1.0
additives,additive_rxn_screening_plate_3,47,10,40,no_target,True,1,1.0
additives,additive_rxn_screening_plate_3,48,5,20,no_target,False,1,0.9586918911615359
additives,additive_rxn_screening_plate_3,48,5,40,no_target,False,1,0.9981015906876389
additives,additive_rxn_screening_plate_3,48,10,20,no_target,True,1,1.0
additives,additive_rxn_screening_plate_3,48,10,40,no_target,True,1,1.0
additives,additive_rxn_screening_plate_3,49,5,20,no_target,False,1,0.9586918911615359
additives,additive_rxn_screening_plate_3,49,5,40,no_target,False,1,0.9981015906876389
additives,additive_rxn_screening_plate_3,49,10,20,no_target,True,1,1.0
additives,additive_rxn_screening_plate_3,49,10,40,no_target,True,1,1.0
additives,additive_rxn_screening_plate_4,0,5,20,no_target,False,1,0.9586918911615359
additives,additive_rxn_screening_plate_4,0,5,40,no_target,False,1,0.9981015906876389
additives,additive_rxn_screening_plate_4,0,10,20,no_target,True,1,1.0
additives,additive_rxn_screening_plate_4,0,10,40,no_target,True,1,1.0
additives,additive_rxn_screening_plate_4,1,5,20,no_target,False,1,0.9586918911615359
additives,additive_rxn_screening_plate_4,1,5,40,no_target,False,1,0.9981015906876389
additives,additive_rxn_screening_plate_4,1,10,20,no_target,True,1,1.0
additives,additive_rxn_screening_plate_4,1,10,40,no_target,True,1,1.0
additives,additive_rxn_screening_plate_4,2,5,20,no_target,True,1,1.0
additives,additive_rxn_screening_plate_4,2,5,40,no_target,True,1,1.0
additives,additive_rxn_screening_plate_4,2,10,20,no_target,True,1,1.0
additives,additive_rxn_screening_plate_4,2,10,40,no_target,True,1,1.0
additives,additive_rxn_screening_plate_4,3,5,20,no_target,True,1,1.0
additives,additive_rxn_screening_plate_4,3,5,40,no_target,True,1,1.0
additives,additive_rxn_screening_plate_4,3,10,20,no_target,True,1,1.0
additives,additive_rxn_screening_plate_4,3,10,40,no_target,True,1,1.0
additives,additive_rxn_screening_plate_4,4,5,20,no_target,False,1,0.9586918911615359
additives,additive_rxn_screening_plate_4,4,5,40,no_target,False,1,0.9981015906876389
additives,additive_rxn_screening_plate_4,4,10,20,no_target,True,1,1.0
additives,additive_rxn_screening_plate_4,4,10,40,no_target,True,1,1.0
additives,additive_rxn_screening_plate_4,5,5,20,no_target,False,1,0.9586918911615359
additives,additive_rxn_screening_plate_4,5,5,40,no_target,False,1,0.9981015906876389
additives,additive_rxn_screening_plate_4,5,10,20,no_target,True,1,1.0
additives,additive_rxn_screening_plate_4,5,10,40,no_target,True,1,1.0
additives,additive_rxn_screening_plate_4,6,5,20,no_target,False,1,0.9586918911615359
additives,additive_rxn_screening_plate_4,6,5,40,no_target,False,1,0.9981015906876389
additives,additive_rxn_screening_plate_4,6,10,20,no_target,True,1,1.0
additives,additive_rxn_screening_plate_4,6,10,40,no_target,True,1,1.0
additives,additive_rxn_screening_plate_4,7,5,20,no_target,False,1,0.9586918911615359
additives,additive_rxn_screening_plate_4,7,5,40,no_target,False,1,0.9981015906876389
additives,additive_rxn_screening_plate_4,7,10,20,no_target,True,1,1.0
additives,additive_rxn_screening_plate_4,7,10,40,no_target,True,1,1.0
additives,additive_rxn_screening_plate_4,8,5,20,no_target,False,1,0.9586918911615359
additives,additive_rxn_screening_plate_4,8,5,40,no_target,False,1,0.9981015906876389
additives,additive_rxn_screening_plate_4,8,10,20,no_target,True,1,1.0
additives,additive_rxn_screening_plate_4,8,10,40,no_target,True,1,1.0
additives,additive_rxn_screening_plate_4,9,5,20,no_target,False,1,0.9586918911615359
additives,additive_rxn_screening_plate_4,9,5,40,no_target,False,1,0.9981015906876389
additives,additive_rxn_screening_plate_4,9,10,20,no_target,True,1,1.0
additives,additive_rxn_screening_plate_4,9,10,40,no_target,True,1,1.0
additives,additive_rxn_screening_plate_4,10,5,20,no_target,False,1,0.9586918911615359
additives,additive_rxn_screening_plate_4,10,5,40,no_target,False,1,0.9981015906876389
additives,additive_rxn_screening_plate_4,10,10,20,no_target,True,1,1.0
additives,additive_rxn_screening_plate_4,10,10,40,no_target,True,1,1.0
additives,additive_rxn_screening_plate_4,11,5,20,no_target,False,1,0.9586918911615359
additives,additive_rxn_screening_plate_4,11,5,40,no_target,False,1,0.9981015906876389
additives,additive_rxn_screening_plate_4,11,10,20,no_target,True,1,1.0
additives,additive_rxn_screening_plate_4,11,10,40,no_target,True,1,1.0
additives,additive_rxn_screening_plate_4,12,5,20,no_target,False,1,0.9586918911615359
additives,additive_rxn_screening_plate_4,12,5,40,no_target,False,1,0.9981015906876389
additives,additive_rxn_screening_plate_4,12,10,20,no_target,True,1,1.0
additives,additive_rxn_screening_plate_4,12,10,40,no_target,True,1,1.0
additives,additive_rxn_screening_plate_4,13,5,20,no_target,False,1,0.9586918911615359
additives,additive_rxn_screening_plate_4,13,5,40,no_target,False,1,0.9981015906876389
additives,additive_rxn_screening_plate_4,13,10,20,no_target,True,1,1.0
additives,additive_rxn_screening_plate_4,13,10,40,no_target,True,1,1.0
additives,additive_rxn_screening_plate_4,14,5,20,no_target,True,1,1.0
additives,additive_rxn_screening_plate_4,14,5,40,no_target,True,1,1.0
additives,additive_rxn_screening_plate_4,14,10,20,no_target,True,1,1.0
additives,additive_rxn_screening_plate_4,14,10,40,no_target,True,1,1.0
additives,additive_rxn_screening_plate_4,15,5,20,no_target,False,1,0.9586918911615359
additives,additive_rxn_screening_plate_4,15,5,40,no_target,False,1,0.9981015906876389
additives,additive_rxn_screening_plate_4,15,10,20,no_target,True,1,1.0
additives,additive_rxn_screening_plate_4,15,10,40,no_target,True,1,1.0
additives,additive_rxn_screening_plate_4,16,5,20,no_target,True,1,1.0
additives,additive_rxn_screening_plate_4,16,5,40,no_target,True,1,1.0
additives,additive_rxn_screening_plate_4,16,10,20,no_target,True,1,1.0
additives,additive_rxn_screening_plate_4,16,10,40,no_target,True,1,1.0
additives,additive_rxn_screening_plate_4,17,5,20,no_target,True,1,1.0
additives,additive_rxn_screening_plate_4,17,5,40,no_target,True,1,1.0
additives,additive_rxn_screening_plate_4,17,10,20,no_target,True,1,1.0
additives,additive_rxn_screening_plate_4,17,10,40,no_target,True,1,1.0
additives,additive_rxn_screening_plate_4,18,5,20,no_target,False,1,0.9586918911615359
additives,additive_rxn_screening_plate_4,18,5,40,no_target,False,1,0.9981015906876389
additives,additive_rxn_screening_plate_4,18,10,20,no_target,True,1,1.0
additives,additive_rxn_screening_plate_4,18,10,40,no_target,True,1,1.0
additives,additive_rxn_screening_plate_4,19,5,20,no_target,True,1,1.0
additives,additive_rxn_screening_plate_4,19,5,40,no_target,True,1,1.0
additives,additive_rxn_screening_plate_4,19,10,20,no_target,True,1,1.0
additives,additive_rxn_screening_plate_4,19,10,40,no_target,True,1,1.0
additives,additive_rxn_screening_plate_4,20,5,20,no_target,False,1,0.9586918911615359
additives,additive_rxn_screening_plate_4,20,5,40,no_target,False,1,0.9981015906876389
additives,additive_rxn_screening_plate_4,20,10,20,no_target,True,1,1.0
additives,additive_rxn_screening_plate_4,20,10,40,no_target,True,1,1.0
additives,additive_rxn_screening_plate_4,21,5,20,no_target,False,1,0.9586918911615359
additives,additive_rxn_screening_plate_4,21,5,40,no_target,False,1,0.9981015906876389
additives,additive_rxn_screening_plate_4,21,10,20,no_target,True,1,1.0
additives,additive_rxn_screening_plate_4,21,10,40,no_target,True,1,1.0
additives,additive_rxn_screening_plate_4,22,5,20,no_target,False,1,0.9586918911615359
additives,additive_rxn_screening_plate_4,22,5,40,no_target,False,1,0.9981015906876389
additives,additive_rxn_screening_plate_4,22,10,20,no_target,True,1,1.0
additives,additive_rxn_screening_plate_4,22,10,40,no_target,True,1,1.0
additives,additive_rxn_screening_plate_4,23,5,20,no_target,True,1,1.0
additives,additive_rxn_screening_plate_4,23,5,40,no_target,True,1,1.0
additives,additive_rxn_screening_plate_4,23,10,20,no_target,True,1,1.0
additives,additive_rxn_screening_plate_4,23,10,40,no_target,True,1,1.0
additives,additive_rxn_screening_plate_4,24,5,20,no_target,False,1,0.9586918911615359
additives,additive_rxn_screening_plate_4,24,5,40,no_target,False,1,0.9981015906876389
additives,additive_rxn_screening_plate_4,24,10,20,no_target,True,1,1.0
additives,additive_rxn_screening_plate_4,24,10,40,no_target,True,1,1.0
additives,additive_rxn_screening_plate_4,25,5,20,no_target,False,1,0.9586918911615359
additives,additive_rxn_screening_plate_4,25,5,40,no_target,False,1,0.9981015906876389
additives,additive_rxn_screening_plate_4,25,10,20,no_target,True,1,1.0
additives,additive_rxn_screening_plate_4,25,10,40,no_target,True,1,1.0
additives,additive_rxn_screening_plate_4,26,5,20,no_target,False,1,0.9586918911615359
additives,additive_rxn_screening_plate_4,26,5,40,no_target,False,1,0.9981015906876389
additives,additive_rxn_screening_plate_4,26,10,20,no_target,True,1,1.0
additives,additive_rxn_screening_plate_4,26,10,40,no_target,True,1,1.0
additives,additive_rxn_screening_plate_4,27,5,20,no_target,False,1,0.9586918911615359
additives,additive_rxn_screening_plate_4,27,5,40,no_target,False,1,0.9981015906876389
additives,additive_rxn_screening_plate_4,27,10,20,no_target,True,1,1.0
additives,additive_rxn_screening_plate_4,27,10,40,no_target,True,1,1.0
additives,additive_rxn_screening_plate_4,28,5,20,no_target,False,1,0.9586918911615359
additives,additive_rxn_screening_plate_4,28,5,40,no_target,False,1,0.9981015906876389
additives,additive_rxn_screening_plate_4,28,10,20,no_target,True,1,1.0
additives,additive_rxn_screening_plate_4,28,10,40,no_target,True,1,1.0
additives,additive_rxn_screening_plate_4,29,5,20,no_target,False,1,0.9586918911615359
additives,additive_rxn_screening_plate_4,29,5,40,no_target,False,1,0.9981015906876389
additives,additive_rxn_screening_plate_4,29,10,20,no_target,True,1,1.0
additives,additive_rxn_screening_plate_4,29,10,40,no_target,True,1,1.0
additives,additive_rxn_screening_plate_4,30,5,20,no_target,False,1,0.9586918911615359
additives,additive_rxn_screening_plate_4,30,5,40,no_target,False,1,0.9981015906876389
additives,additive_rxn_screening_plate_4,30,10,20,no_target,True,1,1.0
additives,additive_rxn_screening_plate_4,30,10,40,no_target,True,1,1.0
additives,additive_rxn_screening_plate_4,31,5,20,no_target,True,1,1.0
additives,additive_rxn_screening_plate_4,31,5,40,no_target,True,1,1.0
additives,additive_rxn_screening_plate_4,31,10,20,no_target,True,1,1.0
additives,additive_rxn_screening_plate_4,31,10,40,no_target,True,1,1.0
additives,additive_rxn_screening_plate_4,32,5,20,no_target,False,1,0.9586918911615359
additives,additive_rxn_screening_plate_4,32,5,40,no_target,False,1,0.9981015906876389
additives,additive_rxn_screening_plate_4,32,10,20,no_target,True,1,1.0
additives,additive_rxn_screening_plate_4,32,10,40,no_target,True,1,1.0
additives,additive_rxn_screening_plate_4,33,5,20,no_target,False,1,0.9586918911615359
additives,additive_rxn_screening_plate_4,33,5,40,no_target,False,1,0.9981015906876389
additives,additive_rxn_screening_plate_4,33,10,20,no_target,True,1,1.0
additives,additive_rxn_screening_plate_4,33,10,40,no_target,True,1,1.0
additives,additive_rxn_screening_plate_4,34,5,20,no_target,True,1,1.0
additives,additive_rxn_screening_plate_4,34,5,40,no_target,True,1,1.0
additives,additive_rxn_screening_plate_4,34,10,20,no_target,True,1,1.0
additives,additive_rxn_screening_plate_4,34,10,40,no_target,True,1,1.0
additives,additive_rxn_screening_plate_4,35,5,20,no_target,False,1,0.9586918911615359
additives,additive_rxn_screening_plate_4,35,5,40,no_target,False,1,0.9981015906876389
additives,additive_rxn_screening_plate_4,35,10,20,no_target,True,1,1.0
additives,additive_rxn_screening_plate_4,35,10,40,no_target,True,1,1.0
additives,additive_rxn_screening_plate_4,36,5,20,no_target,True,1,1.0
additives,additive_rxn_screening_plate_4,36,5,40,no_target,True,1,1.0
additives,additive_rxn_screening_plate_4,36,10,20,no_target,True,1,1.0
additives,additive_rxn_screening_plate_4,36,10,40,no_target,True,1,1.0
additives,additive_rxn_screening_plate_4,37,5,20,no_target,False,1,0.9586918911615359
additives,additive_rxn_screening_plate_4,37,5,40,no_target,False,1,0.9981015906876389
additives,additive_rxn_screening_plate_4,37,10,20,no_target,True,1,1.0
additives,additive_rxn_screening_plate_4,37,10,40,no_target,True,1,1.0
additives,additive_rxn_screening_plate_4,38,5,20,no_target,False,1,0.9586918911615359
additives,additive_rxn_screening_plate_4,38,5,40,no_target,False,1,0.9981015906876389
additives,additive_rxn_screening_plate_4,38,10,20,no_target,True,1,1.0
additives,additive_rxn_screening_plate_4,38,10,40,no_target,True,1,1.0
additives,additive_rxn_screening_plate_4,39,5,20,no_target,False,1,0.9586918911615359
additives,additive_rxn_screening_plate_4,39,5,40,no_target,False,1,0.9981015906876389
additives,additive_rxn_screening_plate_4,39,10,20,no_target,True,1,1.0
additives,additive_rxn_screening_plate_4,39,10,40,no_target,True,1,1.0
additives,additive_rxn_screening_plate_4,40,5,20,no_target,False,1,0.9586918911615359
additives,additive_rxn_screening_plate_4,40,5,40,no_target,False,1,0.9981015906876389
additives,additive_rxn_screening_plate_4,40,10,20,no_target,True,1,1.0
additives,additive_rxn_screening_plate_4,40,10,40,no_target,True,1,1.0
additives,additive_rxn_screening_plate_4,41,5,20,no_target,True,1,1.0
additives,additive_rxn_screening_plate_4,41,5,40,no_target,True,1,1.0
additives,additive_rxn_screening_plate_4,41,10,20,no_target,True,1,1.0
additives,additive_rxn_screening_plate_4,41,10,40,no_target,True,1,1.0
additives,additive_rxn_screening_plate_4,42,5,20,no_target,True,1,1.0
additives,additive_rxn_screening_plate_4,42,5,40,no_target,True,1,1.0
additives,additive_rxn_screening_plate_4,42,10,20,no_target,True,1,1.0
additives,additive_rxn_screening_plate_4,42,10,40,no_target,True,1,1.0
additives,additive_rxn_screening_plate_4,43,5,20,no_target,True,1,1.0
additives,additive_rxn_screening_plate_4,43,5,40,no_target,True,1,1.0
additives,additive_rxn_screening_plate_4,43,10,20,no_target,True,1,1.0
additives,additive_rxn_screening_plate_4,43,10,40,no_target,True,1,1.0
additives,additive_rxn_screening_plate_4,44,5,20,no_target,True,1,1.0
additives,additive_rxn_screening_plate_4,44,5,40,no_target,True,1,1.0
additives,additive_rxn_screening_plate_4,44,10,20,no_target,True,1,1.0
additives,additive_rxn_screening_plate_4,44,10,40,no_target,True,1,1.0
additives,additive_rxn_screening_plate_4,45,5,20,no_target,False,1,0.9586918911615359
additives,additive_rxn_screening_plate_4,45,5,40,no_target,False,1,0.9981015906876389
additives,additive_rxn_screening_plate_4,45,10,20,no_target,True,1,1.0
additives,additive_rxn_screening_plate_4,45,10,40,no_target,True,1,1.0
additives,additive_rxn_screening_plate_4,46,5,20,no_target,False,1,0.9586918911615359
additives,additive_rxn_screening_plate_4,46,5,40,no_target,False,1,0.9981015906876389
additives,additive_rxn_screening_plate_4,46,10,20,no_target,True,1,1.0
additives,additive_rxn_screening_plate_4,46,10,40,no_target,True,1,1.0
additives,additive_rxn_screening_plate_4,47,5,20,no_target,False,1,0.9586918911615359
additives,additive_rxn_screening_plate_4,47,5,40,no_target,False,1,0.9981015906876389
additives,additive_rxn_screening_plate_4,47,10,20,no_target,True,1,1.0
additives,additive_rxn_screening_plate_4,47,10,40,no_target,True,1,1.0
additives,additive_rxn_screening_plate_4,48,5,20,no_target,False,1,0.9586918911615359
additives,additive_rxn_screening_plate_4,48,5,40,no_target,False,1,0.9981015906876389
additives,additive_rxn_screening_plate_4,48,10,20,no_target,True,1,1.0
additives,additive_rxn_screening_plate_4,48,10,40,no_target,True,1,1.0
additives,additive_rxn_screening_plate_4,49,5,20,no_target,True,1,1.0
additives,additive_rxn_screening_plate_4,49,5,40,no_target,True,1,1.0
additives,additive_rxn_screening_plate_4,49,10,20,no_target,True,1,1.0
additives,additive_rxn_screening_plate_4,49,10,40,no_target,True,1,1.0
additives,additive_rxn_screening_plate_1,0,5,20,count,False,1,0.9586918911615359
additives,additive_rxn_screening_plate_1,0,5,40,count,False,1,0.9981015906876389
additives,additive_rxn_screening_plate_1,0,10,20,count,False,1,0.8833688190120771
additives,additive_rxn_screening_plate_1,0,10,40,count,False,1,0.9942056107473701
additives,additive_rxn_screening_plate_1,1,5,20,count,True,1,1.0
additives,additive_rxn_screening_plate_1,1,5,40,count,True,1,1.0
additives,additive_rxn_screening_plate_1,1,10,20,count,True,1,1.0
additives,additive_rxn_screening_plate_1,1,10,40,count,True,1,1.0
additives,additive_rxn_screening_plate_1,2,5,20,count,False,1,0.9586918911615359
additives,additive_rxn_screening_plate_1,2,5,40,count,False,1,0.9981015906876389
additives,additive_rxn_screening_plate_1,2,10,20,count,False,1,0.8833688190120771
additives,additive_rxn_screening_plate_1,2,10,40,count,False,1,0.9942056107473701
additives,additive_rxn_screening_plate_1,3,5,20,count,True,1,1.0
additives,additive_rxn_screening_plate_1,3,5,40,count,True,1,1.0
additives,additive_rxn_screening_plate_1,3,10,20,count,True,1,1.0
additives,additive_rxn_screening_plate_1,3,10,40,count,True,1,1.0
additives,additive_rxn_screening_plate_1,4,5,20,count,True,1,1.0
additives,additive_rxn_screening_plate_1,4,5,40,count,True,1,1.0
additives,additive_rxn_screening_plate_1,4,10,20,count,True,1,1.0
additives,additive_rxn_screening_plate_1,4,10,40,count,True,1,1.0
additives,additive_rxn_screening_plate_1,5,5,20,count,False,1,0.9586918911615359
additives,additive_rxn_screening_plate_1,5,5,40,count,False,1,0.9981015906876389
additives,additive_rxn_screening_plate_1,5,10,20,count,False,1,0.8833688190120771
additives,additive_rxn_screening_plate_1,5,10,40,count,False,1,0.9942056107473701
additives,additive_rxn_screening_plate_1,6,5,20,count,True,1,1.0
additives,additive_rxn_screening_plate_1,6,5,40,count,True,1,1.0
additives,additive_rxn_screening_plate_1,6,10,20,count,True,1,1.0
additives,additive_rxn_screening_plate_1,6,10,40,count,True,1,1.0
additives,additive_rxn_screening_plate_1,7,5,20,count,True,1,1.0
additives,additive_rxn_screening_plate_1,7,5,40,count,True,1,1.0
additives,additive_rxn_screening_plate_1,7,10,20,count,True,1,1.0
additives,additive_rxn_screening_plate_1,7,10,40,count,True,1,1.0
additives,additive_rxn_screening_plate_1,8,5,20,count,False,1,0.9586918911615359
additives,additive_rxn_screening_plate_1,8,5,40,count,False,1,0.9981015906876389
additives,additive_rxn_screening_plate_1,8,10,20,count,False,1,0.8833688190120771
additives,additive_rxn_screening_plate_1,8,10,40,count,False,1,0.9942056107473701
additives,additive_rxn_screening_plate_1,9,5,20,count,False,1,0.9586918911615359
additives,additive_rxn_screening_plate_1,9,5,40,count,False,1,0.9981015906876389
additives,additive_rxn_screening_plate_1,9,10,20,count,False,1,0.8833688190120771
additives,additive_rxn_screening_plate_1,9,10,40,count,False,1,0.9942056107473701
additives,additive_rxn_screening_plate_1,10,5,20,count,False,1,0.9586918911615359
additives,additive_rxn_screening_plate_1,10,5,40,count,False,1,0.9981015906876389
additives,additive_rxn_screening_plate_1,10,10,20,count,False,1,0.8833688190120771
additives,additive_rxn_screening_plate_1,10,10,40,count,False,1,0.9942056107473701
additives,additive_rxn_screening_plate_1,11,5,20,count,False,1,0.9586918911615359
additives,additive_rxn_screening_plate_1,11,5,40,count,False,1,0.9981015906876389
additives,additive_rxn_screening_plate_1,11,10,20,count,False,1,0.8833688190120771
additives,additive_rxn_screening_plate_1,11,10,40,count,False,1,0.9942056107473701
additives,additive_rxn_screening_plate_1,12,5,20,count,True,1,1.0
additives,additive_rxn_screening_plate_1,12,5,40,count,True,1,1.0
additives,additive_rxn_screening_plate_1,12,10,20,count,True,1,1.0
additives,additive_rxn_screening_plate_1,12,10,40,count,True,1,1.0
additives,additive_rxn_screening_plate_1,13,5,20,count,True,1,1.0
additives,additive_rxn_screening_plate_1,13,5,40,count,True,1,1.0
additives,additive_rxn_screening_plate_1,13,10,20,count,True,1,1.0
additives,additive_rxn_screening_plate_1,13,10,40,count,True,1,1.0
additives,additive_rxn_screening_plate_1,14,5,20,count,True,1,1.0
additives,additive_rxn_screening_plate_1,14,5,40,count,True,1,1.0
additives,additive_rxn_screening_plate_1,14,10,20,count,True,1,1.0
additives,additive_rxn_screening_plate_1,14,10,40,count,True,1,1.0
additives,additive_rxn_screening_plate_1,15,5,20,count,True,1,1.0
additives,additive_rxn_screening_plate_1,15,5,40,count,True,1,1.0
additives,additive_rxn_screening_plate_1,15,10,20,count,True,1,1.0
additives,additive_rxn_screening_plate_1,15,10,40,count,True,1,1.0
additives,additive_rxn_screening_plate_1,16,5,20,count,True,1,1.0
additives,additive_rxn_screening_plate_1,16,5,40,count,True,1,1.0
additives,additive_rxn_screening_plate_1,16,10,20,count,True,1,1.0
additives,additive_rxn_screening_plate_1,16,10,40,count,True,1,1.0
additives,additive_rxn_screening_plate_1,17,5,20,count,True,1,1.0
additives,additive_rxn_screening_plate_1,17,5,40,count,True,1,1.0
additives,additive_rxn_screening_plate_1,17,10,20,count,True,1,1.0
additives,additive_rxn_screening_plate_1,17,10,40,count,True,1,1.0
additives,additive_rxn_screening_plate_1,18,5,20,count,False,1,0.9586918911615359
additives,additive_rxn_screening_plate_1,18,5,40,count,False,1,0.9981015906876389
additives,additive_rxn_screening_plate_1,18,10,20,count,False,1,0.8833688190120771
additives,additive_rxn_screening_plate_1,18,10,40,count,False,1,0.9942056107473701
additives,additive_rxn_screening_plate_1,19,5,20,count,True,1,1.0
additives,additive_rxn_screening_plate_1,19,5,40,count,True,1,1.0
additives,additive_rxn_screening_plate_1,19,10,20,count,True,1,1.0
additives,additive_rxn_screening_plate_1,19,10,40,count,True,1,1.0
additives,additive_rxn_screening_plate_1,20,5,20,count,True,1,1.0
additives,additive_rxn_screening_plate_1,20,5,40,count,True,1,1.0
additives,additive_rxn_screening_plate_1,20,10,20,count,True,1,1.0
additives,additive_rxn_screening_plate_1,20,10,40,count,True,1,1.0
additives,additive_rxn_screening_plate_1,21,5,20,count,False,1,0.9586918911615359
additives,additive_rxn_screening_plate_1,21,5,40,count,False,1,0.9981015906876389
additives,additive_rxn_screening_plate_1,21,10,20,count,False,1,0.8833688190120771
additives,additive_rxn_screening_plate_1,21,10,40,count,False,1,0.9942056107473701
additives,additive_rxn_screening_plate_1,22,5,20,count,False,1,0.9586918911615359
additives,additive_rxn_screening_plate_1,22,5,40,count,False,1,0.9981015906876389
additives,additive_rxn_screening_plate_1,22,10,20,count,False,1,0.8833688190120771
additives,additive_rxn_screening_plate_1,22,10,40,count,False,1,0.9942056107473701
additives,additive_rxn_screening_plate_1,23,5,20,count,True,1,1.0
additives,additive_rxn_screening_plate_1,23,5,40,count,True,1,1.0
additives,additive_rxn_screening_plate_1,23,10,20,count,True,1,1.0
additives,additive_rxn_screening_plate_1,23,10,40,count,True,1,1.0
additives,additive_rxn_screening_plate_1,24,5,20,count,False,1,0.9586918911615359
additives,additive_rxn_screening_plate_1,24,5,40,count,False,1,0.9981015906876389
additives,additive_rxn_screening_plate_1,24,10,20,count,False,1,0.8833688190120771
additives,additive_rxn_screening_plate_1,24,10,40,count,False,1,0.9942056107473701
additives,additive_rxn_screening_plate_1,25,5,20,count,False,1,0.9586918911615359
additives,additive_rxn_screening_plate_1,25,5,40,count,False,1,0.9981015906876389
additives,additive_rxn_screening_plate_1,25,10,20,count,False,1,0.8833688190120771
additives,additive_rxn_screening_plate_1,25,10,40,count,False,1,0.9942056107473701
additives,additive_rxn_screening_plate_1,26,5,20,count,False,1,0.9586918911615359
additives,additive_rxn_screening_plate_1,26,5,40,count,False,1,0.9981015906876389
additives,additive_rxn_screening_plate_1,26,10,20,count,False,1,0.8833688190120771
additives,additive_rxn_screening_plate_1,26,10,40,count,False,1,0.9942056107473701
additives,additive_rxn_screening_plate_1,27,5,20,count,True,1,1.0
additives,additive_rxn_screening_plate_1,27,5,40,count,True,1,1.0
additives,additive_rxn_screening_plate_1,27,10,20,count,True,1,1.0
additives,additive_rxn_screening_plate_1,27,10,40,count,True,1,1.0
additives,additive_rxn_screening_plate_1,28,5,20,count,False,1,0.9586918911615359
additives,additive_rxn_screening_plate_1,28,5,40,count,False,1,0.9981015906876389
additives,additive_rxn_screening_plate_1,28,10,20,count,False,1,0.8833688190120771
additives,additive_rxn_screening_plate_1,28,10,40,count,False,1,0.9942056107473701
additives,additive_rxn_screening_plate_1,29,5,20,count,True,1,1.0
additives,additive_rxn_screening_plate_1,29,5,40,count,True,1,1.0
additives,additive_rxn_screening_plate_1,29,10,20,count,True,1,1.0
additives,additive_rxn_screening_plate_1,29,10,40,count,True,1,1.0
additives,additive_rxn_screening_plate_1,30,5,20,count,False,1,0.9586918911615359
additives,additive_rxn_screening_plate_1,30,5,40,count,False,1,0.9981015906876389
additives,additive_rxn_screening_plate_1,30,10,20,count,False,1,0.8833688190120771
additives,additive_rxn_screening_plate_1,30,10,40,count,False,1,0.9942056107473701
additives,additive_rxn_screening_plate_1,31,5,20,count,False,1,0.9586918911615359
additives,additive_rxn_screening_plate_1,31,5,40,count,False,1,0.9981015906876389
additives,additive_rxn_screening_plate_1,31,10,20,count,False,1,0.8833688190120771
additives,additive_rxn_screening_plate_1,31,10,40,count,False,1,0.9942056107473701
additives,additive_rxn_screening_plate_1,32,5,20,count,False,1,0.9586918911615359
additives,additive_rxn_screening_plate_1,32,5,40,count,False,1,0.9981015906876389
additives,additive_rxn_screening_plate_1,32,10,20,count,False,1,0.8833688190120771
additives,additive_rxn_screening_plate_1,32,10,40,count,False,1,0.9942056107473701
additives,additive_rxn_screening_plate_1,33,5,20,count,False,1,0.9586918911615359
additives,additive_rxn_screening_plate_1,33,5,40,count,False,1,0.9981015906876389
additives,additive_rxn_screening_plate_1,33,10,20,count,False,1,0.8833688190120771
additives,additive_rxn_screening_plate_1,33,10,40,count,False,1,0.9942056107473701
additives,additive_rxn_screening_plate_1,34,5,20,count,True,1,1.0
additives,additive_rxn_screening_plate_1,34,5,40,count,True,1,1.0
additives,additive_rxn_screening_plate_1,34,10,20,count,True,1,1.0
additives,additive_rxn_screening_plate_1,34,10,40,count,True,1,1.0
additives,additive_rxn_screening_plate_1,35,5,20,count,True,1,1.0
additives,additive_rxn_screening_plate_1,35,5,40,count,True,1,1.0
additives,additive_rxn_screening_plate_1,35,10,20,count,True,1,1.0
additives,additive_rxn_screening_plate_1,35,10,40,count,True,1,1.0
additives,additive_rxn_screening_plate_1,36,5,20,count,False,1,0.9586918911615359
additives,additive_rxn_screening_plate_1,36,5,40,count,False,1,0.9981015906876389
additives,additive_rxn_screening_plate_1,36,10,20,count,False,1,0.8833688190120771
additives,additive_rxn_screening_plate_1,36,10,40,count,False,1,0.9942056107473701
additives,additive_rxn_screening_plate_1,37,5,20,count,False,1,0.9586918911615359
additives,additive_rxn_screening_plate_1,37,5,40,count,False,1,0.9981015906876389
additives,additive_rxn_screening_plate_1,37,10,20,count,False,1,0.8833688190120771
additives,additive_rxn_screening_plate_1,37,10,40,count,False,1,0.9942056107473701
additives,additive_rxn_screening_plate_1,38,5,20,count,True,1,1.0
additives,additive_rxn_screening_plate_1,38,5,40,count,True,1,1.0
additives,additive_rxn_screening_plate_1,38,10,20,count,True,1,1.0
additives,additive_rxn_screening_plate_1,38,10,40,count,True,1,1.0
additives,additive_rxn_screening_plate_1,39,5,20,count,False,1,0.9586918911615359
additives,additive_rxn_screening_plate_1,39,5,40,count,False,1,0.9981015906876389
additives,additive_rxn_screening_plate_1,39,10,20,count,False,1,0.8833688190120771
additives,additive_rxn_screening_plate_1,39,10,40,count,False,1,0.9942056107473701
additives,additive_rxn_screening_plate_1,40,5,20,count,True,1,1.0
additives,additive_rxn_screening_plate_1,40,5,40,count,True,1,1.0
additives,additive_rxn_screening_plate_1,40,10,20,count,True,1,1.0
additives,additive_rxn_screening_plate_1,40,10,40,count,True,1,1.0
additives,additive_rxn_screening_plate_1,41,5,20,count,True,1,1.0
additives,additive_rxn_screening_plate_1,41,5,40,count,True,1,1.0
additives,additive_rxn_screening_plate_1,41,10,20,count,True,1,1.0
additives,additive_rxn_screening_plate_1,41,10,40,count,True,1,1.0
additives,additive_rxn_screening_plate_1,42,5,20,count,False,1,0.9586918911615359
additives,additive_rxn_screening_plate_1,42,5,40,count,False,1,0.9981015906876389
additives,additive_rxn_screening_plate_1,42,10,20,count,False,1,0.8833688190120771
additives,additive_rxn_screening_plate_1,42,10,40,count,False,1,0.9942056107473701
additives,additive_rxn_screening_plate_1,43,5,20,count,True,1,1.0
additives,additive_rxn_screening_plate_1,43,5,40,count,True,1,1.0
additives,additive_rxn_screening_plate_1,43,10,20,count,True,1,1.0
additives,additive_rxn_screening_plate_1,43,10,40,count,True,1,1.0
additives,additive_rxn_screening_plate_1,44,5,20,count,True,1,1.0
additives,additive_rxn_screening_plate_1,44,5,40,count,True,1,1.0
additives,additive_rxn_screening_plate_1,44,10,20,count,True,1,1.0
additives,additive_rxn_screening_plate_1,44,10,40,count,True,1,1.0
additives,additive_rxn_screening_plate_1,45,5,20,count,True,1,1.0
additives,additive_rxn_screening_plate_1,45,5,40,count,True,1,1.0
additives,additive_rxn_screening_plate_1,45,10,20,count,True,1,1.0
additives,additive_rxn_screening_plate_1,45,10,40,count,True,1,1.0
additives,additive_rxn_screening_plate_1,46,5,20,count,False,1,0.9586918911615359
additives,additive_rxn_screening_plate_1,46,5,40,count,False,1,0.9981015906876389
additives,additive_rxn_screening_plate_1,46,10,20,count,False,1,0.8833688190120771
additives,additive_rxn_screening_plate_1,46,10,40,count,False,1,0.9942056107473701
additives,additive_rxn_screening_plate_1,47,5,20,count,False,1,0.9586918911615359
additives,additive_rxn_screening_plate_1,47,5,40,count,False,1,0.9981015906876389
additives,additive_rxn_screening_plate_1,47,10,20,count,False,1,0.8833688190120771
additives,additive_rxn_screening_plate_1,47,10,40,count,False,1,0.9942056107473701
additives,additive_rxn_screening_plate_1,48,5,20,count,False,1,0.9586918911615359
additives,additive_rxn_screening_plate_1,48,5,40,count,False,1,0.9981015906876389
additives,additive_rxn_screening_plate_1,48,10,20,count,False,1,0.8833688190120771
additives,additive_rxn_screening_plate_1,48,10,40,count,False,1,0.9942056107473701
additives,additive_rxn_screening_plate_1,49,5,20,count,False,1,0.9586918911615359
additives,additive_rxn_screening_plate_1,49,5,40,count,False,1,0.9981015906876389
additives,additive_rxn_screening_plate_1,49,10,20,count,False,1,0.8833688190120771
additives,additive_rxn_screening_plate_1,49,10,40,count,False,1,0.9942056107473701
additives,additive_rxn_screening_plate_2,0,5,20,count,False,1,0.9586918911615359
additives,additive_rxn_screening_plate_2,0,5,40,count,False,1,0.9981015906876389
additives,additive_rxn_screening_plate_2,0,10,20,count,False,1,0.8833688190120771
additives,additive_rxn_screening_plate_2,0,10,40,count,False,1,0.9942056107473701
additives,additive_rxn_screening_plate_2,1,5,20,count,True,1,1.0
additives,additive_rxn_screening_plate_2,1,5,40,count,True,1,1.0
additives,additive_rxn_screening_plate_2,1,10,20,count,True,1,1.0
additives,additive_rxn_screening_plate_2,1,10,40,count,True,1,1.0
additives,additive_rxn_screening_plate_2,2,5,20,count,True,1,1.0
additives,additive_rxn_screening_plate_2,2,5,40,count,True,1,1.0
additives,additive_rxn_screening_plate_2,2,10,20,count,True,1,1.0
additives,additive_rxn_screening_plate_2,2,10,40,count,True,1,1.0
additives,additive_rxn_screening_plate_2,3,5,20,count,False,1,0.9586918911615359
additives,additive_rxn_screening_plate_2,3,5,40,count,False,1,0.9981015906876389
additives,additive_rxn_screening_plate_2,3,10,20,count,False,1,0.8833688190120771
additives,additive_rxn_screening_plate_2,3,10,40,count,False,1,0.9942056107473701
additives,additive_rxn_screening_plate_2,4,5,20,count,False,1,0.9586918911615359
additives,additive_rxn_screening_plate_2,4,5,40,count,False,1,0.9981015906876389
additives,additive_rxn_screening_plate_2,4,10,20,count,False,1,0.8833688190120771
additives,additive_rxn_screening_plate_2,4,10,40,count,False,1,0.9942056107473701
additives,additive_rxn_screening_plate_2,5,5,20,count,False,1,0.9586918911615359
additives,additive_rxn_screening_plate_2,5,5,40,count,False,1,0.9981015906876389
additives,additive_rxn_screening_plate_2,5,10,20,count,False,1,0.8833688190120771
additives,additive_rxn_screening_plate_2,5,10,40,count,False,1,0.9942056107473701
additives,additive_rxn_screening_plate_2,6,5,20,count,True,1,1.0
additives,additive_rxn_screening_plate_2,6,5,40,count,True,1,1.0
additives,additive_rxn_screening_plate_2,6,10,20,count,True,1,1.0
additives,additive_rxn_screening_plate_2,6,10,40,count,True,1,1.0
additives,additive_rxn_screening_plate_2,7,5,20,count,True,1,1.0
additives,additive_rxn_screening_plate_2,7,5,40,count,True,1,1.0
additives,additive_rxn_screening_plate_2,7,10,20,count,True,1,1.0
additives,additive_rxn_screening_plate_2,7,10,40,count,True,1,1.0
additives,additive_rxn_screening_plate_2,8,5,20,count,False,1,0.9586918911615359
additives,additive_rxn_screening_plate_2,8,5,40,count,False,1,0.9981015906876389
additives,additive_rxn_screening_plate_2,8,10,20,count,False,1,0.8833688190120771
additives,additive_rxn_screening_plate_2,8,10,40,count,False,1,0.9942056107473701
additives,additive_rxn_screening_plate_2,9,5,20,count,True,1,1.0
additives,additive_rxn_screening_plate_2,9,5,40,count,True,1,1.0
additives,additive_rxn_screening_plate_2,9,10,20,count,True,1,1.0
additives,additive_rxn_screening_plate_2,9,10,40,count,True,1,1.0
additives,additive_rxn_screening_plate_2,10,5,20,count,True,1,1.0
additives,additive_rxn_screening_plate_2,10,5,40,count,True,1,1.0
additives,additive_rxn_screening_plate_2,10,10,20,count,True,1,1.0
additives,additive_rxn_screening_plate_2,10,10,40,count,True,1,1.0
additives,additive_rxn_screening_plate_2,11,5,20,count,False,1,0.9586918911615359
additives,additive_rxn_screening_plate_2,11,5,40,count,False,1,0.9981015906876389
additives,additive_rxn_screening_plate_2,11,10,20,count,False,1,0.8833688190120771
additives,additive_rxn_screening_plate_2,11,10,40,count,False,1,0.9942056107473701
additives,additive_rxn_screening_plate_2,12,5,20,count,True,1,1.0
additives,additive_rxn_screening_plate_2,12,5,40,count,True,1,1.0
additives,additive_rxn_screening_plate_2,12,10,20,count,True,1,1.0
additives,additive_rxn_screening_plate_2,12,10,40,count,True,1,1.0
additives,additive_rxn_screening_plate_2,13,5,20,count,False,1,0.9586918911615359
additives,additive_rxn_screening_plate_2,13,5,40,count,False,1,0.9981015906876389
additives,additive_rxn_screening_plate_2,13,10,20,count,False,1,0.8833688190120771
additives,additive_rxn_screening_plate_2,13,10,40,count,False,1,0.9942056107473701
additives,additive_rxn_screening_plate_2,14,5,20,count,True,1,1.0
additives,additive_rxn_screening_plate_2,14,5,40,count,True,1,1.0
additives,additive_rxn_screening_plate_2,14,10,20,count,True,1,1.0
additives,additive_rxn_screening_plate_2,14,10,40,count,True,1,1.0
additives,additive_rxn_screening_plate_2,15,5,20,count,True,1,1.0
additives,additive_rxn_screening_plate_2,15,5,40,count,True,1,1.0
additives,additive_rxn_screening_plate_2,15,10,20,count,True,1,1.0
additives,additive_rxn_screening_plate_2,15,10,40,count,True,1,1.0
additives,additive_rxn_screening_plate_2,16,5,20,count,True,1,1.0
additives,additive_rxn_screening_plate_2,16,5,40,count,True,1,1.0
additives,additive_rxn_screening_plate_2,16,10,20,count,True,1,1.0
additives,additive_rxn_screening_plate_2,16,10,40,count,True,1,1.0
additives,additive_rxn_screening_plate_2,17,5,20,count,True,1,1.0
additives,additive_rxn_screening_plate_2,17,5,40,count,True,1,1.0
additives,additive_rxn_screening_plate_2,17,10,20,count,True,1,1.0
additives,additive_rxn_screening_plate_2,17,10,40,count,True,1,1.0
additives,additive_rxn_screening_plate_2,18,5,20,count,False,1,0.9586918911615359
additives,additive_rxn_screening_plate_2,18,5,40,count,False,1,0.9981015906876389
additives,additive_rxn_screening_plate_2,18,10,20,count,False,1,0.8833688190120771
additives,additive_rxn_screening_plate_2,18,10,40,count,False,1,0.9942056107473701
additives,additive_rxn_screening_plate_2,19,5,20,count,True,1,1.0
additives,additive_rxn_screening_plate_2,19,5,40,count,True,1,1.0
additives,additive_rxn_screening_plate_2,19,10,20,count,True,1,1.0
additives,additive_rxn_screening_plate_2,19,10,40,count,True,1,1.0
additives,additive_rxn_screening_plate_2,20,5,20,count,False,1,0.9586918911615359
additives,additive_rxn_screening_plate_2,20,5,40,count,False,1,0.9981015906876389
additives,additive_rxn_screening_plate_2,20,10,20,count,False,1,0.8833688190120771
additives,additive_rxn_screening_plate_2,20,10,40,count,False,1,0.9942056107473701
additives,additive_rxn_screening_plate_2,21,5,20,count,False,1,0.9586918911615359
additives,additive_rxn_screening_plate_2,21,5,40,count,False,1,0.9981015906876389
additives,additive_rxn_screening_plate_2,21,10,20,count,False,1,0.8833688190120771
additives,additive_rxn_screening_plate_2,21,10,40,count,False,1,0.9942056107473701
additives,additive_rxn_screening_plate_2,22,5,20,count,False,1,0.9586918911615359
additives,additive_rxn_screening_plate_2,22,5,40,count,False,1,0.9981015906876389
additives,additive_rxn_screening_plate_2,22,10,20,count,False,1,0.8833688190120771
additives,additive_rxn_screening_plate_2,22,10,40,count,False,1,0.9942056107473701
additives,additive_rxn_screening_plate_2,23,5,20,count,True,1,1.0
additives,additive_rxn_screening_plate_2,23,5,40,count,True,1,1.0
additives,additive_rxn_screening_plate_2,23,10,20,count,True,1,1.0
additives,additive_rxn_screening_plate_2,23,10,40,count,True,1,1.0
additives,additive_rxn_screening_plate_2,24,5,20,count,False,1,0.9586918911615359
additives,additive_rxn_screening_plate_2,24,5,40,count,False,1,0.9981015906876389
additives,additive_rxn_screening_plate_2,24,10,20,count,False,1,0.8833688190120771
additives,additive_rxn_screening_plate_2,24,10,40,count,False,1,0.9942056107473701
additives,additive_rxn_screening_plate_2,25,5,20,count,False,1,0.9586918911615359
additives,additive_rxn_screening_plate_2,25,5,40,count,False,1,0.9981015906876389
additives,additive_rxn_screening_plate_2,25,10,20,count,False,1,0.8833688190120771
additives,additive_rxn_screening_plate_2,25,10,40,count,False,1,0.9942056107473701
additives,additive_rxn_screening_plate_2,26,5,20,count,True,1,1.0
additives,additive_rxn_screening_plate_2,26,5,40,count,True,1,1.0
additives,additive_rxn_screening_plate_2,26,10,20,count,True,1,1.0
additives,additive_rxn_screening_plate_2,26,10,40,count,True,1,1.0
additives,additive_rxn_screening_plate_2,27,5,20,count,False,1,0.9586918911615359
additives,additive_rxn_screening_plate_2,27,5,40,count,False,1,0.9981015906876389
additives,additive_rxn_screening_plate_2,27,10,20,count,False,1,0.8833688190120771
additives,additive_rxn_screening_plate_2,27,10,40,count,False,1,0.9942056107473701
additives,additive_rxn_screening_plate_2,28,5,20,count,False,1,0.9586918911615359
additives,additive_rxn_screening_plate_2,28,5,40,count,False,1,0.9981015906876389
additives,additive_rxn_screening_plate_2,28,10,20,count,False,1,0.8833688190120771
additives,additive_rxn_screening_plate_2,28,10,40,count,False,1,0.9942056107473701
additives,additive_rxn_screening_plate_2,29,5,20,count,False,1,0.9586918911615359
additives,additive_rxn_screening_plate_2,29,5,40,count,False,1,0.9981015906876389
additives,additive_rxn_screening_plate_2,29,10,20,count,False,1,0.8833688190120771
additives,additive_rxn_screening_plate_2,29,10,40,count,False,1,0.9942056107473701
additives,additive_rxn_screening_plate_2,30,5,20,count,True,1,1.0
additives,additive_rxn_screening_plate_2,30,5,40,count,True,1,1.0
additives,additive_rxn_screening_plate_2,30,10,20,count,True,1,1.0
additives,additive_rxn_screening_plate_2,30,10,40,count,True,1,1.0
additives,additive_rxn_screening_plate_2,31,5,20,count,False,1,0.9586918911615359
additives,additive_rxn_screening_plate_2,31,5,40,count,False,1,0.9981015906876389
additives,additive_rxn_screening_plate_2,31,10,20,count,False,1,0.8833688190120771
additives,additive_rxn_screening_plate_2,31,10,40,count,False,1,0.9942056107473701
additives,additive_rxn_screening_plate_2,32,5,20,count,False,1,0.9586918911615359
additives,additive_rxn_screening_plate_2,32,5,40,count,False,1,0.9981015906876389
additives,additive_rxn_screening_plate_2,32,10,20,count,False,1,0.8833688190120771
additives,additive_rxn_screening_plate_2,32,10,40,count,False,1,0.9942056107473701
additives,additive_rxn_screening_plate_2,33,5,20,count,False,1,0.9586918911615359
additives,additive_rxn_screening_plate_2,33,5,40,count,False,1,0.9981015906876389
additives,additive_rxn_screening_plate_2,33,10,20,count,False,1,0.8833688190120771
additives,additive_rxn_screening_plate_2,33,10,40,count,False,1,0.9942056107473701
additives,additive_rxn_screening_plate_2,34,5,20,count,True,1,1.0
additives,additive_rxn_screening_plate_2,34,5,40,count,True,1,1.0
additives,additive_rxn_screening_plate_2,34,10,20,count,True,1,1.0
additives,additive_rxn_screening_plate_2,34,10,40,count,True,1,1.0
additives,additive_rxn_screening_plate_2,35,5,20,count,True,1,1.0
additives,additive_rxn_screening_plate_2,35,5,40,count,True,1,1.0
additives,additive_rxn_screening_plate_2,35,10,20,count,True,1,1.0
additives,additive_rxn_screening_plate_2,35,10,40,count,True,1,1.0
additives,additive_rxn_screening_plate_2,36,5,20,count,True,1,1.0
additives,additive_rxn_screening_plate_2,36,5,40,count,True,1,1.0
additives,additive_rxn_screening_plate_2,36,10,20,count,True,1,1.0
additives,additive_rxn_screening_plate_2,36,10,40,count,True,1,1.0
additives,additive_rxn_screening_plate_2,37,5,20,count,False,1,0.9586918911615359
additives,additive_rxn_screening_plate_2,37,5,40,count,False,1,0.9981015906876389
additives,additive_rxn_screening_plate_2,37,10,20,count,False,1,0.8833688190120771
additives,additive_rxn_screening_plate_2,37,10,40,count,False,1,0.9942056107473701
additives,additive_rxn_screening_plate_2,38,5,20,count,True,1,1.0
additives,additive_rxn_screening_plate_2,38,5,40,count,True,1,1.0
additives,additive_rxn_screening_plate_2,38,10,20,count,True,1,1.0
additives,additive_rxn_screening_plate_2,38,10,40,count,True,1,1.0
additives,additive_rxn_screening_plate_2,39,5,20,count,True,1,1.0
additives,additive_rxn_screening_plate_2,39,5,40,count,True,1,1.0
additives,additive_rxn_screening_plate_2,39,10,20,count,True,1,1.0
additives,additive_rxn_screening_plate_2,39,10,40,count,True,1,1.0
additives,additive_rxn_screening_plate_2,40,5,20,count,True,1,1.0
additives,additive_rxn_screening_plate_2,40,5,40,count,True,1,1.0
additives,additive_rxn_screening_plate_2,40,10,20,count,True,1,1.0
additives,additive_rxn_screening_plate_2,40,10,40,count,True,1,1.0
additives,additive_rxn_screening_plate_2,41,5,20,count,True,1,1.0
additives,additive_rxn_screening_plate_2,41,5,40,count,True,1,1.0
additives,additive_rxn_screening_plate_2,41,10,20,count,True,1,1.0
additives,additive_rxn_screening_plate_2,41,10,40,count,True,1,1.0
additives,additive_rxn_screening_plate_2,42,5,20,count,False,1,0.9586918911615359
additives,additive_rxn_screening_plate_2,42,5,40,count,False,1,0.9981015906876389
additives,additive_rxn_screening_plate_2,42,10,20,count,False,1,0.8833688190120771
additives,additive_rxn_screening_plate_2,42,10,40,count,False,1,0.9942056107473701
additives,additive_rxn_screening_plate_2,43,5,20,count,False,1,0.9586918911615359
additives,additive_rxn_screening_plate_2,43,5,40,count,False,1,0.9981015906876389
additives,additive_rxn_screening_plate_2,43,10,20,count,False,1,0.8833688190120771
additives,additive_rxn_screening_plate_2,43,10,40,count,False,1,0.9942056107473701
additives,additive_rxn_screening_plate_2,44,5,20,count,False,1,0.9586918911615359
additives,additive_rxn_screening_plate_2,44,5,40,count,False,1,0.9981015906876389
additives,additive_rxn_screening_plate_2,44,10,20,count,False,1,0.8833688190120771
additives,additive_rxn_screening_plate_2,44,10,40,count,False,1,0.9942056107473701
additives,additive_rxn_screening_plate_2,45,5,20,count,False,1,0.9586918911615359
additives,additive_rxn_screening_plate_2,45,5,40,count,False,1,0.9981015906876389
additives,additive_rxn_screening_plate_2,45,10,20,count,False,1,0.8833688190120771
additives,additive_rxn_screening_plate_2,45,10,40,count,False,1,0.9942056107473701
additives,additive_rxn_screening_plate_2,46,5,20,count,False,1,0.9586918911615359
additives,additive_rxn_screening_plate_2,46,5,40,count,False,1,0.9981015906876389
additives,additive_rxn_screening_plate_2,46,10,20,count,False,1,0.8833688190120771
additives,additive_rxn_screening_plate_2,46,10,40,count,False,1,0.9942056107473701
additives,additive_rxn_screening_plate_2,47,5,20,count,False,1,0.9586918911615359
additives,additive_rxn_screening_plate_2,47,5,40,count,False,1,0.9981015906876389
additives,additive_rxn_screening_plate_2,47,10,20,count,False,1,0.8833688190120771
additives,additive_rxn_screening_plate_2,47,10,40,count,False,1,0.9942056107473701
additives,additive_rxn_screening_plate_2,48,5,20,count,False,1,0.9586918911615359
additives,additive_rxn_screening_plate_2,48,5,40,count,False,1,0.9981015906876389
additives,additive_rxn_screening_plate_2,48,10,20,count,False,1,0.8833688190120771
additives,additive_rxn_screening_plate_2,48,10,40,count,False,1,0.9942056107473701
additives,additive_rxn_screening_plate_2,49,5,20,count,False,1,0.9586918911615359
additives,additive_rxn_screening_plate_2,49,5,40,count,False,1,0.9981015906876389
additives,additive_rxn_screening_plate_2,49,10,20,count,False,1,0.8833688190120771
additives,additive_rxn_screening_plate_2,49,10,40,count,False,1,0.9942056107473701
additives,additive_rxn_screening_plate_3,0,5,20,count,False,1,0.9586918911615359
additives,additive_rxn_screening_plate_3,0,5,40,count,False,1,0.9981015906876389
additives,additive_rxn_screening_plate_3,0,10,20,count,True,1,1.0
additives,additive_rxn_screening_plate_3,0,10,40,count,True,1,1.0
additives,additive_rxn_screening_plate_3,1,5,20,count,False,1,0.9586918911615359
additives,additive_rxn_screening_plate_3,1,5,40,count,False,1,0.9981015906876389
additives,additive_rxn_screening_plate_3,1,10,20,count,True,1,1.0
additives,additive_rxn_screening_plate_3,1,10,40,count,True,1,1.0
additives,additive_rxn_screening_plate_3,2,5,20,count,False,1,0.9586918911615359
additives,additive_rxn_screening_plate_3,2,5,40,count,False,1,0.9981015906876389
additives,additive_rxn_screening_plate_3,2,10,20,count,True,1,1.0
additives,additive_rxn_screening_plate_3,2,10,40,count,True,1,1.0
additives,additive_rxn_screening_plate_3,3,5,20,count,False,1,0.9586918911615359
additives,additive_rxn_screening_plate_3,3,5,40,count,False,1,0.9981015906876389
additives,additive_rxn_screening_plate_3,3,10,20,count,True,1,1.0
additives,additive_rxn_screening_plate_3,3,10,40,count,True,1,1.0
additives,additive_rxn_screening_plate_3,4,5,20,count,False,1,0.9586918911615359
additives,additive_rxn_screening_plate_3,4,5,40,count,False,1,0.9981015906876389
additives,additive_rxn_screening_plate_3,4,10,20,count,True,1,1.0
additives,additive_rxn_screening_plate_3,4,10,40,count,True,1,1.0
additives,additive_rxn_screening_plate_3,5,5,20,count,False,1,0.9586918911615359
additives,additive_rxn_screening_plate_3,5,5,40,count,False,1,0.9981015906876389
additives,additive_rxn_screening_plate_3,5,10,20,count,True,1,1.0
additives,additive_rxn_screening_plate_3,5,10,40,count,True,1,1.0
additives,additive_rxn_screening_plate_3,6,5,20,count,False,1,0.9586918911615359
additives,additive_rxn_screening_plate_3,6,5,40,count,False,1,0.9981015906876389
additives,additive_rxn_screening_plate_3,6,10,20,count,True,1,1.0
additives,additive_rxn_screening_plate_3,6,10,40,count,True,1,1.0
additives,additive_rxn_screening_plate_3,7,5,20,count,True,1,1.0
additives,additive_rxn_screening_plate_3,7,5,40,count,True,1,1.0
additives,additive_rxn_screening_plate_3,7,10,20,count,True,1,1.0
additives,additive_rxn_screening_plate_3,7,10,40,count,True,1,1.0
additives,additive_rxn_screening_plate_3,8,5,20,count,False,1,0.9586918911615359
additives,additive_rxn_screening_plate_3,8,5,40,count,False,1,0.9981015906876389
additives,additive_rxn_screening_plate_3,8,10,20,count,True,1,1.0
additives,additive_rxn_screening_plate_3,8,10,40,count,True,1,1.0
additives,additive_rxn_screening_plate_3,9,5,20,count,False,1,0.9586918911615359
additives,additive_rxn_screening_plate_3,9,5,40,count,False,1,0.9981015906876389
additives,additive_rxn_screening_plate_3,9,10,20,count,True,1,1.0
additives,additive_rxn_screening_plate_3,9,10,40,count,True,1,1.0
additives,additive_rxn_screening_plate_3,10,5,20,count,False,1,0.9586918911615359
additives,additive_rxn_screening_plate_3,10,5,40,count,False,1,0.9981015906876389
additives,additive_rxn_screening_plate_3,10,10,20,count,True,1,1.0
additives,additive_rxn_screening_plate_3,10,10,40,count,True,1,1.0
additives,additive_rxn_screening_plate_3,11,5,20,count,False,1,0.9586918911615359
additives,additive_rxn_screening_plate_3,11,5,40,count,False,1,0.9981015906876389
additives,additive_rxn_screening_plate_3,11,10,20,count,True,1,1.0
additives,additive_rxn_screening_plate_3,11,10,40,count,True,1,1.0
additives,additive_rxn_screening_plate_3,12,5,20,count,False,1,0.9586918911615359
additives,additive_rxn_screening_plate_3,12,5,40,count,False,1,0.9981015906876389
additives,additive_rxn_screening_plate_3,12,10,20,count,True,1,1.0
additives,additive_rxn_screening_plate_3,12,10,40,count,True,1,1.0
additives,additive_rxn_screening_plate_3,13,5,20,count,False,1,0.9586918911615359
additives,additive_rxn_screening_plate_3,13,5,40,count,False,1,0.9981015906876389
additives,additive_rxn_screening_plate_3,13,10,20,count,True,1,1.0
additives,additive_rxn_screening_plate_3,13,10,40,count,True,1,1.0
additives,additive_rxn_screening_plate_3,14,5,20,count,False,1,0.9586918911615359
additives,additive_rxn_screening_plate_3,14,5,40,count,False,1,0.9981015906876389
additives,additive_rxn_screening_plate_3,14,10,20,count,True,1,1.0
additives,additive_rxn_screening_plate_3,14,10,40,count,True,1,1.0
additives,additive_rxn_screening_plate_3,15,5,20,count,False,1,0.9586918911615359
additives,additive_rxn_screening_plate_3,15,5,40,count,False,1,0.9981015906876389
additives,additive_rxn_screening_plate_3,15,10,20,count,True,1,1.0
additives,additive_rxn_screening_plate_3,15,10,40,count,True,1,1.0
additives,additive_rxn_screening_plate_3,16,5,20,count,True,1,1.0
additives,additive_rxn_screening_plate_3,16,5,40,count,True,1,1.0
additives,additive_rxn_screening_plate_3,16,10,20,count,True,1,1.0
additives,additive_rxn_screening_plate_3,16,10,40,count,True,1,1.0
additives,additive_rxn_screening_plate_3,17,5,20,count,True,1,1.0
additives,additive_rxn_screening_plate_3,17,5,40,count,True,1,1.0
additives,additive_rxn_screening_plate_3,17,10,20,count,True,1,1.0
additives,additive_rxn_screening_plate_3,17,10,40,count,True,1,1.0
additives,additive_rxn_screening_plate_3,18,5,20,count,False,1,0.9586918911615359
additives,additive_rxn_screening_plate_3,18,5,40,count,False,1,0.9981015906876389
additives,additive_rxn_screening_plate_3,18,10,20,count,True,1,1.0
additives,additive_rxn_screening_plate_3,18,10,40,count,True,1,1.0
additives,additive_rxn_screening_plate_3,19,5,20,count,True,1,1.0
additives,additive_rxn_screening_plate_3,19,5,40,count,True,1,1.0
additives,additive_rxn_screening_plate_3,19,10,20,count,True,1,1.0
additives,additive_rxn_screening_plate_3,19,10,40,count,True,1,1.0
additives,additive_rxn_screening_plate_3,20,5,20,count,True,1,1.0
additives,additive_rxn_screening_plate_3,20,5,40,count,True,1,1.0
additives,additive_rxn_screening_plate_3,20,10,20,count,True,1,1.0
additives,additive_rxn_screening_plate_3,20,10,40,count,True,1,1.0
additives,additive_rxn_screening_plate_3,21,5,20,count,True,1,1.0
additives,additive_rxn_screening_plate_3,21,5,40,count,True,1,1.0
additives,additive_rxn_screening_plate_3,21,10,20,count,True,1,1.0
additives,additive_rxn_screening_plate_3,21,10,40,count,True,1,1.0
additives,additive_rxn_screening_plate_3,22,5,20,count,True,1,1.0
additives,additive_rxn_screening_plate_3,22,5,40,count,True,1,1.0
additives,additive_rxn_screening_plate_3,22,10,20,count,True,1,1.0
additives,additive_rxn_screening_plate_3,22,10,40,count,True,1,1.0
additives,additive_rxn_screening_plate_3,23,5,20,count,True,1,1.0
additives,additive_rxn_screening_plate_3,23,5,40,count,True,1,1.0
additives,additive_rxn_screening_plate_3,23,10,20,count,True,1,1.0
additives,additive_rxn_screening_plate_3,23,10,40,count,True,1,1.0
additives,additive_rxn_screening_plate_3,24,5,20,count,False,1,0.9586918911615359
additives,additive_rxn_screening_plate_3,24,5,40,count,False,1,0.9981015906876389
additives,additive_rxn_screening_plate_3,24,10,20,count,True,1,1.0
additives,additive_rxn_screening_plate_3,24,10,40,count,True,1,1.0
additives,additive_rxn_screening_plate_3,25,5,20,count,False,1,0.9586918911615359
additives,additive_rxn_screening_plate_3,25,5,40,count,False,1,0.9981015906876389
additives,additive_rxn_screening_plate_3,25,10,20,count,True,1,1.0
additives,additive_rxn_screening_plate_3,25,10,40,count,True,1,1.0
additives,additive_rxn_screening_plate_3,26,5,20,count,False,1,0.9586918911615359
additives,additive_rxn_screening_plate_3,26,5,40,count,False,1,0.9981015906876389
additives,additive_rxn_screening_plate_3,26,10,20,count,True,1,1.0
additives,additive_rxn_screening_plate_3,26,10,40,count,True,1,1.0
additives,additive_rxn_screening_plate_3,27,5,20,count,False,1,0.9586918911615359
additives,additive_rxn_screening_plate_3,27,5,40,count,False,1,0.9981015906876389
additives,additive_rxn_screening_plate_3,27,10,20,count,True,1,1.0
additives,additive_rxn_screening_plate_3,27,10,40,count,True,1,1.0
additives,additive_rxn_screening_plate_3,28,5,20,count,True,1,1.0
additives,additive_rxn_screening_plate_3,28,5,40,count,True,1,1.0
additives,additive_rxn_screening_plate_3,28,10,20,count,True,1,1.0
additives,additive_rxn_screening_plate_3,28,10,40,count,True,1,1.0
additives,additive_rxn_screening_plate_3,29,5,20,count,False,1,0.9586918911615359
additives,additive_rxn_screening_plate_3,29,5,40,count,False,1,0.9981015906876389
additives,additive_rxn_screening_plate_3,29,10,20,count,True,1,1.0
additives,additive_rxn_screening_plate_3,29,10,40,count,True,1,1.0
additives,additive_rxn_screening_plate_3,30,5,20,count,True,1,1.0
additives,additive_rxn_screening_plate_3,30,5,40,count,True,1,1.0
additives,additive_rxn_screening_plate_3,30,10,20,count,True,1,1.0
additives,additive_rxn_screening_plate_3,30,10,40,count,True,1,1.0
additives,additive_rxn_screening_plate_3,31,5,20,count,False,1,0.9586918911615359
additives,additive_rxn_screening_plate_3,31,5,40,count,False,1,0.9981015906876389
additives,additive_rxn_screening_plate_3,31,10,20,count,True,1,1.0
additives,additive_rxn_screening_plate_3,31,10,40,count,True,1,1.0
additives,additive_rxn_screening_plate_3,32,5,20,count,False,1,0.9586918911615359
additives,additive_rxn_screening_plate_3,32,5,40,count,False,1,0.9981015906876389
additives,additive_rxn_screening_plate_3,32,10,20,count,True,1,1.0
additives,additive_rxn_screening_plate_3,32,10,40,count,True,1,1.0
additives,additive_rxn_screening_plate_3,33,5,20,count,True,1,1.0
additives,additive_rxn_screening_plate_3,33,5,40,count,True,1,1.0
additives,additive_rxn_screening_plate_3,33,10,20,count,True,1,1.0
additives,additive_rxn_screening_plate_3,33,10,40,count,True,1,1.0
additives,additive_rxn_screening_plate_3,34,5,20,count,False,1,0.9586918911615359
additives,additive_rxn_screening_plate_3,34,5,40,count,False,1,0.9981015906876389
additives,additive_rxn_screening_plate_3,34,10,20,count,True,1,1.0
additives,additive_rxn_screening_plate_3,34,10,40,count,True,1,1.0
additives,additive_rxn_screening_plate_3,35,5,20,count,False,1,0.9586918911615359
additives,additive_rxn_screening_plate_3,35,5,40,count,False,1,0.9981015906876389
additives,additive_rxn_screening_plate_3,35,10,20,count,True,1,1.0
additives,additive_rxn_screening_plate_3,35,10,40,count,True,1,1.0
additives,additive_rxn_screening_plate_3,36,5,20,count,False,1,0.9586918911615359
additives,additive_rxn_screening_plate_3,36,5,40,count,False,1,0.9981015906876389
additives,additive_rxn_screening_plate_3,36,10,20,count,True,1,1.0
additives,additive_rxn_screening_plate_3,36,10,40,count,True,1,1.0
additives,additive_rxn_screening_plate_3,37,5,20,count,False,1,0.9586918911615359
additives,additive_rxn_screening_plate_3,37,5,40,count,False,1,0.9981015906876389
additives,additive_rxn_screening_plate_3,37,10,20,count,True,1,1.0
additives,additive_rxn_screening_plate_3,37,10,40,count,True,1,1.0
additives,additive_rxn_screening_plate_3,38,5,20,count,True,1,1.0
additives,additive_rxn_screening_plate_3,38,5,40,count,True,1,1.0
additives,additive_rxn_screening_plate_3,38,10,20,count,True,1,1.0
additives,additive_rxn_screening_plate_3,38,10,40,count,True,1,1.0
additives,additive_rxn_screening_plate_3,39,5,20,count,True,1,1.0
additives,additive_rxn_screening_plate_3,39,5,40,count,True,1,1.0
additives,additive_rxn_screening_plate_3,39,10,20,count,True,1,1.0
additives,additive_rxn_screening_plate_3,39,10,40,count,True,1,1.0
additives,additive_rxn_screening_plate_3,40,5,20,count,False,1,0.9586918911615359
additives,additive_rxn_screening_plate_3,40,5,40,count,False,1,0.9981015906876389
additives,additive_rxn_screening_plate_3,40,10,20,count,True,1,1.0
additives,additive_rxn_screening_plate_3,40,10,40,count,True,1,1.0
additives,additive_rxn_screening_plate_3,41,5,20,count,False,1,0.9586918911615359
additives,additive_rxn_screening_plate_3,41,5,40,count,False,1,0.9981015906876389
additives,additive_rxn_screening_plate_3,41,10,20,count,True,1,1.0
additives,additive_rxn_screening_plate_3,41,10,40,count,True,1,1.0
additives,additive_rxn_screening_plate_3,42,5,20,count,False,1,0.9586918911615359
additives,additive_rxn_screening_plate_3,42,5,40,count,False,1,0.9981015906876389
additives,additive_rxn_screening_plate_3,42,10,20,count,True,1,1.0
additives,additive_rxn_screening_plate_3,42,10,40,count,True,1,1.0
additives,additive_rxn_screening_plate_3,43,5,20,count,False,1,0.9586918911615359
additives,additive_rxn_screening_plate_3,43,5,40,count,False,1,0.9981015906876389
additives,additive_rxn_screening_plate_3,43,10,20,count,True,1,1.0
additives,additive_rxn_screening_plate_3,43,10,40,count,True,1,1.0
additives,additive_rxn_screening_plate_3,44,5,20,count,False,1,0.9586918911615359
additives,additive_rxn_screening_plate_3,44,5,40,count,False,1,0.9981015906876389
additives,additive_rxn_screening_plate_3,44,10,20,count,True,1,1.0
additives,additive_rxn_screening_plate_3,44,10,40,count,True,1,1.0
additives,additive_rxn_screening_plate_3,45,5,20,count,False,1,0.9586918911615359
additives,additive_rxn_screening_plate_3,45,5,40,count,False,1,0.9981015906876389
additives,additive_rxn_screening_plate_3,45,10,20,count,True,1,1.0
additives,additive_rxn_screening_plate_3,45,10,40,count,True,1,1.0
additives,additive_rxn_screening_plate_3,46,5,20,count,False,1,0.9586918911615359
additives,additive_rxn_screening_plate_3,46,5,40,count,False,1,0.9981015906876389
additives,additive_rxn_screening_plate_3,46,10,20,count,True,1,1.0
additives,additive_rxn_screening_plate_3,46,10,40,count,True,1,1.0
additives,additive_rxn_screening_plate_3,47,5,20,count,True,1,1.0
additives,additive_rxn_screening_plate_3,47,5,40,count,True,1,1.0
additives,additive_rxn_screening_plate_3,47,10,20,count,True,1,1.0
additives,additive_rxn_screening_plate_3,47,10,40,count,True,1,1.0
additives,additive_rxn_screening_plate_3,48,5,20,count,False,1,0.9586918911615359
additives,additive_rxn_screening_plate_3,48,5,40,count,False,1,0.9981015906876389
additives,additive_rxn_screening_plate_3,48,10,20,count,True,1,1.0
additives,additive_rxn_screening_plate_3,48,10,40,count,True,1,1.0
additives,additive_rxn_screening_plate_3,49,5,20,count,False,1,0.9586918911615359
additives,additive_rxn_screening_plate_3,49,5,40,count,False,1,0.9981015906876389
additives,additive_rxn_screening_plate_3,49,10,20,count,True,1,1.0
additives,additive_rxn_screening_plate_3,49,10,40,count,True,1,1.0
additives,additive_rxn_screening_plate_4,0,5,20,count,False,1,0.9586918911615359
additives,additive_rxn_screening_plate_4,0,5,40,count,False,1,0.9981015906876389
additives,additive_rxn_screening_plate_4,0,10,20,count,True,1,1.0
additives,additive_rxn_screening_plate_4,0,10,40,count,True,1,1.0
additives,additive_rxn_screening_plate_4,1,5,20,count,False,1,0.9586918911615359
additives,additive_rxn_screening_plate_4,1,5,40,count,False,1,0.9981015906876389
additives,additive_rxn_screening_plate_4,1,10,20,count,True,1,1.0
additives,additive_rxn_screening_plate_4,1,10,40,count,True,1,1.0
additives,additive_rxn_screening_plate_4,2,5,20,count,True,1,1.0
additives,additive_rxn_screening_plate_4,2,5,40,count,True,1,1.0
additives,additive_rxn_screening_plate_4,2,10,20,count,True,1,1.0
additives,additive_rxn_screening_plate_4,2,10,40,count,True,1,1.0
additives,additive_rxn_screening_plate_4,3,5,20,count,True,1,1.0
additives,additive_rxn_screening_plate_4,3,5,40,count,True,1,1.0
additives,additive_rxn_screening_plate_4,3,10,20,count,True,1,1.0
additives,additive_rxn_screening_plate_4,3,10,40,count,True,1,1.0
additives,additive_rxn_screening_plate_4,4,5,20,count,False,1,0.9586918911615359
additives,additive_rxn_screening_plate_4,4,5,40,count,False,1,0.9981015906876389
additives,additive_rxn_screening_plate_4,4,10,20,count,True,1,1.0
additives,additive_rxn_screening_plate_4,4,10,40,count,True,1,1.0
additives,additive_rxn_screening_plate_4,5,5,20,count,False,1,0.9586918911615359
additives,additive_rxn_screening_plate_4,5,5,40,count,False,1,0.9981015906876389
additives,additive_rxn_screening_plate_4,5,10,20,count,True,1,1.0
additives,additive_rxn_screening_plate_4,5,10,40,count,True,1,1.0
additives,additive_rxn_screening_plate_4,6,5,20,count,False,1,0.9586918911615359
additives,additive_rxn_screening_plate_4,6,5,40,count,False,1,0.9981015906876389
additives,additive_rxn_screening_plate_4,6,10,20,count,True,1,1.0
additives,additive_rxn_screening_plate_4,6,10,40,count,True,1,1.0
additives,additive_rxn_screening_plate_4,7,5,20,count,False,1,0.9586918911615359
additives,additive_rxn_screening_plate_4,7,5,40,count,False,1,0.9981015906876389
additives,additive_rxn_screening_plate_4,7,10,20,count,True,1,1.0
additives,additive_rxn_screening_plate_4,7,10,40,count,True,1,1.0
additives,additive_rxn_screening_plate_4,8,5,20,count,False,1,0.9586918911615359
additives,additive_rxn_screening_plate_4,8,5,40,count,False,1,0.9981015906876389
additives,additive_rxn_screening_plate_4,8,10,20,count,True,1,1.0
additives,additive_rxn_screening_plate_4,8,10,40,count,True,1,1.0
additives,additive_rxn_screening_plate_4,9,5,20,count,False,1,0.9586918911615359
additives,additive_rxn_screening_plate_4,9,5,40,count,False,1,0.9981015906876389
additives,additive_rxn_screening_plate_4,9,10,20,count,True,1,1.0
additives,additive_rxn_screening_plate_4,9,10,40,count,True,1,1.0
additives,additive_rxn_screening_plate_4,10,5,20,count,False,1,0.9586918911615359
additives,additive_rxn_screening_plate_4,10,5,40,count,False,1,0.9981015906876389
additives,additive_rxn_screening_plate_4,10,10,20,count,True,1,1.0
additives,additive_rxn_screening_plate_4,10,10,40,count,True,1,1.0
additives,additive_rxn_screening_plate_4,11,5,20,count,False,1,0.9586918911615359
additives,additive_rxn_screening_plate_4,11,5,40,count,False,1,0.9981015906876389
additives,additive_rxn_screening_plate_4,11,10,20,count,True,1,1.0
additives,additive_rxn_screening_plate_4,11,10,40,count,True,1,1.0
additives,additive_rxn_screening_plate_4,12,5,20,count,False,1,0.9586918911615359
additives,additive_rxn_screening_plate_4,12,5,40,count,False,1,0.9981015906876389
additives,additive_rxn_screening_plate_4,12,10,20,count,True,1,1.0
additives,additive_rxn_screening_plate_4,12,10,40,count,True,1,1.0
additives,additive_rxn_screening_plate_4,13,5,20,count,False,1,0.9586918911615359
additives,additive_rxn_screening_plate_4,13,5,40,count,False,1,0.9981015906876389
additives,additive_rxn_screening_plate_4,13,10,20,count,True,1,1.0
additives,additive_rxn_screening_plate_4,13,10,40,count,True,1,1.0
additives,additive_rxn_screening_plate_4,14,5,20,count,True,1,1.0
additives,additive_rxn_screening_plate_4,14,5,40,count,True,1,1.0
additives,additive_rxn_screening_plate_4,14,10,20,count,True,1,1.0
additives,additive_rxn_screening_plate_4,14,10,40,count,True,1,1.0
additives,additive_rxn_screening_plate_4,15,5,20,count,False,1,0.9586918911615359
additives,additive_rxn_screening_plate_4,15,5,40,count,False,1,0.9981015906876389
additives,additive_rxn_screening_plate_4,15,10,20,count,True,1,1.0
additives,additive_rxn_screening_plate_4,15,10,40,count,True,1,1.0
additives,additive_rxn_screening_plate_4,16,5,20,count,True,1,1.0
additives,additive_rxn_screening_plate_4,16,5,40,count,True,1,1.0
additives,additive_rxn_screening_plate_4,16,10,20,count,True,1,1.0
additives,additive_rxn_screening_plate_4,16,10,40,count,True,1,1.0
additives,additive_rxn_screening_plate_4,17,5,20,count,True,1,1.0
additives,additive_rxn_screening_plate_4,17,5,40,count,True,1,1.0
additives,additive_rxn_screening_plate_4,17,10,20,count,True,1,1.0
additives,additive_rxn_screening_plate_4,17,10,40,count,True,1,1.0
additives,additive_rxn_screening_plate_4,18,5,20,count,False,1,0.9586918911615359
additives,additive_rxn_screening_plate_4,18,5,40,count,False,1,0.9981015906876389
additives,additive_rxn_screening_plate_4,18,10,20,count,True,1,1.0
additives,additive_rxn_screening_plate_4,18,10,40,count,True,1,1.0
additives,additive_rxn_screening_plate_4,19,5,20,count,True,1,1.0
additives,additive_rxn_screening_plate_4,19,5,40,count,True,1,1.0
additives,additive_rxn_screening_plate_4,19,10,20,count,True,1,1.0
additives,additive_rxn_screening_plate_4,19,10,40,count,True,1,1.0
additives,additive_rxn_screening_plate_4,20,5,20,count,False,1,0.9586918911615359
additives,additive_rxn_screening_plate_4,20,5,40,count,False,1,0.9981015906876389
additives,additive_rxn_screening_plate_4,20,10,20,count,True,1,1.0
additives,additive_rxn_screening_plate_4,20,10,40,count,True,1,1.0
additives,additive_rxn_screening_plate_4,21,5,20,count,False,1,0.9586918911615359
additives,additive_rxn_screening_plate_4,21,5,40,count,False,1,0.9981015906876389
additives,additive_rxn_screening_plate_4,21,10,20,count,True,1,1.0
additives,additive_rxn_screening_plate_4,21,10,40,count,True,1,1.0
additives,additive_rxn_screening_plate_4,22,5,20,count,False,1,0.9586918911615359
additives,additive_rxn_screening_plate_4,22,5,40,count,False,1,0.9981015906876389
additives,additive_rxn_screening_plate_4,22,10,20,count,True,1,1.0
additives,additive_rxn_screening_plate_4,22,10,40,count,True,1,1.0
additives,additive_rxn_screening_plate_4,23,5,20,count,True,1,1.0
additives,additive_rxn_screening_plate_4,23,5,40,count,True,1,1.0
additives,additive_rxn_screening_plate_4,23,10,20,count,True,1,1.0
additives,additive_rxn_screening_plate_4,23,10,40,count,True,1,1.0
additives,additive_rxn_screening_plate_4,24,5,20,count,False,1,0.9586918911615359
additives,additive_rxn_screening_plate_4,24,5,40,count,False,1,0.9981015906876389
additives,additive_rxn_screening_plate_4,24,10,20,count,True,1,1.0
additives,additive_rxn_screening_plate_4,24,10,40,count,True,1,1.0
additives,additive_rxn_screening_plate_4,25,5,20,count,False,1,0.9586918911615359
additives,additive_rxn_screening_plate_4,25,5,40,count,False,1,0.9981015906876389
additives,additive_rxn_screening_plate_4,25,10,20,count,True,1,1.0
additives,additive_rxn_screening_plate_4,25,10,40,count,True,1,1.0
additives,additive_rxn_screening_plate_4,26,5,20,count,False,1,0.9586918911615359
additives,additive_rxn_screening_plate_4,26,5,40,count,False,1,0.9981015906876389
additives,additive_rxn_screening_plate_4,26,10,20,count,True,1,1.0
additives,additive_rxn_screening_plate_4,26,10,40,count,True,1,1.0
additives,additive_rxn_screening_plate_4,27,5,20,count,False,1,0.9586918911615359
additives,additive_rxn_screening_plate_4,27,5,40,count,False,1,0.9981015906876389
additives,additive_rxn_screening_plate_4,27,10,20,count,True,1,1.0
additives,additive_rxn_screening_plate_4,27,10,40,count,True,1,1.0
additives,additive_rxn_screening_plate_4,28,5,20,count,False,1,0.9586918911615359
additives,additive_rxn_screening_plate_4,28,5,40,count,False,1,0.9981015906876389
additives,additive_rxn_screening_plate_4,28,10,20,count,True,1,1.0
additives,additive_rxn_screening_plate_4,28,10,40,count,True,1,1.0
additives,additive_rxn_screening_plate_4,29,5,20,count,False,1,0.9586918911615359
additives,additive_rxn_screening_plate_4,29,5,40,count,False,1,0.9981015906876389
additives,additive_rxn_screening_plate_4,29,10,20,count,True,1,1.0
additives,additive_rxn_screening_plate_4,29,10,40,count,True,1,1.0
additives,additive_rxn_screening_plate_4,30,5,20,count,False,1,0.9586918911615359
additives,additive_rxn_screening_plate_4,30,5,40,count,False,1,0.9981015906876389
additives,additive_rxn_screening_plate_4,30,10,20,count,True,1,1.0
additives,additive_rxn_screening_plate_4,30,10,40,count,True,1,1.0
additives,additive_rxn_screening_plate_4,31,5,20,count,True,1,1.0
additives,additive_rxn_screening_plate_4,31,5,40,count,True,1,1.0
additives,additive_rxn_screening_plate_4,31,10,20,count,True,1,1.0
additives,additive_rxn_screening_plate_4,31,10,40,count,True,1,1.0
additives,additive_rxn_screening_plate_4,32,5,20,count,False,1,0.9586918911615359
additives,additive_rxn_screening_plate_4,32,5,40,count,False,1,0.9981015906876389
additives,additive_rxn_screening_plate_4,32,10,20,count,True,1,1.0
additives,additive_rxn_screening_plate_4,32,10,40,count,True,1,1.0
additives,additive_rxn_screening_plate_4,33,5,20,count,False,1,0.9586918911615359
additives,additive_rxn_screening_plate_4,33,5,40,count,False,1,0.9981015906876389
additives,additive_rxn_screening_plate_4,33,10,20,count,True,1,1.0
additives,additive_rxn_screening_plate_4,33,10,40,count,True,1,1.0
additives,additive_rxn_screening_plate_4,34,5,20,count,True,1,1.0
additives,additive_rxn_screening_plate_4,34,5,40,count,True,1,1.0
additives,additive_rxn_screening_plate_4,34,10,20,count,True,1,1.0
additives,additive_rxn_screening_plate_4,34,10,40,count,True,1,1.0
additives,additive_rxn_screening_plate_4,35,5,20,count,False,1,0.9586918911615359
additives,additive_rxn_screening_plate_4,35,5,40,count,False,1,0.9981015906876389
additives,additive_rxn_screening_plate_4,35,10,20,count,True,1,1.0
additives,additive_rxn_screening_plate_4,35,10,40,count,True,1,1.0
additives,additive_rxn_screening_plate_4,36,5,20,count,True,1,1.0
additives,additive_rxn_screening_plate_4,36,5,40,count,True,1,1.0
additives,additive_rxn_screening_plate_4,36,10,20,count,True,1,1.0
additives,additive_rxn_screening_plate_4,36,10,40,count,True,1,1.0
additives,additive_rxn_screening_plate_4,37,5,20,count,False,1,0.9586918911615359
additives,additive_rxn_screening_plate_4,37,5,40,count,False,1,0.9981015906876389
additives,additive_rxn_screening_plate_4,37,10,20,count,True,1,1.0
additives,additive_rxn_screening_plate_4,37,10,40,count,True,1,1.0
additives,additive_rxn_screening_plate_4,38,5,20,count,False,1,0.9586918911615359
additives,additive_rxn_screening_plate_4,38,5,40,count,False,1,0.9981015906876389
additives,additive_rxn_screening_plate_4,38,10,20,count,True,1,1.0
additives,additive_rxn_screening_plate_4,38,10,40,count,True,1,1.0
additives,additive_rxn_screening_plate_4,39,5,20,count,False,1,0.9586918911615359
additives,additive_rxn_screening_plate_4,39,5,40,count,False,1,0.9981015906876389
additives,additive_rxn_screening_plate_4,39,10,20,count,True,1,1.0
additives,additive_rxn_screening_plate_4,39,10,40,count,True,1,1.0
additives,additive_rxn_screening_plate_4,40,5,20,count,False,1,0.9586918911615359
additives,additive_rxn_screening_plate_4,40,5,40,count,False,1,0.9981015906876389
additives,additive_rxn_screening_plate_4,40,10,20,count,True,1,1.0
additives,additive_rxn_screening_plate_4,40,10,40,count,True,1,1.0
additives,additive_rxn_screening_plate_4,41,5,20,count,True,1,1.0
additives,additive_rxn_screening_plate_4,41,5,40,count,True,1,1.0
additives,additive_rxn_screening_plate_4,41,10,20,count,True,1,1.0
additives,additive_rxn_screening_plate_4,41,10,40,count,True,1,1.0
additives,additive_rxn_screening_plate_4,42,5,20,count,True,1,1.0
additives,additive_rxn_screening_plate_4,42,5,40,count,True,1,1.0
additives,additive_rxn_screening_plate_4,42,10,20,count,True,1,1.0
additives,additive_rxn_screening_plate_4,42,10,40,count,True,1,1.0
additives,additive_rxn_screening_plate_4,43,5,20,count,True,1,1.0
additives,additive_rxn_screening_plate_4,43,5,40,count,True,1,1.0
additives,additive_rxn_screening_plate_4,43,10,20,count,True,1,1.0
additives,additive_rxn_screening_plate_4,43,10,40,count,True,1,1.0
additives,additive_rxn_screening_plate_4,44,5,20,count,True,1,1.0
additives,additive_rxn_screening_plate_4,44,5,40,count,True,1,1.0
additives,additive_rxn_screening_plate_4,44,10,20,count,True,1,1.0
additives,additive_rxn_screening_plate_4,44,10,40,count,True,1,1.0
additives,additive_rxn_screening_plate_4,45,5,20,count,False,1,0.9586918911615359
additives,additive_rxn_screening_plate_4,45,5,40,count,False,1,0.9981015906876389
additives,additive_rxn_screening_plate_4,45,10,20,count,True,1,1.0
additives,additive_rxn_screening_plate_4,45,10,40,count,True,1,1.0
additives,additive_rxn_screening_plate_4,46,5,20,count,False,1,0.9586918911615359
additives,additive_rxn_screening_plate_4,46,5,40,count,False,1,0.9981015906876389
additives,additive_rxn_screening_plate_4,46,10,20,count,True,1,1.0
additives,additive_rxn_screening_plate_4,46,10,40,count,True,1,1.0
additives,additive_rxn_screening_plate_4,47,5,20,count,False,1,0.9586918911615359
additives,additive_rxn_screening_plate_4,47,5,40,count,False,1,0.9981015906876389
additives,additive_rxn_screening_plate_4,47,10,20,count,True,1,1.0
additives,additive_rxn_screening_plate_4,47,10,40,count,True,1,1.0
additives,additive_rxn_screening_plate_4,48,5,20,count,False,1,0.9586918911615359
additives,additive_rxn_screening_plate_4,48,5,40,count,False,1,0.9981015906876389
additives,additive_rxn_screening_plate_4,48,10,20,count,True,1,1.0
additives,additive_rxn_screening_plate_4,48,10,40,count,True,1,1.0
additives,additive_rxn_screening_plate_4,49,5,20,count,True,1,1.0
additives,additive_rxn_screening_plate_4,49,5,40,count,True,1,1.0
additives,additive_rxn_screening_plate_4,49,10,20,count,True,1,1.0
additives,additive_rxn_screening_plate_4,49,10,40,count,True,1,1.0
additives,additive_rxn_screening_plate_1,0,5,20,best,False,1,0.9732984120383692
additives,additive_rxn_screening_plate_1,0,5,40,best,False,1,0.998835970438735
additives,additive_rxn_screening_plate_1,0,10,20,best,False,1,0.918571879005428
additives,additive_rxn_screening_plate_1,0,10,40,best,False,1,0.996248476267537
additives,additive_rxn_screening_plate_1,1,5,20,best,True,1,1.0
additives,additive_rxn_screening_plate_1,1,5,40,best,True,1,1.0
additives,additive_rxn_screening_plate_1,1,10,20,best,True,1,1.0
additives,additive_rxn_screening_plate_1,1,10,40,best,True,1,1.0
additives,additive_rxn_screening_plate_1,2,5,20,best,False,1,0.972091592615209
additives,additive_rxn_screening_plate_1,2,5,40,best,False,1,0.9987819158342095
additives,additive_rxn_screening_plate_1,2,10,20,best,False,1,0.918571879005428
additives,additive_rxn_screening_plate_1,2,10,40,best,False,1,0.996248476267537
additives,additive_rxn_screening_plate_1,3,5,20,best,True,1,1.0
additives,additive_rxn_screening_plate_1,3,5,40,best,True,1,1.0
additives,additive_rxn_screening_plate_1,3,10,20,best,True,1,1.0
additives,additive_rxn_screening_plate_1,3,10,40,best,True,1,1.0
additives,additive_rxn_screening_plate_1,4,5,20,best,True,1,1.0
additives,additive_rxn_screening_plate_1,4,5,40,best,True,1,1.0
additives,additive_rxn_screening_plate_1,4,10,20,best,True,1,1.0
additives,additive_rxn_screening_plate_1,4,10,40,best,True,1,1.0
additives,additive_rxn_screening_plate_1,5,5,20,best,False,1,0.9284284649779343
additives,additive_rxn_screening_plate_1,5,5,40,best,False,1,0.9967359952094597
additives,additive_rxn_screening_plate_1,5,10,20,best,False,1,0.918571879005428
additives,additive_rxn_screening_plate_1,5,10,40,best,False,1,0.996248476267537
additives,additive_rxn_screening_plate_1,6,5,20,best,True,1,1.0
additives,additive_rxn_screening_plate_1,6,5,40,best,True,1,1.0
additives,additive_rxn_screening_plate_1,6,10,20,best,True,1,1.0
additives,additive_rxn_screening_plate_1,6,10,40,best,True,1,1.0
additives,additive_rxn_screening_plate_1,7,5,20,best,True,1,1.0
additives,additive_rxn_screening_plate_1,7,5,40,best,True,1,1.0
additives,additive_rxn_screening_plate_1,7,10,20,best,True,1,1.0
additives,additive_rxn_screening_plate_1,7,10,40,best,True,1,1.0
additives,additive_rxn_screening_plate_1,8,5,20,best,False,1,0.8600662116025913
additives,additive_rxn_screening_plate_1,8,5,40,best,False,1,0.9931359856211659
additives,additive_rxn_screening_plate_1,8,10,20,best,False,1,0.918571879005428
additives,additive_rxn_screening_plate_1,8,10,40,best,False,1,0.996248476267537
additives,additive_rxn_screening_plate_1,9,5,20,best,False,1,0.9763968314983402
additives,additive_rxn_screening_plate_1,9,5,40,best,False,1,0.9989741662969747
additives,additive_rxn_screening_plate_1,9,10,20,best,False,1,0.9242518466593009
additives,additive_rxn_screening_plate_1,9,10,40,best,False,1,0.9965306258881453
additives,additive_rxn_screening_plate_1,10,5,20,best,False,1,0.9764138946385155
additives,additive_rxn_screening_plate_1,10,5,40,best,False,1,0.9989749250252192
additives,additive_rxn_screening_plate_1,10,10,20,best,False,1,0.9243036838473023
additives,additive_rxn_screening_plate_1,10,10,40,best,False,1,0.9965331856384306
additives,additive_rxn_screening_plate_1,11,5,20,best,False,1,0.9284284649779343
additives,additive_rxn_screening_plate_1,11,5,40,best,False,1,0.9967359952094597
additives,additive_rxn_screening_plate_1,11,10,20,best,False,1,0.918571879005428
additives,additive_rxn_screening_plate_1,11,10,40,best,False,1,0.996248476267537
additives,additive_rxn_screening_plate_1,12,5,20,best,True,1,1.0
additives,additive_rxn_screening_plate_1,12,5,40,best,True,1,1.0
additives,additive_rxn_screening_plate_1,12,10,20,best,True,1,1.0
additives,additive_rxn_screening_plate_1,12,10,40,best,True,1,1.0
additives,additive_rxn_screening_plate_1,13,5,20,best,True,1,1.0
additives,additive_rxn_screening_plate_1,13,5,40,best,True,1,1.0
additives,additive_rxn_screening_plate_1,13,10,20,best,True,1,1.0
additives,additive_rxn_screening_plate_1,13,10,40,best,True,1,1.0
additives,additive_rxn_screening_plate_1,14,5,20,best,True,1,1.0
additives,additive_rxn_screening_plate_1,14,5,40,best,True,1,1.0
additives,additive_rxn_screening_plate_1,14,10,20,best,True,1,1.0
additives,additive_rxn_screening_plate_1,14,10,40,best,True,1,1.0
additives,additive_rxn_screening_plate_1,15,5,20,best,True,1,1.0
additives,additive_rxn_screening_plate_1,15,5,40,best,True,1,1.0
additives,additive_rxn_screening_plate_1,15,10,20,best,True,1,1.0
additives,additive_rxn_screening_plate_1,15,10,40,best,True,1,1.0
additives,additive_rxn_screening_plate_1,16,5,20,best,True,1,1.0
additives,additive_rxn_screening_plate_1,16,5,40,best,True,1,1.0
additives,additive_rxn_screening_plate_1,16,10,20,best,True,1,1.0
additives,additive_rxn_screening_plate_1,16,10,40,best,True,1,1.0
additives,additive_rxn_screening_plate_1,17,5,20,best,True,1,1.0
additives,additive_rxn_screening_plate_1,17,5,40,best,True,1,1.0
additives,additive_rxn_screening_plate_1,17,10,20,best,True,1,1.0
additives,additive_rxn_screening_plate_1,17,10,40,best,True,1,1.0
additives,additive_rxn_screening_plate_1,18,5,20,best,False,1,0.97101797703455
additives,additive_rxn_screening_plate_1,18,5,40,best,False,1,0.9987337195571875
additives,additive_rxn_screening_plate_1,18,10,20,best,False,1,0.918571879005428
additives,additive_rxn_screening_plate_1,18,10,40,best,False,1,0.996248476267537
additives,additive_rxn_screening_plate_1,19,5,20,best,True,1,1.0
additives,additive_rxn_screening_plate_1,19,5,40,best,True,1,1.0
additives,additive_rxn_screening_plate_1,19,10,20,best,True,1,1.0
additives,additive_rxn_screening_plate_1,19,10,40,best,True,1,1.0
additives,additive_rxn_screening_plate_1,20,5,20,best,True,1,1.0
additives,additive_rxn_screening_plate_1,20,5,40,best,True,1,1.0
additives,additive_rxn_screening_plate_1,20,10,20,best,True,1,1.0
additives,additive_rxn_screening_plate_1,20,10,40,best,True,1,1.0
additives,additive_rxn_screening_plate_1,21,5,20,best,False,1,0.969604804011058
additives,additive_rxn_screening_plate_1,21,5,40,best,False,1,0.9986701244298813
additives,additive_rxn_screening_plate_1,21,10,20,best,False,1,0.918571879005428
additives,additive_rxn_screening_plate_1,21,10,40,best,False,1,0.996248476267537
additives,additive_rxn_screening_plate_1,22,5,20,best,False,1,0.9764138946385155
additives,additive_rxn_screening_plate_1,22,5,40,best,False,1,0.9989749250252192
additives,additive_rxn_screening_plate_1,22,10,20,best,False,1,0.9243036838473023
additives,additive_rxn_screening_plate_1,22,10,40,best,False,1,0.9965331856384306
additives,additive_rxn_screening_plate_1,23,5,20,best,True,1,1.0
additives,additive_rxn_screening_plate_1,23,5,40,best,True,1,1.0
additives,additive_rxn_screening_plate_1,23,10,20,best,True,1,1.0
additives,additive_rxn_screening_plate_1,23,10,40,best,True,1,1.0
additives,additive_rxn_screening_plate_1,24,5,20,best,False,1,0.9682990836419406
additives,additive_rxn_screening_plate_1,24,5,40,best,False,1,0.9986112070867774
additives,additive_rxn_screening_plate_1,24,10,20,best,False,1,0.918571879005428
additives,additive_rxn_screening_plate_1,24,10,40,best,False,1,0.996248476267537
additives,additive_rxn_screening_plate_1,25,5,20,best,False,1,0.9740536109422795
additives,additive_rxn_screening_plate_1,25,5,40,best,False,1,0.9988697313579668
additives,additive_rxn_screening_plate_1,25,10,20,best,False,1,0.918571879005428
additives,additive_rxn_screening_plate_1,25,10,40,best,False,1,0.996248476267537
additives,additive_rxn_screening_plate_1,26,5,20,best,False,1,0.9734473430970448
additives,additive_rxn_screening_plate_1,26,5,40,best,False,1,0.9988426323186935
additives,additive_rxn_screening_plate_1,26,10,20,best,False,1,0.918571879005428
additives,additive_rxn_screening_plate_1,26,10,40,best,False,1,0.996248476267537
additives,additive_rxn_screening_plate_1,27,5,20,best,True,1,1.0
additives,additive_rxn_screening_plate_1,27,5,40,best,True,1,1.0
additives,additive_rxn_screening_plate_1,27,10,20,best,True,1,1.0
additives,additive_rxn_screening_plate_1,27,10,40,best,True,1,1.0
additives,additive_rxn_screening_plate_1,28,5,20,best,False,1,0.9715075539704013
additives,additive_rxn_screening_plate_1,28,5,40,best,False,1,0.9987557100643984
additives,additive_rxn_screening_plate_1,28,10,20,best,False,1,0.918571879005428
additives,additive_rxn_screening_plate_1,28,10,40,best,False,1,0.996248476267537
additives,additive_rxn_screening_plate_1,29,5,20,best,True,1,1.0
additives,additive_rxn_screening_plate_1,29,5,40,best,True,1,1.0
additives,additive_rxn_screening_plate_1,29,10,20,best,True,1,1.0
additives,additive_rxn_screening_plate_1,29,10,40,best,True,1,1.0
additives,additive_rxn_screening_plate_1,30,5,20,best,False,1,0.9758411566905741
additives,additive_rxn_screening_plate_1,30,5,40,best,False,1,0.9989494438335439
additives,additive_rxn_screening_plate_1,30,10,20,best,False,1,0.9225659120587774
additives,additive_rxn_screening_plate_1,30,10,40,best,False,1,0.9964472238420337
additives,additive_rxn_screening_plate_1,31,5,20,best,False,1,0.9568171240418983
additives,additive_rxn_screening_plate_1,31,5,40,best,False,1,0.9980864951671635
additives,additive_rxn_screening_plate_1,31,10,20,best,False,1,0.918571879005428
additives,additive_rxn_screening_plate_1,31,10,40,best,False,1,0.996248476267537
additives,additive_rxn_screening_plate_1,32,5,20,best,False,1,0.8251285674980253
additives,additive_rxn_screening_plate_1,32,5,40,best,False,1,0.9910775597640681
additives,additive_rxn_screening_plate_1,32,10,20,best,False,1,0.918571879005428
additives,additive_rxn_screening_plate_1,32,10,40,best,False,1,0.996248476267537
additives,additive_rxn_screening_plate_1,33,5,20,best,False,1,0.974519152483326
additives,additive_rxn_screening_plate_1,33,5,40,best,False,1,0.9988905183047697
additives,additive_rxn_screening_plate_1,33,10,20,best,False,1,0.918571879005428
additives,additive_rxn_screening_plate_1,33,10,40,best,False,1,0.996248476267537
additives,additive_rxn_screening_plate_1,34,5,20,best,True,1,1.0
additives,additive_rxn_screening_plate_1,34,5,40,best,True,1,1.0
additives,additive_rxn_screening_plate_1,34,10,20,best,True,1,1.0
additives,additive_rxn_screening_plate_1,34,10,40,best,True,1,1.0
additives,additive_rxn_screening_plate_1,35,5,20,best,True,1,1.0
additives,additive_rxn_screening_plate_1,35,5,40,best,True,1,1.0
additives,additive_rxn_screening_plate_1,35,10,20,best,True,1,1.0
additives,additive_rxn_screening_plate_1,35,10,40,best,True,1,1.0
additives,additive_rxn_screening_plate_1,36,5,20,best,False,1,0.9761905400631394
additives,additive_rxn_screening_plate_1,36,5,40,best,False,1,0.998964991350742
additives,additive_rxn_screening_plate_1,36,10,20,best,False,1,0.9236254574896087
additives,additive_rxn_screening_plate_1,36,10,40,best,False,1,0.9964996727568628
additives,additive_rxn_screening_plate_1,37,5,20,best,False,1,0.9729096220444231
additives,additive_rxn_screening_plate_1,37,5,40,best,False,1,0.9988185701638751
additives,additive_rxn_screening_plate_1,37,10,20,best,False,1,0.918571879005428
additives,additive_rxn_screening_plate_1,37,10,40,best,False,1,0.996248476267537
additives,additive_rxn_screening_plate_1,38,5,20,best,True,1,1.0
additives,additive_rxn_screening_plate_1,38,5,40,best,True,1,1.0
additives,additive_rxn_screening_plate_1,38,10,20,best,True,1,1.0
additives,additive_rxn_screening_plate_1,38,10,40,best,True,1,1.0
additives,additive_rxn_screening_plate_1,39,5,20,best,False,1,0.9765338224601562
additives,additive_rxn_screening_plate_1,39,5,40,best,False,1,0.9989802570106948
additives,additive_rxn_screening_plate_1,39,10,20,best,False,1,0.9246681330937457
additives,additive_rxn_screening_plate_1,39,10,40,best,False,1,0.9965511746215241
additives,additive_rxn_screening_plate_1,40,5,20,best,True,1,1.0
additives,additive_rxn_screening_plate_1,40,5,40,best,True,1,1.0
additives,additive_rxn_screening_plate_1,40,10,20,best,True,1,1.0
additives,additive_rxn_screening_plate_1,40,10,40,best,True,1,1.0
additives,additive_rxn_screening_plate_1,41,5,20,best,True,1,1.0
additives,additive_rxn_screening_plate_1,41,5,40,best,True,1,1.0
additives,additive_rxn_screening_plate_1,41,10,20,best,True,1,1.0
additives,additive_rxn_screening_plate_1,41,10,40,best,True,1,1.0
additives,additive_rxn_screening_plate_1,42,5,20,best,False,1,0.9686868343722099
additives,additive_rxn_screening_plate_1,42,5,40,best,False,1,0.9986287192160418
additives,additive_rxn_screening_plate_1,42,10,20,best,False,1,0.918571879005428
additives,additive_rxn_screening_plate_1,42,10,40,best,False,1,0.996248476267537
additives,additive_rxn_screening_plate_1,43,5,20,best,True,1,1.0
additives,additive_rxn_screening_plate_1,43,5,40,best,True,1,1.0
additives,additive_rxn_screening_plate_1,43,10,20,best,True,1,1.0
additives,additive_rxn_screening_plate_1,43,10,40,best,True,1,1.0
additives,additive_rxn_screening_plate_1,44,5,20,best,True,1,1.0
additives,additive_rxn_screening_plate_1,44,5,40,best,True,1,1.0
additives,additive_rxn_screening_plate_1,44,10,20,best,True,1,1.0
additives,additive_rxn_screening_plate_1,44,10,40,best,True,1,1.0
additives,additive_rxn_screening_plate_1,45,5,20,best,True,1,1.0
additives,additive_rxn_screening_plate_1,45,5,40,best,True,1,1.0
additives,additive_rxn_screening_plate_1,45,10,20,best,True,1,1.0
additives,additive_rxn_screening_plate_1,45,10,40,best,True,1,1.0
additives,additive_rxn_screening_plate_1,46,5,20,best,False,1,0.9767594261875602
additives,additive_rxn_screening_plate_1,46,5,40,best,False,1,0.9989902839480159
additives,additive_rxn_screening_plate_1,46,10,20,best,False,1,0.9253542578122437
additives,additive_rxn_screening_plate_1,46,10,40,best,False,1,0.996585004610897
additives,additive_rxn_screening_plate_1,47,5,20,best,False,1,0.9749543991590007
additives,additive_rxn_screening_plate_1,47,5,40,best,False,1,0.9989099353778306
additives,additive_rxn_screening_plate_1,47,10,20,best,False,1,0.9198842144844578
additives,additive_rxn_screening_plate_1,47,10,40,best,False,1,0.996313961172989
additives,additive_rxn_screening_plate_1,48,5,20,best,False,1,0.9764445021617336
additives,additive_rxn_screening_plate_1,48,5,40,best,False,1,0.9989762859533745
additives,additive_rxn_screening_plate_1,48,10,20,best,False,1,0.9243966783999842
additives,additive_rxn_screening_plate_1,48,10,40,best,False,1,0.9965377770766248
additives,additive_rxn_screening_plate_1,49,5,20,best,False,1,0.9689148068668204
additives,additive_rxn_screening_plate_1,49,5,40,best,False,1,0.9986390089654978
additives,additive_rxn_screening_plate_1,49,10,20,best,False,1,0.918571879005428
additives,additive_rxn_screening_plate_1,49,10,40,best,False,1,0.996248476267537
additives,additive_rxn_screening_plate_2,0,5,20,best,False,1,0.9637616836433905
additives,additive_rxn_screening_plate_2,0,5,40,best,False,1,0.9984052816689789
additives,additive_rxn_screening_plate_2,0,10,20,best,False,1,0.9117010737595305
additives,additive_rxn_screening_plate_2,0,10,40,best,False,1,0.995902691893685
additives,additive_rxn_screening_plate_2,1,5,20,best,True,1,1.0
additives,additive_rxn_screening_plate_2,1,5,40,best,True,1,1.0
additives,additive_rxn_screening_plate_2,1,10,20,best,True,1,1.0
additives,additive_rxn_screening_plate_2,1,10,40,best,True,1,1.0
additives,additive_rxn_screening_plate_2,2,5,20,best,True,1,1.0
additives,additive_rxn_screening_plate_2,2,5,40,best,True,1,1.0
additives,additive_rxn_screening_plate_2,2,10,20,best,True,1,1.0
additives,additive_rxn_screening_plate_2,2,10,40,best,True,1,1.0
additives,additive_rxn_screening_plate_2,3,5,20,best,False,1,0.9759701361221095
additives,additive_rxn_screening_plate_2,3,5,40,best,False,1,0.9989551846422303
additives,additive_rxn_screening_plate_2,3,10,20,best,False,1,0.9229568622079167
additives,additive_rxn_screening_plate_2,3,10,40,best,False,1,0.9964665897730394
additives,additive_rxn_screening_plate_2,4,5,20,best,False,1,0.973444102753969
additives,additive_rxn_screening_plate_2,4,5,40,best,False,1,0.998842487394681
additives,additive_rxn_screening_plate_2,4,10,20,best,False,1,0.915341442526554
additives,additive_rxn_screening_plate_2,4,10,40,best,False,1,0.9960865160221533
additives,additive_rxn_screening_plate_2,5,5,20,best,False,1,0.9568579217106766
additives,additive_rxn_screening_plate_2,5,5,40,best,False,1,0.9980883808771089
additives,additive_rxn_screening_plate_2,5,10,20,best,False,1,0.9117010737595305
additives,additive_rxn_screening_plate_2,5,10,40,best,False,1,0.995902691893685
additives,additive_rxn_screening_plate_2,6,5,20,best,True,1,1.0
additives,additive_rxn_screening_plate_2,6,5,40,best,True,1,1.0
additives,additive_rxn_screening_plate_2,6,10,20,best,True,1,1.0
additives,additive_rxn_screening_plate_2,6,10,40,best,True,1,1.0
additives,additive_rxn_screening_plate_2,7,5,20,best,True,1,1.0
additives,additive_rxn_screening_plate_2,7,5,40,best,True,1,1.0
additives,additive_rxn_screening_plate_2,7,10,20,best,True,1,1.0
additives,additive_rxn_screening_plate_2,7,10,40,best,True,1,1.0
additives,additive_rxn_screening_plate_2,8,5,20,best,False,1,0.8752760575475107
additives,additive_rxn_screening_plate_2,8,5,40,best,False,1,0.9939832411690127
additives,additive_rxn_screening_plate_2,8,10,20,best,False,1,0.9117010737595305
additives,additive_rxn_screening_plate_2,8,10,40,best,False,1,0.995902691893685
additives,additive_rxn_screening_plate_2,9,5,20,best,True,1,1.0
additives,additive_rxn_screening_plate_2,9,5,40,best,True,1,1.0
additives,additive_rxn_screening_plate_2,9,10,20,best,True,1,1.0
additives,additive_rxn_screening_plate_2,9,10,40,best,True,1,1.0
additives,additive_rxn_screening_plate_2,10,5,20,best,True,1,1.0
additives,additive_rxn_screening_plate_2,10,5,40,best,True,1,1.0
additives,additive_rxn_screening_plate_2,10,10,20,best,True,1,1.0
additives,additive_rxn_screening_plate_2,10,10,40,best,True,1,1.0
additives,additive_rxn_screening_plate_2,11,5,20,best,False,1,0.9568579217106766
additives,additive_rxn_screening_plate_2,11,5,40,best,False,1,0.9980883808771089
additives,additive_rxn_screening_plate_2,11,10,20,best,False,1,0.9117010737595305
additives,additive_rxn_screening_plate_2,11,10,40,best,False,1,0.995902691893685
additives,additive_rxn_screening_plate_2,12,5,20,best,True,1,1.0
additives,additive_rxn_screening_plate_2,12,5,40,best,True,1,1.0
additives,additive_rxn_screening_plate_2,12,10,20,best,True,1,1.0
additives,additive_rxn_screening_plate_2,12,10,40,best,True,1,1.0
additives,additive_rxn_screening_plate_2,13,5,20,best,False,1,0.9714733774789835
additives,additive_rxn_screening_plate_2,13,5,40,best,False,1,0.9987541756345635
additives,additive_rxn_screening_plate_2,13,10,20,best,False,1,0.9117010737595305
additives,additive_rxn_screening_plate_2,13,10,40,best,False,1,0.995902691893685
additives,additive_rxn_screening_plate_2,14,5,20,best,True,1,1.0
additives,additive_rxn_screening_plate_2,14,5,40,best,True,1,1.0
additives,additive_rxn_screening_plate_2,14,10,20,best,True,1,1.0
additives,additive_rxn_screening_plate_2,14,10,40,best,True,1,1.0
additives,additive_rxn_screening_plate_2,15,5,20,best,True,1,1.0
additives,additive_rxn_screening_plate_2,15,5,40,best,True,1,1.0
additives,additive_rxn_screening_plate_2,15,10,20,best,True,1,1.0
additives,additive_rxn_screening_plate_2,15,10,40,best,True,1,1.0
additives,additive_rxn_screening_plate_2,16,5,20,best,True,1,1.0
additives,additive_rxn_screening_plate_2,16,5,40,best,True,1,1.0
additives,additive_rxn_screening_plate_2,16,10,20,best,True,1,1.0
additives,additive_rxn_screening_plate_2,16,10,40,best,True,1,1.0
additives,additive_rxn_screening_plate_2,17,5,20,best,True,1,1.0
additives,additive_rxn_screening_plate_2,17,5,40,best,True,1,1.0
additives,additive_rxn_screening_plate_2,17,10,20,best,True,1,1.0
additives,additive_rxn_screening_plate_2,17,10,40,best,True,1,1.0
additives,additive_rxn_screening_plate_2,18,5,20,best,False,1,0.933091010518564
additives,additive_rxn_screening_plate_2,18,5,40,best,False,1,0.9969631849200631
additives,additive_rxn_screening_plate_2,18,10,20,best,False,1,0.9117010737595305
additives,additive_rxn_screening_plate_2,18,10,40,best,False,1,0.995902691893685
additives,additive_rxn_screening_plate_2,19,5,20,best,True,1,1.0
additives,additive_rxn_screening_plate_2,19,5,40,best,True,1,1.0
additives,additive_rxn_screening_plate_2,19,10,20,best,True,1,1.0
additives,additive_rxn_screening_plate_2,19,10,40,best,True,1,1.0
additives,additive_rxn_screening_plate_2,20,5,20,best,False,1,0.973444102753969
additives,additive_rxn_screening_plate_2,20,5,40,best,False,1,0.998842487394681
additives,additive_rxn_screening_plate_2,20,10,20,best,False,1,0.915341442526554
additives,additive_rxn_screening_plate_2,20,10,40,best,False,1,0.9960865160221533
additives,additive_rxn_screening_plate_2,21,5,20,best,False,1,0.9534149175855835
additives,additive_rxn_screening_plate_2,21,5,40,best,False,1,0.997928699078227
additives,additive_rxn_screening_plate_2,21,10,20,best,False,1,0.9117010737595305
additives,additive_rxn_screening_plate_2,21,10,40,best,False,1,0.995902691893685
additives,additive_rxn_screening_plate_2,22,5,20,best,False,1,0.9566711766045288
additives,additive_rxn_screening_plate_2,22,5,40,best,False,1,0.9980797480690029
additives,additive_rxn_screening_plate_2,22,10,20,best,False,1,0.9117010737595305
additives,additive_rxn_screening_plate_2,22,10,40,best,False,1,0.995902691893685
additives,additive_rxn_screening_plate_2,23,5,20,best,True,1,1.0
additives,additive_rxn_screening_plate_2,23,5,40,best,True,1,1.0
additives,additive_rxn_screening_plate_2,23,10,20,best,True,1,1.0
additives,additive_rxn_screening_plate_2,23,10,40,best,True,1,1.0
additives,additive_rxn_screening_plate_2,24,5,20,best,False,1,0.9734371643140681
additives,additive_rxn_screening_plate_2,24,5,40,best,False,1,0.9988421770705626
additives,additive_rxn_screening_plate_2,24,10,20,best,False,1,0.9153206437854047
additives,additive_rxn_screening_plate_2,24,10,40,best,False,1,0.9960854697296982
additives,additive_rxn_screening_plate_2,25,5,20,best,False,1,0.9755223051506539
additives,additive_rxn_screening_plate_2,25,5,40,best,False,1,0.9989352456825386
additives,additive_rxn_screening_plate_2,25,10,20,best,False,1,0.9216004170615206
additives,additive_rxn_screening_plate_2,25,10,40,best,False,1,0.9963993303558633
additives,additive_rxn_screening_plate_2,26,5,20,best,True,1,1.0
additives,additive_rxn_screening_plate_2,26,5,40,best,True,1,1.0
additives,additive_rxn_screening_plate_2,26,10,20,best,True,1,1.0
additives,additive_rxn_screening_plate_2,26,10,40,best,True,1,1.0
additives,additive_rxn_screening_plate_2,27,5,20,best,False,1,0.9647090072329118
additives,additive_rxn_screening_plate_2,27,5,40,best,False,1,0.9984484279760872
additives,additive_rxn_screening_plate_2,27,10,20,best,False,1,0.9117010737595305
additives,additive_rxn_screening_plate_2,27,10,40,best,False,1,0.995902691893685
additives,additive_rxn_screening_plate_2,28,5,20,best,False,1,0.9746263677161289
additives,additive_rxn_screening_plate_2,28,5,40,best,False,1,0.9988953028931329
additives,additive_rxn_screening_plate_2,28,10,20,best,False,1,0.9188949103957779
additives,additive_rxn_screening_plate_2,28,10,40,best,False,1,0.9962646119325708
additives,additive_rxn_screening_plate_2,29,5,20,best,False,1,0.9714733774789835
additives,additive_rxn_screening_plate_2,29,5,40,best,False,1,0.9987541756345635
additives,additive_rxn_screening_plate_2,29,10,20,best,False,1,0.9117010737595305
additives,additive_rxn_screening_plate_2,29,10,40,best,False,1,0.995902691893685
additives,additive_rxn_screening_plate_2,30,5,20,best,True,1,1.0
additives,additive_rxn_screening_plate_2,30,5,40,best,True,1,1.0
additives,additive_rxn_screening_plate_2,30,10,20,best,True,1,1.0
additives,additive_rxn_screening_plate_2,30,10,40,best,True,1,1.0
additives,additive_rxn_screening_plate_2,31,5,20,best,False,1,0.9690393631735954
additives,additive_rxn_screening_plate_2,31,5,40,best,False,1,0.9986446289739478
additives,additive_rxn_screening_plate_2,31,10,20,best,False,1,0.9117010737595305
additives,additive_rxn_screening_plate_2,31,10,40,best,False,1,0.995902691893685
additives,additive_rxn_screening_plate_2,32,5,20,best,False,1,0.8182150230654754
additives,additive_rxn_screening_plate_2,32,5,40,best,False,1,0.9906504706133105
additives,additive_rxn_screening_plate_2,32,10,20,best,False,1,0.9117010737595305
additives,additive_rxn_screening_plate_2,32,10,40,best,False,1,0.995902691893685
additives,additive_rxn_screening_plate_2,33,5,20,best,False,1,0.9722263743755267
additives,additive_rxn_screening_plate_2,33,5,40,best,False,1,0.9987879592053706
additives,additive_rxn_screening_plate_2,33,10,20,best,False,1,0.9117010737595305
additives,additive_rxn_screening_plate_2,33,10,40,best,False,1,0.995902691893685
additives,additive_rxn_screening_plate_2,34,5,20,best,True,1,1.0
additives,additive_rxn_screening_plate_2,34,5,40,best,True,1,1.0
additives,additive_rxn_screening_plate_2,34,10,20,best,True,1,1.0
additives,additive_rxn_screening_plate_2,34,10,40,best,True,1,1.0
additives,additive_rxn_screening_plate_2,35,5,20,best,True,1,1.0
additives,additive_rxn_screening_plate_2,35,5,40,best,True,1,1.0
additives,additive_rxn_screening_plate_2,35,10,20,best,True,1,1.0
additives,additive_rxn_screening_plate_2,35,10,40,best,True,1,1.0
additives,additive_rxn_screening_plate_2,36,5,20,best,True,1,1.0
additives,additive_rxn_screening_plate_2,36,5,40,best,True,1,1.0
additives,additive_rxn_screening_plate_2,36,10,20,best,True,1,1.0
additives,additive_rxn_screening_plate_2,36,10,40,best,True,1,1.0
additives,additive_rxn_screening_plate_2,37,5,20,best,False,1,0.9688516608584965
additives,additive_rxn_screening_plate_2,37,5,40,best,False,1,0.9986361592756451
additives,additive_rxn_screening_plate_2,37,10,20,best,False,1,0.9117010737595305
additives,additive_rxn_screening_plate_2,37,10,40,best,False,1,0.995902691893685
additives,additive_rxn_screening_plate_2,38,5,20,best,True,1,1.0
additives,additive_rxn_screening_plate_2,38,5,40,best,True,1,1.0
additives,additive_rxn_screening_plate_2,38,10,20,best,True,1,1.0
additives,additive_rxn_screening_plate_2,38,10,40,best,True,1,1.0
additives,additive_rxn_screening_plate_2,39,5,20,best,True,1,1.0
additives,additive_rxn_screening_plate_2,39,5,40,best,True,1,1.0
additives,additive_rxn_screening_plate_2,39,10,20,best,True,1,1.0
additives,additive_rxn_screening_plate_2,39,10,40,best,True,1,1.0
additives,additive_rxn_screening_plate_2,40,5,20,best,True,1,1.0
additives,additive_rxn_screening_plate_2,40,5,40,best,True,1,1.0
additives,additive_rxn_screening_plate_2,40,10,20,best,True,1,1.0
additives,additive_rxn_screening_plate_2,40,10,40,best,True,1,1.0
additives,additive_rxn_screening_plate_2,41,5,20,best,True,1,1.0
additives,additive_rxn_screening_plate_2,41,5,40,best,True,1,1.0
additives,additive_rxn_screening_plate_2,41,10,20,best,True,1,1.0
additives,additive_rxn_screening_plate_2,41,10,40,best,True,1,1.0
additives,additive_rxn_screening_plate_2,42,5,20,best,False,1,0.9715959891815951
additives,additive_rxn_screening_plate_2,42,5,40,best,False,1,0.9987596800813356
additives,additive_rxn_screening_plate_2,42,10,20,best,False,1,0.9117010737595305
additives,additive_rxn_screening_plate_2,42,10,40,best,False,1,0.995902691893685
additives,additive_rxn_screening_plate_2,43,5,20,best,False,1,0.9609150927241483
additives,additive_rxn_screening_plate_2,43,5,40,best,False,1,0.9982751430251656
additives,additive_rxn_screening_plate_2,43,10,20,best,False,1,0.9117010737595305
additives,additive_rxn_screening_plate_2,43,10,40,best,False,1,0.995902691893685
additives,additive_rxn_screening_plate_2,44,5,20,best,False,1,0.9721796032394698
additives,additive_rxn_screening_plate_2,44,5,40,best,False,1,0.9987858622535105
additives,additive_rxn_screening_plate_2,44,10,20,best,False,1,0.9117010737595305
additives,additive_rxn_screening_plate_2,44,10,40,best,False,1,0.995902691893685
additives,additive_rxn_screening_plate_2,45,5,20,best,False,1,0.9624215133785211
additives,additive_rxn_screening_plate_2,45,5,40,best,False,1,0.9983441042870794
additives,additive_rxn_screening_plate_2,45,10,20,best,False,1,0.9117010737595305
additives,additive_rxn_screening_plate_2,45,10,40,best,False,1,0.995902691893685
additives,additive_rxn_screening_plate_2,46,5,20,best,False,1,0.9446577230236889
additives,additive_rxn_screening_plate_2,46,5,40,best,False,1,0.9975175423595207
additives,additive_rxn_screening_plate_2,46,10,20,best,False,1,0.9117010737595305
additives,additive_rxn_screening_plate_2,46,10,40,best,False,1,0.995902691893685
additives,additive_rxn_screening_plate_2,47,5,20,best,False,1,0.9676387598525136
additives,additive_rxn_screening_plate_2,47,5,40,best,False,1,0.9985813537544593
additives,additive_rxn_screening_plate_2,47,10,20,best,False,1,0.9117010737595305
additives,additive_rxn_screening_plate_2,47,10,40,best,False,1,0.995902691893685
additives,additive_rxn_screening_plate_2,48,5,20,best,False,1,0.9376449300915966
additives,additive_rxn_screening_plate_2,48,5,40,best,False,1,0.9971829990918524
additives,additive_rxn_screening_plate_2,48,10,20,best,False,1,0.9117010737595305
additives,additive_rxn_screening_plate_2,48,10,40,best,False,1,0.995902691893685
additives,additive_rxn_screening_plate_2,49,5,20,best,False,1,0.9668815490387705
additives,additive_rxn_screening_plate_2,49,5,40,best,False,1,0.9985470721583322
additives,additive_rxn_screening_plate_2,49,10,20,best,False,1,0.9117010737595305
additives,additive_rxn_screening_plate_2,49,10,40,best,False,1,0.995902691893685
additives,additive_rxn_screening_plate_3,0,5,20,best,False,1,0.9746101846129839
additives,additive_rxn_screening_plate_3,0,5,40,best,False,1,0.998894580770281
additives,additive_rxn_screening_plate_3,0,10,20,best,True,1,1.0
additives,additive_rxn_screening_plate_3,0,10,40,best,True,1,1.0
additives,additive_rxn_screening_plate_3,1,5,20,best,False,1,0.9656769261043535
additives,additive_rxn_screening_plate_3,1,5,40,best,False,1,0.998492428712356
additives,additive_rxn_screening_plate_3,1,10,20,best,True,1,1.0
additives,additive_rxn_screening_plate_3,1,10,40,best,True,1,1.0
additives,additive_rxn_screening_plate_3,2,5,20,best,False,1,0.9302885064905708
additives,additive_rxn_screening_plate_3,2,5,40,best,False,1,0.9968268892022997
additives,additive_rxn_screening_plate_3,2,10,20,best,True,1,1.0
additives,additive_rxn_screening_plate_3,2,10,40,best,True,1,1.0
additives,additive_rxn_screening_plate_3,3,5,20,best,False,1,0.9711348117869198
additives,additive_rxn_screening_plate_3,3,5,40,best,False,1,0.9987389693929742
additives,additive_rxn_screening_plate_3,3,10,20,best,True,1,1.0
additives,additive_rxn_screening_plate_3,3,10,40,best,True,1,1.0
additives,additive_rxn_screening_plate_3,4,5,20,best,False,1,0.97204241769358
additives,additive_rxn_screening_plate_3,4,5,40,best,False,1,0.9987797105203096
additives,additive_rxn_screening_plate_3,4,10,20,best,True,1,1.0
additives,additive_rxn_screening_plate_3,4,10,40,best,True,1,1.0
additives,additive_rxn_screening_plate_3,5,5,20,best,False,1,0.9761987059789997
additives,additive_rxn_screening_plate_3,5,5,40,best,False,1,0.9989653546056863
additives,additive_rxn_screening_plate_3,5,10,20,best,True,1,1.0
additives,additive_rxn_screening_plate_3,5,10,40,best,True,1,1.0
additives,additive_rxn_screening_plate_3,6,5,20,best,False,1,0.9698326133914806
additives,additive_rxn_screening_plate_3,6,5,40,best,False,1,0.9986803882114259
additives,additive_rxn_screening_plate_3,6,10,20,best,True,1,1.0
additives,additive_rxn_screening_plate_3,6,10,40,best,True,1,1.0
additives,additive_rxn_screening_plate_3,7,5,20,best,True,1,1.0
additives,additive_rxn_screening_plate_3,7,5,40,best,True,1,1.0
additives,additive_rxn_screening_plate_3,7,10,20,best,True,1,1.0
additives,additive_rxn_screening_plate_3,7,10,40,best,True,1,1.0
additives,additive_rxn_screening_plate_3,8,5,20,best,False,1,0.947908119859138
additives,additive_rxn_screening_plate_3,8,5,40,best,False,1,0.9976709978082738
additives,additive_rxn_screening_plate_3,8,10,20,best,True,1,1.0
additives,additive_rxn_screening_plate_3,8,10,40,best,True,1,1.0
additives,additive_rxn_screening_plate_3,9,5,20,best,False,1,0.97204241769358
additives,additive_rxn_screening_plate_3,9,5,40,best,False,1,0.9987797105203096
additives,additive_rxn_screening_plate_3,9,10,20,best,True,1,1.0
additives,additive_rxn_screening_plate_3,9,10,40,best,True,1,1.0
additives,additive_rxn_screening_plate_3,10,5,20,best,False,1,0.9691160887196648
additives,additive_rxn_screening_plate_3,10,5,40,best,False,1,0.998648090160221
additives,additive_rxn_screening_plate_3,10,10,20,best,True,1,1.0
additives,additive_rxn_screening_plate_3,10,10,40,best,True,1,1.0
additives,additive_rxn_screening_plate_3,11,5,20,best,False,1,0.9742926914811089
additives,additive_rxn_screening_plate_3,11,5,40,best,False,1,0.9988804089427724
additives,additive_rxn_screening_plate_3,11,10,20,best,True,1,1.0
additives,additive_rxn_screening_plate_3,11,10,40,best,True,1,1.0
additives,additive_rxn_screening_plate_3,12,5,20,best,False,1,0.904790472039664
additives,additive_rxn_screening_plate_3,12,5,40,best,False,1,0.9955498549436593
additives,additive_rxn_screening_plate_3,12,10,20,best,True,1,1.0
additives,additive_rxn_screening_plate_3,12,10,40,best,True,1,1.0
additives,additive_rxn_screening_plate_3,13,5,20,best,False,1,0.9377907409428
additives,additive_rxn_screening_plate_3,13,5,40,best,False,1,0.9971900035902055
additives,additive_rxn_screening_plate_3,13,10,20,best,True,1,1.0
additives,additive_rxn_screening_plate_3,13,10,40,best,True,1,1.0
additives,additive_rxn_screening_plate_3,14,5,20,best,False,1,0.9622859187165996
additives,additive_rxn_screening_plate_3,14,5,40,best,False,1,0.9983379054571879
additives,additive_rxn_screening_plate_3,14,10,20,best,True,1,1.0
additives,additive_rxn_screening_plate_3,14,10,40,best,True,1,1.0
additives,additive_rxn_screening_plate_3,15,5,20,best,False,1,0.9746101846129839
additives,additive_rxn_screening_plate_3,15,5,40,best,False,1,0.998894580770281
additives,additive_rxn_screening_plate_3,15,10,20,best,True,1,1.0
additives,additive_rxn_screening_plate_3,15,10,40,best,True,1,1.0
additives,additive_rxn_screening_plate_3,16,5,20,best,True,1,1.0
additives,additive_rxn_screening_plate_3,16,5,40,best,True,1,1.0
additives,additive_rxn_screening_plate_3,16,10,20,best,True,1,1.0
additives,additive_rxn_screening_plate_3,16,10,40,best,True,1,1.0
additives,additive_rxn_screening_plate_3,17,5,20,best,True,1,1.0
additives,additive_rxn_screening_plate_3,17,5,40,best,True,1,1.0
additives,additive_rxn_screening_plate_3,17,10,20,best,True,1,1.0
additives,additive_rxn_screening_plate_3,17,10,40,best,True,1,1.0
additives,additive_rxn_screening_plate_3,18,5,20,best,False,1,0.9594704092019782
additives,additive_rxn_screening_plate_3,18,5,40,best,False,1,0.9982088135536071
additives,additive_rxn_screening_plate_3,18,10,20,best,True,1,1.0
additives,additive_rxn_screening_plate_3,18,10,40,best,True,1,1.0
additives,additive_rxn_screening_plate_3,19,5,20,best,True,1,1.0
additives,additive_rxn_screening_plate_3,19,5,40,best,True,1,1.0
additives,additive_rxn_screening_plate_3,19,10,20,best,True,1,1.0
additives,additive_rxn_screening_plate_3,19,10,40,best,True,1,1.0
additives,additive_rxn_screening_plate_3,20,5,20,best,True,1,1.0
additives,additive_rxn_screening_plate_3,20,5,40,best,True,1,1.0
additives,additive_rxn_screening_plate_3,20,10,20,best,True,1,1.0
additives,additive_rxn_screening_plate_3,20,10,40,best,True,1,1.0
additives,additive_rxn_screening_plate_3,21,5,20,best,True,1,1.0
additives,additive_rxn_screening_plate_3,21,5,40,best,True,1,1.0
additives,additive_rxn_screening_plate_3,21,10,20,best,True,1,1.0
additives,additive_rxn_screening_plate_3,21,10,40,best,True,1,1.0
additives,additive_rxn_screening_plate_3,22,5,20,best,True,1,1.0
additives,additive_rxn_screening_plate_3,22,5,40,best,True,1,1.0
additives,additive_rxn_screening_plate_3,22,10,20,best,True,1,1.0
additives,additive_rxn_screening_plate_3,22,10,40,best,True,1,1.0
additives,additive_rxn_screening_plate_3,23,5,20,best,True,1,1.0
additives,additive_rxn_screening_plate_3,23,5,40,best,True,1,1.0
additives,additive_rxn_screening_plate_3,23,10,20,best,True,1,1.0
additives,additive_rxn_screening_plate_3,23,10,40,best,True,1,1.0
additives,additive_rxn_screening_plate_3,24,5,20,best,False,1,0.9732636524705368
additives,additive_rxn_screening_plate_3,24,5,40,best,False,1,0.9988344153173941
additives,additive_rxn_screening_plate_3,24,10,20,best,True,1,1.0
additives,additive_rxn_screening_plate_3,24,10,40,best,True,1,1.0
additives,additive_rxn_screening_plate_3,25,5,20,best,False,1,0.9656725985172145
additives,additive_rxn_screening_plate_3,25,5,40,best,False,1,0.9984922321717522
additives,additive_rxn_screening_plate_3,25,10,20,best,True,1,1.0
additives,additive_rxn_screening_plate_3,25,10,40,best,True,1,1.0
additives,additive_rxn_screening_plate_3,26,5,20,best,False,1,0.9457108841407333
additives,additive_rxn_screening_plate_3,26,5,40,best,False,1,0.9975673738054437
additives,additive_rxn_screening_plate_3,26,10,20,best,True,1,1.0
additives,additive_rxn_screening_plate_3,26,10,40,best,True,1,1.0
additives,additive_rxn_screening_plate_3,27,5,20,best,False,1,0.9351461372231418
additives,additive_rxn_screening_plate_3,27,5,40,best,False,1,0.9970626373587899
additives,additive_rxn_screening_plate_3,27,10,20,best,True,1,1.0
additives,additive_rxn_screening_plate_3,27,10,40,best,True,1,1.0
additives,additive_rxn_screening_plate_3,28,5,20,best,True,1,1.0
additives,additive_rxn_screening_plate_3,28,5,40,best,True,1,1.0
additives,additive_rxn_screening_plate_3,28,10,20,best,True,1,1.0
additives,additive_rxn_screening_plate_3,28,10,40,best,True,1,1.0
additives,additive_rxn_screening_plate_3,29,5,20,best,False,1,0.9377907409428
additives,additive_rxn_screening_plate_3,29,5,40,best,False,1,0.9971900035902055
additives,additive_rxn_screening_plate_3,29,10,20,best,True,1,1.0
additives,additive_rxn_screening_plate_3,29,10,40,best,True,1,1.0
additives,additive_rxn_screening_plate_3,30,5,20,best,True,1,1.0
additives,additive_rxn_screening_plate_3,30,5,40,best,True,1,1.0
additives,additive_rxn_screening_plate_3,30,10,20,best,True,1,1.0
additives,additive_rxn_screening_plate_3,30,10,40,best,True,1,1.0
additives,additive_rxn_screening_plate_3,31,5,20,best,False,1,0.9641244837982039
additives,additive_rxn_screening_plate_3,31,5,40,best,False,1,0.9984218151532996
additives,additive_rxn_screening_plate_3,31,10,20,best,True,1,1.0
additives,additive_rxn_screening_plate_3,31,10,40,best,True,1,1.0
additives,additive_rxn_screening_plate_3,32,5,20,best,False,1,0.7733819888559844
additives,additive_rxn_screening_plate_3,32,5,40,best,False,1,0.9877056193503583
additives,additive_rxn_screening_plate_3,32,10,20,best,True,1,1.0
additives,additive_rxn_screening_plate_3,32,10,40,best,True,1,1.0
additives,additive_rxn_screening_plate_3,33,5,20,best,True,1,1.0
additives,additive_rxn_screening_plate_3,33,5,40,best,True,1,1.0
additives,additive_rxn_screening_plate_3,33,10,20,best,True,1,1.0
additives,additive_rxn_screening_plate_3,33,10,40,best,True,1,1.0
additives,additive_rxn_screening_plate_3,34,5,20,best,False,1,0.9656892143589423
additives,additive_rxn_screening_plate_3,34,5,40,best,False,1,0.9984929867834403
additives,additive_rxn_screening_plate_3,34,10,20,best,True,1,1.0
additives,additive_rxn_screening_plate_3,34,10,40,best,True,1,1.0
additives,additive_rxn_screening_plate_3,35,5,20,best,False,1,0.9761987059789997
additives,additive_rxn_screening_plate_3,35,5,40,best,False,1,0.9989653546056863
additives,additive_rxn_screening_plate_3,35,10,20,best,True,1,1.0
additives,additive_rxn_screening_plate_3,35,10,40,best,True,1,1.0
additives,additive_rxn_screening_plate_3,36,5,20,best,False,1,0.9420307817045747
additives,additive_rxn_screening_plate_3,36,5,40,best,False,1,0.9973927820850177
additives,additive_rxn_screening_plate_3,36,10,20,best,True,1,1.0
additives,additive_rxn_screening_plate_3,36,10,40,best,True,1,1.0
additives,additive_rxn_screening_plate_3,37,5,20,best,False,1,0.9308091051027892
additives,additive_rxn_screening_plate_3,37,5,40,best,False,1,0.9968522670059998
additives,additive_rxn_screening_plate_3,37,10,20,best,True,1,1.0
additives,additive_rxn_screening_plate_3,37,10,40,best,True,1,1.0
additives,additive_rxn_screening_plate_3,38,5,20,best,True,1,1.0
additives,additive_rxn_screening_plate_3,38,5,40,best,True,1,1.0
additives,additive_rxn_screening_plate_3,38,10,20,best,True,1,1.0
additives,additive_rxn_screening_plate_3,38,10,40,best,True,1,1.0
additives,additive_rxn_screening_plate_3,39,5,20,best,True,1,1.0
additives,additive_rxn_screening_plate_3,39,5,40,best,True,1,1.0
additives,additive_rxn_screening_plate_3,39,10,20,best,True,1,1.0
additives,additive_rxn_screening_plate_3,39,10,40,best,True,1,1.0
additives,additive_rxn_screening_plate_3,40,5,20,best,False,1,0.9058291394590163
additives,additive_rxn_screening_plate_3,40,5,40,best,False,1,0.9956032142612982
additives,additive_rxn_screening_plate_3,40,10,20,best,True,1,1.0
additives,additive_rxn_screening_plate_3,40,10,40,best,True,1,1.0
additives,additive_rxn_screening_plate_3,41,5,20,best,False,1,0.9681255977286048
additives,additive_rxn_screening_plate_3,41,5,40,best,False,1,0.9986033675353163
additives,additive_rxn_screening_plate_3,41,10,20,best,True,1,1.0
additives,additive_rxn_screening_plate_3,41,10,40,best,True,1,1.0
additives,additive_rxn_screening_plate_3,42,5,20,best,False,1,0.971053783308165
additives,additive_rxn_screening_plate_3,42,5,40,best,False,1,0.9987353285994719
additives,additive_rxn_screening_plate_3,42,10,20,best,True,1,1.0
additives,additive_rxn_screening_plate_3,42,10,40,best,True,1,1.0
additives,additive_rxn_screening_plate_3,43,5,20,best,False,1,0.9658299409736794
additives,additive_rxn_screening_plate_3,43,5,40,best,False,1,0.9984993769146078
additives,additive_rxn_screening_plate_3,43,10,20,best,True,1,1.0
additives,additive_rxn_screening_plate_3,43,10,40,best,True,1,1.0
additives,additive_rxn_screening_plate_3,44,5,20,best,False,1,0.97206097069456
additives,additive_rxn_screening_plate_3,44,5,40,best,False,1,0.9987805425790551
additives,additive_rxn_screening_plate_3,44,10,20,best,True,1,1.0
additives,additive_rxn_screening_plate_3,44,10,40,best,True,1,1.0
additives,additive_rxn_screening_plate_3,45,5,20,best,False,1,0.9752921679842216
additives,additive_rxn_screening_plate_3,45,5,40,best,False,1,0.9989249923794045
additives,additive_rxn_screening_plate_3,45,10,20,best,True,1,1.0
additives,additive_rxn_screening_plate_3,45,10,40,best,True,1,1.0
additives,additive_rxn_screening_plate_3,46,5,20,best,False,1,0.9575960265476616
additives,additive_rxn_screening_plate_3,46,5,40,best,False,1,0.9981224703159782
additives,additive_rxn_screening_plate_3,46,10,20,best,True,1,1.0
additives,additive_rxn_screening_plate_3,46,10,40,best,True,1,1.0
additives,additive_rxn_screening_plate_3,47,5,20,best,True,1,1.0
additives,additive_rxn_screening_plate_3,47,5,40,best,True,1,1.0
additives,additive_rxn_screening_plate_3,47,10,20,best,True,1,1.0
additives,additive_rxn_screening_plate_3,47,10,40,best,True,1,1.0
additives,additive_rxn_screening_plate_3,48,5,20,best,False,1,0.9694356103830679
additives,additive_rxn_screening_plate_3,48,5,40,best,False,1,0.9986624985521799
additives,additive_rxn_screening_plate_3,48,10,20,best,True,1,1.0
additives,additive_rxn_screening_plate_3,48,10,40,best,True,1,1.0
additives,additive_rxn_screening_plate_3,49,5,20,best,False,1,0.941824970786391
additives,additive_rxn_screening_plate_3,49,5,40,best,False,1,0.99738297951282
additives,additive_rxn_screening_plate_3,49,10,20,best,True,1,1.0
additives,additive_rxn_screening_plate_3,49,10,40,best,True,1,1.0
additives,additive_rxn_screening_plate_4,0,5,20,best,False,1,0.9550900791427345
additives,additive_rxn_screening_plate_4,0,5,40,best,False,1,0.9980065281904228
additives,additive_rxn_screening_plate_4,0,10,20,best,True,1,1.0
additives,additive_rxn_screening_plate_4,0,10,40,best,True,1,1.0
additives,additive_rxn_screening_plate_4,1,5,20,best,False,1,0.9683078643362192
additives,additive_rxn_screening_plate_4,1,5,40,best,False,1,0.9986116038009182
additives,additive_rxn_screening_plate_4,1,10,20,best,True,1,1.0
additives,additive_rxn_screening_plate_4,1,10,40,best,True,1,1.0
additives,additive_rxn_screening_plate_4,2,5,20,best,True,1,1.0
additives,additive_rxn_screening_plate_4,2,5,40,best,True,1,1.0
additives,additive_rxn_screening_plate_4,2,10,20,best,True,1,1.0
additives,additive_rxn_screening_plate_4,2,10,40,best,True,1,1.0
additives,additive_rxn_screening_plate_4,3,5,20,best,True,1,1.0
additives,additive_rxn_screening_plate_4,3,5,40,best,True,1,1.0
additives,additive_rxn_screening_plate_4,3,10,20,best,True,1,1.0
additives,additive_rxn_screening_plate_4,3,10,40,best,True,1,1.0
additives,additive_rxn_screening_plate_4,4,5,20,best,False,1,0.9723208747904843
additives,additive_rxn_screening_plate_4,4,5,40,best,False,1,0.9987921954780441
additives,additive_rxn_screening_plate_4,4,10,20,best,True,1,1.0
additives,additive_rxn_screening_plate_4,4,10,40,best,True,1,1.0
additives,additive_rxn_screening_plate_4,5,5,20,best,False,1,0.9364393361420531
additives,additive_rxn_screening_plate_4,5,5,40,best,False,1,0.9971250046684449
additives,additive_rxn_screening_plate_4,5,10,20,best,True,1,1.0
additives,additive_rxn_screening_plate_4,5,10,40,best,True,1,1.0
additives,additive_rxn_screening_plate_4,6,5,20,best,False,1,0.9736375290796339
additives,additive_rxn_screening_plate_4,6,5,40,best,False,1,0.9988511367511126
additives,additive_rxn_screening_plate_4,6,10,20,best,True,1,1.0
additives,additive_rxn_screening_plate_4,6,10,40,best,True,1,1.0
additives,additive_rxn_screening_plate_4,7,5,20,best,False,1,0.9558089266310271
additives,additive_rxn_screening_plate_4,7,5,40,best,False,1,0.998039846377845
additives,additive_rxn_screening_plate_4,7,10,20,best,True,1,1.0
additives,additive_rxn_screening_plate_4,7,10,40,best,True,1,1.0
additives,additive_rxn_screening_plate_4,8,5,20,best,False,1,0.9595041341176078
additives,additive_rxn_screening_plate_4,8,5,40,best,False,1,0.99821036413537
additives,additive_rxn_screening_plate_4,8,10,20,best,True,1,1.0
additives,additive_rxn_screening_plate_4,8,10,40,best,True,1,1.0
additives,additive_rxn_screening_plate_4,9,5,20,best,False,1,0.9737320126592274
additives,additive_rxn_screening_plate_4,9,5,40,best,False,1,0.9988553605352836
additives,additive_rxn_screening_plate_4,9,10,20,best,True,1,1.0
additives,additive_rxn_screening_plate_4,9,10,40,best,True,1,1.0
additives,additive_rxn_screening_plate_4,10,5,20,best,False,1,0.9498439370306104
additives,additive_rxn_screening_plate_4,10,5,40,best,False,1,0.9977619135046666
additives,additive_rxn_screening_plate_4,10,10,20,best,True,1,1.0
additives,additive_rxn_screening_plate_4,10,10,40,best,True,1,1.0
additives,additive_rxn_screening_plate_4,11,5,20,best,False,1,0.9364393361420531
additives,additive_rxn_screening_plate_4,11,5,40,best,False,1,0.9971250046684449
additives,additive_rxn_screening_plate_4,11,10,20,best,True,1,1.0
additives,additive_rxn_screening_plate_4,11,10,40,best,True,1,1.0
additives,additive_rxn_screening_plate_4,12,5,20,best,False,1,0.973251542771366
additives,additive_rxn_screening_plate_4,12,5,40,best,False,1,0.9988338735120683
additives,additive_rxn_screening_plate_4,12,10,20,best,True,1,1.0
additives,additive_rxn_screening_plate_4,12,10,40,best,True,1,1.0
additives,additive_rxn_screening_plate_4,13,5,20,best,False,1,0.9661720424775202
additives,additive_rxn_screening_plate_4,13,5,40,best,False,1,0.9985149036789888
additives,additive_rxn_screening_plate_4,13,10,20,best,True,1,1.0
additives,additive_rxn_screening_plate_4,13,10,40,best,True,1,1.0
additives,additive_rxn_screening_plate_4,14,5,20,best,True,1,1.0
additives,additive_rxn_screening_plate_4,14,5,40,best,True,1,1.0
additives,additive_rxn_screening_plate_4,14,10,20,best,True,1,1.0
additives,additive_rxn_screening_plate_4,14,10,40,best,True,1,1.0
additives,additive_rxn_screening_plate_4,15,5,20,best,False,1,0.9701595080886041
additives,additive_rxn_screening_plate_4,15,5,40,best,False,1,0.9986951081552083
additives,additive_rxn_screening_plate_4,15,10,20,best,True,1,1.0
additives,additive_rxn_screening_plate_4,15,10,40,best,True,1,1.0
additives,additive_rxn_screening_plate_4,16,5,20,best,True,1,1.0
additives,additive_rxn_screening_plate_4,16,5,40,best,True,1,1.0
additives,additive_rxn_screening_plate_4,16,10,20,best,True,1,1.0
additives,additive_rxn_screening_plate_4,16,10,40,best,True,1,1.0
additives,additive_rxn_screening_plate_4,17,5,20,best,True,1,1.0
additives,additive_rxn_screening_plate_4,17,5,40,best,True,1,1.0
additives,additive_rxn_screening_plate_4,17,10,20,best,True,1,1.0
additives,additive_rxn_screening_plate_4,17,10,40,best,True,1,1.0
additives,additive_rxn_screening_plate_4,18,5,20,best,False,1,0.9750257669074242
additives,additive_rxn_screening_plate_4,18,5,40,best,False,1,0.998913117628664
additives,additive_rxn_screening_plate_4,18,10,20,best,True,1,1.0
additives,additive_rxn_screening_plate_4,18,10,40,best,True,1,1.0
additives,additive_rxn_screening_plate_4,19,5,20,best,True,1,1.0
additives,additive_rxn_screening_plate_4,19,5,40,best,True,1,1.0
additives,additive_rxn_screening_plate_4,19,10,20,best,True,1,1.0
additives,additive_rxn_screening_plate_4,19,10,40,best,True,1,1.0
additives,additive_rxn_screening_plate_4,20,5,20,best,False,1,0.9736780986840302
additives,additive_rxn_screening_plate_4,20,5,40,best,False,1,0.9988529504665585
additives,additive_rxn_screening_plate_4,20,10,20,best,True,1,1.0
additives,additive_rxn_screening_plate_4,20,10,40,best,True,1,1.0
additives,additive_rxn_screening_plate_4,21,5,20,best,False,1,0.9770215725892578
additives,additive_rxn_screening_plate_4,21,5,40,best,False,1,0.999001929457374
additives,additive_rxn_screening_plate_4,21,10,20,best,True,1,1.0
additives,additive_rxn_screening_plate_4,21,10,40,best,True,1,1.0
additives,additive_rxn_screening_plate_4,22,5,20,best,False,1,0.9247511394973266
additives,additive_rxn_screening_plate_4,22,5,40,best,False,1,0.9965552698731152
additives,additive_rxn_screening_plate_4,22,10,20,best,True,1,1.0
additives,additive_rxn_screening_plate_4,22,10,40,best,True,1,1.0
additives,additive_rxn_screening_plate_4,23,5,20,best,True,1,1.0
additives,additive_rxn_screening_plate_4,23,5,40,best,True,1,1.0
additives,additive_rxn_screening_plate_4,23,10,20,best,True,1,1.0
additives,additive_rxn_screening_plate_4,23,10,40,best,True,1,1.0
additives,additive_rxn_screening_plate_4,24,5,20,best,False,1,0.9558089266310271
additives,additive_rxn_screening_plate_4,24,5,40,best,False,1,0.998039846377845
additives,additive_rxn_screening_plate_4,24,10,20,best,True,1,1.0
additives,additive_rxn_screening_plate_4,24,10,40,best,True,1,1.0
additives,additive_rxn_screening_plate_4,25,5,20,best,False,1,0.9754621554970171
additives,additive_rxn_screening_plate_4,25,5,40,best,False,1,0.9989325662811931
additives,additive_rxn_screening_plate_4,25,10,20,best,True,1,1.0
additives,additive_rxn_screening_plate_4,25,10,40,best,True,1,1.0
additives,additive_rxn_screening_plate_4,26,5,20,best,False,1,0.9549446496302164
additives,additive_rxn_screening_plate_4,26,5,40,best,False,1,0.9979997817824012
additives,additive_rxn_screening_plate_4,26,10,20,best,True,1,1.0
additives,additive_rxn_screening_plate_4,26,10,40,best,True,1,1.0
additives,additive_rxn_screening_plate_4,27,5,20,best,False,1,0.9713551761270449
additives,additive_rxn_screening_plate_4,27,5,40,best,False,1,0.9987488679250018
additives,additive_rxn_screening_plate_4,27,10,20,best,True,1,1.0
additives,additive_rxn_screening_plate_4,27,10,40,best,True,1,1.0
additives,additive_rxn_screening_plate_4,28,5,20,best,False,1,0.9494130239423088
additives,additive_rxn_screening_plate_4,28,5,40,best,False,1,0.9977417063086433
additives,additive_rxn_screening_plate_4,28,10,20,best,True,1,1.0
additives,additive_rxn_screening_plate_4,28,10,40,best,True,1,1.0
additives,additive_rxn_screening_plate_4,29,5,20,best,False,1,0.9745882338839358
additives,additive_rxn_screening_plate_4,29,5,40,best,False,1,0.9988936012476186
additives,additive_rxn_screening_plate_4,29,10,20,best,True,1,1.0
additives,additive_rxn_screening_plate_4,29,10,40,best,True,1,1.0
additives,additive_rxn_screening_plate_4,30,5,20,best,False,1,0.9732352691103073
additives,additive_rxn_screening_plate_4,30,5,40,best,False,1,0.998833145384801
additives,additive_rxn_screening_plate_4,30,10,20,best,True,1,1.0
additives,additive_rxn_screening_plate_4,30,10,40,best,True,1,1.0
additives,additive_rxn_screening_plate_4,31,5,20,best,True,1,1.0
additives,additive_rxn_screening_plate_4,31,5,40,best,True,1,1.0
additives,additive_rxn_screening_plate_4,31,10,20,best,True,1,1.0
additives,additive_rxn_screening_plate_4,31,10,40,best,True,1,1.0
additives,additive_rxn_screening_plate_4,32,5,20,best,False,1,0.9074792666657054
additives,additive_rxn_screening_plate_4,32,5,40,best,False,1,0.9956877465522666
additives,additive_rxn_screening_plate_4,32,10,20,best,True,1,1.0
additives,additive_rxn_screening_plate_4,32,10,40,best,True,1,1.0
additives,additive_rxn_screening_plate_4,33,5,20,best,False,1,0.9638593889285872
additives,additive_rxn_screening_plate_4,33,5,40,best,False,1,0.9984097354530336
additives,additive_rxn_screening_plate_4,33,10,20,best,True,1,1.0
additives,additive_rxn_screening_plate_4,33,10,40,best,True,1,1.0
additives,additive_rxn_screening_plate_4,34,5,20,best,True,1,1.0
additives,additive_rxn_screening_plate_4,34,5,40,best,True,1,1.0
additives,additive_rxn_screening_plate_4,34,10,20,best,True,1,1.0
additives,additive_rxn_screening_plate_4,34,10,40,best,True,1,1.0
additives,additive_rxn_screening_plate_4,35,5,20,best,False,1,0.958805355132722
additives,additive_rxn_screening_plate_4,35,5,40,best,False,1,0.9981782148401483
additives,additive_rxn_screening_plate_4,35,10,20,best,True,1,1.0
additives,additive_rxn_screening_plate_4,35,10,40,best,True,1,1.0
additives,additive_rxn_screening_plate_4,36,5,20,best,True,1,1.0
additives,additive_rxn_screening_plate_4,36,5,40,best,True,1,1.0
additives,additive_rxn_screening_plate_4,36,10,20,best,True,1,1.0
additives,additive_rxn_screening_plate_4,36,10,40,best,True,1,1.0
additives,additive_rxn_screening_plate_4,37,5,20,best,False,1,0.9515962935013028
additives,additive_rxn_screening_plate_4,37,5,40,best,False,1,0.997843908199311
additives,additive_rxn_screening_plate_4,37,10,20,best,True,1,1.0
additives,additive_rxn_screening_plate_4,37,10,40,best,True,1,1.0
additives,additive_rxn_screening_plate_4,38,5,20,best,False,1,0.9729585968969515
additives,additive_rxn_screening_plate_4,38,5,40,best,False,1,0.9988207627628612
additives,additive_rxn_screening_plate_4,38,10,20,best,True,1,1.0
additives,additive_rxn_screening_plate_4,38,10,40,best,True,1,1.0
additives,additive_rxn_screening_plate_4,39,5,20,best,False,1,0.9736780986840302
additives,additive_rxn_screening_plate_4,39,5,40,best,False,1,0.9988529504665585
additives,additive_rxn_screening_plate_4,39,10,20,best,True,1,1.0
additives,additive_rxn_screening_plate_4,39,10,40,best,True,1,1.0
additives,additive_rxn_screening_plate_4,40,5,20,best,False,1,0.973251542771366
additives,additive_rxn_screening_plate_4,40,5,40,best,False,1,0.9988338735120683
additives,additive_rxn_screening_plate_4,40,10,20,best,True,1,1.0
additives,additive_rxn_screening_plate_4,40,10,40,best,True,1,1.0
additives,additive_rxn_screening_plate_4,41,5,20,best,True,1,1.0
additives,additive_rxn_screening_plate_4,41,5,40,best,True,1,1.0
additives,additive_rxn_screening_plate_4,41,10,20,best,True,1,1.0
additives,additive_rxn_screening_plate_4,41,10,40,best,True,1,1.0
additives,additive_rxn_screening_plate_4,42,5,20,best,True,1,1.0
additives,additive_rxn_screening_plate_4,42,5,40,best,True,1,1.0
additives,additive_rxn_screening_plate_4,42,10,20,best,True,1,1.0
additives,additive_rxn_screening_plate_4,42,10,40,best,True,1,1.0
additives,additive_rxn_screening_plate_4,43,5,20,best,True,1,1.0
additives,additive_rxn_screening_plate_4,43,5,40,best,True,1,1.0
additives,additive_rxn_screening_plate_4,43,10,20,best,True,1,1.0
additives,additive_rxn_screening_plate_4,43,10,40,best,True,1,1.0
additives,additive_rxn_screening_plate_4,44,5,20,best,True,1,1.0
additives,additive_rxn_screening_plate_4,44,5,40,best,True,1,1.0
additives,additive_rxn_screening_plate_4,44,10,20,best,True,1,1.0
additives,additive_rxn_screening_plate_4,44,10,40,best,True,1,1.0
additives,additive_rxn_screening_plate_4,45,5,20,best,False,1,0.9623982654258889
additives,additive_rxn_screening_plate_4,45,5,40,best,False,1,0.9983430416049642
additives,additive_rxn_screening_plate_4,45,10,20,best,True,1,1.0
additives,additive_rxn_screening_plate_4,45,10,40,best,True,1,1.0
additives,additive_rxn_screening_plate_4,46,5,20,best,False,1,0.9560158422836081
additives,additive_rxn_screening_plate_4,46,5,40,best,False,1,0.9980494279299368
additives,additive_rxn_screening_plate_4,46,10,20,best,True,1,1.0
additives,additive_rxn_screening_plate_4,46,10,40,best,True,1,1.0
additives,additive_rxn_screening_plate_4,47,5,20,best,False,1,0.9717056247759415
additives,additive_rxn_screening_plate_4,47,5,40,best,False,1,0.9987646008624673
additives,additive_rxn_screening_plate_4,47,10,20,best,True,1,1.0
additives,additive_rxn_screening_plate_4,47,10,40,best,True,1,1.0
additives,additive_rxn_screening_plate_4,48,5,20,best,False,1,0.9540843482935486
additives,additive_rxn_screening_plate_4,48,5,40,best,False,1,0.9979598326000473
additives,additive_rxn_screening_plate_4,48,10,20,best,True,1,1.0
additives,additive_rxn_screening_plate_4,48,10,40,best,True,1,1.0
additives,additive_rxn_screening_plate_4,49,5,20,best,True,1,1.0
additives,additive_rxn_screening_plate_4,49,5,40,best,True,1,1.0
additives,additive_rxn_screening_plate_4,49,10,20,best,True,1,1.0
additives,additive_rxn_screening_plate_4,49,10,40,best,True,1,1.0
additives,additive_rxn_screening_plate_1,0,5,20,pilot_summary,False,1,0.9556165775853872
additives,additive_rxn_screening_plate_1,0,5,40,pilot_summary,False,1,0.9980477605222389
additives,additive_rxn_screening_plate_1,0,10,20,pilot_summary,False,1,0.8699925934463184
additives,additive_rxn_screening_plate_1,0,10,40,pilot_summary,False,1,0.9937457894947996
additives,additive_rxn_screening_plate_1,1,5,20,pilot_summary,True,1,1.0
additives,additive_rxn_screening_plate_1,1,5,40,pilot_summary,True,1,1.0
additives,additive_rxn_screening_plate_1,1,10,20,pilot_summary,True,1,1.0
additives,additive_rxn_screening_plate_1,1,10,40,pilot_summary,True,1,1.0
additives,additive_rxn_screening_plate_1,2,5,20,pilot_summary,False,1,0.9835174289627099
additives,additive_rxn_screening_plate_1,2,5,40,pilot_summary,False,1,0.9992946882349678
additives,additive_rxn_screening_plate_1,2,10,20,pilot_summary,False,1,0.902136165082153
additives,additive_rxn_screening_plate_1,2,10,40,pilot_summary,False,1,0.9954520556882565
additives,additive_rxn_screening_plate_1,3,5,20,pilot_summary,True,1,1.0
additives,additive_rxn_screening_plate_1,3,5,40,pilot_summary,True,1,1.0
additives,additive_rxn_screening_plate_1,3,10,20,pilot_summary,True,1,1.0
additives,additive_rxn_screening_plate_1,3,10,40,pilot_summary,True,1,1.0
additives,additive_rxn_screening_plate_1,4,5,20,pilot_summary,True,1,1.0
additives,additive_rxn_screening_plate_1,4,5,40,pilot_summary,True,1,1.0
additives,additive_rxn_screening_plate_1,4,10,20,pilot_summary,True,1,1.0
additives,additive_rxn_screening_plate_1,4,10,40,pilot_summary,True,1,1.0
additives,additive_rxn_screening_plate_1,5,5,20,pilot_summary,False,1,0.9332633397039205
additives,additive_rxn_screening_plate_1,5,5,40,pilot_summary,False,1,0.9969973899206354
additives,additive_rxn_screening_plate_1,5,10,20,pilot_summary,False,1,0.9196986960471489
additives,additive_rxn_screening_plate_1,5,10,40,pilot_summary,False,1,0.9963362350336409
additives,additive_rxn_screening_plate_1,6,5,20,pilot_summary,True,1,1.0
additives,additive_rxn_screening_plate_1,6,5,40,pilot_summary,True,1,1.0
additives,additive_rxn_screening_plate_1,6,10,20,pilot_summary,True,1,1.0
additives,additive_rxn_screening_plate_1,6,10,40,pilot_summary,True,1,1.0
additives,additive_rxn_screening_plate_1,7,5,20,pilot_summary,True,1,1.0
additives,additive_rxn_screening_plate_1,7,5,40,pilot_summary,True,1,1.0
additives,additive_rxn_screening_plate_1,7,10,20,pilot_summary,True,1,1.0
additives,additive_rxn_screening_plate_1,7,10,40,pilot_summary,True,1,1.0
additives,additive_rxn_screening_plate_1,8,5,20,pilot_summary,False,1,0.8290617566881243
additives,additive_rxn_screening_plate_1,8,5,40,pilot_summary,False,1,0.9913912108271914
additives,additive_rxn_screening_plate_1,8,10,20,pilot_summary,False,1,0.9261639563173318
additives,additive_rxn_screening_plate_1,8,10,40,pilot_summary,False,1,0.9966536646274295
additives,additive_rxn_screening_plate_1,9,5,20,pilot_summary,False,1,0.9846694494762238
additives,additive_rxn_screening_plate_1,9,5,40,pilot_summary,False,1,0.9993447194722096
additives,additive_rxn_screening_plate_1,9,10,20,pilot_summary,False,1,0.9047322320945096
additives,additive_rxn_screening_plate_1,9,10,40,pilot_summary,False,1,0.9955848156162747
additives,additive_rxn_screening_plate_1,10,5,20,pilot_summary,False,1,0.9763854319007744
additives,additive_rxn_screening_plate_1,10,5,40,pilot_summary,False,1,0.9989824371976502
additives,additive_rxn_screening_plate_1,10,10,20,pilot_summary,False,1,0.9069473405489911
additives,additive_rxn_screening_plate_1,10,10,40,pilot_summary,False,1,0.9956975206215722
additives,additive_rxn_screening_plate_1,11,5,20,pilot_summary,False,1,0.8736113347029226
additives,additive_rxn_screening_plate_1,11,5,40,pilot_summary,False,1,0.9939438534848667
additives,additive_rxn_screening_plate_1,11,10,20,pilot_summary,False,1,0.9140880618326082
additives,additive_rxn_screening_plate_1,11,10,40,pilot_summary,False,1,0.996057293459988
additives,additive_rxn_screening_plate_1,12,5,20,pilot_summary,True,1,1.0
additives,additive_rxn_screening_plate_1,12,5,40,pilot_summary,True,1,1.0
additives,additive_rxn_screening_plate_1,12,10,20,pilot_summary,True,1,1.0
additives,additive_rxn_screening_plate_1,12,10,40,pilot_summary,True,1,1.0
additives,additive_rxn_screening_plate_1,13,5,20,pilot_summary,True,1,1.0
additives,additive_rxn_screening_plate_1,13,5,40,pilot_summary,True,1,1.0
additives,additive_rxn_screening_plate_1,13,10,20,pilot_summary,True,1,1.0
additives,additive_rxn_screening_plate_1,13,10,40,pilot_summary,True,1,1.0
additives,additive_rxn_screening_plate_1,14,5,20,pilot_summary,True,1,1.0
additives,additive_rxn_screening_plate_1,14,5,40,pilot_summary,True,1,1.0
additives,additive_rxn_screening_plate_1,14,10,20,pilot_summary,True,1,1.0
additives,additive_rxn_screening_plate_1,14,10,40,pilot_summary,True,1,1.0
additives,additive_rxn_screening_plate_1,15,5,20,pilot_summary,True,1,1.0
additives,additive_rxn_screening_plate_1,15,5,40,pilot_summary,True,1,1.0
additives,additive_rxn_screening_plate_1,15,10,20,pilot_summary,True,1,1.0
additives,additive_rxn_screening_plate_1,15,10,40,pilot_summary,True,1,1.0
additives,additive_rxn_screening_plate_1,16,5,20,pilot_summary,True,1,1.0
additives,additive_rxn_screening_plate_1,16,5,40,pilot_summary,True,1,1.0
additives,additive_rxn_screening_plate_1,16,10,20,pilot_summary,True,1,1.0
additives,additive_rxn_screening_plate_1,16,10,40,pilot_summary,True,1,1.0
additives,additive_rxn_screening_plate_1,17,5,20,pilot_summary,True,1,1.0
additives,additive_rxn_screening_plate_1,17,5,40,pilot_summary,True,1,1.0
additives,additive_rxn_screening_plate_1,17,10,20,pilot_summary,True,1,1.0
additives,additive_rxn_screening_plate_1,17,10,40,pilot_summary,True,1,1.0
additives,additive_rxn_screening_plate_1,18,5,20,pilot_summary,False,1,0.9821501389918021
additives,additive_rxn_screening_plate_1,18,5,40,pilot_summary,False,1,0.99923516224512
additives,additive_rxn_screening_plate_1,18,10,20,pilot_summary,False,1,0.9025367325218476
additives,additive_rxn_screening_plate_1,18,10,40,pilot_summary,False,1,0.9954725877693887
additives,additive_rxn_screening_plate_1,19,5,20,pilot_summary,True,1,1.0
additives,additive_rxn_screening_plate_1,19,5,40,pilot_summary,True,1,1.0
additives,additive_rxn_screening_plate_1,19,10,20,pilot_summary,True,1,1.0
additives,additive_rxn_screening_plate_1,19,10,40,pilot_summary,True,1,1.0
additives,additive_rxn_screening_plate_1,20,5,20,pilot_summary,True,1,1.0
additives,additive_rxn_screening_plate_1,20,5,40,pilot_summary,True,1,1.0
additives,additive_rxn_screening_plate_1,20,10,20,pilot_summary,True,1,1.0
additives,additive_rxn_screening_plate_1,20,10,40,pilot_summary,True,1,1.0
additives,additive_rxn_screening_plate_1,21,5,20,pilot_summary,False,1,0.9495782894110244
additives,additive_rxn_screening_plate_1,21,5,40,pilot_summary,False,1,0.9977686827608971
additives,additive_rxn_screening_plate_1,21,10,20,pilot_summary,False,1,0.8753601377060989
additives,additive_rxn_screening_plate_1,21,10,40,pilot_summary,False,1,0.9940390115930492
additives,additive_rxn_screening_plate_1,22,5,20,pilot_summary,False,1,0.9876708622014226
additives,additive_rxn_screening_plate_1,22,5,40,pilot_summary,False,1,0.999474543394774
additives,additive_rxn_screening_plate_1,22,10,20,pilot_summary,False,1,0.9064312551028277
additives,additive_rxn_screening_plate_1,22,10,40,pilot_summary,False,1,0.9956713090693511
additives,additive_rxn_screening_plate_1,23,5,20,pilot_summary,True,1,1.0
additives,additive_rxn_screening_plate_1,23,5,40,pilot_summary,True,1,1.0
additives,additive_rxn_screening_plate_1,23,10,20,pilot_summary,True,1,1.0
additives,additive_rxn_screening_plate_1,23,10,40,pilot_summary,True,1,1.0
additives,additive_rxn_screening_plate_1,24,5,20,pilot_summary,False,1,0.969278283434625
additives,additive_rxn_screening_plate_1,24,5,40,pilot_summary,False,1,0.9986669012981697
additives,additive_rxn_screening_plate_1,24,10,20,pilot_summary,False,1,0.9019321316628062
additives,additive_rxn_screening_plate_1,24,10,40,pilot_summary,False,1,0.9954415907628029
additives,additive_rxn_screening_plate_1,25,5,20,pilot_summary,False,1,0.941836752284703
additives,additive_rxn_screening_plate_1,25,5,40,pilot_summary,False,1,0.9974058827943584
additives,additive_rxn_screening_plate_1,25,10,20,pilot_summary,False,1,0.8519684283045568
additives,additive_rxn_screening_plate_1,25,10,40,pilot_summary,False,1,0.9927354447550987
additives,additive_rxn_screening_plate_1,26,5,20,pilot_summary,False,1,0.9652429080042509
additives,additive_rxn_screening_plate_1,26,5,40,pilot_summary,False,1,0.9984857647734748
additives,additive_rxn_screening_plate_1,26,10,20,pilot_summary,False,1,0.8753590164731824
additives,additive_rxn_screening_plate_1,26,10,40,pilot_summary,False,1,0.9940389506990707
additives,additive_rxn_screening_plate_1,27,5,20,pilot_summary,True,1,1.0
additives,additive_rxn_screening_plate_1,27,5,40,pilot_summary,True,1,1.0
additives,additive_rxn_screening_plate_1,27,10,20,pilot_summary,True,1,1.0
additives,additive_rxn_screening_plate_1,27,10,40,pilot_summary,True,1,1.0
additives,additive_rxn_screening_plate_1,28,5,20,pilot_summary,False,1,0.9465941468965781
additives,additive_rxn_screening_plate_1,28,5,40,pilot_summary,False,1,0.9976295053427071
additives,additive_rxn_screening_plate_1,28,10,20,pilot_summary,False,1,0.8713029574483607
additives,additive_rxn_screening_plate_1,28,10,40,pilot_summary,False,1,0.9938176903222752
additives,additive_rxn_screening_plate_1,29,5,20,pilot_summary,True,1,1.0
additives,additive_rxn_screening_plate_1,29,5,40,pilot_summary,True,1,1.0
additives,additive_rxn_screening_plate_1,29,10,20,pilot_summary,True,1,1.0
additives,additive_rxn_screening_plate_1,29,10,40,pilot_summary,True,1,1.0
additives,additive_rxn_screening_plate_1,30,5,20,pilot_summary,False,1,0.9743551248536473
additives,additive_rxn_screening_plate_1,30,5,40,pilot_summary,False,1,0.9988927470944364
additives,additive_rxn_screening_plate_1,30,10,20,pilot_summary,False,1,0.8881167021740697
additives,additive_rxn_screening_plate_1,30,10,40,pilot_summary,False,1,0.9947223359119727
additives,additive_rxn_screening_plate_1,31,5,20,pilot_summary,False,1,0.9536655509461036
additives,additive_rxn_screening_plate_1,31,5,40,pilot_summary,False,1,0.9979579573552488
additives,additive_rxn_screening_plate_1,31,10,20,pilot_summary,False,1,0.9125751641599968
additives,additive_rxn_screening_plate_1,31,10,40,pilot_summary,False,1,0.9959815172072034
additives,additive_rxn_screening_plate_1,32,5,20,pilot_summary,False,1,0.7533694060008126
additives,additive_rxn_screening_plate_1,32,5,40,pilot_summary,False,1,0.9864000686355686
additives,additive_rxn_screening_plate_1,32,10,20,pilot_summary,False,1,0.9287239866608872
additives,additive_rxn_screening_plate_1,32,10,40,pilot_summary,False,1,0.9967781900497985
additives,additive_rxn_screening_plate_1,33,5,20,pilot_summary,False,1,0.9634039849563628
additives,additive_rxn_screening_plate_1,33,5,40,pilot_summary,False,1,0.9984027394085013
additives,additive_rxn_screening_plate_1,33,10,20,pilot_summary,False,1,0.8698299825243183
additives,additive_rxn_screening_plate_1,33,10,40,pilot_summary,False,1,0.9937368525076297
additives,additive_rxn_screening_plate_1,34,5,20,pilot_summary,True,1,1.0
additives,additive_rxn_screening_plate_1,34,5,40,pilot_summary,True,1,1.0
additives,additive_rxn_screening_plate_1,34,10,20,pilot_summary,True,1,1.0
additives,additive_rxn_screening_plate_1,34,10,40,pilot_summary,True,1,1.0
additives,additive_rxn_screening_plate_1,35,5,20,pilot_summary,True,1,1.0
additives,additive_rxn_screening_plate_1,35,5,40,pilot_summary,True,1,1.0
additives,additive_rxn_screening_plate_1,35,10,20,pilot_summary,True,1,1.0
additives,additive_rxn_screening_plate_1,35,10,40,pilot_summary,True,1,1.0
additives,additive_rxn_screening_plate_1,36,5,20,pilot_summary,False,1,0.9416323904536489
additives,additive_rxn_screening_plate_1,36,5,40,pilot_summary,False,1,0.9973962283549027
additives,additive_rxn_screening_plate_1,36,10,20,pilot_summary,False,1,0.8596309209672753
additives,additive_rxn_screening_plate_1,36,10,40,pilot_summary,False,1,0.9931698912209433
additives,additive_rxn_screening_plate_1,37,5,20,pilot_summary,False,1,0.9680275191852442
additives,additive_rxn_screening_plate_1,37,5,40,pilot_summary,False,1,0.998610912532819
additives,additive_rxn_screening_plate_1,37,10,20,pilot_summary,False,1,0.8733677569637154
additives,additive_rxn_screening_plate_1,37,10,40,pilot_summary,False,1,0.9939305708346826
additives,additive_rxn_screening_plate_1,38,5,20,pilot_summary,True,1,1.0
additives,additive_rxn_screening_plate_1,38,5,40,pilot_summary,True,1,1.0
additives,additive_rxn_screening_plate_1,38,10,20,pilot_summary,True,1,1.0
additives,additive_rxn_screening_plate_1,38,10,40,pilot_summary,True,1,1.0
additives,additive_rxn_screening_plate_1,39,5,20,pilot_summary,False,1,0.9847770763724691
additives,additive_rxn_screening_plate_1,39,5,40,pilot_summary,False,1,0.9993493878903553
additives,additive_rxn_screening_plate_1,39,10,20,pilot_summary,False,1,0.9121454696729548
additives,additive_rxn_screening_plate_1,39,10,40,pilot_summary,False,1,0.995959951443658
additives,additive_rxn_screening_plate_1,40,5,20,pilot_summary,True,1,1.0
additives,additive_rxn_screening_plate_1,40,5,40,pilot_summary,True,1,1.0
additives,additive_rxn_screening_plate_1,40,10,20,pilot_summary,True,1,1.0
additives,additive_rxn_screening_plate_1,40,10,40,pilot_summary,True,1,1.0
additives,additive_rxn_screening_plate_1,41,5,20,pilot_summary,True,1,1.0
additives,additive_rxn_screening_plate_1,41,5,40,pilot_summary,True,1,1.0
additives,additive_rxn_screening_plate_1,41,10,20,pilot_summary,True,1,1.0
additives,additive_rxn_screening_plate_1,41,10,40,pilot_summary,True,1,1.0
additives,additive_rxn_screening_plate_1,42,5,20,pilot_summary,False,1,0.9718704950608221
additives,additive_rxn_screening_plate_1,42,5,40,pilot_summary,False,1,0.9987824991617846
additives,additive_rxn_screening_plate_1,42,10,20,pilot_summary,False,1,0.9080650451672101
additives,additive_rxn_screening_plate_1,42,10,40,pilot_summary,False,1,0.995754190494317
additives,additive_rxn_screening_plate_1,43,5,20,pilot_summary,True,1,1.0
additives,additive_rxn_screening_plate_1,43,5,40,pilot_summary,True,1,1.0
additives,additive_rxn_screening_plate_1,43,10,20,pilot_summary,True,1,1.0
additives,additive_rxn_screening_plate_1,43,10,40,pilot_summary,True,1,1.0
additives,additive_rxn_screening_plate_1,44,5,20,pilot_summary,True,1,1.0
additives,additive_rxn_screening_plate_1,44,5,40,pilot_summary,True,1,1.0
additives,additive_rxn_screening_plate_1,44,10,20,pilot_summary,True,1,1.0
additives,additive_rxn_screening_plate_1,44,10,40,pilot_summary,True,1,1.0
additives,additive_rxn_screening_plate_1,45,5,20,pilot_summary,True,1,1.0
additives,additive_rxn_screening_plate_1,45,5,40,pilot_summary,True,1,1.0
additives,additive_rxn_screening_plate_1,45,10,20,pilot_summary,True,1,1.0
additives,additive_rxn_screening_plate_1,45,10,40,pilot_summary,True,1,1.0
additives,additive_rxn_screening_plate_1,46,5,20,pilot_summary,False,1,0.9643875225249363
additives,additive_rxn_screening_plate_1,46,5,40,pilot_summary,False,1,0.9984471827235617
additives,additive_rxn_screening_plate_1,46,10,20,pilot_summary,False,1,0.8760841447620646
additives,additive_rxn_screening_plate_1,46,10,40,pilot_summary,False,1,0.9940783013089922
additives,additive_rxn_screening_plate_1,47,5,20,pilot_summary,False,1,0.9806661356769558
additives,additive_rxn_screening_plate_1,47,5,40,pilot_summary,False,1,0.9991703752674018
additives,additive_rxn_screening_plate_1,47,10,20,pilot_summary,False,1,0.8525564167063354
additives,additive_rxn_screening_plate_1,47,10,40,pilot_summary,False,1,0.992769045471738
additives,additive_rxn_screening_plate_1,48,5,20,pilot_summary,False,1,0.965429765596723
additives,additive_rxn_screening_plate_1,48,5,40,pilot_summary,False,1,0.9984941842582478
additives,additive_rxn_screening_plate_1,48,10,20,pilot_summary,False,1,0.8891401956811791
additives,additive_rxn_screening_plate_1,48,10,40,pilot_summary,False,1,0.9947763512111697
additives,additive_rxn_screening_plate_1,49,5,20,pilot_summary,False,1,0.9332713441800883
additives,additive_rxn_screening_plate_1,49,5,40,pilot_summary,False,1,0.9969977746485001
additives,additive_rxn_screening_plate_1,49,10,20,pilot_summary,False,1,0.8689401500969729
additives,additive_rxn_screening_plate_1,49,10,40,pilot_summary,False,1,0.9936878915349103
additives,additive_rxn_screening_plate_2,0,5,20,pilot_summary,False,1,0.9640104789004194
additives,additive_rxn_screening_plate_2,0,5,40,pilot_summary,False,1,0.9984301554268838
additives,additive_rxn_screening_plate_2,0,10,20,pilot_summary,False,1,0.9123401931447758
additives,additive_rxn_screening_plate_2,0,10,40,pilot_summary,False,1,0.9959697267428226
additives,additive_rxn_screening_plate_2,1,5,20,pilot_summary,True,1,1.0
additives,additive_rxn_screening_plate_2,1,5,40,pilot_summary,True,1,1.0
additives,additive_rxn_screening_plate_2,1,10,20,pilot_summary,True,1,1.0
additives,additive_rxn_screening_plate_2,1,10,40,pilot_summary,True,1,1.0
additives,additive_rxn_screening_plate_2,2,5,20,pilot_summary,True,1,1.0
additives,additive_rxn_screening_plate_2,2,5,40,pilot_summary,True,1,1.0
additives,additive_rxn_screening_plate_2,2,10,20,pilot_summary,True,1,1.0
additives,additive_rxn_screening_plate_2,2,10,40,pilot_summary,True,1,1.0
additives,additive_rxn_screening_plate_2,3,5,20,pilot_summary,False,1,0.9690877388845056
additives,additive_rxn_screening_plate_2,3,5,40,pilot_summary,False,1,0.99865838075637
additives,additive_rxn_screening_plate_2,3,10,20,pilot_summary,False,1,0.9097326259229859
additives,additive_rxn_screening_plate_2,3,10,40,pilot_summary,False,1,0.9958384932657096
additives,additive_rxn_screening_plate_2,4,5,20,pilot_summary,False,1,0.9810152907832496
additives,additive_rxn_screening_plate_2,4,5,40,pilot_summary,False,1,0.9991856351723011
additives,additive_rxn_screening_plate_2,4,10,20,pilot_summary,False,1,0.9132802255116235
additives,additive_rxn_screening_plate_2,4,10,40,pilot_summary,False,1,0.9960168612995238
additives,additive_rxn_screening_plate_2,5,5,20,pilot_summary,False,1,0.9658035561951055
additives,additive_rxn_screening_plate_2,5,5,40,pilot_summary,False,1,0.9985110172745231
additives,additive_rxn_screening_plate_2,5,10,20,pilot_summary,False,1,0.9196251029718079
additives,additive_rxn_screening_plate_2,5,10,40,pilot_summary,False,1,0.996332597261593
additives,additive_rxn_screening_plate_2,6,5,20,pilot_summary,True,1,1.0
additives,additive_rxn_screening_plate_2,6,5,40,pilot_summary,True,1,1.0
additives,additive_rxn_screening_plate_2,6,10,20,pilot_summary,True,1,1.0
additives,additive_rxn_screening_plate_2,6,10,40,pilot_summary,True,1,1.0
additives,additive_rxn_screening_plate_2,7,5,20,pilot_summary,True,1,1.0
additives,additive_rxn_screening_plate_2,7,5,40,pilot_summary,True,1,1.0
additives,additive_rxn_screening_plate_2,7,10,20,pilot_summary,True,1,1.0
additives,additive_rxn_screening_plate_2,7,10,40,pilot_summary,True,1,1.0
additives,additive_rxn_screening_plate_2,8,5,20,pilot_summary,False,1,0.8515303406877509
additives,additive_rxn_screening_plate_2,8,5,40,pilot_summary,False,1,0.9927103814642012
additives,additive_rxn_screening_plate_2,8,10,20,pilot_summary,False,1,0.9360657132234932
additives,additive_rxn_screening_plate_2,8,10,40,pilot_summary,False,1,0.9971316994026715
additives,additive_rxn_screening_plate_2,9,5,20,pilot_summary,True,1,1.0
additives,additive_rxn_screening_plate_2,9,5,40,pilot_summary,True,1,1.0
additives,additive_rxn_screening_plate_2,9,10,20,pilot_summary,True,1,1.0
additives,additive_rxn_screening_plate_2,9,10,40,pilot_summary,True,1,1.0
additives,additive_rxn_screening_plate_2,10,5,20,pilot_summary,True,1,1.0
additives,additive_rxn_screening_plate_2,10,5,40,pilot_summary,True,1,1.0
additives,additive_rxn_screening_plate_2,10,10,20,pilot_summary,True,1,1.0
additives,additive_rxn_screening_plate_2,10,10,40,pilot_summary,True,1,1.0
additives,additive_rxn_screening_plate_2,11,5,20,pilot_summary,False,1,0.914286586969905
additives,additive_rxn_screening_plate_2,11,5,40,pilot_summary,False,1,0.9960672191964619
additives,additive_rxn_screening_plate_2,11,10,20,pilot_summary,False,1,0.8898532194650917
additives,additive_rxn_screening_plate_2,11,10,40,pilot_summary,False,1,0.9948139113641259
additives,additive_rxn_screening_plate_2,12,5,20,pilot_summary,True,1,1.0
additives,additive_rxn_screening_plate_2,12,5,40,pilot_summary,True,1,1.0
additives,additive_rxn_screening_plate_2,12,10,20,pilot_summary,True,1,1.0
additives,additive_rxn_screening_plate_2,12,10,40,pilot_summary,True,1,1.0
additives,additive_rxn_screening_plate_2,13,5,20,pilot_summary,False,1,0.9833667265938429
additives,additive_rxn_screening_plate_2,13,5,40,pilot_summary,False,1,0.9992881350643916
additives,additive_rxn_screening_plate_2,13,10,20,pilot_summary,False,1,0.9046780284102255
additives,additive_rxn_screening_plate_2,13,10,40,pilot_summary,False,1,0.995582051128476
additives,additive_rxn_screening_plate_2,14,5,20,pilot_summary,True,1,1.0
additives,additive_rxn_screening_plate_2,14,5,40,pilot_summary,True,1,1.0
additives,additive_rxn_screening_plate_2,14,10,20,pilot_summary,True,1,1.0
additives,additive_rxn_screening_plate_2,14,10,40,pilot_summary,True,1,1.0
additives,additive_rxn_screening_plate_2,15,5,20,pilot_summary,True,1,1.0
additives,additive_rxn_screening_plate_2,15,5,40,pilot_summary,True,1,1.0
additives,additive_rxn_screening_plate_2,15,10,20,pilot_summary,True,1,1.0
additives,additive_rxn_screening_plate_2,15,10,40,pilot_summary,True,1,1.0
additives,additive_rxn_screening_plate_2,16,5,20,pilot_summary,True,1,1.0
additives,additive_rxn_screening_plate_2,16,5,40,pilot_summary,True,1,1.0
additives,additive_rxn_screening_plate_2,16,10,20,pilot_summary,True,1,1.0
additives,additive_rxn_screening_plate_2,16,10,40,pilot_summary,True,1,1.0
additives,additive_rxn_screening_plate_2,17,5,20,pilot_summary,True,1,1.0
additives,additive_rxn_screening_plate_2,17,5,40,pilot_summary,True,1,1.0
additives,additive_rxn_screening_plate_2,17,10,20,pilot_summary,True,1,1.0
additives,additive_rxn_screening_plate_2,17,10,40,pilot_summary,True,1,1.0
additives,additive_rxn_screening_plate_2,18,5,20,pilot_summary,False,1,0.9426971542234418
additives,additive_rxn_screening_plate_2,18,5,40,pilot_summary,False,1,0.9974464859450044
additives,additive_rxn_screening_plate_2,18,10,20,pilot_summary,False,1,0.9267184489682765
additives,additive_rxn_screening_plate_2,18,10,40,pilot_summary,False,1,0.9966806920776885
additives,additive_rxn_screening_plate_2,19,5,20,pilot_summary,True,1,1.0
additives,additive_rxn_screening_plate_2,19,5,40,pilot_summary,True,1,1.0
additives,additive_rxn_screening_plate_2,19,10,20,pilot_summary,True,1,1.0
additives,additive_rxn_screening_plate_2,19,10,40,pilot_summary,True,1,1.0
additives,additive_rxn_screening_plate_2,20,5,20,pilot_summary,False,1,0.9566748509072455
additives,additive_rxn_screening_plate_2,20,5,40,pilot_summary,False,1,0.9980963249471424
additives,additive_rxn_screening_plate_2,20,10,20,pilot_summary,False,1,0.899205042506927
additives,additive_rxn_screening_plate_2,20,10,40,pilot_summary,False,1,0.9953012829859686
additives,additive_rxn_screening_plate_2,21,5,20,pilot_summary,False,1,0.9326525760968115
additives,additive_rxn_screening_plate_2,21,5,40,pilot_summary,False,1,0.9969680155242209
additives,additive_rxn_screening_plate_2,21,10,20,pilot_summary,False,1,0.9084109657416503
additives,additive_rxn_screening_plate_2,21,10,40,pilot_summary,False,1,0.9957717024094471
additives,additive_rxn_screening_plate_2,22,5,20,pilot_summary,False,1,0.9705464861547024
additives,additive_rxn_screening_plate_2,22,5,40,pilot_summary,False,1,0.9987235297186388
additives,additive_rxn_screening_plate_2,22,10,20,pilot_summary,False,1,0.9148765698198168
additives,additive_rxn_screening_plate_2,22,10,40,pilot_summary,False,1,0.9960966925350178
additives,additive_rxn_screening_plate_2,23,5,20,pilot_summary,True,1,1.0
additives,additive_rxn_screening_plate_2,23,5,40,pilot_summary,True,1,1.0
additives,additive_rxn_screening_plate_2,23,10,20,pilot_summary,True,1,1.0
additives,additive_rxn_screening_plate_2,23,10,40,pilot_summary,True,1,1.0
additives,additive_rxn_screening_plate_2,24,5,20,pilot_summary,False,1,0.9817957690314942
additives,additive_rxn_screening_plate_2,24,5,40,pilot_summary,False,1,0.9992197085900497
additives,additive_rxn_screening_plate_2,24,10,20,pilot_summary,False,1,0.9151202092020175
additives,additive_rxn_screening_plate_2,24,10,40,pilot_summary,False,1,0.9961088532690379
additives,additive_rxn_screening_plate_2,25,5,20,pilot_summary,False,1,0.9651344146072103
additives,additive_rxn_screening_plate_2,25,5,40,pilot_summary,False,1,0.998480874815033
additives,additive_rxn_screening_plate_2,25,10,20,pilot_summary,False,1,0.8998128816983135
additives,additive_rxn_screening_plate_2,25,10,40,pilot_summary,False,1,0.9953326263218197
additives,additive_rxn_screening_plate_2,26,5,20,pilot_summary,True,1,1.0
additives,additive_rxn_screening_plate_2,26,5,40,pilot_summary,True,1,1.0
additives,additive_rxn_screening_plate_2,26,10,20,pilot_summary,True,1,1.0
additives,additive_rxn_screening_plate_2,26,10,40,pilot_summary,True,1,1.0
additives,additive_rxn_screening_plate_2,27,5,20,pilot_summary,False,1,0.9480387846934046
additives,additive_rxn_screening_plate_2,27,5,40,pilot_summary,False,1,0.9976969863649351
additives,additive_rxn_screening_plate_2,27,10,20,pilot_summary,False,1,0.8845788840537736
additives,additive_rxn_screening_plate_2,27,10,40,pilot_summary,False,1,0.9945347088991473
additives,additive_rxn_screening_plate_2,28,5,20,pilot_summary,False,1,0.9449149431267833
additives,additive_rxn_screening_plate_2,28,5,40,pilot_summary,False,1,0.9975508196382658
additives,additive_rxn_screening_plate_2,28,10,20,pilot_summary,False,1,0.8736604608918581
additives,additive_rxn_screening_plate_2,28,10,40,pilot_summary,False,1,0.993946531553243
additives,additive_rxn_screening_plate_2,29,5,20,pilot_summary,False,1,0.9687569647470782
additives,additive_rxn_screening_plate_2,29,5,40,pilot_summary,False,1,0.998643581982681
additives,additive_rxn_screening_plate_2,29,10,20,pilot_summary,False,1,0.8966738768824286
additives,additive_rxn_screening_plate_2,29,10,40,pilot_summary,False,1,0.9951703274240331
additives,additive_rxn_screening_plate_2,30,5,20,pilot_summary,True,1,1.0
additives,additive_rxn_screening_plate_2,30,5,40,pilot_summary,True,1,1.0
additives,additive_rxn_screening_plate_2,30,10,20,pilot_summary,True,1,1.0
additives,additive_rxn_screening_plate_2,30,10,40,pilot_summary,True,1,1.0
additives,additive_rxn_screening_plate_2,31,5,20,pilot_summary,False,1,0.9723206900993545
additives,additive_rxn_screening_plate_2,31,5,40,pilot_summary,False,1,0.9988025151936846
additives,additive_rxn_screening_plate_2,31,10,20,pilot_summary,False,1,0.9083262352908402
additives,additive_rxn_screening_plate_2,31,10,40,pilot_summary,False,1,0.9957674141837494
additives,additive_rxn_screening_plate_2,32,5,20,pilot_summary,False,1,0.7605789036920015
additives,additive_rxn_screening_plate_2,32,5,40,pilot_summary,False,1,0.9869159272145509
additives,additive_rxn_screening_plate_2,32,10,20,pilot_summary,False,1,0.9365033220895991
additives,additive_rxn_screening_plate_2,32,10,40,pilot_summary,False,1,0.9971526033959054
additives,additive_rxn_screening_plate_2,33,5,20,pilot_summary,False,1,0.973190778033247
additives,additive_rxn_screening_plate_2,33,5,40,pilot_summary,False,1,0.9988411497866175
additives,additive_rxn_screening_plate_2,33,10,20,pilot_summary,False,1,0.9168974682176498
additives,additive_rxn_screening_plate_2,33,10,40,pilot_summary,False,1,0.9961973747462707
additives,additive_rxn_screening_plate_2,34,5,20,pilot_summary,True,1,1.0
additives,additive_rxn_screening_plate_2,34,5,40,pilot_summary,True,1,1.0
additives,additive_rxn_screening_plate_2,34,10,20,pilot_summary,True,1,1.0
additives,additive_rxn_screening_plate_2,34,10,40,pilot_summary,True,1,1.0
additives,additive_rxn_screening_plate_2,35,5,20,pilot_summary,True,1,1.0
additives,additive_rxn_screening_plate_2,35,5,40,pilot_summary,True,1,1.0
additives,additive_rxn_screening_plate_2,35,10,20,pilot_summary,True,1,1.0
additives,additive_rxn_screening_plate_2,35,10,40,pilot_summary,True,1,1.0
additives,additive_rxn_screening_plate_2,36,5,20,pilot_summary,True,1,1.0
additives,additive_rxn_screening_plate_2,36,5,40,pilot_summary,True,1,1.0
additives,additive_rxn_screening_plate_2,36,10,20,pilot_summary,True,1,1.0
additives,additive_rxn_screening_plate_2,36,10,40,pilot_summary,True,1,1.0
additives,additive_rxn_screening_plate_2,37,5,20,pilot_summary,False,1,0.9798266145529501
additives,additive_rxn_screening_plate_2,37,5,40,pilot_summary,False,1,0.9991336412013404
additives,additive_rxn_screening_plate_2,37,10,20,pilot_summary,False,1,0.9075664153184083
additives,additive_rxn_screening_plate_2,37,10,40,pilot_summary,False,1,0.9957289254061865
additives,additive_rxn_screening_plate_2,38,5,20,pilot_summary,True,1,1.0
additives,additive_rxn_screening_plate_2,38,5,40,pilot_summary,True,1,1.0
additives,additive_rxn_screening_plate_2,38,10,20,pilot_summary,True,1,1.0
additives,additive_rxn_screening_plate_2,38,10,40,pilot_summary,True,1,1.0
additives,additive_rxn_screening_plate_2,39,5,20,pilot_summary,True,1,1.0
additives,additive_rxn_screening_plate_2,39,5,40,pilot_summary,True,1,1.0
additives,additive_rxn_screening_plate_2,39,10,20,pilot_summary,True,1,1.0
additives,additive_rxn_screening_plate_2,39,10,40,pilot_summary,True,1,1.0
additives,additive_rxn_screening_plate_2,40,5,20,pilot_summary,True,1,1.0
additives,additive_rxn_screening_plate_2,40,5,40,pilot_summary,True,1,1.0
additives,additive_rxn_screening_plate_2,40,10,20,pilot_summary,True,1,1.0
additives,additive_rxn_screening_plate_2,40,10,40,pilot_summary,True,1,1.0
additives,additive_rxn_screening_plate_2,41,5,20,pilot_summary,True,1,1.0
additives,additive_rxn_screening_plate_2,41,5,40,pilot_summary,True,1,1.0
additives,additive_rxn_screening_plate_2,41,10,20,pilot_summary,True,1,1.0
additives,additive_rxn_screening_plate_2,41,10,40,pilot_summary,True,1,1.0
additives,additive_rxn_screening_plate_2,42,5,20,pilot_summary,False,1,0.9599816102650433
additives,additive_rxn_screening_plate_2,42,5,40,pilot_summary,False,1,0.9982474131737735
additives,additive_rxn_screening_plate_2,42,10,20,pilot_summary,False,1,0.8755088740435608
additives,additive_rxn_screening_plate_2,42,10,40,pilot_summary,False,1,0.994047088122942
additives,additive_rxn_screening_plate_2,43,5,20,pilot_summary,False,1,0.9670976610460489
additives,additive_rxn_screening_plate_2,43,5,40,pilot_summary,False,1,0.9985691989217533
additives,additive_rxn_screening_plate_2,43,10,20,pilot_summary,False,1,0.9187462005233467
additives,additive_rxn_screening_plate_2,43,10,40,pilot_summary,False,1,0.9962891093375369
additives,additive_rxn_screening_plate_2,44,5,20,pilot_summary,False,1,0.9705302931956198
additives,additive_rxn_screening_plate_2,44,5,40,pilot_summary,False,1,0.9987228075548886
additives,additive_rxn_screening_plate_2,44,10,20,pilot_summary,False,1,0.8958386829802746
additives,additive_rxn_screening_plate_2,44,10,40,pilot_summary,False,1,0.9951269620046441
additives,additive_rxn_screening_plate_2,45,5,20,pilot_summary,False,1,0.9407534185379567
additives,additive_rxn_screening_plate_2,45,5,40,pilot_summary,False,1,0.9973546583763421
additives,additive_rxn_screening_plate_2,45,10,20,pilot_summary,False,1,0.8949253722977417
additives,additive_rxn_screening_plate_2,45,10,40,pilot_summary,False,1,0.9950794522475612
additives,additive_rxn_screening_plate_2,46,5,20,pilot_summary,False,1,0.9180206241698975
additives,additive_rxn_screening_plate_2,46,5,40,pilot_summary,False,1,0.9962531480800442
additives,additive_rxn_screening_plate_2,46,10,20,pilot_summary,False,1,0.9150081868597477
additives,additive_rxn_screening_plate_2,46,10,40,pilot_summary,False,1,0.9961032626829528
additives,additive_rxn_screening_plate_2,47,5,20,pilot_summary,False,1,0.9664473859678977
additives,additive_rxn_screening_plate_2,47,5,40,pilot_summary,False,1,0.9985399818397326
additives,additive_rxn_screening_plate_2,47,10,20,pilot_summary,False,1,0.890840074633571
additives,additive_rxn_screening_plate_2,47,10,40,pilot_summary,False,1,0.9948658016787595
additives,additive_rxn_screening_plate_2,48,5,20,pilot_summary,False,1,0.9133853781171679
additives,additive_rxn_screening_plate_2,48,5,40,pilot_summary,False,1,0.9960221280441435
additives,additive_rxn_screening_plate_2,48,10,20,pilot_summary,False,1,0.9200214980962714
additives,additive_rxn_screening_plate_2,48,10,40,pilot_summary,False,1,0.9963521848685732
additives,additive_rxn_screening_plate_2,49,5,20,pilot_summary,False,1,0.9621246068918908
additives,additive_rxn_screening_plate_2,49,5,40,pilot_summary,False,1,0.9983447978574709
additives,additive_rxn_screening_plate_2,49,10,20,pilot_summary,False,1,0.9031392368917087
additives,additive_rxn_screening_plate_2,49,10,40,pilot_summary,False,1,0.9955034379227496
additives,additive_rxn_screening_plate_3,0,5,20,pilot_summary,False,1,0.9801166130191029
additives,additive_rxn_screening_plate_3,0,5,40,pilot_summary,False,1,0.9991463371762294
additives,additive_rxn_screening_plate_3,0,10,20,pilot_summary,True,1,1.0
additives,additive_rxn_screening_plate_3,0,10,40,pilot_summary,True,1,1.0
additives,additive_rxn_screening_plate_3,1,5,20,pilot_summary,False,1,0.9776017456897921
additives,additive_rxn_screening_plate_3,1,5,40,pilot_summary,False,1,0.9990359978693559
additives,additive_rxn_screening_plate_3,1,10,20,pilot_summary,True,1,1.0
additives,additive_rxn_screening_plate_3,1,10,40,pilot_summary,True,1,1.0
additives,additive_rxn_screening_plate_3,2,5,20,pilot_summary,False,1,0.8619695336644865
additives,additive_rxn_screening_plate_3,2,5,40,pilot_summary,False,1,0.9933010216371015
additives,additive_rxn_screening_plate_3,2,10,20,pilot_summary,True,1,1.0
additives,additive_rxn_screening_plate_3,2,10,40,pilot_summary,True,1,1.0
additives,additive_rxn_screening_plate_3,3,5,20,pilot_summary,False,1,0.9515058675060698
additives,additive_rxn_screening_plate_3,3,5,40,pilot_summary,False,1,0.9978581394996251
additives,additive_rxn_screening_plate_3,3,10,20,pilot_summary,True,1,1.0
additives,additive_rxn_screening_plate_3,3,10,40,pilot_summary,True,1,1.0
additives,additive_rxn_screening_plate_3,4,5,20,pilot_summary,False,1,0.9717913227466807
additives,additive_rxn_screening_plate_3,4,5,40,pilot_summary,False,1,0.9987789772628043
additives,additive_rxn_screening_plate_3,4,10,20,pilot_summary,True,1,1.0
additives,additive_rxn_screening_plate_3,4,10,40,pilot_summary,True,1,1.0
additives,additive_rxn_screening_plate_3,5,5,20,pilot_summary,False,1,0.968319014442781
additives,additive_rxn_screening_plate_3,5,5,40,pilot_summary,False,1,0.9986239732876931
additives,additive_rxn_screening_plate_3,5,10,20,pilot_summary,True,1,1.0
additives,additive_rxn_screening_plate_3,5,10,40,pilot_summary,True,1,1.0
additives,additive_rxn_screening_plate_3,6,5,20,pilot_summary,False,1,0.9383735811996364
additives,additive_rxn_screening_plate_3,6,5,40,pilot_summary,False,1,0.9972417332940622
additives,additive_rxn_screening_plate_3,6,10,20,pilot_summary,True,1,1.0
additives,additive_rxn_screening_plate_3,6,10,40,pilot_summary,True,1,1.0
additives,additive_rxn_screening_plate_3,7,5,20,pilot_summary,True,1,1.0
additives,additive_rxn_screening_plate_3,7,5,40,pilot_summary,True,1,1.0
additives,additive_rxn_screening_plate_3,7,10,20,pilot_summary,True,1,1.0
additives,additive_rxn_screening_plate_3,7,10,40,pilot_summary,True,1,1.0
additives,additive_rxn_screening_plate_3,8,5,20,pilot_summary,False,1,0.9351257787801674
additives,additive_rxn_screening_plate_3,8,5,40,pilot_summary,False,1,0.9970867368134242
additives,additive_rxn_screening_plate_3,8,10,20,pilot_summary,True,1,1.0
additives,additive_rxn_screening_plate_3,8,10,40,pilot_summary,True,1,1.0
additives,additive_rxn_screening_plate_3,9,5,20,pilot_summary,False,1,0.9698903344740955
additives,additive_rxn_screening_plate_3,9,5,40,pilot_summary,False,1,0.9986942485937526
additives,additive_rxn_screening_plate_3,9,10,20,pilot_summary,True,1,1.0
additives,additive_rxn_screening_plate_3,9,10,40,pilot_summary,True,1,1.0
additives,additive_rxn_screening_plate_3,10,5,20,pilot_summary,False,1,0.9596294288745897
additives,additive_rxn_screening_plate_3,10,5,40,pilot_summary,False,1,0.9982313691242984
additives,additive_rxn_screening_plate_3,10,10,20,pilot_summary,True,1,1.0
additives,additive_rxn_screening_plate_3,10,10,40,pilot_summary,True,1,1.0
additives,additive_rxn_screening_plate_3,11,5,20,pilot_summary,False,1,0.9782329271995519
additives,additive_rxn_screening_plate_3,11,5,40,pilot_summary,False,1,0.9990637418652234
additives,additive_rxn_screening_plate_3,11,10,20,pilot_summary,True,1,1.0
additives,additive_rxn_screening_plate_3,11,10,40,pilot_summary,True,1,1.0
additives,additive_rxn_screening_plate_3,12,5,20,pilot_summary,False,1,0.8676007401892357
additives,additive_rxn_screening_plate_3,12,5,40,pilot_summary,False,1,0.9936140133719233
additives,additive_rxn_screening_plate_3,12,10,20,pilot_summary,True,1,1.0
additives,additive_rxn_screening_plate_3,12,10,40,pilot_summary,True,1,1.0
additives,additive_rxn_screening_plate_3,13,5,20,pilot_summary,False,1,0.9289286037099583
additives,additive_rxn_screening_plate_3,13,5,40,pilot_summary,False,1,0.9967881147832145
additives,additive_rxn_screening_plate_3,13,10,20,pilot_summary,True,1,1.0
additives,additive_rxn_screening_plate_3,13,10,40,pilot_summary,True,1,1.0
additives,additive_rxn_screening_plate_3,14,5,20,pilot_summary,False,1,0.9542814282569742
additives,additive_rxn_screening_plate_3,14,5,40,pilot_summary,False,1,0.9979863432857612
additives,additive_rxn_screening_plate_3,14,10,20,pilot_summary,True,1,1.0
additives,additive_rxn_screening_plate_3,14,10,40,pilot_summary,True,1,1.0
additives,additive_rxn_screening_plate_3,15,5,20,pilot_summary,False,1,0.9620653893686986
additives,additive_rxn_screening_plate_3,15,5,40,pilot_summary,False,1,0.9983421123959768
additives,additive_rxn_screening_plate_3,15,10,20,pilot_summary,True,1,1.0
additives,additive_rxn_screening_plate_3,15,10,40,pilot_summary,True,1,1.0
additives,additive_rxn_screening_plate_3,16,5,20,pilot_summary,True,1,1.0
additives,additive_rxn_screening_plate_3,16,5,40,pilot_summary,True,1,1.0
additives,additive_rxn_screening_plate_3,16,10,20,pilot_summary,True,1,1.0
additives,additive_rxn_screening_plate_3,16,10,40,pilot_summary,True,1,1.0
additives,additive_rxn_screening_plate_3,17,5,20,pilot_summary,True,1,1.0
additives,additive_rxn_screening_plate_3,17,5,40,pilot_summary,True,1,1.0
additives,additive_rxn_screening_plate_3,17,10,20,pilot_summary,True,1,1.0
additives,additive_rxn_screening_plate_3,17,10,40,pilot_summary,True,1,1.0
additives,additive_rxn_screening_plate_3,18,5,20,pilot_summary,False,1,0.9560912728530231
additives,additive_rxn_screening_plate_3,18,5,40,pilot_summary,False,1,0.9980695571175151
additives,additive_rxn_screening_plate_3,18,10,20,pilot_summary,True,1,1.0
additives,additive_rxn_screening_plate_3,18,10,40,pilot_summary,True,1,1.0
additives,additive_rxn_screening_plate_3,19,5,20,pilot_summary,True,1,1.0
additives,additive_rxn_screening_plate_3,19,5,40,pilot_summary,True,1,1.0
additives,additive_rxn_screening_plate_3,19,10,20,pilot_summary,True,1,1.0
additives,additive_rxn_screening_plate_3,19,10,40,pilot_summary,True,1,1.0
additives,additive_rxn_screening_plate_3,20,5,20,pilot_summary,True,1,1.0
additives,additive_rxn_screening_plate_3,20,5,40,pilot_summary,True,1,1.0
additives,additive_rxn_screening_plate_3,20,10,20,pilot_summary,True,1,1.0
additives,additive_rxn_screening_plate_3,20,10,40,pilot_summary,True,1,1.0
additives,additive_rxn_screening_plate_3,21,5,20,pilot_summary,True,1,1.0
additives,additive_rxn_screening_plate_3,21,5,40,pilot_summary,True,1,1.0
additives,additive_rxn_screening_plate_3,21,10,20,pilot_summary,True,1,1.0
additives,additive_rxn_screening_plate_3,21,10,40,pilot_summary,True,1,1.0
additives,additive_rxn_screening_plate_3,22,5,20,pilot_summary,True,1,1.0
additives,additive_rxn_screening_plate_3,22,5,40,pilot_summary,True,1,1.0
additives,additive_rxn_screening_plate_3,22,10,20,pilot_summary,True,1,1.0
additives,additive_rxn_screening_plate_3,22,10,40,pilot_summary,True,1,1.0
additives,additive_rxn_screening_plate_3,23,5,20,pilot_summary,True,1,1.0
additives,additive_rxn_screening_plate_3,23,5,40,pilot_summary,True,1,1.0
additives,additive_rxn_screening_plate_3,23,10,20,pilot_summary,True,1,1.0
additives,additive_rxn_screening_plate_3,23,10,40,pilot_summary,True,1,1.0
additives,additive_rxn_screening_plate_3,24,5,20,pilot_summary,False,1,0.9677364999615727
additives,additive_rxn_screening_plate_3,24,5,40,pilot_summary,False,1,0.9985978655993649
additives,additive_rxn_screening_plate_3,24,10,20,pilot_summary,True,1,1.0
additives,additive_rxn_screening_plate_3,24,10,40,pilot_summary,True,1,1.0
additives,additive_rxn_screening_plate_3,25,5,20,pilot_summary,False,1,0.9644283591396836
additives,additive_rxn_screening_plate_3,25,5,40,pilot_summary,False,1,0.9984490261415673
additives,additive_rxn_screening_plate_3,25,10,20,pilot_summary,True,1,1.0
additives,additive_rxn_screening_plate_3,25,10,40,pilot_summary,True,1,1.0
additives,additive_rxn_screening_plate_3,26,5,20,pilot_summary,False,1,0.9385128309887011
additives,additive_rxn_screening_plate_3,26,5,40,pilot_summary,False,1,0.9972483558706079
additives,additive_rxn_screening_plate_3,26,10,20,pilot_summary,True,1,1.0
additives,additive_rxn_screening_plate_3,26,10,40,pilot_summary,True,1,1.0
additives,additive_rxn_screening_plate_3,27,5,20,pilot_summary,False,1,0.907785773548308
additives,additive_rxn_screening_plate_3,27,5,40,pilot_summary,False,1,0.995740043335119
additives,additive_rxn_screening_plate_3,27,10,20,pilot_summary,True,1,1.0
additives,additive_rxn_screening_plate_3,27,10,40,pilot_summary,True,1,1.0
additives,additive_rxn_screening_plate_3,28,5,20,pilot_summary,True,1,1.0
additives,additive_rxn_screening_plate_3,28,5,40,pilot_summary,True,1,1.0
additives,additive_rxn_screening_plate_3,28,10,20,pilot_summary,True,1,1.0
additives,additive_rxn_screening_plate_3,28,10,40,pilot_summary,True,1,1.0
additives,additive_rxn_screening_plate_3,29,5,20,pilot_summary,False,1,0.9393142679619674
additives,additive_rxn_screening_plate_3,29,5,40,pilot_summary,False,1,0.9972864349232224
additives,additive_rxn_screening_plate_3,29,10,20,pilot_summary,True,1,1.0
additives,additive_rxn_screening_plate_3,29,10,40,pilot_summary,True,1,1.0
additives,additive_rxn_screening_plate_3,30,5,20,pilot_summary,True,1,1.0
additives,additive_rxn_screening_plate_3,30,5,40,pilot_summary,True,1,1.0
additives,additive_rxn_screening_plate_3,30,10,20,pilot_summary,True,1,1.0
additives,additive_rxn_screening_plate_3,30,10,40,pilot_summary,True,1,1.0
additives,additive_rxn_screening_plate_3,31,5,20,pilot_summary,False,1,0.9471437649601698
additives,additive_rxn_screening_plate_3,31,5,40,pilot_summary,False,1,0.9976552019441358
additives,additive_rxn_screening_plate_3,31,10,20,pilot_summary,True,1,1.0
additives,additive_rxn_screening_plate_3,31,10,40,pilot_summary,True,1,1.0
additives,additive_rxn_screening_plate_3,32,5,20,pilot_summary,False,1,0.7335464670393183
additives,additive_rxn_screening_plate_3,32,5,40,pilot_summary,False,1,0.9849323710055933
additives,additive_rxn_screening_plate_3,32,10,20,pilot_summary,True,1,1.0
additives,additive_rxn_screening_plate_3,32,10,40,pilot_summary,True,1,1.0
additives,additive_rxn_screening_plate_3,33,5,20,pilot_summary,True,1,1.0
additives,additive_rxn_screening_plate_3,33,5,40,pilot_summary,True,1,1.0
additives,additive_rxn_screening_plate_3,33,10,20,pilot_summary,True,1,1.0
additives,additive_rxn_screening_plate_3,33,10,40,pilot_summary,True,1,1.0
additives,additive_rxn_screening_plate_3,34,5,20,pilot_summary,False,1,0.9489296521592637
additives,additive_rxn_screening_plate_3,34,5,40,pilot_summary,False,1,0.9977385021277483
additives,additive_rxn_screening_plate_3,34,10,20,pilot_summary,True,1,1.0
additives,additive_rxn_screening_plate_3,34,10,40,pilot_summary,True,1,1.0
additives,additive_rxn_screening_plate_3,35,5,20,pilot_summary,False,1,0.9551162737217217
additives,additive_rxn_screening_plate_3,35,5,40,pilot_summary,False,1,0.9980247656377
additives,additive_rxn_screening_plate_3,35,10,20,pilot_summary,True,1,1.0
additives,additive_rxn_screening_plate_3,35,10,40,pilot_summary,True,1,1.0
additives,additive_rxn_screening_plate_3,36,5,20,pilot_summary,False,1,0.8530634676509397
additives,additive_rxn_screening_plate_3,36,5,40,pilot_summary,False,1,0.9927979856294333
additives,additive_rxn_screening_plate_3,36,10,20,pilot_summary,True,1,1.0
additives,additive_rxn_screening_plate_3,36,10,40,pilot_summary,True,1,1.0
additives,additive_rxn_screening_plate_3,37,5,20,pilot_summary,False,1,0.9063464581111454
additives,additive_rxn_screening_plate_3,37,5,40,pilot_summary,False,1,0.9956669995772347
additives,additive_rxn_screening_plate_3,37,10,20,pilot_summary,True,1,1.0
additives,additive_rxn_screening_plate_3,37,10,40,pilot_summary,True,1,1.0
additives,additive_rxn_screening_plate_3,38,5,20,pilot_summary,True,1,1.0
additives,additive_rxn_screening_plate_3,38,5,40,pilot_summary,True,1,1.0
additives,additive_rxn_screening_plate_3,38,10,20,pilot_summary,True,1,1.0
additives,additive_rxn_screening_plate_3,38,10,40,pilot_summary,True,1,1.0
additives,additive_rxn_screening_plate_3,39,5,20,pilot_summary,True,1,1.0
additives,additive_rxn_screening_plate_3,39,5,40,pilot_summary,True,1,1.0
additives,additive_rxn_screening_plate_3,39,10,20,pilot_summary,True,1,1.0
additives,additive_rxn_screening_plate_3,39,10,40,pilot_summary,True,1,1.0
additives,additive_rxn_screening_plate_3,40,5,20,pilot_summary,False,1,0.8457631263412351
additives,additive_rxn_screening_plate_3,40,5,40,pilot_summary,False,1,0.9923781340397961
additives,additive_rxn_screening_plate_3,40,10,20,pilot_summary,True,1,1.0
additives,additive_rxn_screening_plate_3,40,10,40,pilot_summary,True,1,1.0
additives,additive_rxn_screening_plate_3,41,5,20,pilot_summary,False,1,0.9262797238018974
additives,additive_rxn_screening_plate_3,41,5,40,pilot_summary,False,1,0.9966593099948613
additives,additive_rxn_screening_plate_3,41,10,20,pilot_summary,True,1,1.0
additives,additive_rxn_screening_plate_3,41,10,40,pilot_summary,True,1,1.0
additives,additive_rxn_screening_plate_3,42,5,20,pilot_summary,False,1,0.9592735478289431
additives,additive_rxn_screening_plate_3,42,5,40,pilot_summary,False,1,0.9982151450901117
additives,additive_rxn_screening_plate_3,42,10,20,pilot_summary,True,1,1.0
additives,additive_rxn_screening_plate_3,42,10,40,pilot_summary,True,1,1.0
additives,additive_rxn_screening_plate_3,43,5,20,pilot_summary,False,1,0.9677900895046927
additives,additive_rxn_screening_plate_3,43,5,40,pilot_summary,False,1,0.9986002686821264
additives,additive_rxn_screening_plate_3,43,10,20,pilot_summary,True,1,1.0
additives,additive_rxn_screening_plate_3,43,10,40,pilot_summary,True,1,1.0
additives,additive_rxn_screening_plate_3,44,5,20,pilot_summary,False,1,0.9495492770465195
additives,additive_rxn_screening_plate_3,44,5,40,pilot_summary,False,1,0.9977673336779752
additives,additive_rxn_screening_plate_3,44,10,20,pilot_summary,True,1,1.0
additives,additive_rxn_screening_plate_3,44,10,40,pilot_summary,True,1,1.0
additives,additive_rxn_screening_plate_3,45,5,20,pilot_summary,False,1,0.9624808746276822
additives,additive_rxn_screening_plate_3,45,5,40,pilot_summary,False,1,0.9983609476095829
additives,additive_rxn_screening_plate_3,45,10,20,pilot_summary,True,1,1.0
additives,additive_rxn_screening_plate_3,45,10,40,pilot_summary,True,1,1.0
additives,additive_rxn_screening_plate_3,46,5,20,pilot_summary,False,1,0.9450906231789444
additives,additive_rxn_screening_plate_3,46,5,40,pilot_summary,False,1,0.9975590643330517
additives,additive_rxn_screening_plate_3,46,10,20,pilot_summary,True,1,1.0
additives,additive_rxn_screening_plate_3,46,10,40,pilot_summary,True,1,1.0
additives,additive_rxn_screening_plate_3,47,5,20,pilot_summary,True,1,1.0
additives,additive_rxn_screening_plate_3,47,5,40,pilot_summary,True,1,1.0
additives,additive_rxn_screening_plate_3,47,10,20,pilot_summary,True,1,1.0
additives,additive_rxn_screening_plate_3,47,10,40,pilot_summary,True,1,1.0
additives,additive_rxn_screening_plate_3,48,5,20,pilot_summary,False,1,0.9763707306078294
additives,additive_rxn_screening_plate_3,48,5,40,pilot_summary,False,1,0.9989817890416184
additives,additive_rxn_screening_plate_3,48,10,20,pilot_summary,True,1,1.0
additives,additive_rxn_screening_plate_3,48,10,40,pilot_summary,True,1,1.0
additives,additive_rxn_screening_plate_3,49,5,20,pilot_summary,False,1,0.942839025824066
additives,additive_rxn_screening_plate_3,49,5,40,pilot_summary,False,1,0.9974531741949856
additives,additive_rxn_screening_plate_3,49,10,20,pilot_summary,True,1,1.0
additives,additive_rxn_screening_plate_3,49,10,40,pilot_summary,True,1,1.0
additives,additive_rxn_screening_plate_4,0,5,20,pilot_summary,False,1,0.9366064799075765
additives,additive_rxn_screening_plate_4,0,5,40,pilot_summary,False,1,0.9971575283900711
additives,additive_rxn_screening_plate_4,0,10,20,pilot_summary,True,1,1.0
additives,additive_rxn_screening_plate_4,0,10,40,pilot_summary,True,1,1.0
additives,additive_rxn_screening_plate_4,1,5,20,pilot_summary,False,1,0.9511679326710334
additives,additive_rxn_screening_plate_4,1,5,40,pilot_summary,False,1,0.9978424813752559
additives,additive_rxn_screening_plate_4,1,10,20,pilot_summary,True,1,1.0
additives,additive_rxn_screening_plate_4,1,10,40,pilot_summary,True,1,1.0
additives,additive_rxn_screening_plate_4,2,5,20,pilot_summary,True,1,1.0
additives,additive_rxn_screening_plate_4,2,5,40,pilot_summary,True,1,1.0
additives,additive_rxn_screening_plate_4,2,10,20,pilot_summary,True,1,1.0
additives,additive_rxn_screening_plate_4,2,10,40,pilot_summary,True,1,1.0
additives,additive_rxn_screening_plate_4,3,5,20,pilot_summary,True,1,1.0
additives,additive_rxn_screening_plate_4,3,5,40,pilot_summary,True,1,1.0
additives,additive_rxn_screening_plate_4,3,10,20,pilot_summary,True,1,1.0
additives,additive_rxn_screening_plate_4,3,10,40,pilot_summary,True,1,1.0
additives,additive_rxn_screening_plate_4,4,5,20,pilot_summary,False,1,0.9624865646811442
additives,additive_rxn_screening_plate_4,4,5,40,pilot_summary,False,1,0.998361205449111
additives,additive_rxn_screening_plate_4,4,10,20,pilot_summary,True,1,1.0
additives,additive_rxn_screening_plate_4,4,10,40,pilot_summary,True,1,1.0
additives,additive_rxn_screening_plate_4,5,5,20,pilot_summary,False,1,0.9372424170267338
additives,additive_rxn_screening_plate_4,5,5,40,pilot_summary,False,1,0.9971878666378018
additives,additive_rxn_screening_plate_4,5,10,20,pilot_summary,True,1,1.0
additives,additive_rxn_screening_plate_4,5,10,40,pilot_summary,True,1,1.0
additives,additive_rxn_screening_plate_4,6,5,20,pilot_summary,False,1,0.976346795067097
additives,additive_rxn_screening_plate_4,6,5,40,pilot_summary,False,1,0.9989807337226995
additives,additive_rxn_screening_plate_4,6,10,20,pilot_summary,True,1,1.0
additives,additive_rxn_screening_plate_4,6,10,40,pilot_summary,True,1,1.0
additives,additive_rxn_screening_plate_4,7,5,20,pilot_summary,False,1,0.9274721035421253
additives,additive_rxn_screening_plate_4,7,5,40,pilot_summary,False,1,0.9967173777433149
additives,additive_rxn_screening_plate_4,7,10,20,pilot_summary,True,1,1.0
additives,additive_rxn_screening_plate_4,7,10,40,pilot_summary,True,1,1.0
additives,additive_rxn_screening_plate_4,8,5,20,pilot_summary,False,1,0.9501028742940054
additives,additive_rxn_screening_plate_4,8,5,40,pilot_summary,False,1,0.9977930625174672
additives,additive_rxn_screening_plate_4,8,10,20,pilot_summary,True,1,1.0
additives,additive_rxn_screening_plate_4,8,10,40,pilot_summary,True,1,1.0
additives,additive_rxn_screening_plate_4,9,5,20,pilot_summary,False,1,0.9402589759541224
additives,additive_rxn_screening_plate_4,9,5,40,pilot_summary,False,1,0.997331241645081
additives,additive_rxn_screening_plate_4,9,10,20,pilot_summary,True,1,1.0
additives,additive_rxn_screening_plate_4,9,10,40,pilot_summary,True,1,1.0
additives,additive_rxn_screening_plate_4,10,5,20,pilot_summary,False,1,0.9457300617260365
additives,additive_rxn_screening_plate_4,10,5,40,pilot_summary,False,1,0.9975890485775438
additives,additive_rxn_screening_plate_4,10,10,20,pilot_summary,True,1,1.0
additives,additive_rxn_screening_plate_4,10,10,40,pilot_summary,True,1,1.0
additives,additive_rxn_screening_plate_4,11,5,20,pilot_summary,False,1,0.9265517962013476
additives,additive_rxn_screening_plate_4,11,5,40,pilot_summary,False,1,0.996672572223641
additives,additive_rxn_screening_plate_4,11,10,20,pilot_summary,True,1,1.0
additives,additive_rxn_screening_plate_4,11,10,40,pilot_summary,True,1,1.0
additives,additive_rxn_screening_plate_4,12,5,20,pilot_summary,False,1,0.9663431387803102
additives,additive_rxn_screening_plate_4,12,5,40,pilot_summary,False,1,0.9985352944798719
additives,additive_rxn_screening_plate_4,12,10,20,pilot_summary,True,1,1.0
additives,additive_rxn_screening_plate_4,12,10,40,pilot_summary,True,1,1.0
additives,additive_rxn_screening_plate_4,13,5,20,pilot_summary,False,1,0.9765263569169194
additives,additive_rxn_screening_plate_4,13,5,40,pilot_summary,False,1,0.998988649404286
additives,additive_rxn_screening_plate_4,13,10,20,pilot_summary,True,1,1.0
additives,additive_rxn_screening_plate_4,13,10,40,pilot_summary,True,1,1.0
additives,additive_rxn_screening_plate_4,14,5,20,pilot_summary,True,1,1.0
additives,additive_rxn_screening_plate_4,14,5,40,pilot_summary,True,1,1.0
additives,additive_rxn_screening_plate_4,14,10,20,pilot_summary,True,1,1.0
additives,additive_rxn_screening_plate_4,14,10,40,pilot_summary,True,1,1.0
additives,additive_rxn_screening_plate_4,15,5,20,pilot_summary,False,1,0.9758603845041333
additives,additive_rxn_screening_plate_4,15,5,40,pilot_summary,False,1,0.9989592771301036
additives,additive_rxn_screening_plate_4,15,10,20,pilot_summary,True,1,1.0
additives,additive_rxn_screening_plate_4,15,10,40,pilot_summary,True,1,1.0
additives,additive_rxn_screening_plate_4,16,5,20,pilot_summary,True,1,1.0
additives,additive_rxn_screening_plate_4,16,5,40,pilot_summary,True,1,1.0
additives,additive_rxn_screening_plate_4,16,10,20,pilot_summary,True,1,1.0
additives,additive_rxn_screening_plate_4,16,10,40,pilot_summary,True,1,1.0
additives,additive_rxn_screening_plate_4,17,5,20,pilot_summary,True,1,1.0
additives,additive_rxn_screening_plate_4,17,5,40,pilot_summary,True,1,1.0
additives,additive_rxn_screening_plate_4,17,10,20,pilot_summary,True,1,1.0
additives,additive_rxn_screening_plate_4,17,10,40,pilot_summary,True,1,1.0
additives,additive_rxn_screening_plate_4,18,5,20,pilot_summary,False,1,0.9845529057236615
additives,additive_rxn_screening_plate_4,18,5,40,pilot_summary,False,1,0.9993396631752077
additives,additive_rxn_screening_plate_4,18,10,20,pilot_summary,True,1,1.0
additives,additive_rxn_screening_plate_4,18,10,40,pilot_summary,True,1,1.0
additives,additive_rxn_screening_plate_4,19,5,20,pilot_summary,True,1,1.0
additives,additive_rxn_screening_plate_4,19,5,40,pilot_summary,True,1,1.0
additives,additive_rxn_screening_plate_4,19,10,20,pilot_summary,True,1,1.0
additives,additive_rxn_screening_plate_4,19,10,40,pilot_summary,True,1,1.0
additives,additive_rxn_screening_plate_4,20,5,20,pilot_summary,False,1,0.9272006218578132
additives,additive_rxn_screening_plate_4,20,5,40,pilot_summary,False,1,0.9967041693825106
additives,additive_rxn_screening_plate_4,20,10,20,pilot_summary,True,1,1.0
additives,additive_rxn_screening_plate_4,20,10,40,pilot_summary,True,1,1.0
additives,additive_rxn_screening_plate_4,21,5,20,pilot_summary,False,1,0.951642314769253
additives,additive_rxn_screening_plate_4,21,5,40,pilot_summary,False,1,0.997864458736368
additives,additive_rxn_screening_plate_4,21,10,20,pilot_summary,True,1,1.0
additives,additive_rxn_screening_plate_4,21,10,40,pilot_summary,True,1,1.0
additives,additive_rxn_screening_plate_4,22,5,20,pilot_summary,False,1,0.9107775505918316
additives,additive_rxn_screening_plate_4,22,5,40,pilot_summary,False,1,0.9958911682407939
additives,additive_rxn_screening_plate_4,22,10,20,pilot_summary,True,1,1.0
additives,additive_rxn_screening_plate_4,22,10,40,pilot_summary,True,1,1.0
additives,additive_rxn_screening_plate_4,23,5,20,pilot_summary,True,1,1.0
additives,additive_rxn_screening_plate_4,23,5,40,pilot_summary,True,1,1.0
additives,additive_rxn_screening_plate_4,23,10,20,pilot_summary,True,1,1.0
additives,additive_rxn_screening_plate_4,23,10,40,pilot_summary,True,1,1.0
additives,additive_rxn_screening_plate_4,24,5,20,pilot_summary,False,1,0.9217928642624265
additives,additive_rxn_screening_plate_4,24,5,40,pilot_summary,False,1,0.996439519301042
additives,additive_rxn_screening_plate_4,24,10,20,pilot_summary,True,1,1.0
additives,additive_rxn_screening_plate_4,24,10,40,pilot_summary,True,1,1.0
additives,additive_rxn_screening_plate_4,25,5,20,pilot_summary,False,1,0.9769858754778703
additives,additive_rxn_screening_plate_4,25,5,40,pilot_summary,False,1,0.99900889382553
additives,additive_rxn_screening_plate_4,25,10,20,pilot_summary,True,1,1.0
additives,additive_rxn_screening_plate_4,25,10,40,pilot_summary,True,1,1.0
additives,additive_rxn_screening_plate_4,26,5,20,pilot_summary,False,1,0.9352313548235792
additives,additive_rxn_screening_plate_4,26,5,40,pilot_summary,False,1,0.9970917914394367
additives,additive_rxn_screening_plate_4,26,10,20,pilot_summary,True,1,1.0
additives,additive_rxn_screening_plate_4,26,10,40,pilot_summary,True,1,1.0
additives,additive_rxn_screening_plate_4,27,5,20,pilot_summary,False,1,0.9642736913269342
additives,additive_rxn_screening_plate_4,27,5,40,pilot_summary,False,1,0.9984420434466841
additives,additive_rxn_screening_plate_4,27,10,20,pilot_summary,True,1,1.0
additives,additive_rxn_screening_plate_4,27,10,40,pilot_summary,True,1,1.0
additives,additive_rxn_screening_plate_4,28,5,20,pilot_summary,False,1,0.9046045827066456
additives,additive_rxn_screening_plate_4,28,5,40,pilot_summary,False,1,0.9955783047581478
additives,additive_rxn_screening_plate_4,28,10,20,pilot_summary,True,1,1.0
additives,additive_rxn_screening_plate_4,28,10,40,pilot_summary,True,1,1.0
additives,additive_rxn_screening_plate_4,29,5,20,pilot_summary,False,1,0.9666576923490374
additives,additive_rxn_screening_plate_4,29,5,40,pilot_summary,False,1,0.9985494350910971
additives,additive_rxn_screening_plate_4,29,10,20,pilot_summary,True,1,1.0
additives,additive_rxn_screening_plate_4,29,10,40,pilot_summary,True,1,1.0
additives,additive_rxn_screening_plate_4,30,5,20,pilot_summary,False,1,0.9673782503112717
additives,additive_rxn_screening_plate_4,30,5,40,pilot_summary,False,1,0.9985817942898314
additives,additive_rxn_screening_plate_4,30,10,20,pilot_summary,True,1,1.0
additives,additive_rxn_screening_plate_4,30,10,40,pilot_summary,True,1,1.0
additives,additive_rxn_screening_plate_4,31,5,20,pilot_summary,True,1,1.0
additives,additive_rxn_screening_plate_4,31,5,40,pilot_summary,True,1,1.0
additives,additive_rxn_screening_plate_4,31,10,20,pilot_summary,True,1,1.0
additives,additive_rxn_screening_plate_4,31,10,40,pilot_summary,True,1,1.0
additives,additive_rxn_screening_plate_4,32,5,20,pilot_summary,False,1,0.9108276429873722
additives,additive_rxn_screening_plate_4,32,5,40,pilot_summary,False,1,0.9958936905178928
additives,additive_rxn_screening_plate_4,32,10,20,pilot_summary,True,1,1.0
additives,additive_rxn_screening_plate_4,32,10,40,pilot_summary,True,1,1.0
additives,additive_rxn_screening_plate_4,33,5,20,pilot_summary,False,1,0.9525626093214776
additives,additive_rxn_screening_plate_4,33,5,40,pilot_summary,False,1,0.9979070348355151
additives,additive_rxn_screening_plate_4,33,10,20,pilot_summary,True,1,1.0
additives,additive_rxn_screening_plate_4,33,10,40,pilot_summary,True,1,1.0
additives,additive_rxn_screening_plate_4,34,5,20,pilot_summary,True,1,1.0
additives,additive_rxn_screening_plate_4,34,5,40,pilot_summary,True,1,1.0
additives,additive_rxn_screening_plate_4,34,10,20,pilot_summary,True,1,1.0
additives,additive_rxn_screening_plate_4,34,10,40,pilot_summary,True,1,1.0
additives,additive_rxn_screening_plate_4,35,5,20,pilot_summary,False,1,0.9646966787205392
additives,additive_rxn_screening_plate_4,35,5,40,pilot_summary,False,1,0.9984611347246775
additives,additive_rxn_screening_plate_4,35,10,20,pilot_summary,True,1,1.0
additives,additive_rxn_screening_plate_4,35,10,40,pilot_summary,True,1,1.0
additives,additive_rxn_screening_plate_4,36,5,20,pilot_summary,True,1,1.0
additives,additive_rxn_screening_plate_4,36,5,40,pilot_summary,True,1,1.0
additives,additive_rxn_screening_plate_4,36,10,20,pilot_summary,True,1,1.0
additives,additive_rxn_screening_plate_4,36,10,40,pilot_summary,True,1,1.0
additives,additive_rxn_screening_plate_4,37,5,20,pilot_summary,False,1,0.9390053514253068
additives,additive_rxn_screening_plate_4,37,5,40,pilot_summary,False,1,0.9972717645805173
additives,additive_rxn_screening_plate_4,37,10,20,pilot_summary,True,1,1.0
additives,additive_rxn_screening_plate_4,37,10,40,pilot_summary,True,1,1.0
additives,additive_rxn_screening_plate_4,38,5,20,pilot_summary,False,1,0.9545097946014859
additives,additive_rxn_screening_plate_4,38,5,40,pilot_summary,False,1,0.9979968598448364
additives,additive_rxn_screening_plate_4,38,10,20,pilot_summary,True,1,1.0
additives,additive_rxn_screening_plate_4,38,10,40,pilot_summary,True,1,1.0
additives,additive_rxn_screening_plate_4,39,5,20,pilot_summary,False,1,0.9697707481344846
additives,additive_rxn_screening_plate_4,39,5,40,pilot_summary,False,1,0.9986889079047349
additives,additive_rxn_screening_plate_4,39,10,20,pilot_summary,True,1,1.0
additives,additive_rxn_screening_plate_4,39,10,40,pilot_summary,True,1,1.0
additives,additive_rxn_screening_plate_4,40,5,20,pilot_summary,False,1,0.9649035091555378
additives,additive_rxn_screening_plate_4,40,5,40,pilot_summary,False,1,0.9984704640624416
additives,additive_rxn_screening_plate_4,40,10,20,pilot_summary,True,1,1.0
additives,additive_rxn_screening_plate_4,40,10,40,pilot_summary,True,1,1.0
additives,additive_rxn_screening_plate_4,41,5,20,pilot_summary,True,1,1.0
additives,additive_rxn_screening_plate_4,41,5,40,pilot_summary,True,1,1.0
additives,additive_rxn_screening_plate_4,41,10,20,pilot_summary,True,1,1.0
additives,additive_rxn_screening_plate_4,41,10,40,pilot_summary,True,1,1.0
additives,additive_rxn_screening_plate_4,42,5,20,pilot_summary,True,1,1.0
additives,additive_rxn_screening_plate_4,42,5,40,pilot_summary,True,1,1.0
additives,additive_rxn_screening_plate_4,42,10,20,pilot_summary,True,1,1.0
additives,additive_rxn_screening_plate_4,42,10,40,pilot_summary,True,1,1.0
additives,additive_rxn_screening_plate_4,43,5,20,pilot_summary,True,1,1.0
additives,additive_rxn_screening_plate_4,43,5,40,pilot_summary,True,1,1.0
additives,additive_rxn_screening_plate_4,43,10,20,pilot_summary,True,1,1.0
additives,additive_rxn_screening_plate_4,43,10,40,pilot_summary,True,1,1.0
additives,additive_rxn_screening_plate_4,44,5,20,pilot_summary,True,1,1.0
additives,additive_rxn_screening_plate_4,44,5,40,pilot_summary,True,1,1.0
additives,additive_rxn_screening_plate_4,44,10,20,pilot_summary,True,1,1.0
additives,additive_rxn_screening_plate_4,44,10,40,pilot_summary,True,1,1.0
additives,additive_rxn_screening_plate_4,45,5,20,pilot_summary,False,1,0.9389696035581185
additives,additive_rxn_screening_plate_4,45,5,40,pilot_summary,False,1,0.9972700663310174
additives,additive_rxn_screening_plate_4,45,10,20,pilot_summary,True,1,1.0
additives,additive_rxn_screening_plate_4,45,10,40,pilot_summary,True,1,1.0
additives,additive_rxn_screening_plate_4,46,5,20,pilot_summary,False,1,0.9325938825262852
additives,additive_rxn_screening_plate_4,46,5,40,pilot_summary,False,1,0.9969651907486563
additives,additive_rxn_screening_plate_4,46,10,20,pilot_summary,True,1,1.0
additives,additive_rxn_screening_plate_4,46,10,40,pilot_summary,True,1,1.0
additives,additive_rxn_screening_plate_4,47,5,20,pilot_summary,False,1,0.9770899096246985
additives,additive_rxn_screening_plate_4,47,5,40,pilot_summary,False,1,0.9990134745951529
additives,additive_rxn_screening_plate_4,47,10,20,pilot_summary,True,1,1.0
additives,additive_rxn_screening_plate_4,47,10,40,pilot_summary,True,1,1.0
additives,additive_rxn_screening_plate_4,48,5,20,pilot_summary,False,1,0.9448405746403274
additives,additive_rxn_screening_plate_4,48,5,40,pilot_summary,False,1,0.9975473286299442
additives,additive_rxn_screening_plate_4,48,10,20,pilot_summary,True,1,1.0
additives,additive_rxn_screening_plate_4,48,10,40,pilot_summary,True,1,1.0
additives,additive_rxn_screening_plate_4,49,5,20,pilot_summary,True,1,1.0
additives,additive_rxn_screening_plate_4,49,5,40,pilot_summary,True,1,1.0
additives,additive_rxn_screening_plate_4,49,10,20,pilot_summary,True,1,1.0
additives,additive_rxn_screening_plate_4,49,10,40,pilot_summary,True,1,1.0
buchwald-hartwig,bh_reaction_1,0,5,20,no_target,True,1,1.0
buchwald-hartwig,bh_reaction_1,0,5,40,no_target,True,1,1.0
buchwald-hartwig,bh_reaction_1,0,10,20,no_target,True,1,1.0
buchwald-hartwig,bh_reaction_1,0,10,40,no_target,True,1,1.0
buchwald-hartwig,bh_reaction_1,1,5,20,no_target,False,1,0.9662588064207074
buchwald-hartwig,bh_reaction_1,1,5,40,no_target,False,1,0.9980847967143587
buchwald-hartwig,bh_reaction_1,1,10,20,no_target,True,1,1.0
buchwald-hartwig,bh_reaction_1,1,10,40,no_target,True,1,1.0
buchwald-hartwig,bh_reaction_1,2,5,20,no_target,False,1,0.9662588064207074
buchwald-hartwig,bh_reaction_1,2,5,40,no_target,False,1,0.9980847967143587
buchwald-hartwig,bh_reaction_1,2,10,20,no_target,True,1,1.0
buchwald-hartwig,bh_reaction_1,2,10,40,no_target,True,1,1.0
buchwald-hartwig,bh_reaction_1,3,5,20,no_target,False,1,0.9662588064207074
buchwald-hartwig,bh_reaction_1,3,5,40,no_target,False,1,0.9980847967143587
buchwald-hartwig,bh_reaction_1,3,10,20,no_target,True,1,1.0
buchwald-hartwig,bh_reaction_1,3,10,40,no_target,True,1,1.0
buchwald-hartwig,bh_reaction_1,4,5,20,no_target,False,1,0.9662588064207074
buchwald-hartwig,bh_reaction_1,4,5,40,no_target,False,1,0.9980847967143587
buchwald-hartwig,bh_reaction_1,4,10,20,no_target,True,1,1.0
buchwald-hartwig,bh_reaction_1,4,10,40,no_target,True,1,1.0
buchwald-hartwig,bh_reaction_1,5,5,20,no_target,True,1,1.0
buchwald-hartwig,bh_reaction_1,5,5,40,no_target,True,1,1.0
buchwald-hartwig,bh_reaction_1,5,10,20,no_target,True,1,1.0
buchwald-hartwig,bh_reaction_1,5,10,40,no_target,True,1,1.0
buchwald-hartwig,bh_reaction_1,6,5,20,no_target,True,1,1.0
buchwald-hartwig,bh_reaction_1,6,5,40,no_target,True,1,1.0
buchwald-hartwig,bh_reaction_1,6,10,20,no_target,True,1,1.0
buchwald-hartwig,bh_reaction_1,6,10,40,no_target,True,1,1.0
buchwald-hartwig,bh_reaction_1,7,5,20,no_target,True,1,1.0
buchwald-hartwig,bh_reaction_1,7,5,40,no_target,True,1,1.0
buchwald-hartwig,bh_reaction_1,7,10,20,no_target,True,1,1.0
buchwald-hartwig,bh_reaction_1,7,10,40,no_target,True,1,1.0
buchwald-hartwig,bh_reaction_1,8,5,20,no_target,True,1,1.0
buchwald-hartwig,bh_reaction_1,8,5,40,no_target,True,1,1.0
buchwald-hartwig,bh_reaction_1,8,10,20,no_target,True,1,1.0
buchwald-hartwig,bh_reaction_1,8,10,40,no_target,True,1,1.0
buchwald-hartwig,bh_reaction_1,9,5,20,no_target,False,1,0.9662588064207074
buchwald-hartwig,bh_reaction_1,9,5,40,no_target,False,1,0.9980847967143587
buchwald-hartwig,bh_reaction_1,9,10,20,no_target,True,1,1.0
buchwald-hartwig,bh_reaction_1,9,10,40,no_target,True,1,1.0
buchwald-hartwig,bh_reaction_1,10,5,20,no_target,False,1,0.9662588064207074
buchwald-hartwig,bh_reaction_1,10,5,40,no_target,False,1,0.9980847967143587
buchwald-hartwig,bh_reaction_1,10,10,20,no_target,True,1,1.0
buchwald-hartwig,bh_reaction_1,10,10,40,no_target,True,1,1.0
buchwald-hartwig,bh_reaction_1,11,5,20,no_target,True,1,1.0
buchwald-hartwig,bh_reaction_1,11,5,40,no_target,True,1,1.0
buchwald-hartwig,bh_reaction_1,11,10,20,no_target,True,1,1.0
buchwald-hartwig,bh_reaction_1,11,10,40,no_target,True,1,1.0
buchwald-hartwig,bh_reaction_1,12,5,20,no_target,False,1,0.9662588064207074
buchwald-hartwig,bh_reaction_1,12,5,40,no_target,False,1,0.9980847967143587
buchwald-hartwig,bh_reaction_1,12,10,20,no_target,True,1,1.0
buchwald-hartwig,bh_reaction_1,12,10,40,no_target,True,1,1.0
buchwald-hartwig,bh_reaction_1,13,5,20,no_target,True,1,1.0
buchwald-hartwig,bh_reaction_1,13,5,40,no_target,True,1,1.0
buchwald-hartwig,bh_reaction_1,13,10,20,no_target,True,1,1.0
buchwald-hartwig,bh_reaction_1,13,10,40,no_target,True,1,1.0
buchwald-hartwig,bh_reaction_1,14,5,20,no_target,True,1,1.0
buchwald-hartwig,bh_reaction_1,14,5,40,no_target,True,1,1.0
buchwald-hartwig,bh_reaction_1,14,10,20,no_target,True,1,1.0
buchwald-hartwig,bh_reaction_1,14,10,40,no_target,True,1,1.0
buchwald-hartwig,bh_reaction_1,15,5,20,no_target,True,1,1.0
buchwald-hartwig,bh_reaction_1,15,5,40,no_target,True,1,1.0
buchwald-hartwig,bh_reaction_1,15,10,20,no_target,True,1,1.0
buchwald-hartwig,bh_reaction_1,15,10,40,no_target,True,1,1.0
buchwald-hartwig,bh_reaction_1,16,5,20,no_target,False,1,0.9662588064207074
buchwald-hartwig,bh_reaction_1,16,5,40,no_target,False,1,0.9980847967143587
buchwald-hartwig,bh_reaction_1,16,10,20,no_target,True,1,1.0
buchwald-hartwig,bh_reaction_1,16,10,40,no_target,True,1,1.0
buchwald-hartwig,bh_reaction_1,17,5,20,no_target,True,1,1.0
buchwald-hartwig,bh_reaction_1,17,5,40,no_target,True,1,1.0
buchwald-hartwig,bh_reaction_1,17,10,20,no_target,True,1,1.0
buchwald-hartwig,bh_reaction_1,17,10,40,no_target,True,1,1.0
buchwald-hartwig,bh_reaction_1,18,5,20,no_target,False,0,0.9662588064207074
buchwald-hartwig,bh_reaction_1,18,5,40,no_target,False,1,0.9980847967143587
buchwald-hartwig,bh_reaction_1,18,10,20,no_target,False,0,0.9085549932331681
buchwald-hartwig,bh_reaction_1,18,10,40,no_target,False,1,0.9944996053192339
buchwald-hartwig,bh_reaction_1,19,5,20,no_target,True,1,1.0
buchwald-hartwig,bh_reaction_1,19,5,40,no_target,True,1,1.0
buchwald-hartwig,bh_reaction_1,19,10,20,no_target,True,1,1.0
buchwald-hartwig,bh_reaction_1,19,10,40,no_target,True,1,1.0
buchwald-hartwig,bh_reaction_1,20,5,20,no_target,True,1,1.0
buchwald-hartwig,bh_reaction_1,20,5,40,no_target,True,1,1.0
buchwald-hartwig,bh_reaction_1,20,10,20,no_target,True,1,1.0
buchwald-hartwig,bh_reaction_1,20,10,40,no_target,True,1,1.0
buchwald-hartwig,bh_reaction_1,21,5,20,no_target,True,1,1.0
buchwald-hartwig,bh_reaction_1,21,5,40,no_target,True,1,1.0
buchwald-hartwig,bh_reaction_1,21,10,20,no_target,True,1,1.0
buchwald-hartwig,bh_reaction_1,21,10,40,no_target,True,1,1.0
buchwald-hartwig,bh_reaction_1,22,5,20,no_target,False,1,0.9662588064207074
buchwald-hartwig,bh_reaction_1,22,5,40,no_target,False,1,0.9980847967143587
buchwald-hartwig,bh_reaction_1,22,10,20,no_target,True,1,1.0
buchwald-hartwig,bh_reaction_1,22,10,40,no_target,True,1,1.0
buchwald-hartwig,bh_reaction_1,23,5,20,no_target,False,1,0.9662588064207074
buchwald-hartwig,bh_reaction_1,23,5,40,no_target,False,1,0.9980847967143587
buchwald-hartwig,bh_reaction_1,23,10,20,no_target,True,1,1.0
buchwald-hartwig,bh_reaction_1,23,10,40,no_target,True,1,1.0
buchwald-hartwig,bh_reaction_1,24,5,20,no_target,False,1,0.9662588064207074
buchwald-hartwig,bh_reaction_1,24,5,40,no_target,False,1,0.9980847967143587
buchwald-hartwig,bh_reaction_1,24,10,20,no_target,True,1,1.0
buchwald-hartwig,bh_reaction_1,24,10,40,no_target,True,1,1.0
buchwald-hartwig,bh_reaction_1,25,5,20,no_target,True,1,1.0
buchwald-hartwig,bh_reaction_1,25,5,40,no_target,True,1,1.0
buchwald-hartwig,bh_reaction_1,25,10,20,no_target,True,1,1.0
buchwald-hartwig,bh_reaction_1,25,10,40,no_target,True,1,1.0
buchwald-hartwig,bh_reaction_1,26,5,20,no_target,False,1,0.9662588064207074
buchwald-hartwig,bh_reaction_1,26,5,40,no_target,False,1,0.9980847967143587
buchwald-hartwig,bh_reaction_1,26,10,20,no_target,True,1,1.0
buchwald-hartwig,bh_reaction_1,26,10,40,no_target,True,1,1.0
buchwald-hartwig,bh_reaction_1,27,5,20,no_target,False,1,0.9662588064207074
buchwald-hartwig,bh_reaction_1,27,5,40,no_target,False,1,0.9980847967143587
buchwald-hartwig,bh_reaction_1,27,10,20,no_target,False,1,0.9085549932331681
buchwald-hartwig,bh_reaction_1,27,10,40,no_target,False,1,0.9944996053192339
buchwald-hartwig,bh_reaction_1,28,5,20,no_target,False,1,0.9662588064207074
buchwald-hartwig,bh_reaction_1,28,5,40,no_target,False,1,0.9980847967143587
buchwald-hartwig,bh_reaction_1,28,10,20,no_target,True,1,1.0
buchwald-hartwig,bh_reaction_1,28,10,40,no_target,True,1,1.0
buchwald-hartwig,bh_reaction_1,29,5,20,no_target,True,1,1.0
buchwald-hartwig,bh_reaction_1,29,5,40,no_target,True,1,1.0
buchwald-hartwig,bh_reaction_1,29,10,20,no_target,True,1,1.0
buchwald-hartwig,bh_reaction_1,29,10,40,no_target,True,1,1.0
buchwald-hartwig,bh_reaction_1,30,5,20,no_target,False,1,0.9662588064207074
buchwald-hartwig,bh_reaction_1,30,5,40,no_target,False,1,0.9980847967143587
buchwald-hartwig,bh_reaction_1,30,10,20,no_target,False,1,0.9085549932331681
buchwald-hartwig,bh_reaction_1,30,10,40,no_target,False,1,0.9944996053192339
buchwald-hartwig,bh_reaction_1,31,5,20,no_target,True,1,1.0
buchwald-hartwig,bh_reaction_1,31,5,40,no_target,True,1,1.0
buchwald-hartwig,bh_reaction_1,31,10,20,no_target,True,1,1.0
buchwald-hartwig,bh_reaction_1,31,10,40,no_target,True,1,1.0
buchwald-hartwig,bh_reaction_1,32,5,20,no_target,False,1,0.9662588064207074
buchwald-hartwig,bh_reaction_1,32,5,40,no_target,False,1,0.9980847967143587
buchwald-hartwig,bh_reaction_1,32,10,20,no_target,True,1,1.0
buchwald-hartwig,bh_reaction_1,32,10,40,no_target,True,1,1.0
buchwald-hartwig,bh_reaction_1,33,5,20,no_target,False,1,0.9662588064207074
buchwald-hartwig,bh_reaction_1,33,5,40,no_target,False,1,0.9980847967143587
buchwald-hartwig,bh_reaction_1,33,10,20,no_target,True,1,1.0
buchwald-hartwig,bh_reaction_1,33,10,40,no_target,True,1,1.0
buchwald-hartwig,bh_reaction_1,34,5,20,no_target,True,1,1.0
buchwald-hartwig,bh_reaction_1,34,5,40,no_target,True,1,1.0
buchwald-hartwig,bh_reaction_1,34,10,20,no_target,True,1,1.0
buchwald-hartwig,bh_reaction_1,34,10,40,no_target,True,1,1.0
buchwald-hartwig,bh_reaction_1,35,5,20,no_target,False,1,0.9662588064207074
buchwald-hartwig,bh_reaction_1,35,5,40,no_target,False,1,0.9980847967143587
buchwald-hartwig,bh_reaction_1,35,10,20,no_target,True,1,1.0
buchwald-hartwig,bh_reaction_1,35,10,40,no_target,True,1,1.0
buchwald-hartwig,bh_reaction_1,36,5,20,no_target,False,1,0.9662588064207074
buchwald-hartwig,bh_reaction_1,36,5,40,no_target,False,1,0.9980847967143587
buchwald-hartwig,bh_reaction_1,36,10,20,no_target,False,1,0.9085549932331681
buchwald-hartwig,bh_reaction_1,36,10,40,no_target,False,1,0.9944996053192339
buchwald-hartwig,bh_reaction_1,37,5,20,no_target,True,1,1.0
buchwald-hartwig,bh_reaction_1,37,5,40,no_target,True,1,1.0
buchwald-hartwig,bh_reaction_1,37,10,20,no_target,True,1,1.0
buchwald-hartwig,bh_reaction_1,37,10,40,no_target,True,1,1.0
buchwald-hartwig,bh_reaction_1,38,5,20,no_target,False,0,0.9662588064207074
buchwald-hartwig,bh_reaction_1,38,5,40,no_target,False,1,0.9980847967143587
buchwald-hartwig,bh_reaction_1,38,10,20,no_target,False,0,0.9085549932331681
buchwald-hartwig,bh_reaction_1,38,10,40,no_target,False,1,0.9944996053192339
buchwald-hartwig,bh_reaction_1,39,5,20,no_target,False,1,0.9662588064207074
buchwald-hartwig,bh_reaction_1,39,5,40,no_target,False,1,0.9980847967143587
buchwald-hartwig,bh_reaction_1,39,10,20,no_target,True,1,1.0
buchwald-hartwig,bh_reaction_1,39,10,40,no_target,True,1,1.0
buchwald-hartwig,bh_reaction_1,40,5,20,no_target,False,1,0.9662588064207074
buchwald-hartwig,bh_reaction_1,40,5,40,no_target,False,1,0.9980847967143587
buchwald-hartwig,bh_reaction_1,40,10,20,no_target,True,1,1.0
buchwald-hartwig,bh_reaction_1,40,10,40,no_target,True,1,1.0
buchwald-hartwig,bh_reaction_1,41,5,20,no_target,True,1,1.0
buchwald-hartwig,bh_reaction_1,41,5,40,no_target,True,1,1.0
buchwald-hartwig,bh_reaction_1,41,10,20,no_target,True,1,1.0
buchwald-hartwig,bh_reaction_1,41,10,40,no_target,True,1,1.0
buchwald-hartwig,bh_reaction_1,42,5,20,no_target,True,1,1.0
buchwald-hartwig,bh_reaction_1,42,5,40,no_target,True,1,1.0
buchwald-hartwig,bh_reaction_1,42,10,20,no_target,True,1,1.0
buchwald-hartwig,bh_reaction_1,42,10,40,no_target,True,1,1.0
buchwald-hartwig,bh_reaction_1,43,5,20,no_target,False,1,0.9662588064207074
buchwald-hartwig,bh_reaction_1,43,5,40,no_target,False,1,0.9980847967143587
buchwald-hartwig,bh_reaction_1,43,10,20,no_target,True,1,1.0
buchwald-hartwig,bh_reaction_1,43,10,40,no_target,True,1,1.0
buchwald-hartwig,bh_reaction_1,44,5,20,no_target,True,1,1.0
buchwald-hartwig,bh_reaction_1,44,5,40,no_target,True,1,1.0
buchwald-hartwig,bh_reaction_1,44,10,20,no_target,True,1,1.0
buchwald-hartwig,bh_reaction_1,44,10,40,no_target,True,1,1.0
buchwald-hartwig,bh_reaction_1,45,5,20,no_target,False,1,0.9662588064207074
buchwald-hartwig,bh_reaction_1,45,5,40,no_target,False,1,0.9980847967143587
buchwald-hartwig,bh_reaction_1,45,10,20,no_target,True,1,1.0
buchwald-hartwig,bh_reaction_1,45,10,40,no_target,True,1,1.0
buchwald-hartwig,bh_reaction_1,46,5,20,no_target,False,1,0.9662588064207074
buchwald-hartwig,bh_reaction_1,46,5,40,no_target,False,1,0.9980847967143587
buchwald-hartwig,bh_reaction_1,46,10,20,no_target,True,1,1.0
buchwald-hartwig,bh_reaction_1,46,10,40,no_target,True,1,1.0
buchwald-hartwig,bh_reaction_1,47,5,20,no_target,True,1,1.0
buchwald-hartwig,bh_reaction_1,47,5,40,no_target,True,1,1.0
buchwald-hartwig,bh_reaction_1,47,10,20,no_target,True,1,1.0
buchwald-hartwig,bh_reaction_1,47,10,40,no_target,True,1,1.0
buchwald-hartwig,bh_reaction_1,48,5,20,no_target,False,1,0.9662588064207074
buchwald-hartwig,bh_reaction_1,48,5,40,no_target,False,1,0.9980847967143587
buchwald-hartwig,bh_reaction_1,48,10,20,no_target,False,1,0.9085549932331681
buchwald-hartwig,bh_reaction_1,48,10,40,no_target,False,1,0.9944996053192339
buchwald-hartwig,bh_reaction_1,49,5,20,no_target,True,1,1.0
buchwald-hartwig,bh_reaction_1,49,5,40,no_target,True,1,1.0
buchwald-hartwig,bh_reaction_1,49,10,20,no_target,True,1,1.0
buchwald-hartwig,bh_reaction_1,49,10,40,no_target,True,1,1.0
buchwald-hartwig,bh_reaction_2,0,5,20,no_target,True,1,1.0
buchwald-hartwig,bh_reaction_2,0,5,40,no_target,True,1,1.0
buchwald-hartwig,bh_reaction_2,0,10,20,no_target,True,1,1.0
buchwald-hartwig,bh_reaction_2,0,10,40,no_target,True,1,1.0
buchwald-hartwig,bh_reaction_2,1,5,20,no_target,False,1,0.9662588064207074
buchwald-hartwig,bh_reaction_2,1,5,40,no_target,False,1,0.9980847967143587
buchwald-hartwig,bh_reaction_2,1,10,20,no_target,False,1,0.9085549932331681
buchwald-hartwig,bh_reaction_2,1,10,40,no_target,False,1,0.9944996053192339
buchwald-hartwig,bh_reaction_2,2,5,20,no_target,True,1,1.0
buchwald-hartwig,bh_reaction_2,2,5,40,no_target,True,1,1.0
buchwald-hartwig,bh_reaction_2,2,10,20,no_target,True,1,1.0
buchwald-hartwig,bh_reaction_2,2,10,40,no_target,True,1,1.0
buchwald-hartwig,bh_reaction_2,3,5,20,no_target,False,1,0.9662588064207074
buchwald-hartwig,bh_reaction_2,3,5,40,no_target,False,1,0.9980847967143587
buchwald-hartwig,bh_reaction_2,3,10,20,no_target,True,1,1.0
buchwald-hartwig,bh_reaction_2,3,10,40,no_target,True,1,1.0
buchwald-hartwig,bh_reaction_2,4,5,20,no_target,True,1,1.0
buchwald-hartwig,bh_reaction_2,4,5,40,no_target,True,1,1.0
buchwald-hartwig,bh_reaction_2,4,10,20,no_target,True,1,1.0
buchwald-hartwig,bh_reaction_2,4,10,40,no_target,True,1,1.0
buchwald-hartwig,bh_reaction_2,5,5,20,no_target,False,1,0.9662588064207074
buchwald-hartwig,bh_reaction_2,5,5,40,no_target,False,1,0.9980847967143587
buchwald-hartwig,bh_reaction_2,5,10,20,no_target,False,1,0.9085549932331681
buchwald-hartwig,bh_reaction_2,5,10,40,no_target,False,1,0.9944996053192339
buchwald-hartwig,bh_reaction_2,6,5,20,no_target,False,1,0.9662588064207074
buchwald-hartwig,bh_reaction_2,6,5,40,no_target,False,1,0.9980847967143587
buchwald-hartwig,bh_reaction_2,6,10,20,no_target,False,1,0.9085549932331681
buchwald-hartwig,bh_reaction_2,6,10,40,no_target,False,1,0.9944996053192339
buchwald-hartwig,bh_reaction_2,7,5,20,no_target,False,1,0.9662588064207074
buchwald-hartwig,bh_reaction_2,7,5,40,no_target,False,1,0.9980847967143587
buchwald-hartwig,bh_reaction_2,7,10,20,no_target,False,1,0.9085549932331681
buchwald-hartwig,bh_reaction_2,7,10,40,no_target,False,1,0.9944996053192339
buchwald-hartwig,bh_reaction_2,8,5,20,no_target,False,1,0.9662588064207074
buchwald-hartwig,bh_reaction_2,8,5,40,no_target,False,1,0.9980847967143587
buchwald-hartwig,bh_reaction_2,8,10,20,no_target,True,1,1.0
buchwald-hartwig,bh_reaction_2,8,10,40,no_target,True,1,1.0
buchwald-hartwig,bh_reaction_2,9,5,20,no_target,True,1,1.0
buchwald-hartwig,bh_reaction_2,9,5,40,no_target,True,1,1.0
buchwald-hartwig,bh_reaction_2,9,10,20,no_target,True,1,1.0
buchwald-hartwig,bh_reaction_2,9,10,40,no_target,True,1,1.0
buchwald-hartwig,bh_reaction_2,10,5,20,no_target,True,1,1.0
buchwald-hartwig,bh_reaction_2,10,5,40,no_target,True,1,1.0
buchwald-hartwig,bh_reaction_2,10,10,20,no_target,True,1,1.0
buchwald-hartwig,bh_reaction_2,10,10,40,no_target,True,1,1.0
buchwald-hartwig,bh_reaction_2,11,5,20,no_target,False,1,0.9662588064207074
buchwald-hartwig,bh_reaction_2,11,5,40,no_target,False,1,0.9980847967143587
buchwald-hartwig,bh_reaction_2,11,10,20,no_target,False,1,0.9085549932331681
buchwald-hartwig,bh_reaction_2,11,10,40,no_target,False,1,0.9944996053192339
buchwald-hartwig,bh_reaction_2,12,5,20,no_target,False,1,0.9662588064207074
buchwald-hartwig,bh_reaction_2,12,5,40,no_target,False,1,0.9980847967143587
buchwald-hartwig,bh_reaction_2,12,10,20,no_target,True,1,1.0
buchwald-hartwig,bh_reaction_2,12,10,40,no_target,True,1,1.0
buchwald-hartwig,bh_reaction_2,13,5,20,no_target,False,1,0.9662588064207074
buchwald-hartwig,bh_reaction_2,13,5,40,no_target,False,1,0.9980847967143587
buchwald-hartwig,bh_reaction_2,13,10,20,no_target,True,1,1.0
buchwald-hartwig,bh_reaction_2,13,10,40,no_target,True,1,1.0
buchwald-hartwig,bh_reaction_2,14,5,20,no_target,True,1,1.0
buchwald-hartwig,bh_reaction_2,14,5,40,no_target,True,1,1.0
buchwald-hartwig,bh_reaction_2,14,10,20,no_target,True,1,1.0
buchwald-hartwig,bh_reaction_2,14,10,40,no_target,True,1,1.0
buchwald-hartwig,bh_reaction_2,15,5,20,no_target,True,1,1.0
buchwald-hartwig,bh_reaction_2,15,5,40,no_target,True,1,1.0
buchwald-hartwig,bh_reaction_2,15,10,20,no_target,True,1,1.0
buchwald-hartwig,bh_reaction_2,15,10,40,no_target,True,1,1.0
buchwald-hartwig,bh_reaction_2,16,5,20,no_target,False,1,0.9662588064207074
buchwald-hartwig,bh_reaction_2,16,5,40,no_target,False,1,0.9980847967143587
buchwald-hartwig,bh_reaction_2,16,10,20,no_target,False,1,0.9085549932331681
buchwald-hartwig,bh_reaction_2,16,10,40,no_target,False,1,0.9944996053192339
buchwald-hartwig,bh_reaction_2,17,5,20,no_target,True,1,1.0
buchwald-hartwig,bh_reaction_2,17,5,40,no_target,True,1,1.0
buchwald-hartwig,bh_reaction_2,17,10,20,no_target,True,1,1.0
buchwald-hartwig,bh_reaction_2,17,10,40,no_target,True,1,1.0
buchwald-hartwig,bh_reaction_2,18,5,20,no_target,False,1,0.9662588064207074
buchwald-hartwig,bh_reaction_2,18,5,40,no_target,False,1,0.9980847967143587
buchwald-hartwig,bh_reaction_2,18,10,20,no_target,True,1,1.0
buchwald-hartwig,bh_reaction_2,18,10,40,no_target,True,1,1.0
buchwald-hartwig,bh_reaction_2,19,5,20,no_target,False,1,0.9662588064207074
buchwald-hartwig,bh_reaction_2,19,5,40,no_target,False,1,0.9980847967143587
buchwald-hartwig,bh_reaction_2,19,10,20,no_target,False,1,0.9085549932331681
buchwald-hartwig,bh_reaction_2,19,10,40,no_target,False,1,0.9944996053192339
buchwald-hartwig,bh_reaction_2,20,5,20,no_target,True,1,1.0
buchwald-hartwig,bh_reaction_2,20,5,40,no_target,True,1,1.0
buchwald-hartwig,bh_reaction_2,20,10,20,no_target,True,1,1.0
buchwald-hartwig,bh_reaction_2,20,10,40,no_target,True,1,1.0
buchwald-hartwig,bh_reaction_2,21,5,20,no_target,False,1,0.9662588064207074
buchwald-hartwig,bh_reaction_2,21,5,40,no_target,False,1,0.9980847967143587
buchwald-hartwig,bh_reaction_2,21,10,20,no_target,True,1,1.0
buchwald-hartwig,bh_reaction_2,21,10,40,no_target,True,1,1.0
buchwald-hartwig,bh_reaction_2,22,5,20,no_target,False,1,0.9662588064207074
buchwald-hartwig,bh_reaction_2,22,5,40,no_target,False,1,0.9980847967143587
buchwald-hartwig,bh_reaction_2,22,10,20,no_target,True,1,1.0
buchwald-hartwig,bh_reaction_2,22,10,40,no_target,True,1,1.0
buchwald-hartwig,bh_reaction_2,23,5,20,no_target,True,1,1.0
buchwald-hartwig,bh_reaction_2,23,5,40,no_target,True,1,1.0
buchwald-hartwig,bh_reaction_2,23,10,20,no_target,True,1,1.0
buchwald-hartwig,bh_reaction_2,23,10,40,no_target,True,1,1.0
buchwald-hartwig,bh_reaction_2,24,5,20,no_target,True,1,1.0
buchwald-hartwig,bh_reaction_2,24,5,40,no_target,True,1,1.0
buchwald-hartwig,bh_reaction_2,24,10,20,no_target,True,1,1.0
buchwald-hartwig,bh_reaction_2,24,10,40,no_target,True,1,1.0
buchwald-hartwig,bh_reaction_2,25,5,20,no_target,False,1,0.9662588064207074
buchwald-hartwig,bh_reaction_2,25,5,40,no_target,False,1,0.9980847967143587
buchwald-hartwig,bh_reaction_2,25,10,20,no_target,True,1,1.0
buchwald-hartwig,bh_reaction_2,25,10,40,no_target,True,1,1.0
buchwald-hartwig,bh_reaction_2,26,5,20,no_target,False,1,0.9662588064207074
buchwald-hartwig,bh_reaction_2,26,5,40,no_target,False,1,0.9980847967143587
buchwald-hartwig,bh_reaction_2,26,10,20,no_target,True,1,1.0
buchwald-hartwig,bh_reaction_2,26,10,40,no_target,True,1,1.0
buchwald-hartwig,bh_reaction_2,27,5,20,no_target,True,1,1.0
buchwald-hartwig,bh_reaction_2,27,5,40,no_target,True,1,1.0
buchwald-hartwig,bh_reaction_2,27,10,20,no_target,True,1,1.0
buchwald-hartwig,bh_reaction_2,27,10,40,no_target,True,1,1.0
buchwald-hartwig,bh_reaction_2,28,5,20,no_target,True,1,1.0
buchwald-hartwig,bh_reaction_2,28,5,40,no_target,True,1,1.0
buchwald-hartwig,bh_reaction_2,28,10,20,no_target,True,1,1.0
buchwald-hartwig,bh_reaction_2,28,10,40,no_target,True,1,1.0
buchwald-hartwig,bh_reaction_2,29,5,20,no_target,False,1,0.9662588064207074
buchwald-hartwig,bh_reaction_2,29,5,40,no_target,False,1,0.9980847967143587
buchwald-hartwig,bh_reaction_2,29,10,20,no_target,False,1,0.9085549932331681
buchwald-hartwig,bh_reaction_2,29,10,40,no_target,False,1,0.9944996053192339
buchwald-hartwig,bh_reaction_2,30,5,20,no_target,False,1,0.9662588064207074
buchwald-hartwig,bh_reaction_2,30,5,40,no_target,False,1,0.9980847967143587
buchwald-hartwig,bh_reaction_2,30,10,20,no_target,True,1,1.0
buchwald-hartwig,bh_reaction_2,30,10,40,no_target,True,1,1.0
buchwald-hartwig,bh_reaction_2,31,5,20,no_target,False,1,0.9662588064207074
buchwald-hartwig,bh_reaction_2,31,5,40,no_target,False,1,0.9980847967143587
buchwald-hartwig,bh_reaction_2,31,10,20,no_target,True,1,1.0
buchwald-hartwig,bh_reaction_2,31,10,40,no_target,True,1,1.0
buchwald-hartwig,bh_reaction_2,32,5,20,no_target,True,1,1.0
buchwald-hartwig,bh_reaction_2,32,5,40,no_target,True,1,1.0
buchwald-hartwig,bh_reaction_2,32,10,20,no_target,True,1,1.0
buchwald-hartwig,bh_reaction_2,32,10,40,no_target,True,1,1.0
buchwald-hartwig,bh_reaction_2,33,5,20,no_target,False,1,0.9662588064207074
buchwald-hartwig,bh_reaction_2,33,5,40,no_target,False,1,0.9980847967143587
buchwald-hartwig,bh_reaction_2,33,10,20,no_target,True,1,1.0
buchwald-hartwig,bh_reaction_2,33,10,40,no_target,True,1,1.0
buchwald-hartwig,bh_reaction_2,34,5,20,no_target,True,1,1.0
buchwald-hartwig,bh_reaction_2,34,5,40,no_target,True,1,1.0
buchwald-hartwig,bh_reaction_2,34,10,20,no_target,True,1,1.0
buchwald-hartwig,bh_reaction_2,34,10,40,no_target,True,1,1.0
buchwald-hartwig,bh_reaction_2,35,5,20,no_target,False,1,0.9662588064207074
buchwald-hartwig,bh_reaction_2,35,5,40,no_target,False,1,0.9980847967143587
buchwald-hartwig,bh_reaction_2,35,10,20,no_target,False,1,0.9085549932331681
buchwald-hartwig,bh_reaction_2,35,10,40,no_target,False,1,0.9944996053192339
buchwald-hartwig,bh_reaction_2,36,5,20,no_target,False,1,0.9662588064207074
buchwald-hartwig,bh_reaction_2,36,5,40,no_target,False,1,0.9980847967143587
buchwald-hartwig,bh_reaction_2,36,10,20,no_target,True,1,1.0
buchwald-hartwig,bh_reaction_2,36,10,40,no_target,True,1,1.0
buchwald-hartwig,bh_reaction_2,37,5,20,no_target,False,1,0.9662588064207074
buchwald-hartwig,bh_reaction_2,37,5,40,no_target,False,1,0.9980847967143587
buchwald-hartwig,bh_reaction_2,37,10,20,no_target,True,1,1.0
buchwald-hartwig,bh_reaction_2,37,10,40,no_target,True,1,1.0
buchwald-hartwig,bh_reaction_2,38,5,20,no_target,False,1,0.9662588064207074
buchwald-hartwig,bh_reaction_2,38,5,40,no_target,False,1,0.9980847967143587
buchwald-hartwig,bh_reaction_2,38,10,20,no_target,False,1,0.9085549932331681
buchwald-hartwig,bh_reaction_2,38,10,40,no_target,False,1,0.9944996053192339
buchwald-hartwig,bh_reaction_2,39,5,20,no_target,False,1,0.9662588064207074
buchwald-hartwig,bh_reaction_2,39,5,40,no_target,False,1,0.9980847967143587
buchwald-hartwig,bh_reaction_2,39,10,20,no_target,False,1,0.9085549932331681
buchwald-hartwig,bh_reaction_2,39,10,40,no_target,False,1,0.9944996053192339
buchwald-hartwig,bh_reaction_2,40,5,20,no_target,True,1,1.0
buchwald-hartwig,bh_reaction_2,40,5,40,no_target,True,1,1.0
buchwald-hartwig,bh_reaction_2,40,10,20,no_target,True,1,1.0
buchwald-hartwig,bh_reaction_2,40,10,40,no_target,True,1,1.0
buchwald-hartwig,bh_reaction_2,41,5,20,no_target,False,1,0.9662588064207074
buchwald-hartwig,bh_reaction_2,41,5,40,no_target,False,1,0.9980847967143587
buchwald-hartwig,bh_reaction_2,41,10,20,no_target,False,1,0.9085549932331681
buchwald-hartwig,bh_reaction_2,41,10,40,no_target,False,1,0.9944996053192339
buchwald-hartwig,bh_reaction_2,42,5,20,no_target,True,1,1.0
buchwald-hartwig,bh_reaction_2,42,5,40,no_target,True,1,1.0
buchwald-hartwig,bh_reaction_2,42,10,20,no_target,True,1,1.0
buchwald-hartwig,bh_reaction_2,42,10,40,no_target,True,1,1.0
buchwald-hartwig,bh_reaction_2,43,5,20,no_target,True,1,1.0
buchwald-hartwig,bh_reaction_2,43,5,40,no_target,True,1,1.0
buchwald-hartwig,bh_reaction_2,43,10,20,no_target,True,1,1.0
buchwald-hartwig,bh_reaction_2,43,10,40,no_target,True,1,1.0
buchwald-hartwig,bh_reaction_2,44,5,20,no_target,False,1,0.9662588064207074
buchwald-hartwig,bh_reaction_2,44,5,40,no_target,False,1,0.9980847967143587
buchwald-hartwig,bh_reaction_2,44,10,20,no_target,True,1,1.0
buchwald-hartwig,bh_reaction_2,44,10,40,no_target,True,1,1.0
buchwald-hartwig,bh_reaction_2,45,5,20,no_target,False,1,0.9662588064207074
buchwald-hartwig,bh_reaction_2,45,5,40,no_target,False,1,0.9980847967143587
buchwald-hartwig,bh_reaction_2,45,10,20,no_target,True,1,1.0
buchwald-hartwig,bh_reaction_2,45,10,40,no_target,True,1,1.0
buchwald-hartwig,bh_reaction_2,46,5,20,no_target,True,1,1.0
buchwald-hartwig,bh_reaction_2,46,5,40,no_target,True,1,1.0
buchwald-hartwig,bh_reaction_2,46,10,20,no_target,True,1,1.0
buchwald-hartwig,bh_reaction_2,46,10,40,no_target,True,1,1.0
buchwald-hartwig,bh_reaction_2,47,5,20,no_target,True,1,1.0
buchwald-hartwig,bh_reaction_2,47,5,40,no_target,True,1,1.0
buchwald-hartwig,bh_reaction_2,47,10,20,no_target,True,1,1.0
buchwald-hartwig,bh_reaction_2,47,10,40,no_target,True,1,1.0
buchwald-hartwig,bh_reaction_2,48,5,20,no_target,False,1,0.9662588064207074
buchwald-hartwig,bh_reaction_2,48,5,40,no_target,False,1,0.9980847967143587
buchwald-hartwig,bh_reaction_2,48,10,20,no_target,True,1,1.0
buchwald-hartwig,bh_reaction_2,48,10,40,no_target,True,1,1.0
buchwald-hartwig,bh_reaction_2,49,5,20,no_target,False,1,0.9662588064207074
buchwald-hartwig,bh_reaction_2,49,5,40,no_target,False,1,0.9980847967143587
buchwald-hartwig,bh_reaction_2,49,10,20,no_target,True,1,1.0
buchwald-hartwig,bh_reaction_2,49,10,40,no_target,True,1,1.0
buchwald-hartwig,bh_reaction_3,0,5,20,no_target,False,1,0.9662588064207074
buchwald-hartwig,bh_reaction_3,0,5,40,no_target,False,1,0.9980847967143587
buchwald-hartwig,bh_reaction_3,0,10,20,no_target,True,1,1.0
buchwald-hartwig,bh_reaction_3,0,10,40,no_target,True,1,1.0
buchwald-hartwig,bh_reaction_3,1,5,20,no_target,True,1,1.0
buchwald-hartwig,bh_reaction_3,1,5,40,no_target,True,1,1.0
buchwald-hartwig,bh_reaction_3,1,10,20,no_target,True,1,1.0
buchwald-hartwig,bh_reaction_3,1,10,40,no_target,True,1,1.0
buchwald-hartwig,bh_reaction_3,2,5,20,no_target,False,1,0.9662588064207074
buchwald-hartwig,bh_reaction_3,2,5,40,no_target,False,1,0.9980847967143587
buchwald-hartwig,bh_reaction_3,2,10,20,no_target,False,1,0.9085549932331681
buchwald-hartwig,bh_reaction_3,2,10,40,no_target,False,1,0.9944996053192339
buchwald-hartwig,bh_reaction_3,3,5,20,no_target,False,1,0.9662588064207074
buchwald-hartwig,bh_reaction_3,3,5,40,no_target,False,1,0.9980847967143587
buchwald-hartwig,bh_reaction_3,3,10,20,no_target,False,1,0.9085549932331681
buchwald-hartwig,bh_reaction_3,3,10,40,no_target,False,1,0.9944996053192339
buchwald-hartwig,bh_reaction_3,4,5,20,no_target,False,1,0.9662588064207074
buchwald-hartwig,bh_reaction_3,4,5,40,no_target,False,1,0.9980847967143587
buchwald-hartwig,bh_reaction_3,4,10,20,no_target,True,1,1.0
buchwald-hartwig,bh_reaction_3,4,10,40,no_target,True,1,1.0
buchwald-hartwig,bh_reaction_3,5,5,20,no_target,False,1,0.9662588064207074
buchwald-hartwig,bh_reaction_3,5,5,40,no_target,False,1,0.9980847967143587
buchwald-hartwig,bh_reaction_3,5,10,20,no_target,True,1,1.0
buchwald-hartwig,bh_reaction_3,5,10,40,no_target,True,1,1.0
buchwald-hartwig,bh_reaction_3,6,5,20,no_target,False,1,0.9662588064207074
buchwald-hartwig,bh_reaction_3,6,5,40,no_target,False,1,0.9980847967143587
buchwald-hartwig,bh_reaction_3,6,10,20,no_target,True,1,1.0
buchwald-hartwig,bh_reaction_3,6,10,40,no_target,True,1,1.0
buchwald-hartwig,bh_reaction_3,7,5,20,no_target,False,1,0.9662588064207074
buchwald-hartwig,bh_reaction_3,7,5,40,no_target,False,1,0.9980847967143587
buchwald-hartwig,bh_reaction_3,7,10,20,no_target,True,1,1.0
buchwald-hartwig,bh_reaction_3,7,10,40,no_target,True,1,1.0
buchwald-hartwig,bh_reaction_3,8,5,20,no_target,True,1,1.0
buchwald-hartwig,bh_reaction_3,8,5,40,no_target,True,1,1.0
buchwald-hartwig,bh_reaction_3,8,10,20,no_target,True,1,1.0
buchwald-hartwig,bh_reaction_3,8,10,40,no_target,True,1,1.0
buchwald-hartwig,bh_reaction_3,9,5,20,no_target,True,1,1.0
buchwald-hartwig,bh_reaction_3,9,5,40,no_target,True,1,1.0
buchwald-hartwig,bh_reaction_3,9,10,20,no_target,True,1,1.0
buchwald-hartwig,bh_reaction_3,9,10,40,no_target,True,1,1.0
buchwald-hartwig,bh_reaction_3,10,5,20,no_target,False,1,0.9662588064207074
buchwald-hartwig,bh_reaction_3,10,5,40,no_target,False,1,0.9980847967143587
buchwald-hartwig,bh_reaction_3,10,10,20,no_target,False,1,0.9085549932331681
buchwald-hartwig,bh_reaction_3,10,10,40,no_target,False,1,0.9944996053192339
buchwald-hartwig,bh_reaction_3,11,5,20,no_target,True,1,1.0
buchwald-hartwig,bh_reaction_3,11,5,40,no_target,True,1,1.0
buchwald-hartwig,bh_reaction_3,11,10,20,no_target,True,1,1.0
buchwald-hartwig,bh_reaction_3,11,10,40,no_target,True,1,1.0
buchwald-hartwig,bh_reaction_3,12,5,20,no_target,True,1,1.0
buchwald-hartwig,bh_reaction_3,12,5,40,no_target,True,1,1.0
buchwald-hartwig,bh_reaction_3,12,10,20,no_target,True,1,1.0
buchwald-hartwig,bh_reaction_3,12,10,40,no_target,True,1,1.0
buchwald-hartwig,bh_reaction_3,13,5,20,no_target,True,1,1.0
buchwald-hartwig,bh_reaction_3,13,5,40,no_target,True,1,1.0
buchwald-hartwig,bh_reaction_3,13,10,20,no_target,True,1,1.0
buchwald-hartwig,bh_reaction_3,13,10,40,no_target,True,1,1.0
buchwald-hartwig,bh_reaction_3,14,5,20,no_target,False,1,0.9662588064207074
buchwald-hartwig,bh_reaction_3,14,5,40,no_target,False,1,0.9980847967143587
buchwald-hartwig,bh_reaction_3,14,10,20,no_target,False,1,0.9085549932331681
buchwald-hartwig,bh_reaction_3,14,10,40,no_target,False,1,0.9944996053192339
buchwald-hartwig,bh_reaction_3,15,5,20,no_target,True,1,1.0
buchwald-hartwig,bh_reaction_3,15,5,40,no_target,True,1,1.0
buchwald-hartwig,bh_reaction_3,15,10,20,no_target,True,1,1.0
buchwald-hartwig,bh_reaction_3,15,10,40,no_target,True,1,1.0
buchwald-hartwig,bh_reaction_3,16,5,20,no_target,False,1,0.9662588064207074
buchwald-hartwig,bh_reaction_3,16,5,40,no_target,False,1,0.9980847967143587
buchwald-hartwig,bh_reaction_3,16,10,20,no_target,False,1,0.9085549932331681
buchwald-hartwig,bh_reaction_3,16,10,40,no_target,False,1,0.9944996053192339
buchwald-hartwig,bh_reaction_3,17,5,20,no_target,False,1,0.9662588064207074
buchwald-hartwig,bh_reaction_3,17,5,40,no_target,False,1,0.9980847967143587
buchwald-hartwig,bh_reaction_3,17,10,20,no_target,True,1,1.0
buchwald-hartwig,bh_reaction_3,17,10,40,no_target,True,1,1.0
buchwald-hartwig,bh_reaction_3,18,5,20,no_target,False,1,0.9662588064207074
buchwald-hartwig,bh_reaction_3,18,5,40,no_target,False,1,0.9980847967143587
buchwald-hartwig,bh_reaction_3,18,10,20,no_target,False,1,0.9085549932331681
buchwald-hartwig,bh_reaction_3,18,10,40,no_target,False,1,0.9944996053192339
buchwald-hartwig,bh_reaction_3,19,5,20,no_target,False,1,0.9662588064207074
buchwald-hartwig,bh_reaction_3,19,5,40,no_target,False,1,0.9980847967143587
buchwald-hartwig,bh_reaction_3,19,10,20,no_target,False,1,0.9085549932331681
buchwald-hartwig,bh_reaction_3,19,10,40,no_target,False,1,0.9944996053192339
buchwald-hartwig,bh_reaction_3,20,5,20,no_target,True,1,1.0
buchwald-hartwig,bh_reaction_3,20,5,40,no_target,True,1,1.0
buchwald-hartwig,bh_reaction_3,20,10,20,no_target,True,1,1.0
buchwald-hartwig,bh_reaction_3,20,10,40,no_target,True,1,1.0
buchwald-hartwig,bh_reaction_3,21,5,20,no_target,False,1,0.9662588064207074
buchwald-hartwig,bh_reaction_3,21,5,40,no_target,False,1,0.9980847967143587
buchwald-hartwig,bh_reaction_3,21,10,20,no_target,True,1,1.0
buchwald-hartwig,bh_reaction_3,21,10,40,no_target,True,1,1.0
buchwald-hartwig,bh_reaction_3,22,5,20,no_target,True,1,1.0
buchwald-hartwig,bh_reaction_3,22,5,40,no_target,True,1,1.0
buchwald-hartwig,bh_reaction_3,22,10,20,no_target,True,1,1.0
buchwald-hartwig,bh_reaction_3,22,10,40,no_target,True,1,1.0
buchwald-hartwig,bh_reaction_3,23,5,20,no_target,True,1,1.0
buchwald-hartwig,bh_reaction_3,23,5,40,no_target,True,1,1.0
buchwald-hartwig,bh_reaction_3,23,10,20,no_target,True,1,1.0
buchwald-hartwig,bh_reaction_3,23,10,40,no_target,True,1,1.0
buchwald-hartwig,bh_reaction_3,24,5,20,no_target,False,1,0.9662588064207074
buchwald-hartwig,bh_reaction_3,24,5,40,no_target,False,1,0.9980847967143587
buchwald-hartwig,bh_reaction_3,24,10,20,no_target,False,1,0.9085549932331681
buchwald-hartwig,bh_reaction_3,24,10,40,no_target,False,1,0.9944996053192339
buchwald-hartwig,bh_reaction_3,25,5,20,no_target,False,1,0.9662588064207074
buchwald-hartwig,bh_reaction_3,25,5,40,no_target,False,1,0.9980847967143587
buchwald-hartwig,bh_reaction_3,25,10,20,no_target,True,1,1.0
buchwald-hartwig,bh_reaction_3,25,10,40,no_target,True,1,1.0
buchwald-hartwig,bh_reaction_3,26,5,20,no_target,True,1,1.0
buchwald-hartwig,bh_reaction_3,26,5,40,no_target,True,1,1.0
buchwald-hartwig,bh_reaction_3,26,10,20,no_target,True,1,1.0
buchwald-hartwig,bh_reaction_3,26,10,40,no_target,True,1,1.0
buchwald-hartwig,bh_reaction_3,27,5,20,no_target,False,1,0.9662588064207074
buchwald-hartwig,bh_reaction_3,27,5,40,no_target,False,1,0.9980847967143587
buchwald-hartwig,bh_reaction_3,27,10,20,no_target,True,1,1.0
buchwald-hartwig,bh_reaction_3,27,10,40,no_target,True,1,1.0
buchwald-hartwig,bh_reaction_3,28,5,20,no_target,False,1,0.9662588064207074
buchwald-hartwig,bh_reaction_3,28,5,40,no_target,False,1,0.9980847967143587
buchwald-hartwig,bh_reaction_3,28,10,20,no_target,True,1,1.0
buchwald-hartwig,bh_reaction_3,28,10,40,no_target,True,1,1.0
buchwald-hartwig,bh_reaction_3,29,5,20,no_target,True,1,1.0
buchwald-hartwig,bh_reaction_3,29,5,40,no_target,True,1,1.0
buchwald-hartwig,bh_reaction_3,29,10,20,no_target,True,1,1.0
buchwald-hartwig,bh_reaction_3,29,10,40,no_target,True,1,1.0
buchwald-hartwig,bh_reaction_3,30,5,20,no_target,False,1,0.9662588064207074
buchwald-hartwig,bh_reaction_3,30,5,40,no_target,False,1,0.9980847967143587
buchwald-hartwig,bh_reaction_3,30,10,20,no_target,False,1,0.9085549932331681
buchwald-hartwig,bh_reaction_3,30,10,40,no_target,False,1,0.9944996053192339
buchwald-hartwig,bh_reaction_3,31,5,20,no_target,False,1,0.9662588064207074
buchwald-hartwig,bh_reaction_3,31,5,40,no_target,False,1,0.9980847967143587
buchwald-hartwig,bh_reaction_3,31,10,20,no_target,True,1,1.0
buchwald-hartwig,bh_reaction_3,31,10,40,no_target,True,1,1.0
buchwald-hartwig,bh_reaction_3,32,5,20,no_target,False,1,0.9662588064207074
buchwald-hartwig,bh_reaction_3,32,5,40,no_target,False,1,0.9980847967143587
buchwald-hartwig,bh_reaction_3,32,10,20,no_target,True,1,1.0
buchwald-hartwig,bh_reaction_3,32,10,40,no_target,True,1,1.0
buchwald-hartwig,bh_reaction_3,33,5,20,no_target,True,1,1.0
buchwald-hartwig,bh_reaction_3,33,5,40,no_target,True,1,1.0
buchwald-hartwig,bh_reaction_3,33,10,20,no_target,True,1,1.0
buchwald-hartwig,bh_reaction_3,33,10,40,no_target,True,1,1.0
buchwald-hartwig,bh_reaction_3,34,5,20,no_target,True,1,1.0
buchwald-hartwig,bh_reaction_3,34,5,40,no_target,True,1,1.0
buchwald-hartwig,bh_reaction_3,34,10,20,no_target,True,1,1.0
buchwald-hartwig,bh_reaction_3,34,10,40,no_target,True,1,1.0
buchwald-hartwig,bh_reaction_3,35,5,20,no_target,False,1,0.9662588064207074
buchwald-hartwig,bh_reaction_3,35,5,40,no_target,False,1,0.9980847967143587
buchwald-hartwig,bh_reaction_3,35,10,20,no_target,False,1,0.9085549932331681
buchwald-hartwig,bh_reaction_3,35,10,40,no_target,False,1,0.9944996053192339
buchwald-hartwig,bh_reaction_3,36,5,20,no_target,False,1,0.9662588064207074
buchwald-hartwig,bh_reaction_3,36,5,40,no_target,False,1,0.9980847967143587
buchwald-hartwig,bh_reaction_3,36,10,20,no_target,False,1,0.9085549932331681
buchwald-hartwig,bh_reaction_3,36,10,40,no_target,False,1,0.9944996053192339
buchwald-hartwig,bh_reaction_3,37,5,20,no_target,True,1,1.0
buchwald-hartwig,bh_reaction_3,37,5,40,no_target,True,1,1.0
buchwald-hartwig,bh_reaction_3,37,10,20,no_target,True,1,1.0
buchwald-hartwig,bh_reaction_3,37,10,40,no_target,True,1,1.0
buchwald-hartwig,bh_reaction_3,38,5,20,no_target,True,1,1.0
buchwald-hartwig,bh_reaction_3,38,5,40,no_target,True,1,1.0
buchwald-hartwig,bh_reaction_3,38,10,20,no_target,True,1,1.0
buchwald-hartwig,bh_reaction_3,38,10,40,no_target,True,1,1.0
buchwald-hartwig,bh_reaction_3,39,5,20,no_target,False,1,0.9662588064207074
buchwald-hartwig,bh_reaction_3,39,5,40,no_target,False,1,0.9980847967143587
buchwald-hartwig,bh_reaction_3,39,10,20,no_target,False,1,0.9085549932331681
buchwald-hartwig,bh_reaction_3,39,10,40,no_target,False,1,0.9944996053192339
buchwald-hartwig,bh_reaction_3,40,5,20,no_target,True,1,1.0
buchwald-hartwig,bh_reaction_3,40,5,40,no_target,True,1,1.0
buchwald-hartwig,bh_reaction_3,40,10,20,no_target,True,1,1.0
buchwald-hartwig,bh_reaction_3,40,10,40,no_target,True,1,1.0
buchwald-hartwig,bh_reaction_3,41,5,20,no_target,False,1,0.9662588064207074
buchwald-hartwig,bh_reaction_3,41,5,40,no_target,False,1,0.9980847967143587
buchwald-hartwig,bh_reaction_3,41,10,20,no_target,False,1,0.9085549932331681
buchwald-hartwig,bh_reaction_3,41,10,40,no_target,False,1,0.9944996053192339
buchwald-hartwig,bh_reaction_3,42,5,20,no_target,False,1,0.9662588064207074
buchwald-hartwig,bh_reaction_3,42,5,40,no_target,False,1,0.9980847967143587
buchwald-hartwig,bh_reaction_3,42,10,20,no_target,True,1,1.0
buchwald-hartwig,bh_reaction_3,42,10,40,no_target,True,1,1.0
buchwald-hartwig,bh_reaction_3,43,5,20,no_target,True,1,1.0
buchwald-hartwig,bh_reaction_3,43,5,40,no_target,True,1,1.0
buchwald-hartwig,bh_reaction_3,43,10,20,no_target,True,1,1.0
buchwald-hartwig,bh_reaction_3,43,10,40,no_target,True,1,1.0
buchwald-hartwig,bh_reaction_3,44,5,20,no_target,False,1,0.9662588064207074
buchwald-hartwig,bh_reaction_3,44,5,40,no_target,False,1,0.9980847967143587
buchwald-hartwig,bh_reaction_3,44,10,20,no_target,True,1,1.0
buchwald-hartwig,bh_reaction_3,44,10,40,no_target,True,1,1.0
buchwald-hartwig,bh_reaction_3,45,5,20,no_target,False,1,0.9662588064207074
buchwald-hartwig,bh_reaction_3,45,5,40,no_target,False,1,0.9980847967143587
buchwald-hartwig,bh_reaction_3,45,10,20,no_target,False,1,0.9085549932331681
buchwald-hartwig,bh_reaction_3,45,10,40,no_target,False,1,0.9944996053192339
buchwald-hartwig,bh_reaction_3,46,5,20,no_target,False,1,0.9662588064207074
buchwald-hartwig,bh_reaction_3,46,5,40,no_target,False,1,0.9980847967143587
buchwald-hartwig,bh_reaction_3,46,10,20,no_target,False,1,0.9085549932331681
buchwald-hartwig,bh_reaction_3,46,10,40,no_target,False,1,0.9944996053192339
buchwald-hartwig,bh_reaction_3,47,5,20,no_target,True,1,1.0
buchwald-hartwig,bh_reaction_3,47,5,40,no_target,True,1,1.0
buchwald-hartwig,bh_reaction_3,47,10,20,no_target,True,1,1.0
buchwald-hartwig,bh_reaction_3,47,10,40,no_target,True,1,1.0
buchwald-hartwig,bh_reaction_3,48,5,20,no_target,True,1,1.0
buchwald-hartwig,bh_reaction_3,48,5,40,no_target,True,1,1.0
buchwald-hartwig,bh_reaction_3,48,10,20,no_target,True,1,1.0
buchwald-hartwig,bh_reaction_3,48,10,40,no_target,True,1,1.0
buchwald-hartwig,bh_reaction_3,49,5,20,no_target,True,1,1.0
buchwald-hartwig,bh_reaction_3,49,5,40,no_target,True,1,1.0
buchwald-hartwig,bh_reaction_3,49,10,20,no_target,True,1,1.0
buchwald-hartwig,bh_reaction_3,49,10,40,no_target,True,1,1.0
buchwald-hartwig,bh_reaction_4,0,5,20,no_target,False,1,0.9662588064207074
buchwald-hartwig,bh_reaction_4,0,5,40,no_target,False,1,0.9980847967143587
buchwald-hartwig,bh_reaction_4,0,10,20,no_target,True,1,1.0
buchwald-hartwig,bh_reaction_4,0,10,40,no_target,True,1,1.0
buchwald-hartwig,bh_reaction_4,1,5,20,no_target,True,1,1.0
buchwald-hartwig,bh_reaction_4,1,5,40,no_target,True,1,1.0
buchwald-hartwig,bh_reaction_4,1,10,20,no_target,True,1,1.0
buchwald-hartwig,bh_reaction_4,1,10,40,no_target,True,1,1.0
buchwald-hartwig,bh_reaction_4,2,5,20,no_target,False,1,0.9662588064207074
buchwald-hartwig,bh_reaction_4,2,5,40,no_target,False,1,0.9980847967143587
buchwald-hartwig,bh_reaction_4,2,10,20,no_target,True,1,1.0
buchwald-hartwig,bh_reaction_4,2,10,40,no_target,True,1,1.0
buchwald-hartwig,bh_reaction_4,3,5,20,no_target,True,1,1.0
buchwald-hartwig,bh_reaction_4,3,5,40,no_target,True,1,1.0
buchwald-hartwig,bh_reaction_4,3,10,20,no_target,True,1,1.0
buchwald-hartwig,bh_reaction_4,3,10,40,no_target,True,1,1.0
buchwald-hartwig,bh_reaction_4,4,5,20,no_target,False,1,0.9662588064207074
buchwald-hartwig,bh_reaction_4,4,5,40,no_target,False,1,0.9980847967143587
buchwald-hartwig,bh_reaction_4,4,10,20,no_target,True,1,1.0
buchwald-hartwig,bh_reaction_4,4,10,40,no_target,True,1,1.0
buchwald-hartwig,bh_reaction_4,5,5,20,no_target,False,1,0.9662588064207074
buchwald-hartwig,bh_reaction_4,5,5,40,no_target,False,1,0.9980847967143587
buchwald-hartwig,bh_reaction_4,5,10,20,no_target,True,1,1.0
buchwald-hartwig,bh_reaction_4,5,10,40,no_target,True,1,1.0
buchwald-hartwig,bh_reaction_4,6,5,20,no_target,False,1,0.9662588064207074
buchwald-hartwig,bh_reaction_4,6,5,40,no_target,False,1,0.9980847967143587
buchwald-hartwig,bh_reaction_4,6,10,20,no_target,True,1,1.0
buchwald-hartwig,bh_reaction_4,6,10,40,no_target,True,1,1.0
buchwald-hartwig,bh_reaction_4,7,5,20,no_target,False,1,0.9662588064207074
buchwald-hartwig,bh_reaction_4,7,5,40,no_target,False,1,0.9980847967143587
buchwald-hartwig,bh_reaction_4,7,10,20,no_target,False,1,0.9085549932331681
buchwald-hartwig,bh_reaction_4,7,10,40,no_target,False,1,0.9944996053192339
buchwald-hartwig,bh_reaction_4,8,5,20,no_target,True,1,1.0
buchwald-hartwig,bh_reaction_4,8,5,40,no_target,True,1,1.0
buchwald-hartwig,bh_reaction_4,8,10,20,no_target,True,1,1.0
buchwald-hartwig,bh_reaction_4,8,10,40,no_target,True,1,1.0
buchwald-hartwig,bh_reaction_4,9,5,20,no_target,False,1,0.9662588064207074
buchwald-hartwig,bh_reaction_4,9,5,40,no_target,False,1,0.9980847967143587
buchwald-hartwig,bh_reaction_4,9,10,20,no_target,False,1,0.9085549932331681
buchwald-hartwig,bh_reaction_4,9,10,40,no_target,False,1,0.9944996053192339
buchwald-hartwig,bh_reaction_4,10,5,20,no_target,True,1,1.0
buchwald-hartwig,bh_reaction_4,10,5,40,no_target,True,1,1.0
buchwald-hartwig,bh_reaction_4,10,10,20,no_target,True,1,1.0
buchwald-hartwig,bh_reaction_4,10,10,40,no_target,True,1,1.0
buchwald-hartwig,bh_reaction_4,11,5,20,no_target,False,1,0.9662588064207074
buchwald-hartwig,bh_reaction_4,11,5,40,no_target,False,1,0.9980847967143587
buchwald-hartwig,bh_reaction_4,11,10,20,no_target,True,1,1.0
buchwald-hartwig,bh_reaction_4,11,10,40,no_target,True,1,1.0
buchwald-hartwig,bh_reaction_4,12,5,20,no_target,True,1,1.0
buchwald-hartwig,bh_reaction_4,12,5,40,no_target,True,1,1.0
buchwald-hartwig,bh_reaction_4,12,10,20,no_target,True,1,1.0
buchwald-hartwig,bh_reaction_4,12,10,40,no_target,True,1,1.0
buchwald-hartwig,bh_reaction_4,13,5,20,no_target,False,1,0.9662588064207074
buchwald-hartwig,bh_reaction_4,13,5,40,no_target,False,1,0.9980847967143587
buchwald-hartwig,bh_reaction_4,13,10,20,no_target,True,1,1.0
buchwald-hartwig,bh_reaction_4,13,10,40,no_target,True,1,1.0
buchwald-hartwig,bh_reaction_4,14,5,20,no_target,False,1,0.9662588064207074
buchwald-hartwig,bh_reaction_4,14,5,40,no_target,False,1,0.9980847967143587
buchwald-hartwig,bh_reaction_4,14,10,20,no_target,True,1,1.0
buchwald-hartwig,bh_reaction_4,14,10,40,no_target,True,1,1.0
buchwald-hartwig,bh_reaction_4,15,5,20,no_target,True,1,1.0
buchwald-hartwig,bh_reaction_4,15,5,40,no_target,True,1,1.0
buchwald-hartwig,bh_reaction_4,15,10,20,no_target,True,1,1.0
buchwald-hartwig,bh_reaction_4,15,10,40,no_target,True,1,1.0
buchwald-hartwig,bh_reaction_4,16,5,20,no_target,False,1,0.9662588064207074
buchwald-hartwig,bh_reaction_4,16,5,40,no_target,False,1,0.9980847967143587
buchwald-hartwig,bh_reaction_4,16,10,20,no_target,True,1,1.0
buchwald-hartwig,bh_reaction_4,16,10,40,no_target,True,1,1.0
buchwald-hartwig,bh_reaction_4,17,5,20,no_target,False,1,0.9662588064207074
buchwald-hartwig,bh_reaction_4,17,5,40,no_target,False,1,0.9980847967143587
buchwald-hartwig,bh_reaction_4,17,10,20,no_target,True,1,1.0
buchwald-hartwig,bh_reaction_4,17,10,40,no_target,True,1,1.0
buchwald-hartwig,bh_reaction_4,18,5,20,no_target,False,1,0.9662588064207074
buchwald-hartwig,bh_reaction_4,18,5,40,no_target,False,1,0.9980847967143587
buchwald-hartwig,bh_reaction_4,18,10,20,no_target,True,1,1.0
buchwald-hartwig,bh_reaction_4,18,10,40,no_target,True,1,1.0
buchwald-hartwig,bh_reaction_4,19,5,20,no_target,False,1,0.9662588064207074
buchwald-hartwig,bh_reaction_4,19,5,40,no_target,False,1,0.9980847967143587
buchwald-hartwig,bh_reaction_4,19,10,20,no_target,False,1,0.9085549932331681
buchwald-hartwig,bh_reaction_4,19,10,40,no_target,False,1,0.9944996053192339
buchwald-hartwig,bh_reaction_4,20,5,20,no_target,False,0,0.9662588064207074
buchwald-hartwig,bh_reaction_4,20,5,40,no_target,False,1,0.9980847967143587
buchwald-hartwig,bh_reaction_4,20,10,20,no_target,False,0,0.9085549932331681
buchwald-hartwig,bh_reaction_4,20,10,40,no_target,False,1,0.9944996053192339
buchwald-hartwig,bh_reaction_4,21,5,20,no_target,False,1,0.9662588064207074
buchwald-hartwig,bh_reaction_4,21,5,40,no_target,False,1,0.9980847967143587
buchwald-hartwig,bh_reaction_4,21,10,20,no_target,True,1,1.0
buchwald-hartwig,bh_reaction_4,21,10,40,no_target,True,1,1.0
buchwald-hartwig,bh_reaction_4,22,5,20,no_target,False,1,0.9662588064207074
buchwald-hartwig,bh_reaction_4,22,5,40,no_target,False,1,0.9980847967143587
buchwald-hartwig,bh_reaction_4,22,10,20,no_target,True,1,1.0
buchwald-hartwig,bh_reaction_4,22,10,40,no_target,True,1,1.0
buchwald-hartwig,bh_reaction_4,23,5,20,no_target,False,1,0.9662588064207074
buchwald-hartwig,bh_reaction_4,23,5,40,no_target,False,1,0.9980847967143587
buchwald-hartwig,bh_reaction_4,23,10,20,no_target,False,1,0.9085549932331681
buchwald-hartwig,bh_reaction_4,23,10,40,no_target,False,1,0.9944996053192339
buchwald-hartwig,bh_reaction_4,24,5,20,no_target,False,1,0.9662588064207074
buchwald-hartwig,bh_reaction_4,24,5,40,no_target,False,1,0.9980847967143587
buchwald-hartwig,bh_reaction_4,24,10,20,no_target,True,1,1.0
buchwald-hartwig,bh_reaction_4,24,10,40,no_target,True,1,1.0
buchwald-hartwig,bh_reaction_4,25,5,20,no_target,False,1,0.9662588064207074
buchwald-hartwig,bh_reaction_4,25,5,40,no_target,False,1,0.9980847967143587
buchwald-hartwig,bh_reaction_4,25,10,20,no_target,True,1,1.0
buchwald-hartwig,bh_reaction_4,25,10,40,no_target,True,1,1.0
buchwald-hartwig,bh_reaction_4,26,5,20,no_target,True,1,1.0
buchwald-hartwig,bh_reaction_4,26,5,40,no_target,True,1,1.0
buchwald-hartwig,bh_reaction_4,26,10,20,no_target,True,1,1.0
buchwald-hartwig,bh_reaction_4,26,10,40,no_target,True,1,1.0
buchwald-hartwig,bh_reaction_4,27,5,20,no_target,True,1,1.0
buchwald-hartwig,bh_reaction_4,27,5,40,no_target,True,1,1.0
buchwald-hartwig,bh_reaction_4,27,10,20,no_target,True,1,1.0
buchwald-hartwig,bh_reaction_4,27,10,40,no_target,True,1,1.0
buchwald-hartwig,bh_reaction_4,28,5,20,no_target,True,1,1.0
buchwald-hartwig,bh_reaction_4,28,5,40,no_target,True,1,1.0
buchwald-hartwig,bh_reaction_4,28,10,20,no_target,True,1,1.0
buchwald-hartwig,bh_reaction_4,28,10,40,no_target,True,1,1.0
buchwald-hartwig,bh_reaction_4,29,5,20,no_target,False,1,0.9662588064207074
buchwald-hartwig,bh_reaction_4,29,5,40,no_target,False,1,0.9980847967143587
buchwald-hartwig,bh_reaction_4,29,10,20,no_target,False,1,0.9085549932331681
buchwald-hartwig,bh_reaction_4,29,10,40,no_target,False,1,0.9944996053192339
buchwald-hartwig,bh_reaction_4,30,5,20,no_target,True,1,1.0
buchwald-hartwig,bh_reaction_4,30,5,40,no_target,True,1,1.0
buchwald-hartwig,bh_reaction_4,30,10,20,no_target,True,1,1.0
buchwald-hartwig,bh_reaction_4,30,10,40,no_target,True,1,1.0
buchwald-hartwig,bh_reaction_4,31,5,20,no_target,True,1,1.0
buchwald-hartwig,bh_reaction_4,31,5,40,no_target,True,1,1.0
buchwald-hartwig,bh_reaction_4,31,10,20,no_target,True,1,1.0
buchwald-hartwig,bh_reaction_4,31,10,40,no_target,True,1,1.0
buchwald-hartwig,bh_reaction_4,32,5,20,no_target,False,1,0.9662588064207074
buchwald-hartwig,bh_reaction_4,32,5,40,no_target,False,1,0.9980847967143587
buchwald-hartwig,bh_reaction_4,32,10,20,no_target,True,1,1.0
buchwald-hartwig,bh_reaction_4,32,10,40,no_target,True,1,1.0
buchwald-hartwig,bh_reaction_4,33,5,20,no_target,False,1,0.9662588064207074
buchwald-hartwig,bh_reaction_4,33,5,40,no_target,False,1,0.9980847967143587
buchwald-hartwig,bh_reaction_4,33,10,20,no_target,True,1,1.0
buchwald-hartwig,bh_reaction_4,33,10,40,no_target,True,1,1.0
buchwald-hartwig,bh_reaction_4,34,5,20,no_target,False,1,0.9662588064207074
buchwald-hartwig,bh_reaction_4,34,5,40,no_target,False,1,0.9980847967143587
buchwald-hartwig,bh_reaction_4,34,10,20,no_target,True,1,1.0
buchwald-hartwig,bh_reaction_4,34,10,40,no_target,True,1,1.0
buchwald-hartwig,bh_reaction_4,35,5,20,no_target,True,1,1.0
buchwald-hartwig,bh_reaction_4,35,5,40,no_target,True,1,1.0
buchwald-hartwig,bh_reaction_4,35,10,20,no_target,True,1,1.0
buchwald-hartwig,bh_reaction_4,35,10,40,no_target,True,1,1.0
buchwald-hartwig,bh_reaction_4,36,5,20,no_target,True,1,1.0
buchwald-hartwig,bh_reaction_4,36,5,40,no_target,True,1,1.0
buchwald-hartwig,bh_reaction_4,36,10,20,no_target,True,1,1.0
buchwald-hartwig,bh_reaction_4,36,10,40,no_target,True,1,1.0
buchwald-hartwig,bh_reaction_4,37,5,20,no_target,False,1,0.9662588064207074
buchwald-hartwig,bh_reaction_4,37,5,40,no_target,False,1,0.9980847967143587
buchwald-hartwig,bh_reaction_4,37,10,20,no_target,True,1,1.0
buchwald-hartwig,bh_reaction_4,37,10,40,no_target,True,1,1.0
buchwald-hartwig,bh_reaction_4,38,5,20,no_target,True,1,1.0
buchwald-hartwig,bh_reaction_4,38,5,40,no_target,True,1,1.0
buchwald-hartwig,bh_reaction_4,38,10,20,no_target,True,1,1.0
buchwald-hartwig,bh_reaction_4,38,10,40,no_target,True,1,1.0
buchwald-hartwig,bh_reaction_4,39,5,20,no_target,False,1,0.9662588064207074
buchwald-hartwig,bh_reaction_4,39,5,40,no_target,False,1,0.9980847967143587
buchwald-hartwig,bh_reaction_4,39,10,20,no_target,True,1,1.0
buchwald-hartwig,bh_reaction_4,39,10,40,no_target,True,1,1.0
buchwald-hartwig,bh_reaction_4,40,5,20,no_target,True,1,1.0
buchwald-hartwig,bh_reaction_4,40,5,40,no_target,True,1,1.0
buchwald-hartwig,bh_reaction_4,40,10,20,no_target,True,1,1.0
buchwald-hartwig,bh_reaction_4,40,10,40,no_target,True,1,1.0
buchwald-hartwig,bh_reaction_4,41,5,20,no_target,True,1,1.0
buchwald-hartwig,bh_reaction_4,41,5,40,no_target,True,1,1.0
buchwald-hartwig,bh_reaction_4,41,10,20,no_target,True,1,1.0
buchwald-hartwig,bh_reaction_4,41,10,40,no_target,True,1,1.0
buchwald-hartwig,bh_reaction_4,42,5,20,no_target,False,1,0.9662588064207074
buchwald-hartwig,bh_reaction_4,42,5,40,no_target,False,1,0.9980847967143587
buchwald-hartwig,bh_reaction_4,42,10,20,no_target,False,1,0.9085549932331681
buchwald-hartwig,bh_reaction_4,42,10,40,no_target,False,1,0.9944996053192339
buchwald-hartwig,bh_reaction_4,43,5,20,no_target,True,1,1.0
buchwald-hartwig,bh_reaction_4,43,5,40,no_target,True,1,1.0
buchwald-hartwig,bh_reaction_4,43,10,20,no_target,True,1,1.0
buchwald-hartwig,bh_reaction_4,43,10,40,no_target,True,1,1.0
buchwald-hartwig,bh_reaction_4,44,5,20,no_target,True,1,1.0
buchwald-hartwig,bh_reaction_4,44,5,40,no_target,True,1,1.0
buchwald-hartwig,bh_reaction_4,44,10,20,no_target,True,1,1.0
buchwald-hartwig,bh_reaction_4,44,10,40,no_target,True,1,1.0
buchwald-hartwig,bh_reaction_4,45,5,20,no_target,True,1,1.0
buchwald-hartwig,bh_reaction_4,45,5,40,no_target,True,1,1.0
buchwald-hartwig,bh_reaction_4,45,10,20,no_target,True,1,1.0
buchwald-hartwig,bh_reaction_4,45,10,40,no_target,True,1,1.0
buchwald-hartwig,bh_reaction_4,46,5,20,no_target,True,1,1.0
buchwald-hartwig,bh_reaction_4,46,5,40,no_target,True,1,1.0
buchwald-hartwig,bh_reaction_4,46,10,20,no_target,True,1,1.0
buchwald-hartwig,bh_reaction_4,46,10,40,no_target,True,1,1.0
buchwald-hartwig,bh_reaction_4,47,5,20,no_target,False,1,0.9662588064207074
buchwald-hartwig,bh_reaction_4,47,5,40,no_target,False,1,0.9980847967143587
buchwald-hartwig,bh_reaction_4,47,10,20,no_target,True,1,1.0
buchwald-hartwig,bh_reaction_4,47,10,40,no_target,True,1,1.0
buchwald-hartwig,bh_reaction_4,48,5,20,no_target,True,1,1.0
buchwald-hartwig,bh_reaction_4,48,5,40,no_target,True,1,1.0
buchwald-hartwig,bh_reaction_4,48,10,20,no_target,True,1,1.0
buchwald-hartwig,bh_reaction_4,48,10,40,no_target,True,1,1.0
buchwald-hartwig,bh_reaction_4,49,5,20,no_target,False,1,0.9662588064207074
buchwald-hartwig,bh_reaction_4,49,5,40,no_target,False,1,0.9980847967143587
buchwald-hartwig,bh_reaction_4,49,10,20,no_target,True,1,1.0
buchwald-hartwig,bh_reaction_4,49,10,40,no_target,True,1,1.0
buchwald-hartwig,bh_reaction_5,0,5,20,no_target,True,1,1.0
buchwald-hartwig,bh_reaction_5,0,5,40,no_target,True,1,1.0
buchwald-hartwig,bh_reaction_5,0,10,20,no_target,True,1,1.0
buchwald-hartwig,bh_reaction_5,0,10,40,no_target,True,1,1.0
buchwald-hartwig,bh_reaction_5,1,5,20,no_target,False,1,0.9662588064207074
buchwald-hartwig,bh_reaction_5,1,5,40,no_target,False,1,0.9980847967143587
buchwald-hartwig,bh_reaction_5,1,10,20,no_target,True,1,1.0
buchwald-hartwig,bh_reaction_5,1,10,40,no_target,True,1,1.0
buchwald-hartwig,bh_reaction_5,2,5,20,no_target,True,1,1.0
buchwald-hartwig,bh_reaction_5,2,5,40,no_target,True,1,1.0
buchwald-hartwig,bh_reaction_5,2,10,20,no_target,True,1,1.0
buchwald-hartwig,bh_reaction_5,2,10,40,no_target,True,1,1.0
buchwald-hartwig,bh_reaction_5,3,5,20,no_target,True,1,1.0
buchwald-hartwig,bh_reaction_5,3,5,40,no_target,True,1,1.0
buchwald-hartwig,bh_reaction_5,3,10,20,no_target,True,1,1.0
buchwald-hartwig,bh_reaction_5,3,10,40,no_target,True,1,1.0
buchwald-hartwig,bh_reaction_5,4,5,20,no_target,True,1,1.0
buchwald-hartwig,bh_reaction_5,4,5,40,no_target,True,1,1.0
buchwald-hartwig,bh_reaction_5,4,10,20,no_target,True,1,1.0
buchwald-hartwig,bh_reaction_5,4,10,40,no_target,True,1,1.0
buchwald-hartwig,bh_reaction_5,5,5,20,no_target,True,1,1.0
buchwald-hartwig,bh_reaction_5,5,5,40,no_target,True,1,1.0
buchwald-hartwig,bh_reaction_5,5,10,20,no_target,True,1,1.0
buchwald-hartwig,bh_reaction_5,5,10,40,no_target,True,1,1.0
buchwald-hartwig,bh_reaction_5,6,5,20,no_target,False,1,0.9662588064207074
buchwald-hartwig,bh_reaction_5,6,5,40,no_target,False,1,0.9980847967143587
buchwald-hartwig,bh_reaction_5,6,10,20,no_target,False,1,0.9085549932331681
buchwald-hartwig,bh_reaction_5,6,10,40,no_target,False,1,0.9944996053192339
buchwald-hartwig,bh_reaction_5,7,5,20,no_target,False,1,0.9662588064207074
buchwald-hartwig,bh_reaction_5,7,5,40,no_target,False,1,0.9980847967143587
buchwald-hartwig,bh_reaction_5,7,10,20,no_target,True,1,1.0
buchwald-hartwig,bh_reaction_5,7,10,40,no_target,True,1,1.0
buchwald-hartwig,bh_reaction_5,8,5,20,no_target,False,1,0.9662588064207074
buchwald-hartwig,bh_reaction_5,8,5,40,no_target,False,1,0.9980847967143587
buchwald-hartwig,bh_reaction_5,8,10,20,no_target,False,1,0.9085549932331681
buchwald-hartwig,bh_reaction_5,8,10,40,no_target,False,1,0.9944996053192339
buchwald-hartwig,bh_reaction_5,9,5,20,no_target,False,1,0.9662588064207074
buchwald-hartwig,bh_reaction_5,9,5,40,no_target,False,1,0.9980847967143587
buchwald-hartwig,bh_reaction_5,9,10,20,no_target,False,1,0.9085549932331681
buchwald-hartwig,bh_reaction_5,9,10,40,no_target,False,1,0.9944996053192339
buchwald-hartwig,bh_reaction_5,10,5,20,no_target,True,1,1.0
buchwald-hartwig,bh_reaction_5,10,5,40,no_target,True,1,1.0
buchwald-hartwig,bh_reaction_5,10,10,20,no_target,True,1,1.0
buchwald-hartwig,bh_reaction_5,10,10,40,no_target,True,1,1.0
buchwald-hartwig,bh_reaction_5,11,5,20,no_target,False,1,0.9662588064207074
buchwald-hartwig,bh_reaction_5,11,5,40,no_target,False,1,0.9980847967143587
buchwald-hartwig,bh_reaction_5,11,10,20,no_target,True,1,1.0
buchwald-hartwig,bh_reaction_5,11,10,40,no_target,True,1,1.0
buchwald-hartwig,bh_reaction_5,12,5,20,no_target,False,1,0.9662588064207074
buchwald-hartwig,bh_reaction_5,12,5,40,no_target,False,1,0.9980847967143587
buchwald-hartwig,bh_reaction_5,12,10,20,no_target,True,1,1.0
buchwald-hartwig,bh_reaction_5,12,10,40,no_target,True,1,1.0
buchwald-hartwig,bh_reaction_5,13,5,20,no_target,False,1,0.9662588064207074
buchwald-hartwig,bh_reaction_5,13,5,40,no_target,False,1,0.9980847967143587
buchwald-hartwig,bh_reaction_5,13,10,20,no_target,False,1,0.9085549932331681
buchwald-hartwig,bh_reaction_5,13,10,40,no_target,False,1,0.9944996053192339
buchwald-hartwig,bh_reaction_5,14,5,20,no_target,True,1,1.0
buchwald-hartwig,bh_reaction_5,14,5,40,no_target,True,1,1.0
buchwald-hartwig,bh_reaction_5,14,10,20,no_target,True,1,1.0
buchwald-hartwig,bh_reaction_5,14,10,40,no_target,True,1,1.0
buchwald-hartwig,bh_reaction_5,15,5,20,no_target,False,1,0.9662588064207074
buchwald-hartwig,bh_reaction_5,15,5,40,no_target,False,1,0.9980847967143587
buchwald-hartwig,bh_reaction_5,15,10,20,no_target,True,1,1.0
buchwald-hartwig,bh_reaction_5,15,10,40,no_target,True,1,1.0
buchwald-hartwig,bh_reaction_5,16,5,20,no_target,False,1,0.9662588064207074
buchwald-hartwig,bh_reaction_5,16,5,40,no_target,False,1,0.9980847967143587
buchwald-hartwig,bh_reaction_5,16,10,20,no_target,False,1,0.9085549932331681
buchwald-hartwig,bh_reaction_5,16,10,40,no_target,False,1,0.9944996053192339
buchwald-hartwig,bh_reaction_5,17,5,20,no_target,False,1,0.9662588064207074
buchwald-hartwig,bh_reaction_5,17,5,40,no_target,False,1,0.9980847967143587
buchwald-hartwig,bh_reaction_5,17,10,20,no_target,True,1,1.0
buchwald-hartwig,bh_reaction_5,17,10,40,no_target,True,1,1.0
buchwald-hartwig,bh_reaction_5,18,5,20,no_target,False,1,0.9662588064207074
buchwald-hartwig,bh_reaction_5,18,5,40,no_target,False,1,0.9980847967143587
buchwald-hartwig,bh_reaction_5,18,10,20,no_target,True,1,1.0
buchwald-hartwig,bh_reaction_5,18,10,40,no_target,True,1,1.0
buchwald-hartwig,bh_reaction_5,19,5,20,no_target,False,1,0.9662588064207074
buchwald-hartwig,bh_reaction_5,19,5,40,no_target,False,1,0.9980847967143587
buchwald-hartwig,bh_reaction_5,19,10,20,no_target,True,1,1.0
buchwald-hartwig,bh_reaction_5,19,10,40,no_target,True,1,1.0
buchwald-hartwig,bh_reaction_5,20,5,20,no_target,False,1,0.9662588064207074
buchwald-hartwig,bh_reaction_5,20,5,40,no_target,False,1,0.9980847967143587
buchwald-hartwig,bh_reaction_5,20,10,20,no_target,True,1,1.0
buchwald-hartwig,bh_reaction_5,20,10,40,no_target,True,1,1.0
buchwald-hartwig,bh_reaction_5,21,5,20,no_target,False,1,0.9662588064207074
buchwald-hartwig,bh_reaction_5,21,5,40,no_target,False,1,0.9980847967143587
buchwald-hartwig,bh_reaction_5,21,10,20,no_target,True,1,1.0
buchwald-hartwig,bh_reaction_5,21,10,40,no_target,True,1,1.0
buchwald-hartwig,bh_reaction_5,22,5,20,no_target,True,1,1.0
buchwald-hartwig,bh_reaction_5,22,5,40,no_target,True,1,1.0
buchwald-hartwig,bh_reaction_5,22,10,20,no_target,True,1,1.0
buchwald-hartwig,bh_reaction_5,22,10,40,no_target,True,1,1.0
buchwald-hartwig,bh_reaction_5,23,5,20,no_target,False,1,0.9662588064207074
buchwald-hartwig,bh_reaction_5,23,5,40,no_target,False,1,0.9980847967143587
buchwald-hartwig,bh_reaction_5,23,10,20,no_target,True,1,1.0
buchwald-hartwig,bh_reaction_5,23,10,40,no_target,True,1,1.0
buchwald-hartwig,bh_reaction_5,24,5,20,no_target,False,1,0.9662588064207074
buchwald-hartwig,bh_reaction_5,24,5,40,no_target,False,1,0.9980847967143587
buchwald-hartwig,bh_reaction_5,24,10,20,no_target,True,1,1.0
buchwald-hartwig,bh_reaction_5,24,10,40,no_target,True,1,1.0
buchwald-hartwig,bh_reaction_5,25,5,20,no_target,False,1,0.9662588064207074
buchwald-hartwig,bh_reaction_5,25,5,40,no_target,False,1,0.9980847967143587
buchwald-hartwig,bh_reaction_5,25,10,20,no_target,True,1,1.0
buchwald-hartwig,bh_reaction_5,25,10,40,no_target,True,1,1.0
buchwald-hartwig,bh_reaction_5,26,5,20,no_target,False,1,0.9662588064207074
buchwald-hartwig,bh_reaction_5,26,5,40,no_target,False,1,0.9980847967143587
buchwald-hartwig,bh_reaction_5,26,10,20,no_target,True,1,1.0
buchwald-hartwig,bh_reaction_5,26,10,40,no_target,True,1,1.0
buchwald-hartwig,bh_reaction_5,27,5,20,no_target,True,1,1.0
buchwald-hartwig,bh_reaction_5,27,5,40,no_target,True,1,1.0
buchwald-hartwig,bh_reaction_5,27,10,20,no_target,True,1,1.0
buchwald-hartwig,bh_reaction_5,27,10,40,no_target,True,1,1.0
buchwald-hartwig,bh_reaction_5,28,5,20,no_target,True,1,1.0
buchwald-hartwig,bh_reaction_5,28,5,40,no_target,True,1,1.0
buchwald-hartwig,bh_reaction_5,28,10,20,no_target,True,1,1.0
buchwald-hartwig,bh_reaction_5,28,10,40,no_target,True,1,1.0
buchwald-hartwig,bh_reaction_5,29,5,20,no_target,False,1,0.9662588064207074
buchwald-hartwig,bh_reaction_5,29,5,40,no_target,False,1,0.9980847967143587
buchwald-hartwig,bh_reaction_5,29,10,20,no_target,True,1,1.0
buchwald-hartwig,bh_reaction_5,29,10,40,no_target,True,1,1.0
buchwald-hartwig,bh_reaction_5,30,5,20,no_target,True,1,1.0
buchwald-hartwig,bh_reaction_5,30,5,40,no_target,True,1,1.0
buchwald-hartwig,bh_reaction_5,30,10,20,no_target,True,1,1.0
buchwald-hartwig,bh_reaction_5,30,10,40,no_target,True,1,1.0
buchwald-hartwig,bh_reaction_5,31,5,20,no_target,False,1,0.9662588064207074
buchwald-hartwig,bh_reaction_5,31,5,40,no_target,False,1,0.9980847967143587
buchwald-hartwig,bh_reaction_5,31,10,20,no_target,False,1,0.9085549932331681
buchwald-hartwig,bh_reaction_5,31,10,40,no_target,False,1,0.9944996053192339
buchwald-hartwig,bh_reaction_5,32,5,20,no_target,True,1,1.0
buchwald-hartwig,bh_reaction_5,32,5,40,no_target,True,1,1.0
buchwald-hartwig,bh_reaction_5,32,10,20,no_target,True,1,1.0
buchwald-hartwig,bh_reaction_5,32,10,40,no_target,True,1,1.0
buchwald-hartwig,bh_reaction_5,33,5,20,no_target,False,1,0.9662588064207074
buchwald-hartwig,bh_reaction_5,33,5,40,no_target,False,1,0.9980847967143587
buchwald-hartwig,bh_reaction_5,33,10,20,no_target,True,1,1.0
buchwald-hartwig,bh_reaction_5,33,10,40,no_target,True,1,1.0
buchwald-hartwig,bh_reaction_5,34,5,20,no_target,False,1,0.9662588064207074
buchwald-hartwig,bh_reaction_5,34,5,40,no_target,False,1,0.9980847967143587
buchwald-hartwig,bh_reaction_5,34,10,20,no_target,True,1,1.0
buchwald-hartwig,bh_reaction_5,34,10,40,no_target,True,1,1.0
buchwald-hartwig,bh_reaction_5,35,5,20,no_target,True,1,1.0
buchwald-hartwig,bh_reaction_5,35,5,40,no_target,True,1,1.0
buchwald-hartwig,bh_reaction_5,35,10,20,no_target,True,1,1.0
buchwald-hartwig,bh_reaction_5,35,10,40,no_target,True,1,1.0
buchwald-hartwig,bh_reaction_5,36,5,20,no_target,True,1,1.0
buchwald-hartwig,bh_reaction_5,36,5,40,no_target,True,1,1.0
buchwald-hartwig,bh_reaction_5,36,10,20,no_target,True,1,1.0
buchwald-hartwig,bh_reaction_5,36,10,40,no_target,True,1,1.0
buchwald-hartwig,bh_reaction_5,37,5,20,no_target,True,1,1.0
buchwald-hartwig,bh_reaction_5,37,5,40,no_target,True,1,1.0
buchwald-hartwig,bh_reaction_5,37,10,20,no_target,True,1,1.0
buchwald-hartwig,bh_reaction_5,37,10,40,no_target,True,1,1.0
buchwald-hartwig,bh_reaction_5,38,5,20,no_target,True,1,1.0
buchwald-hartwig,bh_reaction_5,38,5,40,no_target,True,1,1.0
buchwald-hartwig,bh_reaction_5,38,10,20,no_target,True,1,1.0
buchwald-hartwig,bh_reaction_5,38,10,40,no_target,True,1,1.0
buchwald-hartwig,bh_reaction_5,39,5,20,no_target,False,1,0.9662588064207074
buchwald-hartwig,bh_reaction_5,39,5,40,no_target,False,1,0.9980847967143587
buchwald-hartwig,bh_reaction_5,39,10,20,no_target,True,1,1.0
buchwald-hartwig,bh_reaction_5,39,10,40,no_target,True,1,1.0
buchwald-hartwig,bh_reaction_5,40,5,20,no_target,False,1,0.9662588064207074
buchwald-hartwig,bh_reaction_5,40,5,40,no_target,False,1,0.9980847967143587
buchwald-hartwig,bh_reaction_5,40,10,20,no_target,True,1,1.0
buchwald-hartwig,bh_reaction_5,40,10,40,no_target,True,1,1.0
buchwald-hartwig,bh_reaction_5,41,5,20,no_target,True,1,1.0
buchwald-hartwig,bh_reaction_5,41,5,40,no_target,True,1,1.0
buchwald-hartwig,bh_reaction_5,41,10,20,no_target,True,1,1.0
buchwald-hartwig,bh_reaction_5,41,10,40,no_target,True,1,1.0
buchwald-hartwig,bh_reaction_5,42,5,20,no_target,False,1,0.9662588064207074
buchwald-hartwig,bh_reaction_5,42,5,40,no_target,False,1,0.9980847967143587
buchwald-hartwig,bh_reaction_5,42,10,20,no_target,True,1,1.0
buchwald-hartwig,bh_reaction_5,42,10,40,no_target,True,1,1.0
buchwald-hartwig,bh_reaction_5,43,5,20,no_target,False,1,0.9662588064207074
buchwald-hartwig,bh_reaction_5,43,5,40,no_target,False,1,0.9980847967143587
buchwald-hartwig,bh_reaction_5,43,10,20,no_target,True,1,1.0
buchwald-hartwig,bh_reaction_5,43,10,40,no_target,True,1,1.0
buchwald-hartwig,bh_reaction_5,44,5,20,no_target,True,1,1.0
buchwald-hartwig,bh_reaction_5,44,5,40,no_target,True,1,1.0
buchwald-hartwig,bh_reaction_5,44,10,20,no_target,True,1,1.0
buchwald-hartwig,bh_reaction_5,44,10,40,no_target,True,1,1.0
buchwald-hartwig,bh_reaction_5,45,5,20,no_target,False,1,0.9662588064207074
buchwald-hartwig,bh_reaction_5,45,5,40,no_target,False,1,0.9980847967143587
buchwald-hartwig,bh_reaction_5,45,10,20,no_target,True,1,1.0
buchwald-hartwig,bh_reaction_5,45,10,40,no_target,True,1,1.0
buchwald-hartwig,bh_reaction_5,46,5,20,no_target,False,1,0.9662588064207074
buchwald-hartwig,bh_reaction_5,46,5,40,no_target,False,1,0.9980847967143587
buchwald-hartwig,bh_reaction_5,46,10,20,no_target,True,1,1.0
buchwald-hartwig,bh_reaction_5,46,10,40,no_target,True,1,1.0
buchwald-hartwig,bh_reaction_5,47,5,20,no_target,False,1,0.9662588064207074
buchwald-hartwig,bh_reaction_5,47,5,40,no_target,False,1,0.9980847967143587
buchwald-hartwig,bh_reaction_5,47,10,20,no_target,True,1,1.0
buchwald-hartwig,bh_reaction_5,47,10,40,no_target,True,1,1.0
buchwald-hartwig,bh_reaction_5,48,5,20,no_target,False,1,0.9662588064207074
buchwald-hartwig,bh_reaction_5,48,5,40,no_target,False,1,0.9980847967143587
buchwald-hartwig,bh_reaction_5,48,10,20,no_target,False,1,0.9085549932331681
buchwald-hartwig,bh_reaction_5,48,10,40,no_target,False,1,0.9944996053192339
buchwald-hartwig,bh_reaction_5,49,5,20,no_target,False,1,0.9662588064207074
buchwald-hartwig,bh_reaction_5,49,5,40,no_target,False,1,0.9980847967143587
buchwald-hartwig,bh_reaction_5,49,10,20,no_target,True,1,1.0
buchwald-hartwig,bh_reaction_5,49,10,40,no_target,True,1,1.0
buchwald-hartwig,bh_reaction_1,0,5,20,count,True,1,1.0
buchwald-hartwig,bh_reaction_1,0,5,40,count,True,1,1.0
buchwald-hartwig,bh_reaction_1,0,10,20,count,True,1,1.0
buchwald-hartwig,bh_reaction_1,0,10,40,count,True,1,1.0
buchwald-hartwig,bh_reaction_1,1,5,20,count,False,1,0.9662588064207072
buchwald-hartwig,bh_reaction_1,1,5,40,count,False,1,0.9980847967143587
buchwald-hartwig,bh_reaction_1,1,10,20,count,True,1,1.0
buchwald-hartwig,bh_reaction_1,1,10,40,count,True,1,1.0
buchwald-hartwig,bh_reaction_1,2,5,20,count,False,1,0.9662588064207072
buchwald-hartwig,bh_reaction_1,2,5,40,count,False,1,0.9980847967143587
buchwald-hartwig,bh_reaction_1,2,10,20,count,True,1,1.0
buchwald-hartwig,bh_reaction_1,2,10,40,count,True,1,1.0
buchwald-hartwig,bh_reaction_1,3,5,20,count,False,1,0.9662588064207072
buchwald-hartwig,bh_reaction_1,3,5,40,count,False,1,0.9980847967143587
buchwald-hartwig,bh_reaction_1,3,10,20,count,True,1,1.0
buchwald-hartwig,bh_reaction_1,3,10,40,count,True,1,1.0
buchwald-hartwig,bh_reaction_1,4,5,20,count,False,1,0.9662588064207072
buchwald-hartwig,bh_reaction_1,4,5,40,count,False,1,0.9980847967143587
buchwald-hartwig,bh_reaction_1,4,10,20,count,True,1,1.0
buchwald-hartwig,bh_reaction_1,4,10,40,count,True,1,1.0
buchwald-hartwig,bh_reaction_1,5,5,20,count,True,1,1.0
buchwald-hartwig,bh_reaction_1,5,5,40,count,True,1,1.0
buchwald-hartwig,bh_reaction_1,5,10,20,count,True,1,1.0
buchwald-hartwig,bh_reaction_1,5,10,40,count,True,1,1.0
buchwald-hartwig,bh_reaction_1,6,5,20,count,True,1,1.0
buchwald-hartwig,bh_reaction_1,6,5,40,count,True,1,1.0
buchwald-hartwig,bh_reaction_1,6,10,20,count,True,1,1.0
buchwald-hartwig,bh_reaction_1,6,10,40,count,True,1,1.0
buchwald-hartwig,bh_reaction_1,7,5,20,count,True,1,1.0
buchwald-hartwig,bh_reaction_1,7,5,40,count,True,1,1.0
buchwald-hartwig,bh_reaction_1,7,10,20,count,True,1,1.0
buchwald-hartwig,bh_reaction_1,7,10,40,count,True,1,1.0
buchwald-hartwig,bh_reaction_1,8,5,20,count,True,1,1.0
buchwald-hartwig,bh_reaction_1,8,5,40,count,True,1,1.0
buchwald-hartwig,bh_reaction_1,8,10,20,count,True,1,1.0
buchwald-hartwig,bh_reaction_1,8,10,40,count,True,1,1.0
buchwald-hartwig,bh_reaction_1,9,5,20,count,False,1,0.9662588064207072
buchwald-hartwig,bh_reaction_1,9,5,40,count,False,1,0.9980847967143587
buchwald-hartwig,bh_reaction_1,9,10,20,count,True,1,1.0
buchwald-hartwig,bh_reaction_1,9,10,40,count,True,1,1.0
buchwald-hartwig,bh_reaction_1,10,5,20,count,False,1,0.9662588064207072
buchwald-hartwig,bh_reaction_1,10,5,40,count,False,1,0.9980847967143587
buchwald-hartwig,bh_reaction_1,10,10,20,count,True,1,1.0
buchwald-hartwig,bh_reaction_1,10,10,40,count,True,1,1.0
buchwald-hartwig,bh_reaction_1,11,5,20,count,True,1,1.0
buchwald-hartwig,bh_reaction_1,11,5,40,count,True,1,1.0
buchwald-hartwig,bh_reaction_1,11,10,20,count,True,1,1.0
buchwald-hartwig,bh_reaction_1,11,10,40,count,True,1,1.0
buchwald-hartwig,bh_reaction_1,12,5,20,count,False,1,0.9662588064207072
buchwald-hartwig,bh_reaction_1,12,5,40,count,False,1,0.9980847967143587
buchwald-hartwig,bh_reaction_1,12,10,20,count,True,1,1.0
buchwald-hartwig,bh_reaction_1,12,10,40,count,True,1,1.0
buchwald-hartwig,bh_reaction_1,13,5,20,count,True,1,1.0
buchwald-hartwig,bh_reaction_1,13,5,40,count,True,1,1.0
buchwald-hartwig,bh_reaction_1,13,10,20,count,True,1,1.0
buchwald-hartwig,bh_reaction_1,13,10,40,count,True,1,1.0
buchwald-hartwig,bh_reaction_1,14,5,20,count,True,1,1.0
buchwald-hartwig,bh_reaction_1,14,5,40,count,True,1,1.0
buchwald-hartwig,bh_reaction_1,14,10,20,count,True,1,1.0
buchwald-hartwig,bh_reaction_1,14,10,40,count,True,1,1.0
buchwald-hartwig,bh_reaction_1,15,5,20,count,True,1,1.0
buchwald-hartwig,bh_reaction_1,15,5,40,count,True,1,1.0
buchwald-hartwig,bh_reaction_1,15,10,20,count,True,1,1.0
buchwald-hartwig,bh_reaction_1,15,10,40,count,True,1,1.0
buchwald-hartwig,bh_reaction_1,16,5,20,count,False,1,0.9662588064207072
buchwald-hartwig,bh_reaction_1,16,5,40,count,False,1,0.9980847967143587
buchwald-hartwig,bh_reaction_1,16,10,20,count,True,1,1.0
buchwald-hartwig,bh_reaction_1,16,10,40,count,True,1,1.0
buchwald-hartwig,bh_reaction_1,17,5,20,count,True,1,1.0
buchwald-hartwig,bh_reaction_1,17,5,40,count,True,1,1.0
buchwald-hartwig,bh_reaction_1,17,10,20,count,True,1,1.0
buchwald-hartwig,bh_reaction_1,17,10,40,count,True,1,1.0
buchwald-hartwig,bh_reaction_1,18,5,20,count,False,0,0.9662588064207072
buchwald-hartwig,bh_reaction_1,18,5,40,count,False,1,0.9980847967143587
buchwald-hartwig,bh_reaction_1,18,10,20,count,False,0,0.9085549932331681
buchwald-hartwig,bh_reaction_1,18,10,40,count,False,1,0.9944996053192339
buchwald-hartwig,bh_reaction_1,19,5,20,count,True,1,1.0
buchwald-hartwig,bh_reaction_1,19,5,40,count,True,1,1.0
buchwald-hartwig,bh_reaction_1,19,10,20,count,True,1,1.0
buchwald-hartwig,bh_reaction_1,19,10,40,count,True,1,1.0
buchwald-hartwig,bh_reaction_1,20,5,20,count,True,1,1.0
buchwald-hartwig,bh_reaction_1,20,5,40,count,True,1,1.0
buchwald-hartwig,bh_reaction_1,20,10,20,count,True,1,1.0
buchwald-hartwig,bh_reaction_1,20,10,40,count,True,1,1.0
buchwald-hartwig,bh_reaction_1,21,5,20,count,True,1,1.0
buchwald-hartwig,bh_reaction_1,21,5,40,count,True,1,1.0
buchwald-hartwig,bh_reaction_1,21,10,20,count,True,1,1.0
buchwald-hartwig,bh_reaction_1,21,10,40,count,True,1,1.0
buchwald-hartwig,bh_reaction_1,22,5,20,count,False,1,0.9662588064207072
buchwald-hartwig,bh_reaction_1,22,5,40,count,False,1,0.9980847967143587
buchwald-hartwig,bh_reaction_1,22,10,20,count,True,1,1.0
buchwald-hartwig,bh_reaction_1,22,10,40,count,True,1,1.0
buchwald-hartwig,bh_reaction_1,23,5,20,count,False,1,0.9662588064207072
buchwald-hartwig,bh_reaction_1,23,5,40,count,False,1,0.9980847967143587
buchwald-hartwig,bh_reaction_1,23,10,20,count,True,1,1.0
buchwald-hartwig,bh_reaction_1,23,10,40,count,True,1,1.0
buchwald-hartwig,bh_reaction_1,24,5,20,count,False,1,0.9662588064207072
buchwald-hartwig,bh_reaction_1,24,5,40,count,False,1,0.9980847967143587
buchwald-hartwig,bh_reaction_1,24,10,20,count,True,1,1.0
buchwald-hartwig,bh_reaction_1,24,10,40,count,True,1,1.0
buchwald-hartwig,bh_reaction_1,25,5,20,count,True,1,1.0
buchwald-hartwig,bh_reaction_1,25,5,40,count,True,1,1.0
buchwald-hartwig,bh_reaction_1,25,10,20,count,True,1,1.0
buchwald-hartwig,bh_reaction_1,25,10,40,count,True,1,1.0
buchwald-hartwig,bh_reaction_1,26,5,20,count,False,1,0.9662588064207072
buchwald-hartwig,bh_reaction_1,26,5,40,count,False,1,0.9980847967143587
buchwald-hartwig,bh_reaction_1,26,10,20,count,True,1,1.0
buchwald-hartwig,bh_reaction_1,26,10,40,count,True,1,1.0
buchwald-hartwig,bh_reaction_1,27,5,20,count,False,1,0.9662588064207072
buchwald-hartwig,bh_reaction_1,27,5,40,count,False,1,0.9980847967143587
buchwald-hartwig,bh_reaction_1,27,10,20,count,False,1,0.9085549932331681
buchwald-hartwig,bh_reaction_1,27,10,40,count,False,1,0.9944996053192339
buchwald-hartwig,bh_reaction_1,28,5,20,count,False,1,0.9662588064207072
buchwald-hartwig,bh_reaction_1,28,5,40,count,False,1,0.9980847967143587
buchwald-hartwig,bh_reaction_1,28,10,20,count,True,1,1.0
buchwald-hartwig,bh_reaction_1,28,10,40,count,True,1,1.0
buchwald-hartwig,bh_reaction_1,29,5,20,count,True,1,1.0
buchwald-hartwig,bh_reaction_1,29,5,40,count,True,1,1.0
buchwald-hartwig,bh_reaction_1,29,10,20,count,True,1,1.0
buchwald-hartwig,bh_reaction_1,29,10,40,count,True,1,1.0
buchwald-hartwig,bh_reaction_1,30,5,20,count,False,1,0.9662588064207072
buchwald-hartwig,bh_reaction_1,30,5,40,count,False,1,0.9980847967143587
buchwald-hartwig,bh_reaction_1,30,10,20,count,False,1,0.9085549932331681
buchwald-hartwig,bh_reaction_1,30,10,40,count,False,1,0.9944996053192339
buchwald-hartwig,bh_reaction_1,31,5,20,count,True,1,1.0
buchwald-hartwig,bh_reaction_1,31,5,40,count,True,1,1.0
buchwald-hartwig,bh_reaction_1,31,10,20,count,True,1,1.0
buchwald-hartwig,bh_reaction_1,31,10,40,count,True,1,1.0
buchwald-hartwig,bh_reaction_1,32,5,20,count,False,1,0.9662588064207072
buchwald-hartwig,bh_reaction_1,32,5,40,count,False,1,0.9980847967143587
buchwald-hartwig,bh_reaction_1,32,10,20,count,True,1,1.0
buchwald-hartwig,bh_reaction_1,32,10,40,count,True,1,1.0
buchwald-hartwig,bh_reaction_1,33,5,20,count,False,1,0.9662588064207072
buchwald-hartwig,bh_reaction_1,33,5,40,count,False,1,0.9980847967143587
buchwald-hartwig,bh_reaction_1,33,10,20,count,True,1,1.0
buchwald-hartwig,bh_reaction_1,33,10,40,count,True,1,1.0
buchwald-hartwig,bh_reaction_1,34,5,20,count,True,1,1.0
buchwald-hartwig,bh_reaction_1,34,5,40,count,True,1,1.0
buchwald-hartwig,bh_reaction_1,34,10,20,count,True,1,1.0
buchwald-hartwig,bh_reaction_1,34,10,40,count,True,1,1.0
buchwald-hartwig,bh_reaction_1,35,5,20,count,False,1,0.9662588064207072
buchwald-hartwig,bh_reaction_1,35,5,40,count,False,1,0.9980847967143587
buchwald-hartwig,bh_reaction_1,35,10,20,count,True,1,1.0
buchwald-hartwig,bh_reaction_1,35,10,40,count,True,1,1.0
buchwald-hartwig,bh_reaction_1,36,5,20,count,False,1,0.9662588064207072
buchwald-hartwig,bh_reaction_1,36,5,40,count,False,1,0.9980847967143587
buchwald-hartwig,bh_reaction_1,36,10,20,count,False,1,0.9085549932331681
buchwald-hartwig,bh_reaction_1,36,10,40,count,False,1,0.9944996053192339
buchwald-hartwig,bh_reaction_1,37,5,20,count,True,1,1.0
buchwald-hartwig,bh_reaction_1,37,5,40,count,True,1,1.0
buchwald-hartwig,bh_reaction_1,37,10,20,count,True,1,1.0
buchwald-hartwig,bh_reaction_1,37,10,40,count,True,1,1.0
buchwald-hartwig,bh_reaction_1,38,5,20,count,False,0,0.9662588064207072
buchwald-hartwig,bh_reaction_1,38,5,40,count,False,1,0.9980847967143587
buchwald-hartwig,bh_reaction_1,38,10,20,count,False,0,0.9085549932331681
buchwald-hartwig,bh_reaction_1,38,10,40,count,False,1,0.9944996053192339
buchwald-hartwig,bh_reaction_1,39,5,20,count,False,1,0.9662588064207072
buchwald-hartwig,bh_reaction_1,39,5,40,count,False,1,0.9980847967143587
buchwald-hartwig,bh_reaction_1,39,10,20,count,True,1,1.0
buchwald-hartwig,bh_reaction_1,39,10,40,count,True,1,1.0
buchwald-hartwig,bh_reaction_1,40,5,20,count,False,1,0.9662588064207072
buchwald-hartwig,bh_reaction_1,40,5,40,count,False,1,0.9980847967143587
buchwald-hartwig,bh_reaction_1,40,10,20,count,True,1,1.0
buchwald-hartwig,bh_reaction_1,40,10,40,count,True,1,1.0
buchwald-hartwig,bh_reaction_1,41,5,20,count,True,1,1.0
buchwald-hartwig,bh_reaction_1,41,5,40,count,True,1,1.0
buchwald-hartwig,bh_reaction_1,41,10,20,count,True,1,1.0
buchwald-hartwig,bh_reaction_1,41,10,40,count,True,1,1.0
buchwald-hartwig,bh_reaction_1,42,5,20,count,True,1,1.0
buchwald-hartwig,bh_reaction_1,42,5,40,count,True,1,1.0
buchwald-hartwig,bh_reaction_1,42,10,20,count,True,1,1.0
buchwald-hartwig,bh_reaction_1,42,10,40,count,True,1,1.0
buchwald-hartwig,bh_reaction_1,43,5,20,count,False,1,0.9662588064207072
buchwald-hartwig,bh_reaction_1,43,5,40,count,False,1,0.9980847967143587
buchwald-hartwig,bh_reaction_1,43,10,20,count,True,1,1.0
buchwald-hartwig,bh_reaction_1,43,10,40,count,True,1,1.0
buchwald-hartwig,bh_reaction_1,44,5,20,count,True,1,1.0
buchwald-hartwig,bh_reaction_1,44,5,40,count,True,1,1.0
buchwald-hartwig,bh_reaction_1,44,10,20,count,True,1,1.0
buchwald-hartwig,bh_reaction_1,44,10,40,count,True,1,1.0
buchwald-hartwig,bh_reaction_1,45,5,20,count,False,1,0.9662588064207072
buchwald-hartwig,bh_reaction_1,45,5,40,count,False,1,0.9980847967143587
buchwald-hartwig,bh_reaction_1,45,10,20,count,True,1,1.0
buchwald-hartwig,bh_reaction_1,45,10,40,count,True,1,1.0
buchwald-hartwig,bh_reaction_1,46,5,20,count,False,1,0.9662588064207072
buchwald-hartwig,bh_reaction_1,46,5,40,count,False,1,0.9980847967143587
buchwald-hartwig,bh_reaction_1,46,10,20,count,True,1,1.0
buchwald-hartwig,bh_reaction_1,46,10,40,count,True,1,1.0
buchwald-hartwig,bh_reaction_1,47,5,20,count,True,1,1.0
buchwald-hartwig,bh_reaction_1,47,5,40,count,True,1,1.0
buchwald-hartwig,bh_reaction_1,47,10,20,count,True,1,1.0
buchwald-hartwig,bh_reaction_1,47,10,40,count,True,1,1.0
buchwald-hartwig,bh_reaction_1,48,5,20,count,False,1,0.9662588064207072
buchwald-hartwig,bh_reaction_1,48,5,40,count,False,1,0.9980847967143587
buchwald-hartwig,bh_reaction_1,48,10,20,count,False,1,0.9085549932331681
buchwald-hartwig,bh_reaction_1,48,10,40,count,False,1,0.9944996053192339
buchwald-hartwig,bh_reaction_1,49,5,20,count,True,1,1.0
buchwald-hartwig,bh_reaction_1,49,5,40,count,True,1,1.0
buchwald-hartwig,bh_reaction_1,49,10,20,count,True,1,1.0
buchwald-hartwig,bh_reaction_1,49,10,40,count,True,1,1.0
buchwald-hartwig,bh_reaction_2,0,5,20,count,True,1,1.0
buchwald-hartwig,bh_reaction_2,0,5,40,count,True,1,1.0
buchwald-hartwig,bh_reaction_2,0,10,20,count,True,1,1.0
buchwald-hartwig,bh_reaction_2,0,10,40,count,True,1,1.0
buchwald-hartwig,bh_reaction_2,1,5,20,count,False,1,0.9662588064207072
buchwald-hartwig,bh_reaction_2,1,5,40,count,False,1,0.9980847967143587
buchwald-hartwig,bh_reaction_2,1,10,20,count,False,1,0.9085549932331681
buchwald-hartwig,bh_reaction_2,1,10,40,count,False,1,0.9944996053192339
buchwald-hartwig,bh_reaction_2,2,5,20,count,True,1,1.0
buchwald-hartwig,bh_reaction_2,2,5,40,count,True,1,1.0
buchwald-hartwig,bh_reaction_2,2,10,20,count,True,1,1.0
buchwald-hartwig,bh_reaction_2,2,10,40,count,True,1,1.0
buchwald-hartwig,bh_reaction_2,3,5,20,count,False,1,0.9662588064207072
buchwald-hartwig,bh_reaction_2,3,5,40,count,False,1,0.9980847967143587
buchwald-hartwig,bh_reaction_2,3,10,20,count,True,1,1.0
buchwald-hartwig,bh_reaction_2,3,10,40,count,True,1,1.0
buchwald-hartwig,bh_reaction_2,4,5,20,count,True,1,1.0
buchwald-hartwig,bh_reaction_2,4,5,40,count,True,1,1.0
buchwald-hartwig,bh_reaction_2,4,10,20,count,True,1,1.0
buchwald-hartwig,bh_reaction_2,4,10,40,count,True,1,1.0
buchwald-hartwig,bh_reaction_2,5,5,20,count,False,1,0.9662588064207072
buchwald-hartwig,bh_reaction_2,5,5,40,count,False,1,0.9980847967143587
buchwald-hartwig,bh_reaction_2,5,10,20,count,False,1,0.9085549932331681
buchwald-hartwig,bh_reaction_2,5,10,40,count,False,1,0.9944996053192339
buchwald-hartwig,bh_reaction_2,6,5,20,count,False,1,0.9662588064207072
buchwald-hartwig,bh_reaction_2,6,5,40,count,False,1,0.9980847967143587
buchwald-hartwig,bh_reaction_2,6,10,20,count,False,1,0.9085549932331681
buchwald-hartwig,bh_reaction_2,6,10,40,count,False,1,0.9944996053192339
buchwald-hartwig,bh_reaction_2,7,5,20,count,False,1,0.9662588064207072
buchwald-hartwig,bh_reaction_2,7,5,40,count,False,1,0.9980847967143587
buchwald-hartwig,bh_reaction_2,7,10,20,count,False,1,0.9085549932331681
buchwald-hartwig,bh_reaction_2,7,10,40,count,False,1,0.9944996053192339
buchwald-hartwig,bh_reaction_2,8,5,20,count,False,1,0.9662588064207072
buchwald-hartwig,bh_reaction_2,8,5,40,count,False,1,0.9980847967143587
buchwald-hartwig,bh_reaction_2,8,10,20,count,True,1,1.0
buchwald-hartwig,bh_reaction_2,8,10,40,count,True,1,1.0
buchwald-hartwig,bh_reaction_2,9,5,20,count,True,1,1.0
buchwald-hartwig,bh_reaction_2,9,5,40,count,True,1,1.0
buchwald-hartwig,bh_reaction_2,9,10,20,count,True,1,1.0
buchwald-hartwig,bh_reaction_2,9,10,40,count,True,1,1.0
buchwald-hartwig,bh_reaction_2,10,5,20,count,True,1,1.0
buchwald-hartwig,bh_reaction_2,10,5,40,count,True,1,1.0
buchwald-hartwig,bh_reaction_2,10,10,20,count,True,1,1.0
buchwald-hartwig,bh_reaction_2,10,10,40,count,True,1,1.0
buchwald-hartwig,bh_reaction_2,11,5,20,count,False,1,0.9662588064207072
buchwald-hartwig,bh_reaction_2,11,5,40,count,False,1,0.9980847967143587
buchwald-hartwig,bh_reaction_2,11,10,20,count,False,1,0.9085549932331681
buchwald-hartwig,bh_reaction_2,11,10,40,count,False,1,0.9944996053192339
buchwald-hartwig,bh_reaction_2,12,5,20,count,False,1,0.9662588064207072
buchwald-hartwig,bh_reaction_2,12,5,40,count,False,1,0.9980847967143587
buchwald-hartwig,bh_reaction_2,12,10,20,count,True,1,1.0
buchwald-hartwig,bh_reaction_2,12,10,40,count,True,1,1.0
buchwald-hartwig,bh_reaction_2,13,5,20,count,False,1,0.9662588064207072
buchwald-hartwig,bh_reaction_2,13,5,40,count,False,1,0.9980847967143587
buchwald-hartwig,bh_reaction_2,13,10,20,count,True,1,1.0
buchwald-hartwig,bh_reaction_2,13,10,40,count,True,1,1.0
buchwald-hartwig,bh_reaction_2,14,5,20,count,True,1,1.0
buchwald-hartwig,bh_reaction_2,14,5,40,count,True,1,1.0
buchwald-hartwig,bh_reaction_2,14,10,20,count,True,1,1.0
buchwald-hartwig,bh_reaction_2,14,10,40,count,True,1,1.0
buchwald-hartwig,bh_reaction_2,15,5,20,count,True,1,1.0
buchwald-hartwig,bh_reaction_2,15,5,40,count,True,1,1.0
buchwald-hartwig,bh_reaction_2,15,10,20,count,True,1,1.0
buchwald-hartwig,bh_reaction_2,15,10,40,count,True,1,1.0
buchwald-hartwig,bh_reaction_2,16,5,20,count,False,1,0.9662588064207072
buchwald-hartwig,bh_reaction_2,16,5,40,count,False,1,0.9980847967143587
buchwald-hartwig,bh_reaction_2,16,10,20,count,False,1,0.9085549932331681
buchwald-hartwig,bh_reaction_2,16,10,40,count,False,1,0.9944996053192339
buchwald-hartwig,bh_reaction_2,17,5,20,count,True,1,1.0
buchwald-hartwig,bh_reaction_2,17,5,40,count,True,1,1.0
buchwald-hartwig,bh_reaction_2,17,10,20,count,True,1,1.0
buchwald-hartwig,bh_reaction_2,17,10,40,count,True,1,1.0
buchwald-hartwig,bh_reaction_2,18,5,20,count,False,1,0.9662588064207072
buchwald-hartwig,bh_reaction_2,18,5,40,count,False,1,0.9980847967143587
buchwald-hartwig,bh_reaction_2,18,10,20,count,True,1,1.0
buchwald-hartwig,bh_reaction_2,18,10,40,count,True,1,1.0
buchwald-hartwig,bh_reaction_2,19,5,20,count,False,1,0.9662588064207072
buchwald-hartwig,bh_reaction_2,19,5,40,count,False,1,0.9980847967143587
buchwald-hartwig,bh_reaction_2,19,10,20,count,False,1,0.9085549932331681
buchwald-hartwig,bh_reaction_2,19,10,40,count,False,1,0.9944996053192339
buchwald-hartwig,bh_reaction_2,20,5,20,count,True,1,1.0
buchwald-hartwig,bh_reaction_2,20,5,40,count,True,1,1.0
buchwald-hartwig,bh_reaction_2,20,10,20,count,True,1,1.0
buchwald-hartwig,bh_reaction_2,20,10,40,count,True,1,1.0
buchwald-hartwig,bh_reaction_2,21,5,20,count,False,1,0.9662588064207072
buchwald-hartwig,bh_reaction_2,21,5,40,count,False,1,0.9980847967143587
buchwald-hartwig,bh_reaction_2,21,10,20,count,True,1,1.0
buchwald-hartwig,bh_reaction_2,21,10,40,count,True,1,1.0
buchwald-hartwig,bh_reaction_2,22,5,20,count,False,1,0.9662588064207072
buchwald-hartwig,bh_reaction_2,22,5,40,count,False,1,0.9980847967143587
buchwald-hartwig,bh_reaction_2,22,10,20,count,True,1,1.0
buchwald-hartwig,bh_reaction_2,22,10,40,count,True,1,1.0
buchwald-hartwig,bh_reaction_2,23,5,20,count,True,1,1.0
buchwald-hartwig,bh_reaction_2,23,5,40,count,True,1,1.0
buchwald-hartwig,bh_reaction_2,23,10,20,count,True,1,1.0
buchwald-hartwig,bh_reaction_2,23,10,40,count,True,1,1.0
buchwald-hartwig,bh_reaction_2,24,5,20,count,True,1,1.0
buchwald-hartwig,bh_reaction_2,24,5,40,count,True,1,1.0
buchwald-hartwig,bh_reaction_2,24,10,20,count,True,1,1.0
buchwald-hartwig,bh_reaction_2,24,10,40,count,True,1,1.0
buchwald-hartwig,bh_reaction_2,25,5,20,count,False,1,0.9662588064207072
buchwald-hartwig,bh_reaction_2,25,5,40,count,False,1,0.9980847967143587
buchwald-hartwig,bh_reaction_2,25,10,20,count,True,1,1.0
buchwald-hartwig,bh_reaction_2,25,10,40,count,True,1,1.0
buchwald-hartwig,bh_reaction_2,26,5,20,count,False,1,0.9662588064207072
buchwald-hartwig,bh_reaction_2,26,5,40,count,False,1,0.9980847967143587
buchwald-hartwig,bh_reaction_2,26,10,20,count,True,1,1.0
buchwald-hartwig,bh_reaction_2,26,10,40,count,True,1,1.0
buchwald-hartwig,bh_reaction_2,27,5,20,count,True,1,1.0
buchwald-hartwig,bh_reaction_2,27,5,40,count,True,1,1.0
buchwald-hartwig,bh_reaction_2,27,10,20,count,True,1,1.0
buchwald-hartwig,bh_reaction_2,27,10,40,count,True,1,1.0
buchwald-hartwig,bh_reaction_2,28,5,20,count,True,1,1.0
buchwald-hartwig,bh_reaction_2,28,5,40,count,True,1,1.0
buchwald-hartwig,bh_reaction_2,28,10,20,count,True,1,1.0
buchwald-hartwig,bh_reaction_2,28,10,40,count,True,1,1.0
buchwald-hartwig,bh_reaction_2,29,5,20,count,False,1,0.9662588064207072
buchwald-hartwig,bh_reaction_2,29,5,40,count,False,1,0.9980847967143587
buchwald-hartwig,bh_reaction_2,29,10,20,count,False,1,0.9085549932331681
buchwald-hartwig,bh_reaction_2,29,10,40,count,False,1,0.9944996053192339
buchwald-hartwig,bh_reaction_2,30,5,20,count,False,1,0.9662588064207072
buchwald-hartwig,bh_reaction_2,30,5,40,count,False,1,0.9980847967143587
buchwald-hartwig,bh_reaction_2,30,10,20,count,True,1,1.0
buchwald-hartwig,bh_reaction_2,30,10,40,count,True,1,1.0
buchwald-hartwig,bh_reaction_2,31,5,20,count,False,1,0.9662588064207072
buchwald-hartwig,bh_reaction_2,31,5,40,count,False,1,0.9980847967143587
buchwald-hartwig,bh_reaction_2,31,10,20,count,True,1,1.0
buchwald-hartwig,bh_reaction_2,31,10,40,count,True,1,1.0
buchwald-hartwig,bh_reaction_2,32,5,20,count,True,1,1.0
buchwald-hartwig,bh_reaction_2,32,5,40,count,True,1,1.0
buchwald-hartwig,bh_reaction_2,32,10,20,count,True,1,1.0
buchwald-hartwig,bh_reaction_2,32,10,40,count,True,1,1.0
buchwald-hartwig,bh_reaction_2,33,5,20,count,False,1,0.9662588064207072
buchwald-hartwig,bh_reaction_2,33,5,40,count,False,1,0.9980847967143587
buchwald-hartwig,bh_reaction_2,33,10,20,count,True,1,1.0
buchwald-hartwig,bh_reaction_2,33,10,40,count,True,1,1.0
buchwald-hartwig,bh_reaction_2,34,5,20,count,True,1,1.0
buchwald-hartwig,bh_reaction_2,34,5,40,count,True,1,1.0
buchwald-hartwig,bh_reaction_2,34,10,20,count,True,1,1.0
buchwald-hartwig,bh_reaction_2,34,10,40,count,True,1,1.0
buchwald-hartwig,bh_reaction_2,35,5,20,count,False,1,0.9662588064207072
buchwald-hartwig,bh_reaction_2,35,5,40,count,False,1,0.9980847967143587
buchwald-hartwig,bh_reaction_2,35,10,20,count,False,1,0.9085549932331681
buchwald-hartwig,bh_reaction_2,35,10,40,count,False,1,0.9944996053192339
buchwald-hartwig,bh_reaction_2,36,5,20,count,False,1,0.9662588064207072
buchwald-hartwig,bh_reaction_2,36,5,40,count,False,1,0.9980847967143587
buchwald-hartwig,bh_reaction_2,36,10,20,count,True,1,1.0
buchwald-hartwig,bh_reaction_2,36,10,40,count,True,1,1.0
buchwald-hartwig,bh_reaction_2,37,5,20,count,False,1,0.9662588064207072
buchwald-hartwig,bh_reaction_2,37,5,40,count,False,1,0.9980847967143587
buchwald-hartwig,bh_reaction_2,37,10,20,count,True,1,1.0
buchwald-hartwig,bh_reaction_2,37,10,40,count,True,1,1.0
buchwald-hartwig,bh_reaction_2,38,5,20,count,False,1,0.9662588064207072
buchwald-hartwig,bh_reaction_2,38,5,40,count,False,1,0.9980847967143587
buchwald-hartwig,bh_reaction_2,38,10,20,count,False,1,0.9085549932331681
buchwald-hartwig,bh_reaction_2,38,10,40,count,False,1,0.9944996053192339
buchwald-hartwig,bh_reaction_2,39,5,20,count,False,1,0.9662588064207072
buchwald-hartwig,bh_reaction_2,39,5,40,count,False,1,0.9980847967143587
buchwald-hartwig,bh_reaction_2,39,10,20,count,False,1,0.9085549932331681
buchwald-hartwig,bh_reaction_2,39,10,40,count,False,1,0.9944996053192339
buchwald-hartwig,bh_reaction_2,40,5,20,count,True,1,1.0
buchwald-hartwig,bh_reaction_2,40,5,40,count,True,1,1.0
buchwald-hartwig,bh_reaction_2,40,10,20,count,True,1,1.0
buchwald-hartwig,bh_reaction_2,40,10,40,count,True,1,1.0
buchwald-hartwig,bh_reaction_2,41,5,20,count,False,1,0.9662588064207072
buchwald-hartwig,bh_reaction_2,41,5,40,count,False,1,0.9980847967143587
buchwald-hartwig,bh_reaction_2,41,10,20,count,False,1,0.9085549932331681
buchwald-hartwig,bh_reaction_2,41,10,40,count,False,1,0.9944996053192339
buchwald-hartwig,bh_reaction_2,42,5,20,count,True,1,1.0
buchwald-hartwig,bh_reaction_2,42,5,40,count,True,1,1.0
buchwald-hartwig,bh_reaction_2,42,10,20,count,True,1,1.0
buchwald-hartwig,bh_reaction_2,42,10,40,count,True,1,1.0
buchwald-hartwig,bh_reaction_2,43,5,20,count,True,1,1.0
buchwald-hartwig,bh_reaction_2,43,5,40,count,True,1,1.0
buchwald-hartwig,bh_reaction_2,43,10,20,count,True,1,1.0
buchwald-hartwig,bh_reaction_2,43,10,40,count,True,1,1.0
buchwald-hartwig,bh_reaction_2,44,5,20,count,False,1,0.9662588064207072
buchwald-hartwig,bh_reaction_2,44,5,40,count,False,1,0.9980847967143587
buchwald-hartwig,bh_reaction_2,44,10,20,count,True,1,1.0
buchwald-hartwig,bh_reaction_2,44,10,40,count,True,1,1.0
buchwald-hartwig,bh_reaction_2,45,5,20,count,False,1,0.9662588064207072
buchwald-hartwig,bh_reaction_2,45,5,40,count,False,1,0.9980847967143587
buchwald-hartwig,bh_reaction_2,45,10,20,count,True,1,1.0
buchwald-hartwig,bh_reaction_2,45,10,40,count,True,1,1.0
buchwald-hartwig,bh_reaction_2,46,5,20,count,True,1,1.0
buchwald-hartwig,bh_reaction_2,46,5,40,count,True,1,1.0
buchwald-hartwig,bh_reaction_2,46,10,20,count,True,1,1.0
buchwald-hartwig,bh_reaction_2,46,10,40,count,True,1,1.0
buchwald-hartwig,bh_reaction_2,47,5,20,count,True,1,1.0
buchwald-hartwig,bh_reaction_2,47,5,40,count,True,1,1.0
buchwald-hartwig,bh_reaction_2,47,10,20,count,True,1,1.0
buchwald-hartwig,bh_reaction_2,47,10,40,count,True,1,1.0
buchwald-hartwig,bh_reaction_2,48,5,20,count,False,1,0.9662588064207072
buchwald-hartwig,bh_reaction_2,48,5,40,count,False,1,0.9980847967143587
buchwald-hartwig,bh_reaction_2,48,10,20,count,True,1,1.0
buchwald-hartwig,bh_reaction_2,48,10,40,count,True,1,1.0
buchwald-hartwig,bh_reaction_2,49,5,20,count,False,1,0.9662588064207072
buchwald-hartwig,bh_reaction_2,49,5,40,count,False,1,0.9980847967143587
buchwald-hartwig,bh_reaction_2,49,10,20,count,True,1,1.0
buchwald-hartwig,bh_reaction_2,49,10,40,count,True,1,1.0
buchwald-hartwig,bh_reaction_3,0,5,20,count,False,1,0.9662588064207072
buchwald-hartwig,bh_reaction_3,0,5,40,count,False,1,0.9980847967143587
buchwald-hartwig,bh_reaction_3,0,10,20,count,True,1,1.0
buchwald-hartwig,bh_reaction_3,0,10,40,count,True,1,1.0
buchwald-hartwig,bh_reaction_3,1,5,20,count,True,1,1.0
buchwald-hartwig,bh_reaction_3,1,5,40,count,True,1,1.0
buchwald-hartwig,bh_reaction_3,1,10,20,count,True,1,1.0
buchwald-hartwig,bh_reaction_3,1,10,40,count,True,1,1.0
buchwald-hartwig,bh_reaction_3,2,5,20,count,False,1,0.9662588064207072
buchwald-hartwig,bh_reaction_3,2,5,40,count,False,1,0.9980847967143587
buchwald-hartwig,bh_reaction_3,2,10,20,count,False,1,0.9085549932331681
buchwald-hartwig,bh_reaction_3,2,10,40,count,False,1,0.9944996053192339
buchwald-hartwig,bh_reaction_3,3,5,20,count,False,1,0.9662588064207072
buchwald-hartwig,bh_reaction_3,3,5,40,count,False,1,0.9980847967143587
buchwald-hartwig,bh_reaction_3,3,10,20,count,False,1,0.9085549932331681
buchwald-hartwig,bh_reaction_3,3,10,40,count,False,1,0.9944996053192339
buchwald-hartwig,bh_reaction_3,4,5,20,count,False,1,0.9662588064207072
buchwald-hartwig,bh_reaction_3,4,5,40,count,False,1,0.9980847967143587
buchwald-hartwig,bh_reaction_3,4,10,20,count,True,1,1.0
buchwald-hartwig,bh_reaction_3,4,10,40,count,True,1,1.0
buchwald-hartwig,bh_reaction_3,5,5,20,count,False,1,0.9662588064207072
buchwald-hartwig,bh_reaction_3,5,5,40,count,False,1,0.9980847967143587
buchwald-hartwig,bh_reaction_3,5,10,20,count,True,1,1.0
buchwald-hartwig,bh_reaction_3,5,10,40,count,True,1,1.0
buchwald-hartwig,bh_reaction_3,6,5,20,count,False,1,0.9662588064207072
buchwald-hartwig,bh_reaction_3,6,5,40,count,False,1,0.9980847967143587
buchwald-hartwig,bh_reaction_3,6,10,20,count,True,1,1.0
buchwald-hartwig,bh_reaction_3,6,10,40,count,True,1,1.0
buchwald-hartwig,bh_reaction_3,7,5,20,count,False,1,0.9662588064207072
buchwald-hartwig,bh_reaction_3,7,5,40,count,False,1,0.9980847967143587
buchwald-hartwig,bh_reaction_3,7,10,20,count,True,1,1.0
buchwald-hartwig,bh_reaction_3,7,10,40,count,True,1,1.0
buchwald-hartwig,bh_reaction_3,8,5,20,count,True,1,1.0
buchwald-hartwig,bh_reaction_3,8,5,40,count,True,1,1.0
buchwald-hartwig,bh_reaction_3,8,10,20,count,True,1,1.0
buchwald-hartwig,bh_reaction_3,8,10,40,count,True,1,1.0
buchwald-hartwig,bh_reaction_3,9,5,20,count,True,1,1.0
buchwald-hartwig,bh_reaction_3,9,5,40,count,True,1,1.0
buchwald-hartwig,bh_reaction_3,9,10,20,count,True,1,1.0
buchwald-hartwig,bh_reaction_3,9,10,40,count,True,1,1.0
buchwald-hartwig,bh_reaction_3,10,5,20,count,False,1,0.9662588064207072
buchwald-hartwig,bh_reaction_3,10,5,40,count,False,1,0.9980847967143587
buchwald-hartwig,bh_reaction_3,10,10,20,count,False,1,0.9085549932331681
buchwald-hartwig,bh_reaction_3,10,10,40,count,False,1,0.9944996053192339
buchwald-hartwig,bh_reaction_3,11,5,20,count,True,1,1.0
buchwald-hartwig,bh_reaction_3,11,5,40,count,True,1,1.0
buchwald-hartwig,bh_reaction_3,11,10,20,count,True,1,1.0
buchwald-hartwig,bh_reaction_3,11,10,40,count,True,1,1.0
buchwald-hartwig,bh_reaction_3,12,5,20,count,True,1,1.0
buchwald-hartwig,bh_reaction_3,12,5,40,count,True,1,1.0
buchwald-hartwig,bh_reaction_3,12,10,20,count,True,1,1.0
buchwald-hartwig,bh_reaction_3,12,10,40,count,True,1,1.0
buchwald-hartwig,bh_reaction_3,13,5,20,count,True,1,1.0
buchwald-hartwig,bh_reaction_3,13,5,40,count,True,1,1.0
buchwald-hartwig,bh_reaction_3,13,10,20,count,True,1,1.0
buchwald-hartwig,bh_reaction_3,13,10,40,count,True,1,1.0
buchwald-hartwig,bh_reaction_3,14,5,20,count,False,1,0.9662588064207072
buchwald-hartwig,bh_reaction_3,14,5,40,count,False,1,0.9980847967143587
buchwald-hartwig,bh_reaction_3,14,10,20,count,False,1,0.9085549932331681
buchwald-hartwig,bh_reaction_3,14,10,40,count,False,1,0.9944996053192339
buchwald-hartwig,bh_reaction_3,15,5,20,count,True,1,1.0
buchwald-hartwig,bh_reaction_3,15,5,40,count,True,1,1.0
buchwald-hartwig,bh_reaction_3,15,10,20,count,True,1,1.0
buchwald-hartwig,bh_reaction_3,15,10,40,count,True,1,1.0
buchwald-hartwig,bh_reaction_3,16,5,20,count,False,1,0.9662588064207072
buchwald-hartwig,bh_reaction_3,16,5,40,count,False,1,0.9980847967143587
buchwald-hartwig,bh_reaction_3,16,10,20,count,False,1,0.9085549932331681
buchwald-hartwig,bh_reaction_3,16,10,40,count,False,1,0.9944996053192339
buchwald-hartwig,bh_reaction_3,17,5,20,count,False,1,0.9662588064207072
buchwald-hartwig,bh_reaction_3,17,5,40,count,False,1,0.9980847967143587
buchwald-hartwig,bh_reaction_3,17,10,20,count,True,1,1.0
buchwald-hartwig,bh_reaction_3,17,10,40,count,True,1,1.0
buchwald-hartwig,bh_reaction_3,18,5,20,count,False,1,0.9662588064207072
buchwald-hartwig,bh_reaction_3,18,5,40,count,False,1,0.9980847967143587
buchwald-hartwig,bh_reaction_3,18,10,20,count,False,1,0.9085549932331681
buchwald-hartwig,bh_reaction_3,18,10,40,count,False,1,0.9944996053192339
buchwald-hartwig,bh_reaction_3,19,5,20,count,False,1,0.9662588064207072
buchwald-hartwig,bh_reaction_3,19,5,40,count,False,1,0.9980847967143587
buchwald-hartwig,bh_reaction_3,19,10,20,count,False,1,0.9085549932331681
buchwald-hartwig,bh_reaction_3,19,10,40,count,False,1,0.9944996053192339
buchwald-hartwig,bh_reaction_3,20,5,20,count,True,1,1.0
buchwald-hartwig,bh_reaction_3,20,5,40,count,True,1,1.0
buchwald-hartwig,bh_reaction_3,20,10,20,count,True,1,1.0
buchwald-hartwig,bh_reaction_3,20,10,40,count,True,1,1.0
buchwald-hartwig,bh_reaction_3,21,5,20,count,False,1,0.9662588064207072
buchwald-hartwig,bh_reaction_3,21,5,40,count,False,1,0.9980847967143587
buchwald-hartwig,bh_reaction_3,21,10,20,count,True,1,1.0
buchwald-hartwig,bh_reaction_3,21,10,40,count,True,1,1.0
buchwald-hartwig,bh_reaction_3,22,5,20,count,True,1,1.0
buchwald-hartwig,bh_reaction_3,22,5,40,count,True,1,1.0
buchwald-hartwig,bh_reaction_3,22,10,20,count,True,1,1.0
buchwald-hartwig,bh_reaction_3,22,10,40,count,True,1,1.0
buchwald-hartwig,bh_reaction_3,23,5,20,count,True,1,1.0
buchwald-hartwig,bh_reaction_3,23,5,40,count,True,1,1.0
buchwald-hartwig,bh_reaction_3,23,10,20,count,True,1,1.0
buchwald-hartwig,bh_reaction_3,23,10,40,count,True,1,1.0
buchwald-hartwig,bh_reaction_3,24,5,20,count,False,1,0.9662588064207072
buchwald-hartwig,bh_reaction_3,24,5,40,count,False,1,0.9980847967143587
buchwald-hartwig,bh_reaction_3,24,10,20,count,False,1,0.9085549932331681
buchwald-hartwig,bh_reaction_3,24,10,40,count,False,1,0.9944996053192339
buchwald-hartwig,bh_reaction_3,25,5,20,count,False,1,0.9662588064207072
buchwald-hartwig,bh_reaction_3,25,5,40,count,False,1,0.9980847967143587
buchwald-hartwig,bh_reaction_3,25,10,20,count,True,1,1.0
buchwald-hartwig,bh_reaction_3,25,10,40,count,True,1,1.0
buchwald-hartwig,bh_reaction_3,26,5,20,count,True,1,1.0
buchwald-hartwig,bh_reaction_3,26,5,40,count,True,1,1.0
buchwald-hartwig,bh_reaction_3,26,10,20,count,True,1,1.0
buchwald-hartwig,bh_reaction_3,26,10,40,count,True,1,1.0
buchwald-hartwig,bh_reaction_3,27,5,20,count,False,1,0.9662588064207072
buchwald-hartwig,bh_reaction_3,27,5,40,count,False,1,0.9980847967143587
buchwald-hartwig,bh_reaction_3,27,10,20,count,True,1,1.0
buchwald-hartwig,bh_reaction_3,27,10,40,count,True,1,1.0
buchwald-hartwig,bh_reaction_3,28,5,20,count,False,1,0.9662588064207072
buchwald-hartwig,bh_reaction_3,28,5,40,count,False,1,0.9980847967143587
buchwald-hartwig,bh_reaction_3,28,10,20,count,True,1,1.0
buchwald-hartwig,bh_reaction_3,28,10,40,count,True,1,1.0
buchwald-hartwig,bh_reaction_3,29,5,20,count,True,1,1.0
buchwald-hartwig,bh_reaction_3,29,5,40,count,True,1,1.0
buchwald-hartwig,bh_reaction_3,29,10,20,count,True,1,1.0
buchwald-hartwig,bh_reaction_3,29,10,40,count,True,1,1.0
buchwald-hartwig,bh_reaction_3,30,5,20,count,False,1,0.9662588064207072
buchwald-hartwig,bh_reaction_3,30,5,40,count,False,1,0.9980847967143587
buchwald-hartwig,bh_reaction_3,30,10,20,count,False,1,0.9085549932331681
buchwald-hartwig,bh_reaction_3,30,10,40,count,False,1,0.9944996053192339
buchwald-hartwig,bh_reaction_3,31,5,20,count,False,1,0.9662588064207072
buchwald-hartwig,bh_reaction_3,31,5,40,count,False,1,0.9980847967143587
buchwald-hartwig,bh_reaction_3,31,10,20,count,True,1,1.0
buchwald-hartwig,bh_reaction_3,31,10,40,count,True,1,1.0
buchwald-hartwig,bh_reaction_3,32,5,20,count,False,1,0.9662588064207072
buchwald-hartwig,bh_reaction_3,32,5,40,count,False,1,0.9980847967143587
buchwald-hartwig,bh_reaction_3,32,10,20,count,True,1,1.0
buchwald-hartwig,bh_reaction_3,32,10,40,count,True,1,1.0
buchwald-hartwig,bh_reaction_3,33,5,20,count,True,1,1.0
buchwald-hartwig,bh_reaction_3,33,5,40,count,True,1,1.0
buchwald-hartwig,bh_reaction_3,33,10,20,count,True,1,1.0
buchwald-hartwig,bh_reaction_3,33,10,40,count,True,1,1.0
buchwald-hartwig,bh_reaction_3,34,5,20,count,True,1,1.0
buchwald-hartwig,bh_reaction_3,34,5,40,count,True,1,1.0
buchwald-hartwig,bh_reaction_3,34,10,20,count,True,1,1.0
buchwald-hartwig,bh_reaction_3,34,10,40,count,True,1,1.0
buchwald-hartwig,bh_reaction_3,35,5,20,count,False,1,0.9662588064207072
buchwald-hartwig,bh_reaction_3,35,5,40,count,False,1,0.9980847967143587
buchwald-hartwig,bh_reaction_3,35,10,20,count,False,1,0.9085549932331681
buchwald-hartwig,bh_reaction_3,35,10,40,count,False,1,0.9944996053192339
buchwald-hartwig,bh_reaction_3,36,5,20,count,False,1,0.9662588064207072
buchwald-hartwig,bh_reaction_3,36,5,40,count,False,1,0.9980847967143587
buchwald-hartwig,bh_reaction_3,36,10,20,count,False,1,0.9085549932331681
buchwald-hartwig,bh_reaction_3,36,10,40,count,False,1,0.9944996053192339
buchwald-hartwig,bh_reaction_3,37,5,20,count,True,1,1.0
buchwald-hartwig,bh_reaction_3,37,5,40,count,True,1,1.0
buchwald-hartwig,bh_reaction_3,37,10,20,count,True,1,1.0
buchwald-hartwig,bh_reaction_3,37,10,40,count,True,1,1.0
buchwald-hartwig,bh_reaction_3,38,5,20,count,True,1,1.0
buchwald-hartwig,bh_reaction_3,38,5,40,count,True,1,1.0
buchwald-hartwig,bh_reaction_3,38,10,20,count,True,1,1.0
buchwald-hartwig,bh_reaction_3,38,10,40,count,True,1,1.0
buchwald-hartwig,bh_reaction_3,39,5,20,count,False,1,0.9662588064207072
buchwald-hartwig,bh_reaction_3,39,5,40,count,False,1,0.9980847967143587
buchwald-hartwig,bh_reaction_3,39,10,20,count,False,1,0.9085549932331681
buchwald-hartwig,bh_reaction_3,39,10,40,count,False,1,0.9944996053192339
buchwald-hartwig,bh_reaction_3,40,5,20,count,True,1,1.0
buchwald-hartwig,bh_reaction_3,40,5,40,count,True,1,1.0
buchwald-hartwig,bh_reaction_3,40,10,20,count,True,1,1.0
buchwald-hartwig,bh_reaction_3,40,10,40,count,True,1,1.0
buchwald-hartwig,bh_reaction_3,41,5,20,count,False,1,0.9662588064207072
buchwald-hartwig,bh_reaction_3,41,5,40,count,False,1,0.9980847967143587
buchwald-hartwig,bh_reaction_3,41,10,20,count,False,1,0.9085549932331681
buchwald-hartwig,bh_reaction_3,41,10,40,count,False,1,0.9944996053192339
buchwald-hartwig,bh_reaction_3,42,5,20,count,False,1,0.9662588064207072
buchwald-hartwig,bh_reaction_3,42,5,40,count,False,1,0.9980847967143587
buchwald-hartwig,bh_reaction_3,42,10,20,count,True,1,1.0
buchwald-hartwig,bh_reaction_3,42,10,40,count,True,1,1.0
buchwald-hartwig,bh_reaction_3,43,5,20,count,True,1,1.0
buchwald-hartwig,bh_reaction_3,43,5,40,count,True,1,1.0
buchwald-hartwig,bh_reaction_3,43,10,20,count,True,1,1.0
buchwald-hartwig,bh_reaction_3,43,10,40,count,True,1,1.0
buchwald-hartwig,bh_reaction_3,44,5,20,count,False,1,0.9662588064207072
buchwald-hartwig,bh_reaction_3,44,5,40,count,False,1,0.9980847967143587
buchwald-hartwig,bh_reaction_3,44,10,20,count,True,1,1.0
buchwald-hartwig,bh_reaction_3,44,10,40,count,True,1,1.0
buchwald-hartwig,bh_reaction_3,45,5,20,count,False,1,0.9662588064207072
buchwald-hartwig,bh_reaction_3,45,5,40,count,False,1,0.9980847967143587
buchwald-hartwig,bh_reaction_3,45,10,20,count,False,1,0.9085549932331681
buchwald-hartwig,bh_reaction_3,45,10,40,count,False,1,0.9944996053192339
buchwald-hartwig,bh_reaction_3,46,5,20,count,False,1,0.9662588064207072
buchwald-hartwig,bh_reaction_3,46,5,40,count,False,1,0.9980847967143587
buchwald-hartwig,bh_reaction_3,46,10,20,count,False,1,0.9085549932331681
buchwald-hartwig,bh_reaction_3,46,10,40,count,False,1,0.9944996053192339
buchwald-hartwig,bh_reaction_3,47,5,20,count,True,1,1.0
buchwald-hartwig,bh_reaction_3,47,5,40,count,True,1,1.0
buchwald-hartwig,bh_reaction_3,47,10,20,count,True,1,1.0
buchwald-hartwig,bh_reaction_3,47,10,40,count,True,1,1.0
buchwald-hartwig,bh_reaction_3,48,5,20,count,True,1,1.0
buchwald-hartwig,bh_reaction_3,48,5,40,count,True,1,1.0
buchwald-hartwig,bh_reaction_3,48,10,20,count,True,1,1.0
buchwald-hartwig,bh_reaction_3,48,10,40,count,True,1,1.0
buchwald-hartwig,bh_reaction_3,49,5,20,count,True,1,1.0
buchwald-hartwig,bh_reaction_3,49,5,40,count,True,1,1.0
buchwald-hartwig,bh_reaction_3,49,10,20,count,True,1,1.0
buchwald-hartwig,bh_reaction_3,49,10,40,count,True,1,1.0
buchwald-hartwig,bh_reaction_4,0,5,20,count,False,1,0.9662588064207072
buchwald-hartwig,bh_reaction_4,0,5,40,count,False,1,0.9980847967143587
buchwald-hartwig,bh_reaction_4,0,10,20,count,True,1,1.0
buchwald-hartwig,bh_reaction_4,0,10,40,count,True,1,1.0
buchwald-hartwig,bh_reaction_4,1,5,20,count,True,1,1.0
buchwald-hartwig,bh_reaction_4,1,5,40,count,True,1,1.0
buchwald-hartwig,bh_reaction_4,1,10,20,count,True,1,1.0
buchwald-hartwig,bh_reaction_4,1,10,40,count,True,1,1.0
buchwald-hartwig,bh_reaction_4,2,5,20,count,False,1,0.9662588064207072
buchwald-hartwig,bh_reaction_4,2,5,40,count,False,1,0.9980847967143587
buchwald-hartwig,bh_reaction_4,2,10,20,count,True,1,1.0
buchwald-hartwig,bh_reaction_4,2,10,40,count,True,1,1.0
buchwald-hartwig,bh_reaction_4,3,5,20,count,True,1,1.0
buchwald-hartwig,bh_reaction_4,3,5,40,count,True,1,1.0
buchwald-hartwig,bh_reaction_4,3,10,20,count,True,1,1.0
buchwald-hartwig,bh_reaction_4,3,10,40,count,True,1,1.0
buchwald-hartwig,bh_reaction_4,4,5,20,count,False,1,0.9662588064207072
buchwald-hartwig,bh_reaction_4,4,5,40,count,False,1,0.9980847967143587
buchwald-hartwig,bh_reaction_4,4,10,20,count,True,1,1.0
buchwald-hartwig,bh_reaction_4,4,10,40,count,True,1,1.0
buchwald-hartwig,bh_reaction_4,5,5,20,count,False,1,0.9662588064207072
buchwald-hartwig,bh_reaction_4,5,5,40,count,False,1,0.9980847967143587
buchwald-hartwig,bh_reaction_4,5,10,20,count,True,1,1.0
buchwald-hartwig,bh_reaction_4,5,10,40,count,True,1,1.0
buchwald-hartwig,bh_reaction_4,6,5,20,count,False,1,0.9662588064207072
buchwald-hartwig,bh_reaction_4,6,5,40,count,False,1,0.9980847967143587
buchwald-hartwig,bh_reaction_4,6,10,20,count,True,1,1.0
buchwald-hartwig,bh_reaction_4,6,10,40,count,True,1,1.0
buchwald-hartwig,bh_reaction_4,7,5,20,count,False,1,0.9662588064207072
buchwald-hartwig,bh_reaction_4,7,5,40,count,False,1,0.9980847967143587
buchwald-hartwig,bh_reaction_4,7,10,20,count,False,1,0.9085549932331681
buchwald-hartwig,bh_reaction_4,7,10,40,count,False,1,0.9944996053192339
buchwald-hartwig,bh_reaction_4,8,5,20,count,True,1,1.0
buchwald-hartwig,bh_reaction_4,8,5,40,count,True,1,1.0
buchwald-hartwig,bh_reaction_4,8,10,20,count,True,1,1.0
buchwald-hartwig,bh_reaction_4,8,10,40,count,True,1,1.0
buchwald-hartwig,bh_reaction_4,9,5,20,count,False,1,0.9662588064207072
buchwald-hartwig,bh_reaction_4,9,5,40,count,False,1,0.9980847967143587
buchwald-hartwig,bh_reaction_4,9,10,20,count,False,1,0.9085549932331681
buchwald-hartwig,bh_reaction_4,9,10,40,count,False,1,0.9944996053192339
buchwald-hartwig,bh_reaction_4,10,5,20,count,True,1,1.0
buchwald-hartwig,bh_reaction_4,10,5,40,count,True,1,1.0
buchwald-hartwig,bh_reaction_4,10,10,20,count,True,1,1.0
buchwald-hartwig,bh_reaction_4,10,10,40,count,True,1,1.0
buchwald-hartwig,bh_reaction_4,11,5,20,count,False,1,0.9662588064207072
buchwald-hartwig,bh_reaction_4,11,5,40,count,False,1,0.9980847967143587
buchwald-hartwig,bh_reaction_4,11,10,20,count,True,1,1.0
buchwald-hartwig,bh_reaction_4,11,10,40,count,True,1,1.0
buchwald-hartwig,bh_reaction_4,12,5,20,count,True,1,1.0
buchwald-hartwig,bh_reaction_4,12,5,40,count,True,1,1.0
buchwald-hartwig,bh_reaction_4,12,10,20,count,True,1,1.0
buchwald-hartwig,bh_reaction_4,12,10,40,count,True,1,1.0
buchwald-hartwig,bh_reaction_4,13,5,20,count,False,1,0.9662588064207072
buchwald-hartwig,bh_reaction_4,13,5,40,count,False,1,0.9980847967143587
buchwald-hartwig,bh_reaction_4,13,10,20,count,True,1,1.0
buchwald-hartwig,bh_reaction_4,13,10,40,count,True,1,1.0
buchwald-hartwig,bh_reaction_4,14,5,20,count,False,1,0.9662588064207072
buchwald-hartwig,bh_reaction_4,14,5,40,count,False,1,0.9980847967143587
buchwald-hartwig,bh_reaction_4,14,10,20,count,True,1,1.0
buchwald-hartwig,bh_reaction_4,14,10,40,count,True,1,1.0
buchwald-hartwig,bh_reaction_4,15,5,20,count,True,1,1.0
buchwald-hartwig,bh_reaction_4,15,5,40,count,True,1,1.0
buchwald-hartwig,bh_reaction_4,15,10,20,count,True,1,1.0
buchwald-hartwig,bh_reaction_4,15,10,40,count,True,1,1.0
buchwald-hartwig,bh_reaction_4,16,5,20,count,False,1,0.9662588064207072
buchwald-hartwig,bh_reaction_4,16,5,40,count,False,1,0.9980847967143587
buchwald-hartwig,bh_reaction_4,16,10,20,count,True,1,1.0
buchwald-hartwig,bh_reaction_4,16,10,40,count,True,1,1.0
buchwald-hartwig,bh_reaction_4,17,5,20,count,False,1,0.9662588064207072
buchwald-hartwig,bh_reaction_4,17,5,40,count,False,1,0.9980847967143587
buchwald-hartwig,bh_reaction_4,17,10,20,count,True,1,1.0
buchwald-hartwig,bh_reaction_4,17,10,40,count,True,1,1.0
buchwald-hartwig,bh_reaction_4,18,5,20,count,False,1,0.9662588064207072
buchwald-hartwig,bh_reaction_4,18,5,40,count,False,1,0.9980847967143587
buchwald-hartwig,bh_reaction_4,18,10,20,count,True,1,1.0
buchwald-hartwig,bh_reaction_4,18,10,40,count,True,1,1.0
buchwald-hartwig,bh_reaction_4,19,5,20,count,False,1,0.9662588064207072
buchwald-hartwig,bh_reaction_4,19,5,40,count,False,1,0.9980847967143587
buchwald-hartwig,bh_reaction_4,19,10,20,count,False,1,0.9085549932331681
buchwald-hartwig,bh_reaction_4,19,10,40,count,False,1,0.9944996053192339
buchwald-hartwig,bh_reaction_4,20,5,20,count,False,0,0.9662588064207072
buchwald-hartwig,bh_reaction_4,20,5,40,count,False,1,0.9980847967143587
buchwald-hartwig,bh_reaction_4,20,10,20,count,False,0,0.9085549932331681
buchwald-hartwig,bh_reaction_4,20,10,40,count,False,1,0.9944996053192339
buchwald-hartwig,bh_reaction_4,21,5,20,count,False,1,0.9662588064207072
buchwald-hartwig,bh_reaction_4,21,5,40,count,False,1,0.9980847967143587
buchwald-hartwig,bh_reaction_4,21,10,20,count,True,1,1.0
buchwald-hartwig,bh_reaction_4,21,10,40,count,True,1,1.0
buchwald-hartwig,bh_reaction_4,22,5,20,count,False,1,0.9662588064207072
buchwald-hartwig,bh_reaction_4,22,5,40,count,False,1,0.9980847967143587
buchwald-hartwig,bh_reaction_4,22,10,20,count,True,1,1.0
buchwald-hartwig,bh_reaction_4,22,10,40,count,True,1,1.0
buchwald-hartwig,bh_reaction_4,23,5,20,count,False,1,0.9662588064207072
buchwald-hartwig,bh_reaction_4,23,5,40,count,False,1,0.9980847967143587
buchwald-hartwig,bh_reaction_4,23,10,20,count,False,1,0.9085549932331681
buchwald-hartwig,bh_reaction_4,23,10,40,count,False,1,0.9944996053192339
buchwald-hartwig,bh_reaction_4,24,5,20,count,False,1,0.9662588064207072
buchwald-hartwig,bh_reaction_4,24,5,40,count,False,1,0.9980847967143587
buchwald-hartwig,bh_reaction_4,24,10,20,count,True,1,1.0
buchwald-hartwig,bh_reaction_4,24,10,40,count,True,1,1.0
buchwald-hartwig,bh_reaction_4,25,5,20,count,False,1,0.9662588064207072
buchwald-hartwig,bh_reaction_4,25,5,40,count,False,1,0.9980847967143587
buchwald-hartwig,bh_reaction_4,25,10,20,count,True,1,1.0
buchwald-hartwig,bh_reaction_4,25,10,40,count,True,1,1.0
buchwald-hartwig,bh_reaction_4,26,5,20,count,True,1,1.0
buchwald-hartwig,bh_reaction_4,26,5,40,count,True,1,1.0
buchwald-hartwig,bh_reaction_4,26,10,20,count,True,1,1.0
buchwald-hartwig,bh_reaction_4,26,10,40,count,True,1,1.0
buchwald-hartwig,bh_reaction_4,27,5,20,count,True,1,1.0
buchwald-hartwig,bh_reaction_4,27,5,40,count,True,1,1.0
buchwald-hartwig,bh_reaction_4,27,10,20,count,True,1,1.0
buchwald-hartwig,bh_reaction_4,27,10,40,count,True,1,1.0
buchwald-hartwig,bh_reaction_4,28,5,20,count,True,1,1.0
buchwald-hartwig,bh_reaction_4,28,5,40,count,True,1,1.0
buchwald-hartwig,bh_reaction_4,28,10,20,count,True,1,1.0
buchwald-hartwig,bh_reaction_4,28,10,40,count,True,1,1.0
buchwald-hartwig,bh_reaction_4,29,5,20,count,False,1,0.9662588064207072
buchwald-hartwig,bh_reaction_4,29,5,40,count,False,1,0.9980847967143587
buchwald-hartwig,bh_reaction_4,29,10,20,count,False,1,0.9085549932331681
buchwald-hartwig,bh_reaction_4,29,10,40,count,False,1,0.9944996053192339
buchwald-hartwig,bh_reaction_4,30,5,20,count,True,1,1.0
buchwald-hartwig,bh_reaction_4,30,5,40,count,True,1,1.0
buchwald-hartwig,bh_reaction_4,30,10,20,count,True,1,1.0
buchwald-hartwig,bh_reaction_4,30,10,40,count,True,1,1.0
buchwald-hartwig,bh_reaction_4,31,5,20,count,True,1,1.0
buchwald-hartwig,bh_reaction_4,31,5,40,count,True,1,1.0
buchwald-hartwig,bh_reaction_4,31,10,20,count,True,1,1.0
buchwald-hartwig,bh_reaction_4,31,10,40,count,True,1,1.0
buchwald-hartwig,bh_reaction_4,32,5,20,count,False,1,0.9662588064207072
buchwald-hartwig,bh_reaction_4,32,5,40,count,False,1,0.9980847967143587
buchwald-hartwig,bh_reaction_4,32,10,20,count,True,1,1.0
buchwald-hartwig,bh_reaction_4,32,10,40,count,True,1,1.0
buchwald-hartwig,bh_reaction_4,33,5,20,count,False,1,0.9662588064207072
buchwald-hartwig,bh_reaction_4,33,5,40,count,False,1,0.9980847967143587
buchwald-hartwig,bh_reaction_4,33,10,20,count,True,1,1.0
buchwald-hartwig,bh_reaction_4,33,10,40,count,True,1,1.0
buchwald-hartwig,bh_reaction_4,34,5,20,count,False,1,0.9662588064207072
buchwald-hartwig,bh_reaction_4,34,5,40,count,False,1,0.9980847967143587
buchwald-hartwig,bh_reaction_4,34,10,20,count,True,1,1.0
buchwald-hartwig,bh_reaction_4,34,10,40,count,True,1,1.0
buchwald-hartwig,bh_reaction_4,35,5,20,count,True,1,1.0
buchwald-hartwig,bh_reaction_4,35,5,40,count,True,1,1.0
buchwald-hartwig,bh_reaction_4,35,10,20,count,True,1,1.0
buchwald-hartwig,bh_reaction_4,35,10,40,count,True,1,1.0
buchwald-hartwig,bh_reaction_4,36,5,20,count,True,1,1.0
buchwald-hartwig,bh_reaction_4,36,5,40,count,True,1,1.0
buchwald-hartwig,bh_reaction_4,36,10,20,count,True,1,1.0
buchwald-hartwig,bh_reaction_4,36,10,40,count,True,1,1.0
buchwald-hartwig,bh_reaction_4,37,5,20,count,False,1,0.9662588064207072
buchwald-hartwig,bh_reaction_4,37,5,40,count,False,1,0.9980847967143587
buchwald-hartwig,bh_reaction_4,37,10,20,count,True,1,1.0
buchwald-hartwig,bh_reaction_4,37,10,40,count,True,1,1.0
buchwald-hartwig,bh_reaction_4,38,5,20,count,True,1,1.0
buchwald-hartwig,bh_reaction_4,38,5,40,count,True,1,1.0
buchwald-hartwig,bh_reaction_4,38,10,20,count,True,1,1.0
buchwald-hartwig,bh_reaction_4,38,10,40,count,True,1,1.0
buchwald-hartwig,bh_reaction_4,39,5,20,count,False,1,0.9662588064207072
buchwald-hartwig,bh_reaction_4,39,5,40,count,False,1,0.9980847967143587
buchwald-hartwig,bh_reaction_4,39,10,20,count,True,1,1.0
buchwald-hartwig,bh_reaction_4,39,10,40,count,True,1,1.0
buchwald-hartwig,bh_reaction_4,40,5,20,count,True,1,1.0
buchwald-hartwig,bh_reaction_4,40,5,40,count,True,1,1.0
buchwald-hartwig,bh_reaction_4,40,10,20,count,True,1,1.0
buchwald-hartwig,bh_reaction_4,40,10,40,count,True,1,1.0
buchwald-hartwig,bh_reaction_4,41,5,20,count,True,1,1.0
buchwald-hartwig,bh_reaction_4,41,5,40,count,True,1,1.0
buchwald-hartwig,bh_reaction_4,41,10,20,count,True,1,1.0
buchwald-hartwig,bh_reaction_4,41,10,40,count,True,1,1.0
buchwald-hartwig,bh_reaction_4,42,5,20,count,False,1,0.9662588064207072
buchwald-hartwig,bh_reaction_4,42,5,40,count,False,1,0.9980847967143587
buchwald-hartwig,bh_reaction_4,42,10,20,count,False,1,0.9085549932331681
buchwald-hartwig,bh_reaction_4,42,10,40,count,False,1,0.9944996053192339
buchwald-hartwig,bh_reaction_4,43,5,20,count,True,1,1.0
buchwald-hartwig,bh_reaction_4,43,5,40,count,True,1,1.0
buchwald-hartwig,bh_reaction_4,43,10,20,count,True,1,1.0
buchwald-hartwig,bh_reaction_4,43,10,40,count,True,1,1.0
buchwald-hartwig,bh_reaction_4,44,5,20,count,True,1,1.0
buchwald-hartwig,bh_reaction_4,44,5,40,count,True,1,1.0
buchwald-hartwig,bh_reaction_4,44,10,20,count,True,1,1.0
buchwald-hartwig,bh_reaction_4,44,10,40,count,True,1,1.0
buchwald-hartwig,bh_reaction_4,45,5,20,count,True,1,1.0
buchwald-hartwig,bh_reaction_4,45,5,40,count,True,1,1.0
buchwald-hartwig,bh_reaction_4,45,10,20,count,True,1,1.0
buchwald-hartwig,bh_reaction_4,45,10,40,count,True,1,1.0
buchwald-hartwig,bh_reaction_4,46,5,20,count,True,1,1.0
buchwald-hartwig,bh_reaction_4,46,5,40,count,True,1,1.0
buchwald-hartwig,bh_reaction_4,46,10,20,count,True,1,1.0
buchwald-hartwig,bh_reaction_4,46,10,40,count,True,1,1.0
buchwald-hartwig,bh_reaction_4,47,5,20,count,False,1,0.9662588064207072
buchwald-hartwig,bh_reaction_4,47,5,40,count,False,1,0.9980847967143587
buchwald-hartwig,bh_reaction_4,47,10,20,count,True,1,1.0
buchwald-hartwig,bh_reaction_4,47,10,40,count,True,1,1.0
buchwald-hartwig,bh_reaction_4,48,5,20,count,True,1,1.0
buchwald-hartwig,bh_reaction_4,48,5,40,count,True,1,1.0
buchwald-hartwig,bh_reaction_4,48,10,20,count,True,1,1.0
buchwald-hartwig,bh_reaction_4,48,10,40,count,True,1,1.0
buchwald-hartwig,bh_reaction_4,49,5,20,count,False,1,0.9662588064207072
buchwald-hartwig,bh_reaction_4,49,5,40,count,False,1,0.9980847967143587
buchwald-hartwig,bh_reaction_4,49,10,20,count,True,1,1.0
buchwald-hartwig,bh_reaction_4,49,10,40,count,True,1,1.0
buchwald-hartwig,bh_reaction_5,0,5,20,count,True,1,1.0
buchwald-hartwig,bh_reaction_5,0,5,40,count,True,1,1.0
buchwald-hartwig,bh_reaction_5,0,10,20,count,True,1,1.0
buchwald-hartwig,bh_reaction_5,0,10,40,count,True,1,1.0
buchwald-hartwig,bh_reaction_5,1,5,20,count,False,1,0.9662588064207072
buchwald-hartwig,bh_reaction_5,1,5,40,count,False,1,0.9980847967143587
buchwald-hartwig,bh_reaction_5,1,10,20,count,True,1,1.0
buchwald-hartwig,bh_reaction_5,1,10,40,count,True,1,1.0
buchwald-hartwig,bh_reaction_5,2,5,20,count,True,1,1.0
buchwald-hartwig,bh_reaction_5,2,5,40,count,True,1,1.0
buchwald-hartwig,bh_reaction_5,2,10,20,count,True,1,1.0
buchwald-hartwig,bh_reaction_5,2,10,40,count,True,1,1.0
buchwald-hartwig,bh_reaction_5,3,5,20,count,True,1,1.0
buchwald-hartwig,bh_reaction_5,3,5,40,count,True,1,1.0
buchwald-hartwig,bh_reaction_5,3,10,20,count,True,1,1.0
buchwald-hartwig,bh_reaction_5,3,10,40,count,True,1,1.0
buchwald-hartwig,bh_reaction_5,4,5,20,count,True,1,1.0
buchwald-hartwig,bh_reaction_5,4,5,40,count,True,1,1.0
buchwald-hartwig,bh_reaction_5,4,10,20,count,True,1,1.0
buchwald-hartwig,bh_reaction_5,4,10,40,count,True,1,1.0
buchwald-hartwig,bh_reaction_5,5,5,20,count,True,1,1.0
buchwald-hartwig,bh_reaction_5,5,5,40,count,True,1,1.0
buchwald-hartwig,bh_reaction_5,5,10,20,count,True,1,1.0
buchwald-hartwig,bh_reaction_5,5,10,40,count,True,1,1.0
buchwald-hartwig,bh_reaction_5,6,5,20,count,False,1,0.9662588064207072
buchwald-hartwig,bh_reaction_5,6,5,40,count,False,1,0.9980847967143587
buchwald-hartwig,bh_reaction_5,6,10,20,count,False,1,0.9085549932331681
buchwald-hartwig,bh_reaction_5,6,10,40,count,False,1,0.9944996053192339
buchwald-hartwig,bh_reaction_5,7,5,20,count,False,1,0.9662588064207072
buchwald-hartwig,bh_reaction_5,7,5,40,count,False,1,0.9980847967143587
buchwald-hartwig,bh_reaction_5,7,10,20,count,True,1,1.0
buchwald-hartwig,bh_reaction_5,7,10,40,count,True,1,1.0
buchwald-hartwig,bh_reaction_5,8,5,20,count,False,1,0.9662588064207072
buchwald-hartwig,bh_reaction_5,8,5,40,count,False,1,0.9980847967143587
buchwald-hartwig,bh_reaction_5,8,10,20,count,False,1,0.9085549932331681
buchwald-hartwig,bh_reaction_5,8,10,40,count,False,1,0.9944996053192339
buchwald-hartwig,bh_reaction_5,9,5,20,count,False,1,0.9662588064207072
buchwald-hartwig,bh_reaction_5,9,5,40,count,False,1,0.9980847967143587
buchwald-hartwig,bh_reaction_5,9,10,20,count,False,1,0.9085549932331681
buchwald-hartwig,bh_reaction_5,9,10,40,count,False,1,0.9944996053192339
buchwald-hartwig,bh_reaction_5,10,5,20,count,True,1,1.0
buchwald-hartwig,bh_reaction_5,10,5,40,count,True,1,1.0
buchwald-hartwig,bh_reaction_5,10,10,20,count,True,1,1.0
buchwald-hartwig,bh_reaction_5,10,10,40,count,True,1,1.0
buchwald-hartwig,bh_reaction_5,11,5,20,count,False,1,0.9662588064207072
buchwald-hartwig,bh_reaction_5,11,5,40,count,False,1,0.9980847967143587
buchwald-hartwig,bh_reaction_5,11,10,20,count,True,1,1.0
buchwald-hartwig,bh_reaction_5,11,10,40,count,True,1,1.0
buchwald-hartwig,bh_reaction_5,12,5,20,count,False,1,0.9662588064207072
buchwald-hartwig,bh_reaction_5,12,5,40,count,False,1,0.9980847967143587
buchwald-hartwig,bh_reaction_5,12,10,20,count,True,1,1.0
buchwald-hartwig,bh_reaction_5,12,10,40,count,True,1,1.0
buchwald-hartwig,bh_reaction_5,13,5,20,count,False,1,0.9662588064207072
buchwald-hartwig,bh_reaction_5,13,5,40,count,False,1,0.9980847967143587
buchwald-hartwig,bh_reaction_5,13,10,20,count,False,1,0.9085549932331681
buchwald-hartwig,bh_reaction_5,13,10,40,count,False,1,0.9944996053192339
buchwald-hartwig,bh_reaction_5,14,5,20,count,True,1,1.0
buchwald-hartwig,bh_reaction_5,14,5,40,count,True,1,1.0
buchwald-hartwig,bh_reaction_5,14,10,20,count,True,1,1.0
buchwald-hartwig,bh_reaction_5,14,10,40,count,True,1,1.0
buchwald-hartwig,bh_reaction_5,15,5,20,count,False,1,0.9662588064207072
buchwald-hartwig,bh_reaction_5,15,5,40,count,False,1,0.9980847967143587
buchwald-hartwig,bh_reaction_5,15,10,20,count,True,1,1.0
buchwald-hartwig,bh_reaction_5,15,10,40,count,True,1,1.0
buchwald-hartwig,bh_reaction_5,16,5,20,count,False,1,0.9662588064207072
buchwald-hartwig,bh_reaction_5,16,5,40,count,False,1,0.9980847967143587
buchwald-hartwig,bh_reaction_5,16,10,20,count,False,1,0.9085549932331681
buchwald-hartwig,bh_reaction_5,16,10,40,count,False,1,0.9944996053192339
buchwald-hartwig,bh_reaction_5,17,5,20,count,False,1,0.9662588064207072
buchwald-hartwig,bh_reaction_5,17,5,40,count,False,1,0.9980847967143587
buchwald-hartwig,bh_reaction_5,17,10,20,count,True,1,1.0
buchwald-hartwig,bh_reaction_5,17,10,40,count,True,1,1.0
buchwald-hartwig,bh_reaction_5,18,5,20,count,False,1,0.9662588064207072
buchwald-hartwig,bh_reaction_5,18,5,40,count,False,1,0.9980847967143587
buchwald-hartwig,bh_reaction_5,18,10,20,count,True,1,1.0
buchwald-hartwig,bh_reaction_5,18,10,40,count,True,1,1.0
buchwald-hartwig,bh_reaction_5,19,5,20,count,False,1,0.9662588064207072
buchwald-hartwig,bh_reaction_5,19,5,40,count,False,1,0.9980847967143587
buchwald-hartwig,bh_reaction_5,19,10,20,count,True,1,1.0
buchwald-hartwig,bh_reaction_5,19,10,40,count,True,1,1.0
buchwald-hartwig,bh_reaction_5,20,5,20,count,False,1,0.9662588064207072
buchwald-hartwig,bh_reaction_5,20,5,40,count,False,1,0.9980847967143587
buchwald-hartwig,bh_reaction_5,20,10,20,count,True,1,1.0
buchwald-hartwig,bh_reaction_5,20,10,40,count,True,1,1.0
buchwald-hartwig,bh_reaction_5,21,5,20,count,False,1,0.9662588064207072
buchwald-hartwig,bh_reaction_5,21,5,40,count,False,1,0.9980847967143587
buchwald-hartwig,bh_reaction_5,21,10,20,count,True,1,1.0
buchwald-hartwig,bh_reaction_5,21,10,40,count,True,1,1.0
buchwald-hartwig,bh_reaction_5,22,5,20,count,True,1,1.0
buchwald-hartwig,bh_reaction_5,22,5,40,count,True,1,1.0
buchwald-hartwig,bh_reaction_5,22,10,20,count,True,1,1.0
buchwald-hartwig,bh_reaction_5,22,10,40,count,True,1,1.0
buchwald-hartwig,bh_reaction_5,23,5,20,count,False,1,0.9662588064207072
buchwald-hartwig,bh_reaction_5,23,5,40,count,False,1,0.9980847967143587
buchwald-hartwig,bh_reaction_5,23,10,20,count,True,1,1.0
buchwald-hartwig,bh_reaction_5,23,10,40,count,True,1,1.0
buchwald-hartwig,bh_reaction_5,24,5,20,count,False,1,0.9662588064207072
buchwald-hartwig,bh_reaction_5,24,5,40,count,False,1,0.9980847967143587
buchwald-hartwig,bh_reaction_5,24,10,20,count,True,1,1.0
buchwald-hartwig,bh_reaction_5,24,10,40,count,True,1,1.0
buchwald-hartwig,bh_reaction_5,25,5,20,count,False,1,0.9662588064207072
buchwald-hartwig,bh_reaction_5,25,5,40,count,False,1,0.9980847967143587
buchwald-hartwig,bh_reaction_5,25,10,20,count,True,1,1.0
buchwald-hartwig,bh_reaction_5,25,10,40,count,True,1,1.0
buchwald-hartwig,bh_reaction_5,26,5,20,count,False,1,0.9662588064207072
buchwald-hartwig,bh_reaction_5,26,5,40,count,False,1,0.9980847967143587
buchwald-hartwig,bh_reaction_5,26,10,20,count,True,1,1.0
buchwald-hartwig,bh_reaction_5,26,10,40,count,True,1,1.0
buchwald-hartwig,bh_reaction_5,27,5,20,count,True,1,1.0
buchwald-hartwig,bh_reaction_5,27,5,40,count,True,1,1.0
buchwald-hartwig,bh_reaction_5,27,10,20,count,True,1,1.0
buchwald-hartwig,bh_reaction_5,27,10,40,count,True,1,1.0
buchwald-hartwig,bh_reaction_5,28,5,20,count,True,1,1.0
buchwald-hartwig,bh_reaction_5,28,5,40,count,True,1,1.0
buchwald-hartwig,bh_reaction_5,28,10,20,count,True,1,1.0
buchwald-hartwig,bh_reaction_5,28,10,40,count,True,1,1.0
buchwald-hartwig,bh_reaction_5,29,5,20,count,False,1,0.9662588064207072
buchwald-hartwig,bh_reaction_5,29,5,40,count,False,1,0.9980847967143587
buchwald-hartwig,bh_reaction_5,29,10,20,count,True,1,1.0
buchwald-hartwig,bh_reaction_5,29,10,40,count,True,1,1.0
buchwald-hartwig,bh_reaction_5,30,5,20,count,True,1,1.0
buchwald-hartwig,bh_reaction_5,30,5,40,count,True,1,1.0
buchwald-hartwig,bh_reaction_5,30,10,20,count,True,1,1.0
buchwald-hartwig,bh_reaction_5,30,10,40,count,True,1,1.0
buchwald-hartwig,bh_reaction_5,31,5,20,count,False,1,0.9662588064207072
buchwald-hartwig,bh_reaction_5,31,5,40,count,False,1,0.9980847967143587
buchwald-hartwig,bh_reaction_5,31,10,20,count,False,1,0.9085549932331681
buchwald-hartwig,bh_reaction_5,31,10,40,count,False,1,0.9944996053192339
buchwald-hartwig,bh_reaction_5,32,5,20,count,True,1,1.0
buchwald-hartwig,bh_reaction_5,32,5,40,count,True,1,1.0
buchwald-hartwig,bh_reaction_5,32,10,20,count,True,1,1.0
buchwald-hartwig,bh_reaction_5,32,10,40,count,True,1,1.0
buchwald-hartwig,bh_reaction_5,33,5,20,count,False,1,0.9662588064207072
buchwald-hartwig,bh_reaction_5,33,5,40,count,False,1,0.9980847967143587
buchwald-hartwig,bh_reaction_5,33,10,20,count,True,1,1.0
buchwald-hartwig,bh_reaction_5,33,10,40,count,True,1,1.0
buchwald-hartwig,bh_reaction_5,34,5,20,count,False,1,0.9662588064207072
buchwald-hartwig,bh_reaction_5,34,5,40,count,False,1,0.9980847967143587
buchwald-hartwig,bh_reaction_5,34,10,20,count,True,1,1.0
buchwald-hartwig,bh_reaction_5,34,10,40,count,True,1,1.0
buchwald-hartwig,bh_reaction_5,35,5,20,count,True,1,1.0
buchwald-hartwig,bh_reaction_5,35,5,40,count,True,1,1.0
buchwald-hartwig,bh_reaction_5,35,10,20,count,True,1,1.0
buchwald-hartwig,bh_reaction_5,35,10,40,count,True,1,1.0
buchwald-hartwig,bh_reaction_5,36,5,20,count,True,1,1.0
buchwald-hartwig,bh_reaction_5,36,5,40,count,True,1,1.0
buchwald-hartwig,bh_reaction_5,36,10,20,count,True,1,1.0
buchwald-hartwig,bh_reaction_5,36,10,40,count,True,1,1.0
buchwald-hartwig,bh_reaction_5,37,5,20,count,True,1,1.0
buchwald-hartwig,bh_reaction_5,37,5,40,count,True,1,1.0
buchwald-hartwig,bh_reaction_5,37,10,20,count,True,1,1.0
buchwald-hartwig,bh_reaction_5,37,10,40,count,True,1,1.0
buchwald-hartwig,bh_reaction_5,38,5,20,count,True,1,1.0
buchwald-hartwig,bh_reaction_5,38,5,40,count,True,1,1.0
buchwald-hartwig,bh_reaction_5,38,10,20,count,True,1,1.0
buchwald-hartwig,bh_reaction_5,38,10,40,count,True,1,1.0
buchwald-hartwig,bh_reaction_5,39,5,20,count,False,1,0.9662588064207072
buchwald-hartwig,bh_reaction_5,39,5,40,count,False,1,0.9980847967143587
buchwald-hartwig,bh_reaction_5,39,10,20,count,True,1,1.0
buchwald-hartwig,bh_reaction_5,39,10,40,count,True,1,1.0
buchwald-hartwig,bh_reaction_5,40,5,20,count,False,1,0.9662588064207072
buchwald-hartwig,bh_reaction_5,40,5,40,count,False,1,0.9980847967143587
buchwald-hartwig,bh_reaction_5,40,10,20,count,True,1,1.0
buchwald-hartwig,bh_reaction_5,40,10,40,count,True,1,1.0
buchwald-hartwig,bh_reaction_5,41,5,20,count,True,1,1.0
buchwald-hartwig,bh_reaction_5,41,5,40,count,True,1,1.0
buchwald-hartwig,bh_reaction_5,41,10,20,count,True,1,1.0
buchwald-hartwig,bh_reaction_5,41,10,40,count,True,1,1.0
buchwald-hartwig,bh_reaction_5,42,5,20,count,False,1,0.9662588064207072
buchwald-hartwig,bh_reaction_5,42,5,40,count,False,1,0.9980847967143587
buchwald-hartwig,bh_reaction_5,42,10,20,count,True,1,1.0
buchwald-hartwig,bh_reaction_5,42,10,40,count,True,1,1.0
buchwald-hartwig,bh_reaction_5,43,5,20,count,False,1,0.9662588064207072
buchwald-hartwig,bh_reaction_5,43,5,40,count,False,1,0.9980847967143587
buchwald-hartwig,bh_reaction_5,43,10,20,count,True,1,1.0
buchwald-hartwig,bh_reaction_5,43,10,40,count,True,1,1.0
buchwald-hartwig,bh_reaction_5,44,5,20,count,True,1,1.0
buchwald-hartwig,bh_reaction_5,44,5,40,count,True,1,1.0
buchwald-hartwig,bh_reaction_5,44,10,20,count,True,1,1.0
buchwald-hartwig,bh_reaction_5,44,10,40,count,True,1,1.0
buchwald-hartwig,bh_reaction_5,45,5,20,count,False,1,0.9662588064207072
buchwald-hartwig,bh_reaction_5,45,5,40,count,False,1,0.9980847967143587
buchwald-hartwig,bh_reaction_5,45,10,20,count,True,1,1.0
buchwald-hartwig,bh_reaction_5,45,10,40,count,True,1,1.0
buchwald-hartwig,bh_reaction_5,46,5,20,count,False,1,0.9662588064207072
buchwald-hartwig,bh_reaction_5,46,5,40,count,False,1,0.9980847967143587
buchwald-hartwig,bh_reaction_5,46,10,20,count,True,1,1.0
buchwald-hartwig,bh_reaction_5,46,10,40,count,True,1,1.0
buchwald-hartwig,bh_reaction_5,47,5,20,count,False,1,0.9662588064207072
buchwald-hartwig,bh_reaction_5,47,5,40,count,False,1,0.9980847967143587
buchwald-hartwig,bh_reaction_5,47,10,20,count,True,1,1.0
buchwald-hartwig,bh_reaction_5,47,10,40,count,True,1,1.0
buchwald-hartwig,bh_reaction_5,48,5,20,count,False,1,0.9662588064207072
buchwald-hartwig,bh_reaction_5,48,5,40,count,False,1,0.9980847967143587
buchwald-hartwig,bh_reaction_5,48,10,20,count,False,1,0.9085549932331681
buchwald-hartwig,bh_reaction_5,48,10,40,count,False,1,0.9944996053192339
buchwald-hartwig,bh_reaction_5,49,5,20,count,False,1,0.9662588064207072
buchwald-hartwig,bh_reaction_5,49,5,40,count,False,1,0.9980847967143587
buchwald-hartwig,bh_reaction_5,49,10,20,count,True,1,1.0
buchwald-hartwig,bh_reaction_5,49,10,40,count,True,1,1.0
buchwald-hartwig,bh_reaction_1,0,5,20,best,True,1,1.0
buchwald-hartwig,bh_reaction_1,0,5,40,best,True,1,1.0
buchwald-hartwig,bh_reaction_1,0,10,20,best,True,1,1.0
buchwald-hartwig,bh_reaction_1,0,10,40,best,True,1,1.0
buchwald-hartwig,bh_reaction_1,1,5,20,best,False,1,0.9798657730076685
buchwald-hartwig,bh_reaction_1,1,5,40,best,False,1,0.9989304496844477
buchwald-hartwig,bh_reaction_1,1,10,20,best,True,1,1.0
buchwald-hartwig,bh_reaction_1,1,10,40,best,True,1,1.0
buchwald-hartwig,bh_reaction_1,2,5,20,best,False,1,0.9639222259336414
buchwald-hartwig,bh_reaction_1,2,5,40,best,False,1,0.9980535234839204
buchwald-hartwig,bh_reaction_1,2,10,20,best,True,1,1.0
buchwald-hartwig,bh_reaction_1,2,10,40,best,True,1,1.0
buchwald-hartwig,bh_reaction_1,3,5,20,best,False,1,0.9804572123106847
buchwald-hartwig,bh_reaction_1,3,5,40,best,False,1,0.9989624605165788
buchwald-hartwig,bh_reaction_1,3,10,20,best,True,1,1.0
buchwald-hartwig,bh_reaction_1,3,10,40,best,True,1,1.0
buchwald-hartwig,bh_reaction_1,4,5,20,best,False,1,0.9795211220785114
buchwald-hartwig,bh_reaction_1,4,5,40,best,False,1,0.9989117790514513
buchwald-hartwig,bh_reaction_1,4,10,20,best,True,1,1.0
buchwald-hartwig,bh_reaction_1,4,10,40,best,True,1,1.0
buchwald-hartwig,bh_reaction_1,5,5,20,best,True,1,1.0
buchwald-hartwig,bh_reaction_1,5,5,40,best,True,1,1.0
buchwald-hartwig,bh_reaction_1,5,10,20,best,True,1,1.0
buchwald-hartwig,bh_reaction_1,5,10,40,best,True,1,1.0
buchwald-hartwig,bh_reaction_1,6,5,20,best,True,1,1.0
buchwald-hartwig,bh_reaction_1,6,5,40,best,True,1,1.0
buchwald-hartwig,bh_reaction_1,6,10,20,best,True,1,1.0
buchwald-hartwig,bh_reaction_1,6,10,40,best,True,1,1.0
buchwald-hartwig,bh_reaction_1,7,5,20,best,True,1,1.0
buchwald-hartwig,bh_reaction_1,7,5,40,best,True,1,1.0
buchwald-hartwig,bh_reaction_1,7,10,20,best,True,1,1.0
buchwald-hartwig,bh_reaction_1,7,10,40,best,True,1,1.0
buchwald-hartwig,bh_reaction_1,8,5,20,best,True,1,1.0
buchwald-hartwig,bh_reaction_1,8,5,40,best,True,1,1.0
buchwald-hartwig,bh_reaction_1,8,10,20,best,True,1,1.0
buchwald-hartwig,bh_reaction_1,8,10,40,best,True,1,1.0
buchwald-hartwig,bh_reaction_1,9,5,20,best,False,1,0.9745862574731067
buchwald-hartwig,bh_reaction_1,9,5,40,best,False,1,0.9986430737854662
buchwald-hartwig,bh_reaction_1,9,10,20,best,True,1,1.0
buchwald-hartwig,bh_reaction_1,9,10,40,best,True,1,1.0
buchwald-hartwig,bh_reaction_1,10,5,20,best,False,1,0.9711063705611181
buchwald-hartwig,bh_reaction_1,10,5,40,best,False,1,0.9984520386975313
buchwald-hartwig,bh_reaction_1,10,10,20,best,True,1,1.0
buchwald-hartwig,bh_reaction_1,10,10,40,best,True,1,1.0
buchwald-hartwig,bh_reaction_1,11,5,20,best,True,1,1.0
buchwald-hartwig,bh_reaction_1,11,5,40,best,True,1,1.0
buchwald-hartwig,bh_reaction_1,11,10,20,best,True,1,1.0
buchwald-hartwig,bh_reaction_1,11,10,40,best,True,1,1.0
buchwald-hartwig,bh_reaction_1,12,5,20,best,False,1,0.9801954763493438
buchwald-hartwig,bh_reaction_1,12,5,40,best,False,1,0.9989482989325561
buchwald-hartwig,bh_reaction_1,12,10,20,best,True,1,1.0
buchwald-hartwig,bh_reaction_1,12,10,40,best,True,1,1.0
buchwald-hartwig,bh_reaction_1,13,5,20,best,True,1,1.0
buchwald-hartwig,bh_reaction_1,13,5,40,best,True,1,1.0
buchwald-hartwig,bh_reaction_1,13,10,20,best,True,1,1.0
buchwald-hartwig,bh_reaction_1,13,10,40,best,True,1,1.0
buchwald-hartwig,bh_reaction_1,14,5,20,best,True,1,1.0
buchwald-hartwig,bh_reaction_1,14,5,40,best,True,1,1.0
buchwald-hartwig,bh_reaction_1,14,10,20,best,True,1,1.0
buchwald-hartwig,bh_reaction_1,14,10,40,best,True,1,1.0
buchwald-hartwig,bh_reaction_1,15,5,20,best,True,1,1.0
buchwald-hartwig,bh_reaction_1,15,5,40,best,True,1,1.0
buchwald-hartwig,bh_reaction_1,15,10,20,best,True,1,1.0
buchwald-hartwig,bh_reaction_1,15,10,40,best,True,1,1.0
buchwald-hartwig,bh_reaction_1,16,5,20,best,False,1,0.978759456965779
buchwald-hartwig,bh_reaction_1,16,5,40,best,False,1,0.998870473522047
buchwald-hartwig,bh_reaction_1,16,10,20,best,True,1,1.0
buchwald-hartwig,bh_reaction_1,16,10,40,best,True,1,1.0
buchwald-hartwig,bh_reaction_1,17,5,20,best,True,1,1.0
buchwald-hartwig,bh_reaction_1,17,5,40,best,True,1,1.0
buchwald-hartwig,bh_reaction_1,17,10,20,best,True,1,1.0
buchwald-hartwig,bh_reaction_1,17,10,40,best,True,1,1.0
buchwald-hartwig,bh_reaction_1,18,5,20,best,False,0,0.9828686259350106
buchwald-hartwig,bh_reaction_1,18,5,40,best,False,1,0.9990925973089588
buchwald-hartwig,bh_reaction_1,18,10,20,best,False,0,0.9433308383338262
buchwald-hartwig,bh_reaction_1,18,10,40,best,False,1,0.9968795083802156
buchwald-hartwig,bh_reaction_1,19,5,20,best,True,1,1.0
buchwald-hartwig,bh_reaction_1,19,5,40,best,True,1,1.0
buchwald-hartwig,bh_reaction_1,19,10,20,best,True,1,1.0
buchwald-hartwig,bh_reaction_1,19,10,40,best,True,1,1.0
buchwald-hartwig,bh_reaction_1,20,5,20,best,True,1,1.0
buchwald-hartwig,bh_reaction_1,20,5,40,best,True,1,1.0
buchwald-hartwig,bh_reaction_1,20,10,20,best,True,1,1.0
buchwald-hartwig,bh_reaction_1,20,10,40,best,True,1,1.0
buchwald-hartwig,bh_reaction_1,21,5,20,best,True,1,1.0
buchwald-hartwig,bh_reaction_1,21,5,40,best,True,1,1.0
buchwald-hartwig,bh_reaction_1,21,10,20,best,True,1,1.0
buchwald-hartwig,bh_reaction_1,21,10,40,best,True,1,1.0
buchwald-hartwig,bh_reaction_1,22,5,20,best,False,1,0.9711063705611181
buchwald-hartwig,bh_reaction_1,22,5,40,best,False,1,0.9984520386975313
buchwald-hartwig,bh_reaction_1,22,10,20,best,True,1,1.0
buchwald-hartwig,bh_reaction_1,22,10,40,best,True,1,1.0
buchwald-hartwig,bh_reaction_1,23,5,20,best,False,1,0.9609683250081343
buchwald-hartwig,bh_reaction_1,23,5,40,best,False,1,0.9978880310666689
buchwald-hartwig,bh_reaction_1,23,10,20,best,True,1,1.0
buchwald-hartwig,bh_reaction_1,23,10,40,best,True,1,1.0
buchwald-hartwig,bh_reaction_1,24,5,20,best,False,1,0.9665731827468863
buchwald-hartwig,bh_reaction_1,24,5,40,best,False,1,0.9982012285682812
buchwald-hartwig,bh_reaction_1,24,10,20,best,True,1,1.0
buchwald-hartwig,bh_reaction_1,24,10,40,best,True,1,1.0
buchwald-hartwig,bh_reaction_1,25,5,20,best,True,1,1.0
buchwald-hartwig,bh_reaction_1,25,5,40,best,True,1,1.0
buchwald-hartwig,bh_reaction_1,25,10,20,best,True,1,1.0
buchwald-hartwig,bh_reaction_1,25,10,40,best,True,1,1.0
buchwald-hartwig,bh_reaction_1,26,5,20,best,False,1,0.9830775749615028
buchwald-hartwig,bh_reaction_1,26,5,40,best,False,1,0.9991038451988912
buchwald-hartwig,bh_reaction_1,26,10,20,best,True,1,1.0
buchwald-hartwig,bh_reaction_1,26,10,40,best,True,1,1.0
buchwald-hartwig,bh_reaction_1,27,5,20,best,False,1,0.9649662051757925
buchwald-hartwig,bh_reaction_1,27,5,40,best,False,1,0.9981117832016626
buchwald-hartwig,bh_reaction_1,27,10,20,best,False,1,0.9225640865065583
buchwald-hartwig,bh_reaction_1,27,10,40,best,False,1,0.9956454009896266
buchwald-hartwig,bh_reaction_1,28,5,20,best,False,1,0.9646616695756656
buchwald-hartwig,bh_reaction_1,28,5,40,best,False,1,0.9980948007841207
buchwald-hartwig,bh_reaction_1,28,10,20,best,True,1,1.0
buchwald-hartwig,bh_reaction_1,28,10,40,best,True,1,1.0
buchwald-hartwig,bh_reaction_1,29,5,20,best,True,1,1.0
buchwald-hartwig,bh_reaction_1,29,5,40,best,True,1,1.0
buchwald-hartwig,bh_reaction_1,29,10,20,best,True,1,1.0
buchwald-hartwig,bh_reaction_1,29,10,40,best,True,1,1.0
buchwald-hartwig,bh_reaction_1,30,5,20,best,False,1,0.9073853225482529
buchwald-hartwig,bh_reaction_1,30,5,40,best,False,1,0.9947096791955019
buchwald-hartwig,bh_reaction_1,30,10,20,best,False,1,0.940775191996283
buchwald-hartwig,bh_reaction_1,30,10,40,best,False,1,0.9967304114028218
buchwald-hartwig,bh_reaction_1,31,5,20,best,True,1,1.0
buchwald-hartwig,bh_reaction_1,31,5,40,best,True,1,1.0
buchwald-hartwig,bh_reaction_1,31,10,20,best,True,1,1.0
buchwald-hartwig,bh_reaction_1,31,10,40,best,True,1,1.0
buchwald-hartwig,bh_reaction_1,32,5,20,best,False,1,0.9780330594700412
buchwald-hartwig,bh_reaction_1,32,5,40,best,False,1,0.9988310238291591
buchwald-hartwig,bh_reaction_1,32,10,20,best,True,1,1.0
buchwald-hartwig,bh_reaction_1,32,10,40,best,True,1,1.0
buchwald-hartwig,bh_reaction_1,33,5,20,best,False,1,0.9639222259336414
buchwald-hartwig,bh_reaction_1,33,5,40,best,False,1,0.9980535234839204
buchwald-hartwig,bh_reaction_1,33,10,20,best,True,1,1.0
buchwald-hartwig,bh_reaction_1,33,10,40,best,True,1,1.0
buchwald-hartwig,bh_reaction_1,34,5,20,best,True,1,1.0
buchwald-hartwig,bh_reaction_1,34,5,40,best,True,1,1.0
buchwald-hartwig,bh_reaction_1,34,10,20,best,True,1,1.0
buchwald-hartwig,bh_reaction_1,34,10,40,best,True,1,1.0
buchwald-hartwig,bh_reaction_1,35,5,20,best,False,1,0.9835896478585021
buchwald-hartwig,bh_reaction_1,35,5,40,best,False,1,0.9991313913472311
buchwald-hartwig,bh_reaction_1,35,10,20,best,True,1,1.0
buchwald-hartwig,bh_reaction_1,35,10,40,best,True,1,1.0
buchwald-hartwig,bh_reaction_1,36,5,20,best,False,1,0.9231541950775422
buchwald-hartwig,bh_reaction_1,36,5,40,best,False,1,0.9956811928046639
buchwald-hartwig,bh_reaction_1,36,10,20,best,False,1,0.8974834864529873
buchwald-hartwig,bh_reaction_1,36,10,40,best,False,1,0.994083189133461
buchwald-hartwig,bh_reaction_1,37,5,20,best,True,1,1.0
buchwald-hartwig,bh_reaction_1,37,5,40,best,True,1,1.0
buchwald-hartwig,bh_reaction_1,37,10,20,best,True,1,1.0
buchwald-hartwig,bh_reaction_1,37,10,40,best,True,1,1.0
buchwald-hartwig,bh_reaction_1,38,5,20,best,False,0,0.9387106731300826
buchwald-hartwig,bh_reaction_1,38,5,40,best,False,1,0.9966094069002095
buchwald-hartwig,bh_reaction_1,38,10,20,best,False,0,0.933485223139632
buchwald-hartwig,bh_reaction_1,38,10,40,best,False,1,0.9963008767696577
buchwald-hartwig,bh_reaction_1,39,5,20,best,False,1,0.9777711585078644
buchwald-hartwig,bh_reaction_1,39,5,40,best,False,1,0.9988167867208788
buchwald-hartwig,bh_reaction_1,39,10,20,best,True,1,1.0
buchwald-hartwig,bh_reaction_1,39,10,40,best,True,1,1.0
buchwald-hartwig,bh_reaction_1,40,5,20,best,False,1,0.9820560596540702
buchwald-hartwig,bh_reaction_1,40,5,40,best,False,1,0.999048813142145
buchwald-hartwig,bh_reaction_1,40,10,20,best,True,1,1.0
buchwald-hartwig,bh_reaction_1,40,10,40,best,True,1,1.0
buchwald-hartwig,bh_reaction_1,41,5,20,best,True,1,1.0
buchwald-hartwig,bh_reaction_1,41,5,40,best,True,1,1.0
buchwald-hartwig,bh_reaction_1,41,10,20,best,True,1,1.0
buchwald-hartwig,bh_reaction_1,41,10,40,best,True,1,1.0
buchwald-hartwig,bh_reaction_1,42,5,20,best,True,1,1.0
buchwald-hartwig,bh_reaction_1,42,5,40,best,True,1,1.0
buchwald-hartwig,bh_reaction_1,42,10,20,best,True,1,1.0
buchwald-hartwig,bh_reaction_1,42,10,40,best,True,1,1.0
buchwald-hartwig,bh_reaction_1,43,5,20,best,False,1,0.9733877322083739
buchwald-hartwig,bh_reaction_1,43,5,40,best,False,1,0.9985774243984503
buchwald-hartwig,bh_reaction_1,43,10,20,best,True,1,1.0
buchwald-hartwig,bh_reaction_1,43,10,40,best,True,1,1.0
buchwald-hartwig,bh_reaction_1,44,5,20,best,True,1,1.0
buchwald-hartwig,bh_reaction_1,44,5,40,best,True,1,1.0
buchwald-hartwig,bh_reaction_1,44,10,20,best,True,1,1.0
buchwald-hartwig,bh_reaction_1,44,10,40,best,True,1,1.0
buchwald-hartwig,bh_reaction_1,45,5,20,best,False,1,0.9756311558118669
buchwald-hartwig,bh_reaction_1,45,5,40,best,False,1,0.9987001836480093
buchwald-hartwig,bh_reaction_1,45,10,20,best,True,1,1.0
buchwald-hartwig,bh_reaction_1,45,10,40,best,True,1,1.0
buchwald-hartwig,bh_reaction_1,46,5,20,best,False,1,0.9795211220785114
buchwald-hartwig,bh_reaction_1,46,5,40,best,False,1,0.9989117790514513
buchwald-hartwig,bh_reaction_1,46,10,20,best,True,1,1.0
buchwald-hartwig,bh_reaction_1,46,10,40,best,True,1,1.0
buchwald-hartwig,bh_reaction_1,47,5,20,best,True,1,1.0
buchwald-hartwig,bh_reaction_1,47,5,40,best,True,1,1.0
buchwald-hartwig,bh_reaction_1,47,10,20,best,True,1,1.0
buchwald-hartwig,bh_reaction_1,47,10,40,best,True,1,1.0
buchwald-hartwig,bh_reaction_1,48,5,20,best,False,1,0.9554663283890071
buchwald-hartwig,bh_reaction_1,48,5,40,best,False,1,0.9975772018852986
buchwald-hartwig,bh_reaction_1,48,10,20,best,False,1,0.9407559755378667
buchwald-hartwig,bh_reaction_1,48,10,40,best,False,1,0.9967292874113062
buchwald-hartwig,bh_reaction_1,49,5,20,best,True,1,1.0
buchwald-hartwig,bh_reaction_1,49,5,40,best,True,1,1.0
buchwald-hartwig,bh_reaction_1,49,10,20,best,True,1,1.0
buchwald-hartwig,bh_reaction_1,49,10,40,best,True,1,1.0
buchwald-hartwig,bh_reaction_2,0,5,20,best,True,1,1.0
buchwald-hartwig,bh_reaction_2,0,5,40,best,True,1,1.0
buchwald-hartwig,bh_reaction_2,0,10,20,best,True,1,1.0
buchwald-hartwig,bh_reaction_2,0,10,40,best,True,1,1.0
buchwald-hartwig,bh_reaction_2,1,5,20,best,False,1,0.9785988172244393
buchwald-hartwig,bh_reaction_2,1,5,40,best,False,1,0.9988617541643452
buchwald-hartwig,bh_reaction_2,1,10,20,best,False,1,0.9392613335747777
buchwald-hartwig,bh_reaction_2,1,10,40,best,False,1,0.9966417310661114
buchwald-hartwig,bh_reaction_2,2,5,20,best,True,1,1.0
buchwald-hartwig,bh_reaction_2,2,5,40,best,True,1,1.0
buchwald-hartwig,bh_reaction_2,2,10,20,best,True,1,1.0
buchwald-hartwig,bh_reaction_2,2,10,40,best,True,1,1.0
buchwald-hartwig,bh_reaction_2,3,5,20,best,False,1,0.9707774012040346
buchwald-hartwig,bh_reaction_2,3,5,40,best,False,1,0.9984339122327007
buchwald-hartwig,bh_reaction_2,3,10,20,best,True,1,1.0
buchwald-hartwig,bh_reaction_2,3,10,40,best,True,1,1.0
buchwald-hartwig,bh_reaction_2,4,5,20,best,True,1,1.0
buchwald-hartwig,bh_reaction_2,4,5,40,best,True,1,1.0
buchwald-hartwig,bh_reaction_2,4,10,20,best,True,1,1.0
buchwald-hartwig,bh_reaction_2,4,10,40,best,True,1,1.0
buchwald-hartwig,bh_reaction_2,5,5,20,best,False,1,0.9729792354576483
buchwald-hartwig,bh_reaction_2,5,5,40,best,False,1,0.9985550139523314
buchwald-hartwig,bh_reaction_2,5,10,20,best,False,1,0.912646064376376
buchwald-hartwig,bh_reaction_2,5,10,40,best,False,1,0.9950373110798443
buchwald-hartwig,bh_reaction_2,6,5,20,best,False,1,0.9783881572221079
buchwald-hartwig,bh_reaction_2,6,5,40,best,False,1,0.998850315650488
buchwald-hartwig,bh_reaction_2,6,10,20,best,False,1,0.9438262870969105
buchwald-hartwig,bh_reaction_2,6,10,40,best,False,1,0.9969083246747685
buchwald-hartwig,bh_reaction_2,7,5,20,best,False,1,0.9824471014756022
buchwald-hartwig,bh_reaction_2,7,5,40,best,False,1,0.9990698925267301
buchwald-hartwig,bh_reaction_2,7,10,20,best,False,1,0.9419938849097688
buchwald-hartwig,bh_reaction_2,7,10,40,best,False,1,0.9968016055643681
buchwald-hartwig,bh_reaction_2,8,5,20,best,False,1,0.9577693829304971
buchwald-hartwig,bh_reaction_2,8,5,40,best,False,1,0.9977077213642408
buchwald-hartwig,bh_reaction_2,8,10,20,best,True,1,1.0
buchwald-hartwig,bh_reaction_2,8,10,40,best,True,1,1.0
buchwald-hartwig,bh_reaction_2,9,5,20,best,True,1,1.0
buchwald-hartwig,bh_reaction_2,9,5,40,best,True,1,1.0
buchwald-hartwig,bh_reaction_2,9,10,20,best,True,1,1.0
buchwald-hartwig,bh_reaction_2,9,10,40,best,True,1,1.0
buchwald-hartwig,bh_reaction_2,10,5,20,best,True,1,1.0
buchwald-hartwig,bh_reaction_2,10,5,40,best,True,1,1.0
buchwald-hartwig,bh_reaction_2,10,10,20,best,True,1,1.0
buchwald-hartwig,bh_reaction_2,10,10,40,best,True,1,1.0
buchwald-hartwig,bh_reaction_2,11,5,20,best,False,1,0.9729792354576483
buchwald-hartwig,bh_reaction_2,11,5,40,best,False,1,0.9985550139523314
buchwald-hartwig,bh_reaction_2,11,10,20,best,False,1,0.9442442430750942
buchwald-hartwig,bh_reaction_2,11,10,40,best,False,1,0.996932611611878
buchwald-hartwig,bh_reaction_2,12,5,20,best,False,1,0.8838390024940155
buchwald-hartwig,bh_reaction_2,12,5,40,best,False,1,0.9931982492738094
buchwald-hartwig,bh_reaction_2,12,10,20,best,True,1,1.0
buchwald-hartwig,bh_reaction_2,12,10,40,best,True,1,1.0
buchwald-hartwig,bh_reaction_2,13,5,20,best,False,1,0.975996026256835
buchwald-hartwig,bh_reaction_2,13,5,40,best,False,1,0.9987200987021692
buchwald-hartwig,bh_reaction_2,13,10,20,best,True,1,1.0
buchwald-hartwig,bh_reaction_2,13,10,40,best,True,1,1.0
buchwald-hartwig,bh_reaction_2,14,5,20,best,True,1,1.0
buchwald-hartwig,bh_reaction_2,14,5,40,best,True,1,1.0
buchwald-hartwig,bh_reaction_2,14,10,20,best,True,1,1.0
buchwald-hartwig,bh_reaction_2,14,10,40,best,True,1,1.0
buchwald-hartwig,bh_reaction_2,15,5,20,best,True,1,1.0
buchwald-hartwig,bh_reaction_2,15,5,40,best,True,1,1.0
buchwald-hartwig,bh_reaction_2,15,10,20,best,True,1,1.0
buchwald-hartwig,bh_reaction_2,15,10,40,best,True,1,1.0
buchwald-hartwig,bh_reaction_2,16,5,20,best,False,1,0.9726976165657575
buchwald-hartwig,bh_reaction_2,16,5,40,best,False,1,0.998539553748094
buchwald-hartwig,bh_reaction_2,16,10,20,best,False,1,0.9246939507580044
buchwald-hartwig,bh_reaction_2,16,10,40,best,False,1,0.9957743804630941
buchwald-hartwig,bh_reaction_2,17,5,20,best,True,1,1.0
buchwald-hartwig,bh_reaction_2,17,5,40,best,True,1,1.0
buchwald-hartwig,bh_reaction_2,17,10,20,best,True,1,1.0
buchwald-hartwig,bh_reaction_2,17,10,40,best,True,1,1.0
buchwald-hartwig,bh_reaction_2,18,5,20,best,False,1,0.9816124571525771
buchwald-hartwig,bh_reaction_2,18,5,40,best,False,1,0.9990248811829103
buchwald-hartwig,bh_reaction_2,18,10,20,best,True,1,1.0
buchwald-hartwig,bh_reaction_2,18,10,40,best,True,1,1.0
buchwald-hartwig,bh_reaction_2,19,5,20,best,False,1,0.9709042442809297
buchwald-hartwig,bh_reaction_2,19,5,40,best,False,1,0.9984409027609457
buchwald-hartwig,bh_reaction_2,19,10,20,best,False,1,0.9063837221780205
buchwald-hartwig,bh_reaction_2,19,10,40,best,False,1,0.994646894542276
buchwald-hartwig,bh_reaction_2,20,5,20,best,True,1,1.0
buchwald-hartwig,bh_reaction_2,20,5,40,best,True,1,1.0
buchwald-hartwig,bh_reaction_2,20,10,20,best,True,1,1.0
buchwald-hartwig,bh_reaction_2,20,10,40,best,True,1,1.0
buchwald-hartwig,bh_reaction_2,21,5,20,best,False,1,0.9800043351569435
buchwald-hartwig,bh_reaction_2,21,5,40,best,False,1,0.9989379524502032
buchwald-hartwig,bh_reaction_2,21,10,20,best,True,1,1.0
buchwald-hartwig,bh_reaction_2,21,10,40,best,True,1,1.0
buchwald-hartwig,bh_reaction_2,22,5,20,best,False,1,0.9670122854219702
buchwald-hartwig,bh_reaction_2,22,5,40,best,False,1,0.9982256203630874
buchwald-hartwig,bh_reaction_2,22,10,20,best,True,1,1.0
buchwald-hartwig,bh_reaction_2,22,10,40,best,True,1,1.0
buchwald-hartwig,bh_reaction_2,23,5,20,best,True,1,1.0
buchwald-hartwig,bh_reaction_2,23,5,40,best,True,1,1.0
buchwald-hartwig,bh_reaction_2,23,10,20,best,True,1,1.0
buchwald-hartwig,bh_reaction_2,23,10,40,best,True,1,1.0
buchwald-hartwig,bh_reaction_2,24,5,20,best,True,1,1.0
buchwald-hartwig,bh_reaction_2,24,5,40,best,True,1,1.0
buchwald-hartwig,bh_reaction_2,24,10,20,best,True,1,1.0
buchwald-hartwig,bh_reaction_2,24,10,40,best,True,1,1.0
buchwald-hartwig,bh_reaction_2,25,5,20,best,False,1,0.9717451294193556
buchwald-hartwig,bh_reaction_2,25,5,40,best,False,1,0.9984872016284008
buchwald-hartwig,bh_reaction_2,25,10,20,best,True,1,1.0
buchwald-hartwig,bh_reaction_2,25,10,40,best,True,1,1.0
buchwald-hartwig,bh_reaction_2,26,5,20,best,False,1,0.9789845875321648
buchwald-hartwig,bh_reaction_2,26,5,40,best,False,1,0.9988826888152625
buchwald-hartwig,bh_reaction_2,26,10,20,best,True,1,1.0
buchwald-hartwig,bh_reaction_2,26,10,40,best,True,1,1.0
buchwald-hartwig,bh_reaction_2,27,5,20,best,True,1,1.0
buchwald-hartwig,bh_reaction_2,27,5,40,best,True,1,1.0
buchwald-hartwig,bh_reaction_2,27,10,20,best,True,1,1.0
buchwald-hartwig,bh_reaction_2,27,10,40,best,True,1,1.0
buchwald-hartwig,bh_reaction_2,28,5,20,best,True,1,1.0
buchwald-hartwig,bh_reaction_2,28,5,40,best,True,1,1.0
buchwald-hartwig,bh_reaction_2,28,10,20,best,True,1,1.0
buchwald-hartwig,bh_reaction_2,28,10,40,best,True,1,1.0
buchwald-hartwig,bh_reaction_2,29,5,20,best,False,1,0.9678429273228482
buchwald-hartwig,bh_reaction_2,29,5,40,best,False,1,0.9982717045609036
buchwald-hartwig,bh_reaction_2,29,10,20,best,False,1,0.9052418882589642
buchwald-hartwig,bh_reaction_2,29,10,40,best,False,1,0.9945751596689377
buchwald-hartwig,bh_reaction_2,30,5,20,best,False,1,0.9806176826121281
buchwald-hartwig,bh_reaction_2,30,5,40,best,False,1,0.9989711394430405
buchwald-hartwig,bh_reaction_2,30,10,20,best,True,1,1.0
buchwald-hartwig,bh_reaction_2,30,10,40,best,True,1,1.0
buchwald-hartwig,bh_reaction_2,31,5,20,best,False,1,0.9494400555505318
buchwald-hartwig,bh_reaction_2,31,5,40,best,False,1,0.9972328467690588
buchwald-hartwig,bh_reaction_2,31,10,20,best,True,1,1.0
buchwald-hartwig,bh_reaction_2,31,10,40,best,True,1,1.0
buchwald-hartwig,bh_reaction_2,32,5,20,best,True,1,1.0
buchwald-hartwig,bh_reaction_2,32,5,40,best,True,1,1.0
buchwald-hartwig,bh_reaction_2,32,10,20,best,True,1,1.0
buchwald-hartwig,bh_reaction_2,32,10,40,best,True,1,1.0
buchwald-hartwig,bh_reaction_2,33,5,20,best,False,1,0.970460414356225
buchwald-hartwig,bh_reaction_2,33,5,40,best,False,1,0.9984164350107614
buchwald-hartwig,bh_reaction_2,33,10,20,best,True,1,1.0
buchwald-hartwig,bh_reaction_2,33,10,40,best,True,1,1.0
buchwald-hartwig,bh_reaction_2,34,5,20,best,True,1,1.0
buchwald-hartwig,bh_reaction_2,34,5,40,best,True,1,1.0
buchwald-hartwig,bh_reaction_2,34,10,20,best,True,1,1.0
buchwald-hartwig,bh_reaction_2,34,10,40,best,True,1,1.0
buchwald-hartwig,bh_reaction_2,35,5,20,best,False,1,0.9697549775014468
buchwald-hartwig,bh_reaction_2,35,5,40,best,False,1,0.9983775016041242
buchwald-hartwig,bh_reaction_2,35,10,20,best,False,1,0.9117926403618591
buchwald-hartwig,bh_reaction_2,35,10,40,best,False,1,0.9949844032891881
buchwald-hartwig,bh_reaction_2,36,5,20,best,False,1,0.9731004044360493
buchwald-hartwig,bh_reaction_2,36,5,40,best,False,1,0.9985616632335729
buchwald-hartwig,bh_reaction_2,36,10,20,best,True,1,1.0
buchwald-hartwig,bh_reaction_2,36,10,40,best,True,1,1.0
buchwald-hartwig,bh_reaction_2,37,5,20,best,False,1,0.9772114537638315
buchwald-hartwig,bh_reaction_2,37,5,40,best,False,1,0.9987863365847883
buchwald-hartwig,bh_reaction_2,37,10,20,best,True,1,1.0
buchwald-hartwig,bh_reaction_2,37,10,40,best,True,1,1.0
buchwald-hartwig,bh_reaction_2,38,5,20,best,False,1,0.9806176826121281
buchwald-hartwig,bh_reaction_2,38,5,40,best,False,1,0.9989711394430405
buchwald-hartwig,bh_reaction_2,38,10,20,best,False,1,0.9442442430750942
buchwald-hartwig,bh_reaction_2,38,10,40,best,False,1,0.996932611611878
buchwald-hartwig,bh_reaction_2,39,5,20,best,False,1,0.9782051511049717
buchwald-hartwig,bh_reaction_2,39,5,40,best,False,1,0.998840374913803
buchwald-hartwig,bh_reaction_2,39,10,20,best,False,1,0.9410296181312403
buchwald-hartwig,bh_reaction_2,39,10,40,best,False,1,0.996745288975075
buchwald-hartwig,bh_reaction_2,40,5,20,best,True,1,1.0
buchwald-hartwig,bh_reaction_2,40,5,40,best,True,1,1.0
buchwald-hartwig,bh_reaction_2,40,10,20,best,True,1,1.0
buchwald-hartwig,bh_reaction_2,40,10,40,best,True,1,1.0
buchwald-hartwig,bh_reaction_2,41,5,20,best,False,1,0.9830272774091787
buchwald-hartwig,bh_reaction_2,41,5,40,best,False,1,0.999101138056044
buchwald-hartwig,bh_reaction_2,41,10,20,best,False,1,0.9438347206098617
buchwald-hartwig,bh_reaction_2,41,10,40,best,False,1,0.9969088149373553
buchwald-hartwig,bh_reaction_2,42,5,20,best,True,1,1.0
buchwald-hartwig,bh_reaction_2,42,5,40,best,True,1,1.0
buchwald-hartwig,bh_reaction_2,42,10,20,best,True,1,1.0
buchwald-hartwig,bh_reaction_2,42,10,40,best,True,1,1.0
buchwald-hartwig,bh_reaction_2,43,5,20,best,True,1,1.0
buchwald-hartwig,bh_reaction_2,43,5,40,best,True,1,1.0
buchwald-hartwig,bh_reaction_2,43,10,20,best,True,1,1.0
buchwald-hartwig,bh_reaction_2,43,10,40,best,True,1,1.0
buchwald-hartwig,bh_reaction_2,44,5,20,best,False,1,0.9828922725241086
buchwald-hartwig,bh_reaction_2,44,5,40,best,False,1,0.99909387045066
buchwald-hartwig,bh_reaction_2,44,10,20,best,True,1,1.0
buchwald-hartwig,bh_reaction_2,44,10,40,best,True,1,1.0
buchwald-hartwig,bh_reaction_2,45,5,20,best,False,1,0.9797283516533539
buchwald-hartwig,bh_reaction_2,45,5,40,best,False,1,0.9989230067049331
buchwald-hartwig,bh_reaction_2,45,10,20,best,True,1,1.0
buchwald-hartwig,bh_reaction_2,45,10,40,best,True,1,1.0
buchwald-hartwig,bh_reaction_2,46,5,20,best,True,1,1.0
buchwald-hartwig,bh_reaction_2,46,5,40,best,True,1,1.0
buchwald-hartwig,bh_reaction_2,46,10,20,best,True,1,1.0
buchwald-hartwig,bh_reaction_2,46,10,40,best,True,1,1.0
buchwald-hartwig,bh_reaction_2,47,5,20,best,True,1,1.0
buchwald-hartwig,bh_reaction_2,47,5,40,best,True,1,1.0
buchwald-hartwig,bh_reaction_2,47,10,20,best,True,1,1.0
buchwald-hartwig,bh_reaction_2,47,10,40,best,True,1,1.0
buchwald-hartwig,bh_reaction_2,48,5,20,best,False,1,0.9830246230210101
buchwald-hartwig,bh_reaction_2,48,5,40,best,False,1,0.9991009951827989
buchwald-hartwig,bh_reaction_2,48,10,20,best,True,1,1.0
buchwald-hartwig,bh_reaction_2,48,10,40,best,True,1,1.0
buchwald-hartwig,bh_reaction_2,49,5,20,best,False,1,0.9828922725241086
buchwald-hartwig,bh_reaction_2,49,5,40,best,False,1,0.99909387045066
buchwald-hartwig,bh_reaction_2,49,10,20,best,True,1,1.0
buchwald-hartwig,bh_reaction_2,49,10,40,best,True,1,1.0
buchwald-hartwig,bh_reaction_3,0,5,20,best,False,1,0.9784126694605679
buchwald-hartwig,bh_reaction_3,0,5,40,best,False,1,0.998851646867059
buchwald-hartwig,bh_reaction_3,0,10,20,best,True,1,1.0
buchwald-hartwig,bh_reaction_3,0,10,40,best,True,1,1.0
buchwald-hartwig,bh_reaction_3,1,5,20,best,True,1,1.0
buchwald-hartwig,bh_reaction_3,1,5,40,best,True,1,1.0
buchwald-hartwig,bh_reaction_3,1,10,20,best,True,1,1.0
buchwald-hartwig,bh_reaction_3,1,10,40,best,True,1,1.0
buchwald-hartwig,bh_reaction_3,2,5,20,best,False,1,0.9325566706487283
buchwald-hartwig,bh_reaction_3,2,5,40,best,False,1,0.9962457098987187
buchwald-hartwig,bh_reaction_3,2,10,20,best,False,1,0.800474907505261
buchwald-hartwig,bh_reaction_3,2,10,40,best,False,1,0.9871783762649554
buchwald-hartwig,bh_reaction_3,3,5,20,best,False,1,0.964232390297414
buchwald-hartwig,bh_reaction_3,3,5,40,best,False,1,0.9980708448039313
buchwald-hartwig,bh_reaction_3,3,10,20,best,False,1,0.9116304080413979
buchwald-hartwig,bh_reaction_3,3,10,40,best,False,1,0.994974335172455
buchwald-hartwig,bh_reaction_3,4,5,20,best,False,1,0.9718715654075688
buchwald-hartwig,bh_reaction_3,4,5,40,best,False,1,0.9984941565955819
buchwald-hartwig,bh_reaction_3,4,10,20,best,True,1,1.0
buchwald-hartwig,bh_reaction_3,4,10,40,best,True,1,1.0
buchwald-hartwig,bh_reaction_3,5,5,20,best,False,1,0.9779799701959467
buchwald-hartwig,bh_reaction_3,5,5,40,best,False,1,0.9988281384447585
buchwald-hartwig,bh_reaction_3,5,10,20,best,True,1,1.0
buchwald-hartwig,bh_reaction_3,5,10,40,best,True,1,1.0
buchwald-hartwig,bh_reaction_3,6,5,20,best,False,1,0.965962279105623
buchwald-hartwig,bh_reaction_3,6,5,40,best,False,1,0.9981672584686362
buchwald-hartwig,bh_reaction_3,6,10,20,best,True,1,1.0
buchwald-hartwig,bh_reaction_3,6,10,40,best,True,1,1.0
buchwald-hartwig,bh_reaction_3,7,5,20,best,False,1,0.976043129092885
buchwald-hartwig,bh_reaction_3,7,5,40,best,False,1,0.9987226686025689
buchwald-hartwig,bh_reaction_3,7,10,20,best,True,1,1.0
buchwald-hartwig,bh_reaction_3,7,10,40,best,True,1,1.0
buchwald-hartwig,bh_reaction_3,8,5,20,best,True,1,1.0
buchwald-hartwig,bh_reaction_3,8,5,40,best,True,1,1.0
buchwald-hartwig,bh_reaction_3,8,10,20,best,True,1,1.0
buchwald-hartwig,bh_reaction_3,8,10,40,best,True,1,1.0
buchwald-hartwig,bh_reaction_3,9,5,20,best,True,1,1.0
buchwald-hartwig,bh_reaction_3,9,5,40,best,True,1,1.0
buchwald-hartwig,bh_reaction_3,9,10,20,best,True,1,1.0
buchwald-hartwig,bh_reaction_3,9,10,40,best,True,1,1.0
buchwald-hartwig,bh_reaction_3,10,5,20,best,False,1,0.9634463855066399
buchwald-hartwig,bh_reaction_3,10,5,40,best,False,1,0.9980269293728332
buchwald-hartwig,bh_reaction_3,10,10,20,best,False,1,0.9316838964394082
buchwald-hartwig,bh_reaction_3,10,10,40,best,False,1,0.9961937622421818
buchwald-hartwig,bh_reaction_3,11,5,20,best,True,1,1.0
buchwald-hartwig,bh_reaction_3,11,5,40,best,True,1,1.0
buchwald-hartwig,bh_reaction_3,11,10,20,best,True,1,1.0
buchwald-hartwig,bh_reaction_3,11,10,40,best,True,1,1.0
buchwald-hartwig,bh_reaction_3,12,5,20,best,True,1,1.0
buchwald-hartwig,bh_reaction_3,12,5,40,best,True,1,1.0
buchwald-hartwig,bh_reaction_3,12,10,20,best,True,1,1.0
buchwald-hartwig,bh_reaction_3,12,10,40,best,True,1,1.0
buchwald-hartwig,bh_reaction_3,13,5,20,best,True,1,1.0
buchwald-hartwig,bh_reaction_3,13,5,40,best,True,1,1.0
buchwald-hartwig,bh_reaction_3,13,10,20,best,True,1,1.0
buchwald-hartwig,bh_reaction_3,13,10,40,best,True,1,1.0
buchwald-hartwig,bh_reaction_3,14,5,20,best,False,1,0.8276953822365198
buchwald-hartwig,bh_reaction_3,14,5,40,best,False,1,0.9892690443497087
buchwald-hartwig,bh_reaction_3,14,10,20,best,False,1,0.9423924439842448
buchwald-hartwig,bh_reaction_3,14,10,40,best,False,1,0.9968248510168399
buchwald-hartwig,bh_reaction_3,15,5,20,best,True,1,1.0
buchwald-hartwig,bh_reaction_3,15,5,40,best,True,1,1.0
buchwald-hartwig,bh_reaction_3,15,10,20,best,True,1,1.0
buchwald-hartwig,bh_reaction_3,15,10,40,best,True,1,1.0
buchwald-hartwig,bh_reaction_3,16,5,20,best,False,1,0.9756239429801925
buchwald-hartwig,bh_reaction_3,16,5,40,best,False,1,0.9986997898211148
buchwald-hartwig,bh_reaction_3,16,10,20,best,False,1,0.9338767323878961
buchwald-hartwig,bh_reaction_3,16,10,40,best,False,1,0.9963241059437827
buchwald-hartwig,bh_reaction_3,17,5,20,best,False,1,0.983462569510864
buchwald-hartwig,bh_reaction_3,17,5,40,best,False,1,0.9991245579037225
buchwald-hartwig,bh_reaction_3,17,10,20,best,True,1,1.0
buchwald-hartwig,bh_reaction_3,17,10,40,best,True,1,1.0
buchwald-hartwig,bh_reaction_3,18,5,20,best,False,1,0.9801537381402549
buchwald-hartwig,bh_reaction_3,18,5,40,best,False,1,0.9989460399672908
buchwald-hartwig,bh_reaction_3,18,10,20,best,False,1,0.9376613409813849
buchwald-hartwig,bh_reaction_3,18,10,40,best,False,1,0.9965477110595673
buchwald-hartwig,bh_reaction_3,19,5,20,best,False,1,0.8824736284561769
buchwald-hartwig,bh_reaction_3,19,5,40,best,False,1,0.9931082773751876
buchwald-hartwig,bh_reaction_3,19,10,20,best,False,1,0.9338767323878961
buchwald-hartwig,bh_reaction_3,19,10,40,best,False,1,0.9963241059437827
buchwald-hartwig,bh_reaction_3,20,5,20,best,True,1,1.0
buchwald-hartwig,bh_reaction_3,20,5,40,best,True,1,1.0
buchwald-hartwig,bh_reaction_3,20,10,20,best,True,1,1.0
buchwald-hartwig,bh_reaction_3,20,10,40,best,True,1,1.0
buchwald-hartwig,bh_reaction_3,21,5,20,best,False,1,0.9777121026729098
buchwald-hartwig,bh_reaction_3,21,5,40,best,False,1,0.9988135754091503
buchwald-hartwig,bh_reaction_3,21,10,20,best,True,1,1.0
buchwald-hartwig,bh_reaction_3,21,10,40,best,True,1,1.0
buchwald-hartwig,bh_reaction_3,22,5,20,best,True,1,1.0
buchwald-hartwig,bh_reaction_3,22,5,40,best,True,1,1.0
buchwald-hartwig,bh_reaction_3,22,10,20,best,True,1,1.0
buchwald-hartwig,bh_reaction_3,22,10,40,best,True,1,1.0
buchwald-hartwig,bh_reaction_3,23,5,20,best,True,1,1.0
buchwald-hartwig,bh_reaction_3,23,5,40,best,True,1,1.0
buchwald-hartwig,bh_reaction_3,23,10,20,best,True,1,1.0
buchwald-hartwig,bh_reaction_3,23,10,40,best,True,1,1.0
buchwald-hartwig,bh_reaction_3,24,5,20,best,False,1,0.976043129092885
buchwald-hartwig,bh_reaction_3,24,5,40,best,False,1,0.9987226686025689
buchwald-hartwig,bh_reaction_3,24,10,20,best,False,1,0.9423082761461742
buchwald-hartwig,bh_reaction_3,24,10,40,best,False,1,0.9968199435819967
buchwald-hartwig,bh_reaction_3,25,5,20,best,False,1,0.9748585584748494
buchwald-hartwig,bh_reaction_3,25,5,40,best,False,1,0.9986579678080717
buchwald-hartwig,bh_reaction_3,25,10,20,best,True,1,1.0
buchwald-hartwig,bh_reaction_3,25,10,40,best,True,1,1.0
buchwald-hartwig,bh_reaction_3,26,5,20,best,True,1,1.0
buchwald-hartwig,bh_reaction_3,26,5,40,best,True,1,1.0
buchwald-hartwig,bh_reaction_3,26,10,20,best,True,1,1.0
buchwald-hartwig,bh_reaction_3,26,10,40,best,True,1,1.0
buchwald-hartwig,bh_reaction_3,27,5,20,best,False,1,0.9808495607947635
buchwald-hartwig,bh_reaction_3,27,5,40,best,False,1,0.9989836756656285
buchwald-hartwig,bh_reaction_3,27,10,20,best,True,1,1.0
buchwald-hartwig,bh_reaction_3,27,10,40,best,True,1,1.0
buchwald-hartwig,bh_reaction_3,28,5,20,best,False,1,0.889692526212095
buchwald-hartwig,bh_reaction_3,28,5,40,best,False,1,0.9935810221069479
buchwald-hartwig,bh_reaction_3,28,10,20,best,True,1,1.0
buchwald-hartwig,bh_reaction_3,28,10,40,best,True,1,1.0
buchwald-hartwig,bh_reaction_3,29,5,20,best,True,1,1.0
buchwald-hartwig,bh_reaction_3,29,5,40,best,True,1,1.0
buchwald-hartwig,bh_reaction_3,29,10,20,best,True,1,1.0
buchwald-hartwig,bh_reaction_3,29,10,40,best,True,1,1.0
buchwald-hartwig,bh_reaction_3,30,5,20,best,False,1,0.9567058877602941
buchwald-hartwig,bh_reaction_3,30,5,40,best,False,1,0.9976475244563129
buchwald-hartwig,bh_reaction_3,30,10,20,best,False,1,0.9307984085928157
buchwald-hartwig,bh_reaction_3,30,10,40,best,False,1,0.9961409638621758
buchwald-hartwig,bh_reaction_3,31,5,20,best,False,1,0.983462569510864
buchwald-hartwig,bh_reaction_3,31,5,40,best,False,1,0.9991245579037225
buchwald-hartwig,bh_reaction_3,31,10,20,best,True,1,1.0
buchwald-hartwig,bh_reaction_3,31,10,40,best,True,1,1.0
buchwald-hartwig,bh_reaction_3,32,5,20,best,False,1,0.9625863941074979
buchwald-hartwig,bh_reaction_3,32,5,40,best,False,1,0.9979788024593644
buchwald-hartwig,bh_reaction_3,32,10,20,best,True,1,1.0
buchwald-hartwig,bh_reaction_3,32,10,40,best,True,1,1.0
buchwald-hartwig,bh_reaction_3,33,5,20,best,True,1,1.0
buchwald-hartwig,bh_reaction_3,33,5,40,best,True,1,1.0
buchwald-hartwig,bh_reaction_3,33,10,20,best,True,1,1.0
buchwald-hartwig,bh_reaction_3,33,10,40,best,True,1,1.0
buchwald-hartwig,bh_reaction_3,34,5,20,best,True,1,1.0
buchwald-hartwig,bh_reaction_3,34,5,40,best,True,1,1.0
buchwald-hartwig,bh_reaction_3,34,10,20,best,True,1,1.0
buchwald-hartwig,bh_reaction_3,34,10,40,best,True,1,1.0
buchwald-hartwig,bh_reaction_3,35,5,20,best,False,1,0.9652318732566273
buchwald-hartwig,bh_reaction_3,35,5,40,best,False,1,0.9981265898930318
buchwald-hartwig,bh_reaction_3,35,10,20,best,False,1,0.9171057287130759
buchwald-hartwig,bh_reaction_3,35,10,40,best,False,1,0.9953122756279864
buchwald-hartwig,bh_reaction_3,36,5,20,best,False,1,0.9788842857347844
buchwald-hartwig,bh_reaction_3,36,5,40,best,False,1,0.9988772472266282
buchwald-hartwig,bh_reaction_3,36,10,20,best,False,1,0.9362899304636726
buchwald-hartwig,bh_reaction_3,36,10,40,best,False,1,0.9964668816003018
buchwald-hartwig,bh_reaction_3,37,5,20,best,True,1,1.0
buchwald-hartwig,bh_reaction_3,37,5,40,best,True,1,1.0
buchwald-hartwig,bh_reaction_3,37,10,20,best,True,1,1.0
buchwald-hartwig,bh_reaction_3,37,10,40,best,True,1,1.0
buchwald-hartwig,bh_reaction_3,38,5,20,best,True,1,1.0
buchwald-hartwig,bh_reaction_3,38,5,40,best,True,1,1.0
buchwald-hartwig,bh_reaction_3,38,10,20,best,True,1,1.0
buchwald-hartwig,bh_reaction_3,38,10,40,best,True,1,1.0
buchwald-hartwig,bh_reaction_3,39,5,20,best,False,1,0.9378130860891722
buchwald-hartwig,bh_reaction_3,39,5,40,best,False,1,0.9965566410311881
buchwald-hartwig,bh_reaction_3,39,10,20,best,False,1,0.9307984085928157
buchwald-hartwig,bh_reaction_3,39,10,40,best,False,1,0.9961409638621758
buchwald-hartwig,bh_reaction_3,40,5,20,best,True,1,1.0
buchwald-hartwig,bh_reaction_3,40,5,40,best,True,1,1.0
buchwald-hartwig,bh_reaction_3,40,10,20,best,True,1,1.0
buchwald-hartwig,bh_reaction_3,40,10,40,best,True,1,1.0
buchwald-hartwig,bh_reaction_3,41,5,20,best,False,1,0.9325566706487283
buchwald-hartwig,bh_reaction_3,41,5,40,best,False,1,0.9962457098987187
buchwald-hartwig,bh_reaction_3,41,10,20,best,False,1,0.800474907505261
buchwald-hartwig,bh_reaction_3,41,10,40,best,False,1,0.9871783762649554
buchwald-hartwig,bh_reaction_3,42,5,20,best,False,1,0.9357120777866128
buchwald-hartwig,bh_reaction_3,42,5,40,best,False,1,0.9964327565733682
buchwald-hartwig,bh_reaction_3,42,10,20,best,True,1,1.0
buchwald-hartwig,bh_reaction_3,42,10,40,best,True,1,1.0
buchwald-hartwig,bh_reaction_3,43,5,20,best,True,1,1.0
buchwald-hartwig,bh_reaction_3,43,5,40,best,True,1,1.0
buchwald-hartwig,bh_reaction_3,43,10,20,best,True,1,1.0
buchwald-hartwig,bh_reaction_3,43,10,40,best,True,1,1.0
buchwald-hartwig,bh_reaction_3,44,5,20,best,False,1,0.977602001564101
buchwald-hartwig,bh_reaction_3,44,5,40,best,False,1,0.9988075873995957
buchwald-hartwig,bh_reaction_3,44,10,20,best,True,1,1.0
buchwald-hartwig,bh_reaction_3,44,10,40,best,True,1,1.0
buchwald-hartwig,bh_reaction_3,45,5,20,best,False,1,0.9787511611881375
buchwald-hartwig,bh_reaction_3,45,5,40,best,False,1,0.9988700233022453
buchwald-hartwig,bh_reaction_3,45,10,20,best,False,1,0.9423036261481358
buchwald-hartwig,bh_reaction_3,45,10,40,best,False,1,0.9968196724381102
buchwald-hartwig,bh_reaction_3,46,5,20,best,False,1,0.9712836168065213
buchwald-hartwig,bh_reaction_3,46,5,40,best,False,1,0.9984618002846809
buchwald-hartwig,bh_reaction_3,46,10,20,best,False,1,0.9338767323878961
buchwald-hartwig,bh_reaction_3,46,10,40,best,False,1,0.9963241059437827
buchwald-hartwig,bh_reaction_3,47,5,20,best,True,1,1.0
buchwald-hartwig,bh_reaction_3,47,5,40,best,True,1,1.0
buchwald-hartwig,bh_reaction_3,47,10,20,best,True,1,1.0
buchwald-hartwig,bh_reaction_3,47,10,40,best,True,1,1.0
buchwald-hartwig,bh_reaction_3,48,5,20,best,True,1,1.0
buchwald-hartwig,bh_reaction_3,48,5,40,best,True,1,1.0
buchwald-hartwig,bh_reaction_3,48,10,20,best,True,1,1.0
buchwald-hartwig,bh_reaction_3,48,10,40,best,True,1,1.0
buchwald-hartwig,bh_reaction_3,49,5,20,best,True,1,1.0
buchwald-hartwig,bh_reaction_3,49,5,40,best,True,1,1.0
buchwald-hartwig,bh_reaction_3,49,10,20,best,True,1,1.0
buchwald-hartwig,bh_reaction_3,49,10,40,best,True,1,1.0
buchwald-hartwig,bh_reaction_4,0,5,20,best,False,1,0.9836229609280839
buchwald-hartwig,bh_reaction_4,0,5,40,best,False,1,0.9991331824298832
buchwald-hartwig,bh_reaction_4,0,10,20,best,True,1,1.0
buchwald-hartwig,bh_reaction_4,0,10,40,best,True,1,1.0
buchwald-hartwig,bh_reaction_4,1,5,20,best,True,1,1.0
buchwald-hartwig,bh_reaction_4,1,5,40,best,True,1,1.0
buchwald-hartwig,bh_reaction_4,1,10,20,best,True,1,1.0
buchwald-hartwig,bh_reaction_4,1,10,40,best,True,1,1.0
buchwald-hartwig,bh_reaction_4,2,5,20,best,False,1,0.9836229609280839
buchwald-hartwig,bh_reaction_4,2,5,40,best,False,1,0.9991331824298832
buchwald-hartwig,bh_reaction_4,2,10,20,best,True,1,1.0
buchwald-hartwig,bh_reaction_4,2,10,40,best,True,1,1.0
buchwald-hartwig,bh_reaction_4,3,5,20,best,True,1,1.0
buchwald-hartwig,bh_reaction_4,3,5,40,best,True,1,1.0
buchwald-hartwig,bh_reaction_4,3,10,20,best,True,1,1.0
buchwald-hartwig,bh_reaction_4,3,10,40,best,True,1,1.0
buchwald-hartwig,bh_reaction_4,4,5,20,best,False,1,0.9834695422447687
buchwald-hartwig,bh_reaction_4,4,5,40,best,False,1,0.9991249328951749
buchwald-hartwig,bh_reaction_4,4,10,20,best,True,1,1.0
buchwald-hartwig,bh_reaction_4,4,10,40,best,True,1,1.0
buchwald-hartwig,bh_reaction_4,5,5,20,best,False,1,0.9772407276165431
buchwald-hartwig,bh_reaction_4,5,5,40,best,False,1,0.9987879300157452
buchwald-hartwig,bh_reaction_4,5,10,20,best,True,1,1.0
buchwald-hartwig,bh_reaction_4,5,10,40,best,True,1,1.0
buchwald-hartwig,bh_reaction_4,6,5,20,best,False,1,0.943894440790871
buchwald-hartwig,bh_reaction_4,6,5,40,best,False,1,0.9969122863937796
buchwald-hartwig,bh_reaction_4,6,10,20,best,True,1,1.0
buchwald-hartwig,bh_reaction_4,6,10,40,best,True,1,1.0
buchwald-hartwig,bh_reaction_4,7,5,20,best,False,1,0.9826113619890908
buchwald-hartwig,bh_reaction_4,7,5,40,best,False,1,0.9990787423664406
buchwald-hartwig,bh_reaction_4,7,10,20,best,False,1,0.9425145571202287
buchwald-hartwig,bh_reaction_4,7,10,40,best,False,1,0.9968319693929815
buchwald-hartwig,bh_reaction_4,8,5,20,best,True,1,1.0
buchwald-hartwig,bh_reaction_4,8,5,40,best,True,1,1.0
buchwald-hartwig,bh_reaction_4,8,10,20,best,True,1,1.0
buchwald-hartwig,bh_reaction_4,8,10,40,best,True,1,1.0
buchwald-hartwig,bh_reaction_4,9,5,20,best,False,1,0.9834695422447687
buchwald-hartwig,bh_reaction_4,9,5,40,best,False,1,0.9991249328951749
buchwald-hartwig,bh_reaction_4,9,10,20,best,False,1,0.9452413530186372
buchwald-hartwig,bh_reaction_4,9,10,40,best,False,1,0.9969904705414195
buchwald-hartwig,bh_reaction_4,10,5,20,best,True,1,1.0
buchwald-hartwig,bh_reaction_4,10,5,40,best,True,1,1.0
buchwald-hartwig,bh_reaction_4,10,10,20,best,True,1,1.0
buchwald-hartwig,bh_reaction_4,10,10,40,best,True,1,1.0
buchwald-hartwig,bh_reaction_4,11,5,20,best,False,1,0.9811123877716909
buchwald-hartwig,bh_reaction_4,11,5,40,best,False,1,0.9989978783138999
buchwald-hartwig,bh_reaction_4,11,10,20,best,True,1,1.0
buchwald-hartwig,bh_reaction_4,11,10,40,best,True,1,1.0
buchwald-hartwig,bh_reaction_4,12,5,20,best,True,1,1.0
buchwald-hartwig,bh_reaction_4,12,5,40,best,True,1,1.0
buchwald-hartwig,bh_reaction_4,12,10,20,best,True,1,1.0
buchwald-hartwig,bh_reaction_4,12,10,40,best,True,1,1.0
buchwald-hartwig,bh_reaction_4,13,5,20,best,False,1,0.9712959434730661
buchwald-hartwig,bh_reaction_4,13,5,40,best,False,1,0.9984624790330652
buchwald-hartwig,bh_reaction_4,13,10,20,best,True,1,1.0
buchwald-hartwig,bh_reaction_4,13,10,40,best,True,1,1.0
buchwald-hartwig,bh_reaction_4,14,5,20,best,False,1,0.9570546116167041
buchwald-hartwig,bh_reaction_4,14,5,40,best,False,1,0.9976672771780092
buchwald-hartwig,bh_reaction_4,14,10,20,best,True,1,1.0
buchwald-hartwig,bh_reaction_4,14,10,40,best,True,1,1.0
buchwald-hartwig,bh_reaction_4,15,5,20,best,True,1,1.0
buchwald-hartwig,bh_reaction_4,15,5,40,best,True,1,1.0
buchwald-hartwig,bh_reaction_4,15,10,20,best,True,1,1.0
buchwald-hartwig,bh_reaction_4,15,10,40,best,True,1,1.0
buchwald-hartwig,bh_reaction_4,16,5,20,best,False,1,0.9348245495381695
buchwald-hartwig,bh_reaction_4,16,5,40,best,False,1,0.9963802660926553
buchwald-hartwig,bh_reaction_4,16,10,20,best,True,1,1.0
buchwald-hartwig,bh_reaction_4,16,10,40,best,True,1,1.0
buchwald-hartwig,bh_reaction_4,17,5,20,best,False,1,0.9830411825183847
buchwald-hartwig,bh_reaction_4,17,5,40,best,False,1,0.9991018864908077
buchwald-hartwig,bh_reaction_4,17,10,20,best,True,1,1.0
buchwald-hartwig,bh_reaction_4,17,10,40,best,True,1,1.0
buchwald-hartwig,bh_reaction_4,18,5,20,best,False,1,0.9832670755003224
buchwald-hartwig,bh_reaction_4,18,5,40,best,False,1,0.9991140422466129
buchwald-hartwig,bh_reaction_4,18,10,20,best,True,1,1.0
buchwald-hartwig,bh_reaction_4,18,10,40,best,True,1,1.0
buchwald-hartwig,bh_reaction_4,19,5,20,best,False,1,0.9627391530605606
buchwald-hartwig,bh_reaction_4,19,5,40,best,False,1,0.997987357109891
buchwald-hartwig,bh_reaction_4,19,10,20,best,False,1,0.9116022548185712
buchwald-hartwig,bh_reaction_4,19,10,40,best,False,1,0.9949725876429615
buchwald-hartwig,bh_reaction_4,20,5,20,best,False,0,0.9628923647441144
buchwald-hartwig,bh_reaction_4,20,5,40,best,False,1,0.997995934534612
buchwald-hartwig,bh_reaction_4,20,10,20,best,False,0,0.9279066875200799
buchwald-hartwig,bh_reaction_4,20,10,40,best,False,1,0.995967878559958
buchwald-hartwig,bh_reaction_4,21,5,20,best,False,1,0.978667005286598
buchwald-hartwig,bh_reaction_4,21,5,40,best,False,1,0.9988654556723211
buchwald-hartwig,bh_reaction_4,21,10,20,best,True,1,1.0
buchwald-hartwig,bh_reaction_4,21,10,40,best,True,1,1.0
buchwald-hartwig,bh_reaction_4,22,5,20,best,False,1,0.9786988190546139
buchwald-hartwig,bh_reaction_4,22,5,40,best,False,1,0.9988671824778617
buchwald-hartwig,bh_reaction_4,22,10,20,best,True,1,1.0
buchwald-hartwig,bh_reaction_4,22,10,40,best,True,1,1.0
buchwald-hartwig,bh_reaction_4,23,5,20,best,False,1,0.9160907622514659
buchwald-hartwig,bh_reaction_4,23,5,40,best,False,1,0.995249918961689
buchwald-hartwig,bh_reaction_4,23,10,20,best,False,1,0.7865121336793759
buchwald-hartwig,bh_reaction_4,23,10,40,best,False,1,0.9860534805725367
buchwald-hartwig,bh_reaction_4,24,5,20,best,False,1,0.9826113619890908
buchwald-hartwig,bh_reaction_4,24,5,40,best,False,1,0.9990787423664406
buchwald-hartwig,bh_reaction_4,24,10,20,best,True,1,1.0
buchwald-hartwig,bh_reaction_4,24,10,40,best,True,1,1.0
buchwald-hartwig,bh_reaction_4,25,5,20,best,False,1,0.9751993989061344
buchwald-hartwig,bh_reaction_4,25,5,40,best,False,1,0.9986765996295214
buchwald-hartwig,bh_reaction_4,25,10,20,best,True,1,1.0
buchwald-hartwig,bh_reaction_4,25,10,40,best,True,1,1.0
buchwald-hartwig,bh_reaction_4,26,5,20,best,True,1,1.0
buchwald-hartwig,bh_reaction_4,26,5,40,best,True,1,1.0
buchwald-hartwig,bh_reaction_4,26,10,20,best,True,1,1.0
buchwald-hartwig,bh_reaction_4,26,10,40,best,True,1,1.0
buchwald-hartwig,bh_reaction_4,27,5,20,best,True,1,1.0
buchwald-hartwig,bh_reaction_4,27,5,40,best,True,1,1.0
buchwald-hartwig,bh_reaction_4,27,10,20,best,True,1,1.0
buchwald-hartwig,bh_reaction_4,27,10,40,best,True,1,1.0
buchwald-hartwig,bh_reaction_4,28,5,20,best,True,1,1.0
buchwald-hartwig,bh_reaction_4,28,5,40,best,True,1,1.0
buchwald-hartwig,bh_reaction_4,28,10,20,best,True,1,1.0
buchwald-hartwig,bh_reaction_4,28,10,40,best,True,1,1.0
buchwald-hartwig,bh_reaction_4,29,5,20,best,False,1,0.9625580873823472
buchwald-hartwig,bh_reaction_4,29,5,40,best,False,1,0.9979772169730358
buchwald-hartwig,bh_reaction_4,29,10,20,best,False,1,0.9349863258663487
buchwald-hartwig,bh_reaction_4,29,10,40,best,False,1,0.9963898409345209
buchwald-hartwig,bh_reaction_4,30,5,20,best,True,1,1.0
buchwald-hartwig,bh_reaction_4,30,5,40,best,True,1,1.0
buchwald-hartwig,bh_reaction_4,30,10,20,best,True,1,1.0
buchwald-hartwig,bh_reaction_4,30,10,40,best,True,1,1.0
buchwald-hartwig,bh_reaction_4,31,5,20,best,True,1,1.0
buchwald-hartwig,bh_reaction_4,31,5,40,best,True,1,1.0
buchwald-hartwig,bh_reaction_4,31,10,20,best,True,1,1.0
buchwald-hartwig,bh_reaction_4,31,10,40,best,True,1,1.0
buchwald-hartwig,bh_reaction_4,32,5,20,best,False,1,0.9501024173058553
buchwald-hartwig,bh_reaction_4,32,5,40,best,False,1,0.9972708976391229
buchwald-hartwig,bh_reaction_4,32,10,20,best,True,1,1.0
buchwald-hartwig,bh_reaction_4,32,10,40,best,True,1,1.0
buchwald-hartwig,bh_reaction_4,33,5,20,best,False,1,0.9770942269344249
buchwald-hartwig,bh_reaction_4,33,5,40,best,False,1,0.998779954801842
buchwald-hartwig,bh_reaction_4,33,10,20,best,True,1,1.0
buchwald-hartwig,bh_reaction_4,33,10,40,best,True,1,1.0
buchwald-hartwig,bh_reaction_4,34,5,20,best,False,1,0.9688672580247224
buchwald-hartwig,bh_reaction_4,34,5,40,best,False,1,0.9983284316928408
buchwald-hartwig,bh_reaction_4,34,10,20,best,True,1,1.0
buchwald-hartwig,bh_reaction_4,34,10,40,best,True,1,1.0
buchwald-hartwig,bh_reaction_4,35,5,20,best,True,1,1.0
buchwald-hartwig,bh_reaction_4,35,5,40,best,True,1,1.0
buchwald-hartwig,bh_reaction_4,35,10,20,best,True,1,1.0
buchwald-hartwig,bh_reaction_4,35,10,40,best,True,1,1.0
buchwald-hartwig,bh_reaction_4,36,5,20,best,True,1,1.0
buchwald-hartwig,bh_reaction_4,36,5,40,best,True,1,1.0
buchwald-hartwig,bh_reaction_4,36,10,20,best,True,1,1.0
buchwald-hartwig,bh_reaction_4,36,10,40,best,True,1,1.0
buchwald-hartwig,bh_reaction_4,37,5,20,best,False,1,0.9779543340930381
buchwald-hartwig,bh_reaction_4,37,5,40,best,False,1,0.9988267450248939
buchwald-hartwig,bh_reaction_4,37,10,20,best,True,1,1.0
buchwald-hartwig,bh_reaction_4,37,10,40,best,True,1,1.0
buchwald-hartwig,bh_reaction_4,38,5,20,best,True,1,1.0
buchwald-hartwig,bh_reaction_4,38,5,40,best,True,1,1.0
buchwald-hartwig,bh_reaction_4,38,10,20,best,True,1,1.0
buchwald-hartwig,bh_reaction_4,38,10,40,best,True,1,1.0
buchwald-hartwig,bh_reaction_4,39,5,20,best,False,1,0.9714051143717995
buchwald-hartwig,bh_reaction_4,39,5,40,best,False,1,0.9984684896442316
buchwald-hartwig,bh_reaction_4,39,10,20,best,True,1,1.0
buchwald-hartwig,bh_reaction_4,39,10,40,best,True,1,1.0
buchwald-hartwig,bh_reaction_4,40,5,20,best,True,1,1.0
buchwald-hartwig,bh_reaction_4,40,5,40,best,True,1,1.0
buchwald-hartwig,bh_reaction_4,40,10,20,best,True,1,1.0
buchwald-hartwig,bh_reaction_4,40,10,40,best,True,1,1.0
buchwald-hartwig,bh_reaction_4,41,5,20,best,True,1,1.0
buchwald-hartwig,bh_reaction_4,41,5,40,best,True,1,1.0
buchwald-hartwig,bh_reaction_4,41,10,20,best,True,1,1.0
buchwald-hartwig,bh_reaction_4,41,10,40,best,True,1,1.0
buchwald-hartwig,bh_reaction_4,42,5,20,best,False,1,0.9575826730124631
buchwald-hartwig,bh_reaction_4,42,5,40,best,False,1,0.9976971621931818
buchwald-hartwig,bh_reaction_4,42,10,20,best,False,1,0.9349863258663487
buchwald-hartwig,bh_reaction_4,42,10,40,best,False,1,0.9963898409345209
buchwald-hartwig,bh_reaction_4,43,5,20,best,True,1,1.0
buchwald-hartwig,bh_reaction_4,43,5,40,best,True,1,1.0
buchwald-hartwig,bh_reaction_4,43,10,20,best,True,1,1.0
buchwald-hartwig,bh_reaction_4,43,10,40,best,True,1,1.0
buchwald-hartwig,bh_reaction_4,44,5,20,best,True,1,1.0
buchwald-hartwig,bh_reaction_4,44,5,40,best,True,1,1.0
buchwald-hartwig,bh_reaction_4,44,10,20,best,True,1,1.0
buchwald-hartwig,bh_reaction_4,44,10,40,best,True,1,1.0
buchwald-hartwig,bh_reaction_4,45,5,20,best,True,1,1.0
buchwald-hartwig,bh_reaction_4,45,5,40,best,True,1,1.0
buchwald-hartwig,bh_reaction_4,45,10,20,best,True,1,1.0
buchwald-hartwig,bh_reaction_4,45,10,40,best,True,1,1.0
buchwald-hartwig,bh_reaction_4,46,5,20,best,True,1,1.0
buchwald-hartwig,bh_reaction_4,46,5,40,best,True,1,1.0
buchwald-hartwig,bh_reaction_4,46,10,20,best,True,1,1.0
buchwald-hartwig,bh_reaction_4,46,10,40,best,True,1,1.0
buchwald-hartwig,bh_reaction_4,47,5,20,best,False,1,0.9501974587060773
buchwald-hartwig,bh_reaction_4,47,5,40,best,False,1,0.9972763533933967
buchwald-hartwig,bh_reaction_4,47,10,20,best,True,1,1.0
buchwald-hartwig,bh_reaction_4,47,10,40,best,True,1,1.0
buchwald-hartwig,bh_reaction_4,48,5,20,best,True,1,1.0
buchwald-hartwig,bh_reaction_4,48,5,40,best,True,1,1.0
buchwald-hartwig,bh_reaction_4,48,10,20,best,True,1,1.0
buchwald-hartwig,bh_reaction_4,48,10,40,best,True,1,1.0
buchwald-hartwig,bh_reaction_4,49,5,20,best,False,1,0.9833048004200164
buchwald-hartwig,bh_reaction_4,49,5,40,best,False,1,0.9991160717850063
buchwald-hartwig,bh_reaction_4,49,10,20,best,True,1,1.0
buchwald-hartwig,bh_reaction_4,49,10,40,best,True,1,1.0
buchwald-hartwig,bh_reaction_5,0,5,20,best,True,1,1.0
buchwald-hartwig,bh_reaction_5,0,5,40,best,True,1,1.0
buchwald-hartwig,bh_reaction_5,0,10,20,best,True,1,1.0
buchwald-hartwig,bh_reaction_5,0,10,40,best,True,1,1.0
buchwald-hartwig,bh_reaction_5,1,5,20,best,False,1,0.9684255255938179
buchwald-hartwig,bh_reaction_5,1,5,40,best,False,1,0.9983039826074689
buchwald-hartwig,bh_reaction_5,1,10,20,best,True,1,1.0
buchwald-hartwig,bh_reaction_5,1,10,40,best,True,1,1.0
buchwald-hartwig,bh_reaction_5,2,5,20,best,True,1,1.0
buchwald-hartwig,bh_reaction_5,2,5,40,best,True,1,1.0
buchwald-hartwig,bh_reaction_5,2,10,20,best,True,1,1.0
buchwald-hartwig,bh_reaction_5,2,10,40,best,True,1,1.0
buchwald-hartwig,bh_reaction_5,3,5,20,best,True,1,1.0
buchwald-hartwig,bh_reaction_5,3,5,40,best,True,1,1.0
buchwald-hartwig,bh_reaction_5,3,10,20,best,True,1,1.0
buchwald-hartwig,bh_reaction_5,3,10,40,best,True,1,1.0
buchwald-hartwig,bh_reaction_5,4,5,20,best,True,1,1.0
buchwald-hartwig,bh_reaction_5,4,5,40,best,True,1,1.0
buchwald-hartwig,bh_reaction_5,4,10,20,best,True,1,1.0
buchwald-hartwig,bh_reaction_5,4,10,40,best,True,1,1.0
buchwald-hartwig,bh_reaction_5,5,5,20,best,True,1,1.0
buchwald-hartwig,bh_reaction_5,5,5,40,best,True,1,1.0
buchwald-hartwig,bh_reaction_5,5,10,20,best,True,1,1.0
buchwald-hartwig,bh_reaction_5,5,10,40,best,True,1,1.0
buchwald-hartwig,bh_reaction_5,6,5,20,best,False,1,0.970987718724752
buchwald-hartwig,bh_reaction_5,6,5,40,best,False,1,0.9984455022302282
buchwald-hartwig,bh_reaction_5,6,10,20,best,False,1,0.9165769946590294
buchwald-hartwig,bh_reaction_5,6,10,40,best,False,1,0.9952798079616921
buchwald-hartwig,bh_reaction_5,7,5,20,best,False,1,0.9807634132508192
buchwald-hartwig,bh_reaction_5,7,5,40,best,False,1,0.9989790188547973
buchwald-hartwig,bh_reaction_5,7,10,20,best,True,1,1.0
buchwald-hartwig,bh_reaction_5,7,10,40,best,True,1,1.0
buchwald-hartwig,bh_reaction_5,8,5,20,best,False,1,0.9684255255938179
buchwald-hartwig,bh_reaction_5,8,5,40,best,False,1,0.9983039826074689
buchwald-hartwig,bh_reaction_5,8,10,20,best,False,1,0.9067291479989206
buchwald-hartwig,bh_reaction_5,8,10,40,best,False,1,0.9946685621040143
buchwald-hartwig,bh_reaction_5,9,5,20,best,False,1,0.9431523305520072
buchwald-hartwig,bh_reaction_5,9,5,40,best,False,1,0.9968691189988955
buchwald-hartwig,bh_reaction_5,9,10,20,best,False,1,0.9424840919392283
buchwald-hartwig,bh_reaction_5,9,10,40,best,False,1,0.9968301936406013
buchwald-hartwig,bh_reaction_5,10,5,20,best,True,1,1.0
buchwald-hartwig,bh_reaction_5,10,5,40,best,True,1,1.0
buchwald-hartwig,bh_reaction_5,10,10,20,best,True,1,1.0
buchwald-hartwig,bh_reaction_5,10,10,40,best,True,1,1.0
buchwald-hartwig,bh_reaction_5,11,5,20,best,False,1,0.9641230369156454
buchwald-hartwig,bh_reaction_5,11,5,40,best,False,1,0.9980647391003018
buchwald-hartwig,bh_reaction_5,11,10,20,best,True,1,1.0
buchwald-hartwig,bh_reaction_5,11,10,40,best,True,1,1.0
buchwald-hartwig,bh_reaction_5,12,5,20,best,False,1,0.9051589282150403
buchwald-hartwig,bh_reaction_5,12,5,40,best,False,1,0.9945699411168158
buchwald-hartwig,bh_reaction_5,12,10,20,best,True,1,1.0
buchwald-hartwig,bh_reaction_5,12,10,40,best,True,1,1.0
buchwald-hartwig,bh_reaction_5,13,5,20,best,False,1,0.9757265681143309
buchwald-hartwig,bh_reaction_5,13,5,40,best,False,1,0.9987053927241519
buchwald-hartwig,bh_reaction_5,13,10,20,best,False,1,0.938067883853568
buchwald-hartwig,bh_reaction_5,13,10,40,best,False,1,0.9965716293582091
buchwald-hartwig,bh_reaction_5,14,5,20,best,True,1,1.0
buchwald-hartwig,bh_reaction_5,14,5,40,best,True,1,1.0
buchwald-hartwig,bh_reaction_5,14,10,20,best,True,1,1.0
buchwald-hartwig,bh_reaction_5,14,10,40,best,True,1,1.0
buchwald-hartwig,bh_reaction_5,15,5,20,best,False,1,0.9420799688843501
buchwald-hartwig,bh_reaction_5,15,5,40,best,False,1,0.9968066278764887
buchwald-hartwig,bh_reaction_5,15,10,20,best,True,1,1.0
buchwald-hartwig,bh_reaction_5,15,10,40,best,True,1,1.0
buchwald-hartwig,bh_reaction_5,16,5,20,best,False,1,0.9581978940602838
buchwald-hartwig,bh_reaction_5,16,5,40,best,False,1,0.9977319406175441
buchwald-hartwig,bh_reaction_5,16,10,20,best,False,1,0.9423899338493714
buchwald-hartwig,bh_reaction_5,16,10,40,best,False,1,0.9968247046745425
buchwald-hartwig,bh_reaction_5,17,5,20,best,False,1,0.8802164317310566
buchwald-hartwig,bh_reaction_5,17,5,40,best,False,1,0.9929589622847763
buchwald-hartwig,bh_reaction_5,17,10,20,best,True,1,1.0
buchwald-hartwig,bh_reaction_5,17,10,40,best,True,1,1.0
buchwald-hartwig,bh_reaction_5,18,5,20,best,False,1,0.9825720576406244
buchwald-hartwig,bh_reaction_5,18,5,40,best,False,1,0.9990766250268267
buchwald-hartwig,bh_reaction_5,18,10,20,best,True,1,1.0
buchwald-hartwig,bh_reaction_5,18,10,40,best,True,1,1.0
buchwald-hartwig,bh_reaction_5,19,5,20,best,False,1,0.9783205318578021
buchwald-hartwig,bh_reaction_5,19,5,40,best,False,1,0.9988466427083746
buchwald-hartwig,bh_reaction_5,19,10,20,best,True,1,1.0
buchwald-hartwig,bh_reaction_5,19,10,40,best,True,1,1.0
buchwald-hartwig,bh_reaction_5,20,5,20,best,False,1,0.9333117111453033
buchwald-hartwig,bh_reaction_5,20,5,40,best,False,1,0.996290576004894
buchwald-hartwig,bh_reaction_5,20,10,20,best,True,1,1.0
buchwald-hartwig,bh_reaction_5,20,10,40,best,True,1,1.0
buchwald-hartwig,bh_reaction_5,21,5,20,best,False,1,0.9310519819776504
buchwald-hartwig,bh_reaction_5,21,5,40,best,False,1,0.996156093199231
buchwald-hartwig,bh_reaction_5,21,10,20,best,True,1,1.0
buchwald-hartwig,bh_reaction_5,21,10,40,best,True,1,1.0
buchwald-hartwig,bh_reaction_5,22,5,20,best,True,1,1.0
buchwald-hartwig,bh_reaction_5,22,5,40,best,True,1,1.0
buchwald-hartwig,bh_reaction_5,22,10,20,best,True,1,1.0
buchwald-hartwig,bh_reaction_5,22,10,40,best,True,1,1.0
buchwald-hartwig,bh_reaction_5,23,5,20,best,False,1,0.9814213103216538
buchwald-hartwig,bh_reaction_5,23,5,40,best,False,1,0.9990145626660847
buchwald-hartwig,bh_reaction_5,23,10,20,best,True,1,1.0
buchwald-hartwig,bh_reaction_5,23,10,40,best,True,1,1.0
buchwald-hartwig,bh_reaction_5,24,5,20,best,False,1,0.9784109427238213
buchwald-hartwig,bh_reaction_5,24,5,40,best,False,1,0.9988515530930901
buchwald-hartwig,bh_reaction_5,24,10,20,best,True,1,1.0
buchwald-hartwig,bh_reaction_5,24,10,40,best,True,1,1.0
buchwald-hartwig,bh_reaction_5,25,5,20,best,False,1,0.9469420424725038
buchwald-hartwig,bh_reaction_5,25,5,40,best,False,1,0.9970888900941458
buchwald-hartwig,bh_reaction_5,25,10,20,best,True,1,1.0
buchwald-hartwig,bh_reaction_5,25,10,40,best,True,1,1.0
buchwald-hartwig,bh_reaction_5,26,5,20,best,False,1,0.958402111788687
buchwald-hartwig,bh_reaction_5,26,5,40,best,False,1,0.9977434757035022
buchwald-hartwig,bh_reaction_5,26,10,20,best,True,1,1.0
buchwald-hartwig,bh_reaction_5,26,10,40,best,True,1,1.0
buchwald-hartwig,bh_reaction_5,27,5,20,best,True,1,1.0
buchwald-hartwig,bh_reaction_5,27,5,40,best,True,1,1.0
buchwald-hartwig,bh_reaction_5,27,10,20,best,True,1,1.0
buchwald-hartwig,bh_reaction_5,27,10,40,best,True,1,1.0
buchwald-hartwig,bh_reaction_5,28,5,20,best,True,1,1.0
buchwald-hartwig,bh_reaction_5,28,5,40,best,True,1,1.0
buchwald-hartwig,bh_reaction_5,28,10,20,best,True,1,1.0
buchwald-hartwig,bh_reaction_5,28,10,40,best,True,1,1.0
buchwald-hartwig,bh_reaction_5,29,5,20,best,False,1,0.9163383197367138
buchwald-hartwig,bh_reaction_5,29,5,40,best,False,1,0.9952651402092659
buchwald-hartwig,bh_reaction_5,29,10,20,best,True,1,1.0
buchwald-hartwig,bh_reaction_5,29,10,40,best,True,1,1.0
buchwald-hartwig,bh_reaction_5,30,5,20,best,True,1,1.0
buchwald-hartwig,bh_reaction_5,30,5,40,best,True,1,1.0
buchwald-hartwig,bh_reaction_5,30,10,20,best,True,1,1.0
buchwald-hartwig,bh_reaction_5,30,10,40,best,True,1,1.0
buchwald-hartwig,bh_reaction_5,31,5,20,best,False,1,0.965395355519078
buchwald-hartwig,bh_reaction_5,31,5,40,best,False,1,0.9981356975484084
buchwald-hartwig,bh_reaction_5,31,10,20,best,False,1,0.8900422511192176
buchwald-hartwig,bh_reaction_5,31,10,40,best,False,1,0.9936037411533923
buchwald-hartwig,bh_reaction_5,32,5,20,best,True,1,1.0
buchwald-hartwig,bh_reaction_5,32,5,40,best,True,1,1.0
buchwald-hartwig,bh_reaction_5,32,10,20,best,True,1,1.0
buchwald-hartwig,bh_reaction_5,32,10,40,best,True,1,1.0
buchwald-hartwig,bh_reaction_5,33,5,20,best,False,1,0.9831709924028645
buchwald-hartwig,bh_reaction_5,33,5,40,best,False,1,0.999108872468353
buchwald-hartwig,bh_reaction_5,33,10,20,best,True,1,1.0
buchwald-hartwig,bh_reaction_5,33,10,40,best,True,1,1.0
buchwald-hartwig,bh_reaction_5,34,5,20,best,False,1,0.9820444241602899
buchwald-hartwig,bh_reaction_5,34,5,40,best,False,1,0.9990481856791124
buchwald-hartwig,bh_reaction_5,34,10,20,best,True,1,1.0
buchwald-hartwig,bh_reaction_5,34,10,40,best,True,1,1.0
buchwald-hartwig,bh_reaction_5,35,5,20,best,True,1,1.0
buchwald-hartwig,bh_reaction_5,35,5,40,best,True,1,1.0
buchwald-hartwig,bh_reaction_5,35,10,20,best,True,1,1.0
buchwald-hartwig,bh_reaction_5,35,10,40,best,True,1,1.0
buchwald-hartwig,bh_reaction_5,36,5,20,best,True,1,1.0
buchwald-hartwig,bh_reaction_5,36,5,40,best,True,1,1.0
buchwald-hartwig,bh_reaction_5,36,10,20,best,True,1,1.0
buchwald-hartwig,bh_reaction_5,36,10,40,best,True,1,1.0
buchwald-hartwig,bh_reaction_5,37,5,20,best,True,1,1.0
buchwald-hartwig,bh_reaction_5,37,5,40,best,True,1,1.0
buchwald-hartwig,bh_reaction_5,37,10,20,best,True,1,1.0
buchwald-hartwig,bh_reaction_5,37,10,40,best,True,1,1.0
buchwald-hartwig,bh_reaction_5,38,5,20,best,True,1,1.0
buchwald-hartwig,bh_reaction_5,38,5,40,best,True,1,1.0
buchwald-hartwig,bh_reaction_5,38,10,20,best,True,1,1.0
buchwald-hartwig,bh_reaction_5,38,10,40,best,True,1,1.0
buchwald-hartwig,bh_reaction_5,39,5,20,best,False,1,0.9498489759115445
buchwald-hartwig,bh_reaction_5,39,5,40,best,False,1,0.9972563440497682
buchwald-hartwig,bh_reaction_5,39,10,20,best,True,1,1.0
buchwald-hartwig,bh_reaction_5,39,10,40,best,True,1,1.0
buchwald-hartwig,bh_reaction_5,40,5,20,best,False,1,0.9732886934692457
buchwald-hartwig,bh_reaction_5,40,5,40,best,False,1,0.9985719926921832
buchwald-hartwig,bh_reaction_5,40,10,20,best,True,1,1.0
buchwald-hartwig,bh_reaction_5,40,10,40,best,True,1,1.0
buchwald-hartwig,bh_reaction_5,41,5,20,best,True,1,1.0
buchwald-hartwig,bh_reaction_5,41,5,40,best,True,1,1.0
buchwald-hartwig,bh_reaction_5,41,10,20,best,True,1,1.0
buchwald-hartwig,bh_reaction_5,41,10,40,best,True,1,1.0
buchwald-hartwig,bh_reaction_5,42,5,20,best,False,1,0.9776258462857225
buchwald-hartwig,bh_reaction_5,42,5,40,best,False,1,0.9988088843379239
buchwald-hartwig,bh_reaction_5,42,10,20,best,True,1,1.0
buchwald-hartwig,bh_reaction_5,42,10,40,best,True,1,1.0
buchwald-hartwig,bh_reaction_5,43,5,20,best,False,1,0.9792988224311444
buchwald-hartwig,bh_reaction_5,43,5,40,best,False,1,0.9988997299028086
buchwald-hartwig,bh_reaction_5,43,10,20,best,True,1,1.0
buchwald-hartwig,bh_reaction_5,43,10,40,best,True,1,1.0
buchwald-hartwig,bh_reaction_5,44,5,20,best,True,1,1.0
buchwald-hartwig,bh_reaction_5,44,5,40,best,True,1,1.0
buchwald-hartwig,bh_reaction_5,44,10,20,best,True,1,1.0
buchwald-hartwig,bh_reaction_5,44,10,40,best,True,1,1.0
buchwald-hartwig,bh_reaction_5,45,5,20,best,False,1,0.9516744274087692
buchwald-hartwig,bh_reaction_5,45,5,40,best,False,1,0.997361004868445
buchwald-hartwig,bh_reaction_5,45,10,20,best,True,1,1.0
buchwald-hartwig,bh_reaction_5,45,10,40,best,True,1,1.0
buchwald-hartwig,bh_reaction_5,46,5,20,best,False,1,0.9783205318578021
buchwald-hartwig,bh_reaction_5,46,5,40,best,False,1,0.9988466427083746
buchwald-hartwig,bh_reaction_5,46,10,20,best,True,1,1.0
buchwald-hartwig,bh_reaction_5,46,10,40,best,True,1,1.0
buchwald-hartwig,bh_reaction_5,47,5,20,best,False,1,0.9797683422986672
buchwald-hartwig,bh_reaction_5,47,5,40,best,False,1,0.9989251728717701
buchwald-hartwig,bh_reaction_5,47,10,20,best,True,1,1.0
buchwald-hartwig,bh_reaction_5,47,10,40,best,True,1,1.0
buchwald-hartwig,bh_reaction_5,48,5,20,best,False,1,0.9771835302326585
buchwald-hartwig,bh_reaction_5,48,5,40,best,False,1,0.9987848165701492
buchwald-hartwig,bh_reaction_5,48,10,20,best,False,1,0.9335590420392669
buchwald-hartwig,bh_reaction_5,48,10,40,best,False,1,0.9963052580279848
buchwald-hartwig,bh_reaction_5,49,5,20,best,False,1,0.9820444241602899
buchwald-hartwig,bh_reaction_5,49,5,40,best,False,1,0.9990481856791124
buchwald-hartwig,bh_reaction_5,49,10,20,best,True,1,1.0
buchwald-hartwig,bh_reaction_5,49,10,40,best,True,1,1.0
buchwald-hartwig,bh_reaction_1,0,5,20,pilot_summary,True,1,1.0
buchwald-hartwig,bh_reaction_1,0,5,40,pilot_summary,True,1,1.0
buchwald-hartwig,bh_reaction_1,0,10,20,pilot_summary,True,1,1.0
buchwald-hartwig,bh_reaction_1,0,10,40,pilot_summary,True,1,1.0
buchwald-hartwig,bh_reaction_1,1,5,20,pilot_summary,False,1,0.9581401293475929
buchwald-hartwig,bh_reaction_1,1,5,40,pilot_summary,False,1,0.9977305844825451
buchwald-hartwig,bh_reaction_1,1,10,20,pilot_summary,True,1,1.0
buchwald-hartwig,bh_reaction_1,1,10,40,pilot_summary,True,1,1.0
buchwald-hartwig,bh_reaction_1,2,5,20,pilot_summary,False,1,0.9718171568350823
buchwald-hartwig,bh_reaction_1,2,5,40,pilot_summary,False,1,0.9984924320291877
buchwald-hartwig,bh_reaction_1,2,10,20,pilot_summary,True,1,1.0
buchwald-hartwig,bh_reaction_1,2,10,40,pilot_summary,True,1,1.0
buchwald-hartwig,bh_reaction_1,3,5,20,pilot_summary,False,1,0.9829406951671917
buchwald-hartwig,bh_reaction_1,3,5,40,pilot_summary,False,1,0.9990972372007806
buchwald-hartwig,bh_reaction_1,3,10,20,pilot_summary,True,1,1.0
buchwald-hartwig,bh_reaction_1,3,10,40,pilot_summary,True,1,1.0
buchwald-hartwig,bh_reaction_1,4,5,20,pilot_summary,False,1,0.9725448554132222
buchwald-hartwig,bh_reaction_1,4,5,40,pilot_summary,False,1,0.998532398531672
buchwald-hartwig,bh_reaction_1,4,10,20,pilot_summary,True,1,1.0
buchwald-hartwig,bh_reaction_1,4,10,40,pilot_summary,True,1,1.0
buchwald-hartwig,bh_reaction_1,5,5,20,pilot_summary,True,1,1.0
buchwald-hartwig,bh_reaction_1,5,5,40,pilot_summary,True,1,1.0
buchwald-hartwig,bh_reaction_1,5,10,20,pilot_summary,True,1,1.0
buchwald-hartwig,bh_reaction_1,5,10,40,pilot_summary,True,1,1.0
buchwald-hartwig,bh_reaction_1,6,5,20,pilot_summary,True,1,1.0
buchwald-hartwig,bh_reaction_1,6,5,40,pilot_summary,True,1,1.0
buchwald-hartwig,bh_reaction_1,6,10,20,pilot_summary,True,1,1.0
buchwald-hartwig,bh_reaction_1,6,10,40,pilot_summary,True,1,1.0
buchwald-hartwig,bh_reaction_1,7,5,20,pilot_summary,True,1,1.0
buchwald-hartwig,bh_reaction_1,7,5,40,pilot_summary,True,1,1.0
buchwald-hartwig,bh_reaction_1,7,10,20,pilot_summary,True,1,1.0
buchwald-hartwig,bh_reaction_1,7,10,40,pilot_summary,True,1,1.0
buchwald-hartwig,bh_reaction_1,8,5,20,pilot_summary,True,1,1.0
buchwald-hartwig,bh_reaction_1,8,5,40,pilot_summary,True,1,1.0
buchwald-hartwig,bh_reaction_1,8,10,20,pilot_summary,True,1,1.0
buchwald-hartwig,bh_reaction_1,8,10,40,pilot_summary,True,1,1.0
buchwald-hartwig,bh_reaction_1,9,5,20,pilot_summary,False,1,0.963380093387958
buchwald-hartwig,bh_reaction_1,9,5,40,pilot_summary,False,1,0.9980248830485323
buchwald-hartwig,bh_reaction_1,9,10,20,pilot_summary,True,1,1.0
buchwald-hartwig,bh_reaction_1,9,10,40,pilot_summary,True,1,1.0
buchwald-hartwig,bh_reaction_1,10,5,20,pilot_summary,False,1,0.9394813864357291
buchwald-hartwig,bh_reaction_1,10,5,40,pilot_summary,False,1,0.9966574448010672
buchwald-hartwig,bh_reaction_1,10,10,20,pilot_summary,True,1,1.0
buchwald-hartwig,bh_reaction_1,10,10,40,pilot_summary,True,1,1.0
buchwald-hartwig,bh_reaction_1,11,5,20,pilot_summary,True,1,1.0
buchwald-hartwig,bh_reaction_1,11,5,40,pilot_summary,True,1,1.0
buchwald-hartwig,bh_reaction_1,11,10,20,pilot_summary,True,1,1.0
buchwald-hartwig,bh_reaction_1,11,10,40,pilot_summary,True,1,1.0
buchwald-hartwig,bh_reaction_1,12,5,20,pilot_summary,False,1,0.9712916015021079
buchwald-hartwig,bh_reaction_1,12,5,40,pilot_summary,False,1,0.9984635323434965
buchwald-hartwig,bh_reaction_1,12,10,20,pilot_summary,True,1,1.0
buchwald-hartwig,bh_reaction_1,12,10,40,pilot_summary,True,1,1.0
buchwald-hartwig,bh_reaction_1,13,5,20,pilot_summary,True,1,1.0
buchwald-hartwig,bh_reaction_1,13,5,40,pilot_summary,True,1,1.0
buchwald-hartwig,bh_reaction_1,13,10,20,pilot_summary,True,1,1.0
buchwald-hartwig,bh_reaction_1,13,10,40,pilot_summary,True,1,1.0
buchwald-hartwig,bh_reaction_1,14,5,20,pilot_summary,True,1,1.0
buchwald-hartwig,bh_reaction_1,14,5,40,pilot_summary,True,1,1.0
buchwald-hartwig,bh_reaction_1,14,10,20,pilot_summary,True,1,1.0
buchwald-hartwig,bh_reaction_1,14,10,40,pilot_summary,True,1,1.0
buchwald-hartwig,bh_reaction_1,15,5,20,pilot_summary,True,1,1.0
buchwald-hartwig,bh_reaction_1,15,5,40,pilot_summary,True,1,1.0
buchwald-hartwig,bh_reaction_1,15,10,20,pilot_summary,True,1,1.0
buchwald-hartwig,bh_reaction_1,15,10,40,pilot_summary,True,1,1.0
buchwald-hartwig,bh_reaction_1,16,5,20,pilot_summary,False,1,0.9760537478479541
buchwald-hartwig,bh_reaction_1,16,5,40,pilot_summary,False,1,0.9987243212340904
buchwald-hartwig,bh_reaction_1,16,10,20,pilot_summary,True,1,1.0
buchwald-hartwig,bh_reaction_1,16,10,40,pilot_summary,True,1,1.0
buchwald-hartwig,bh_reaction_1,17,5,20,pilot_summary,True,1,1.0
buchwald-hartwig,bh_reaction_1,17,5,40,pilot_summary,True,1,1.0
buchwald-hartwig,bh_reaction_1,17,10,20,pilot_summary,True,1,1.0
buchwald-hartwig,bh_reaction_1,17,10,40,pilot_summary,True,1,1.0
buchwald-hartwig,bh_reaction_1,18,5,20,pilot_summary,False,0,0.9742254561753365
buchwald-hartwig,bh_reaction_1,18,5,40,pilot_summary,False,1,0.9986244841259195
buchwald-hartwig,bh_reaction_1,18,10,20,pilot_summary,False,0,0.9056781752643356
buchwald-hartwig,bh_reaction_1,18,10,40,pilot_summary,False,1,0.9946071078788273
buchwald-hartwig,bh_reaction_1,19,5,20,pilot_summary,True,1,1.0
buchwald-hartwig,bh_reaction_1,19,5,40,pilot_summary,True,1,1.0
buchwald-hartwig,bh_reaction_1,19,10,20,pilot_summary,True,1,1.0
buchwald-hartwig,bh_reaction_1,19,10,40,pilot_summary,True,1,1.0
buchwald-hartwig,bh_reaction_1,20,5,20,pilot_summary,True,1,1.0
buchwald-hartwig,bh_reaction_1,20,5,40,pilot_summary,True,1,1.0
buchwald-hartwig,bh_reaction_1,20,10,20,pilot_summary,True,1,1.0
buchwald-hartwig,bh_reaction_1,20,10,40,pilot_summary,True,1,1.0
buchwald-hartwig,bh_reaction_1,21,5,20,pilot_summary,True,1,1.0
buchwald-hartwig,bh_reaction_1,21,5,40,pilot_summary,True,1,1.0
buchwald-hartwig,bh_reaction_1,21,10,20,pilot_summary,True,1,1.0
buchwald-hartwig,bh_reaction_1,21,10,40,pilot_summary,True,1,1.0
buchwald-hartwig,bh_reaction_1,22,5,20,pilot_summary,False,1,0.9710061226796397
buchwald-hartwig,bh_reaction_1,22,5,40,pilot_summary,False,1,0.998447821780128
buchwald-hartwig,bh_reaction_1,22,10,20,pilot_summary,True,1,1.0
buchwald-hartwig,bh_reaction_1,22,10,40,pilot_summary,True,1,1.0
buchwald-hartwig,bh_reaction_1,23,5,20,pilot_summary,False,1,0.9708853734574541
buchwald-hartwig,bh_reaction_1,23,5,40,pilot_summary,False,1,0.9984411740381608
buchwald-hartwig,bh_reaction_1,23,10,20,pilot_summary,True,1,1.0
buchwald-hartwig,bh_reaction_1,23,10,40,pilot_summary,True,1,1.0
buchwald-hartwig,bh_reaction_1,24,5,20,pilot_summary,False,1,0.9794191971708806
buchwald-hartwig,bh_reaction_1,24,5,40,pilot_summary,False,1,0.9989071747649919
buchwald-hartwig,bh_reaction_1,24,10,20,pilot_summary,True,1,1.0
buchwald-hartwig,bh_reaction_1,24,10,40,pilot_summary,True,1,1.0
buchwald-hartwig,bh_reaction_1,25,5,20,pilot_summary,True,1,1.0
buchwald-hartwig,bh_reaction_1,25,5,40,pilot_summary,True,1,1.0
buchwald-hartwig,bh_reaction_1,25,10,20,pilot_summary,True,1,1.0
buchwald-hartwig,bh_reaction_1,25,10,40,pilot_summary,True,1,1.0
buchwald-hartwig,bh_reaction_1,26,5,20,pilot_summary,False,1,0.9887277299297125
buchwald-hartwig,bh_reaction_1,26,5,40,pilot_summary,False,1,0.9994067894734756
buchwald-hartwig,bh_reaction_1,26,10,20,pilot_summary,True,1,1.0
buchwald-hartwig,bh_reaction_1,26,10,40,pilot_summary,True,1,1.0
buchwald-hartwig,bh_reaction_1,27,5,20,pilot_summary,False,1,0.9681447405459349
buchwald-hartwig,bh_reaction_1,27,5,40,pilot_summary,False,1,0.9982898689097389
buchwald-hartwig,bh_reaction_1,27,10,20,pilot_summary,False,1,0.9323192909294358
buchwald-hartwig,bh_reaction_1,27,10,40,pilot_summary,False,1,0.9962347501599732
buchwald-hartwig,bh_reaction_1,28,5,20,pilot_summary,False,1,0.9661690072599588
buchwald-hartwig,bh_reaction_1,28,5,40,pilot_summary,False,1,0.9981802886160895
buchwald-hartwig,bh_reaction_1,28,10,20,pilot_summary,True,1,1.0
buchwald-hartwig,bh_reaction_1,28,10,40,pilot_summary,True,1,1.0
buchwald-hartwig,bh_reaction_1,29,5,20,pilot_summary,True,1,1.0
buchwald-hartwig,bh_reaction_1,29,5,40,pilot_summary,True,1,1.0
buchwald-hartwig,bh_reaction_1,29,10,20,pilot_summary,True,1,1.0
buchwald-hartwig,bh_reaction_1,29,10,40,pilot_summary,True,1,1.0
buchwald-hartwig,bh_reaction_1,30,5,20,pilot_summary,False,1,0.9031991943903972
buchwald-hartwig,bh_reaction_1,30,5,40,pilot_summary,False,1,0.9944510511193648
buchwald-hartwig,bh_reaction_1,30,10,20,pilot_summary,False,1,0.930338144327508
buchwald-hartwig,bh_reaction_1,30,10,40,pilot_summary,False,1,0.9961167412159748
buchwald-hartwig,bh_reaction_1,31,5,20,pilot_summary,True,1,1.0
buchwald-hartwig,bh_reaction_1,31,5,40,pilot_summary,True,1,1.0
buchwald-hartwig,bh_reaction_1,31,10,20,pilot_summary,True,1,1.0
buchwald-hartwig,bh_reaction_1,31,10,40,pilot_summary,True,1,1.0
buchwald-hartwig,bh_reaction_1,32,5,20,pilot_summary,False,1,0.9815360303679771
buchwald-hartwig,bh_reaction_1,32,5,40,pilot_summary,False,1,0.9990215794115211
buchwald-hartwig,bh_reaction_1,32,10,20,pilot_summary,True,1,1.0
buchwald-hartwig,bh_reaction_1,32,10,40,pilot_summary,True,1,1.0
buchwald-hartwig,bh_reaction_1,33,5,20,pilot_summary,False,1,0.9716751532713679
buchwald-hartwig,bh_reaction_1,33,5,40,pilot_summary,False,1,0.9984846263333067
buchwald-hartwig,bh_reaction_1,33,10,20,pilot_summary,True,1,1.0
buchwald-hartwig,bh_reaction_1,33,10,40,pilot_summary,True,1,1.0
buchwald-hartwig,bh_reaction_1,34,5,20,pilot_summary,True,1,1.0
buchwald-hartwig,bh_reaction_1,34,5,40,pilot_summary,True,1,1.0
buchwald-hartwig,bh_reaction_1,34,10,20,pilot_summary,True,1,1.0
buchwald-hartwig,bh_reaction_1,34,10,40,pilot_summary,True,1,1.0
buchwald-hartwig,bh_reaction_1,35,5,20,pilot_summary,False,1,0.9694809004796923
buchwald-hartwig,bh_reaction_1,35,5,40,pilot_summary,False,1,0.998363736892826
buchwald-hartwig,bh_reaction_1,35,10,20,pilot_summary,True,1,1.0
buchwald-hartwig,bh_reaction_1,35,10,40,pilot_summary,True,1,1.0
buchwald-hartwig,bh_reaction_1,36,5,20,pilot_summary,False,1,0.9196800302753332
buchwald-hartwig,bh_reaction_1,36,5,40,pilot_summary,False,1,0.9954736469037573
buchwald-hartwig,bh_reaction_1,36,10,20,pilot_summary,False,1,0.8956066889420751
buchwald-hartwig,bh_reaction_1,36,10,40,pilot_summary,False,1,0.993968023516858
buchwald-hartwig,bh_reaction_1,37,5,20,pilot_summary,True,1,1.0
buchwald-hartwig,bh_reaction_1,37,5,40,pilot_summary,True,1,1.0
buchwald-hartwig,bh_reaction_1,37,10,20,pilot_summary,True,1,1.0
buchwald-hartwig,bh_reaction_1,37,10,40,pilot_summary,True,1,1.0
buchwald-hartwig,bh_reaction_1,38,5,20,pilot_summary,False,0,0.9271729410066433
buchwald-hartwig,bh_reaction_1,38,5,40,pilot_summary,False,1,0.9959272147963018
buchwald-hartwig,bh_reaction_1,38,10,20,pilot_summary,False,0,0.9112520834249523
buchwald-hartwig,bh_reaction_1,38,10,40,pilot_summary,False,1,0.9949550718538911
buchwald-hartwig,bh_reaction_1,39,5,20,pilot_summary,False,1,0.9764644378631149
buchwald-hartwig,bh_reaction_1,39,5,40,pilot_summary,False,1,0.9987466990061243
buchwald-hartwig,bh_reaction_1,39,10,20,pilot_summary,True,1,1.0
buchwald-hartwig,bh_reaction_1,39,10,40,pilot_summary,True,1,1.0
buchwald-hartwig,bh_reaction_1,40,5,20,pilot_summary,False,1,0.979725048031811
buchwald-hartwig,bh_reaction_1,40,5,40,pilot_summary,False,1,0.9989237334647059
buchwald-hartwig,bh_reaction_1,40,10,20,pilot_summary,True,1,1.0
buchwald-hartwig,bh_reaction_1,40,10,40,pilot_summary,True,1,1.0
buchwald-hartwig,bh_reaction_1,41,5,20,pilot_summary,True,1,1.0
buchwald-hartwig,bh_reaction_1,41,5,40,pilot_summary,True,1,1.0
buchwald-hartwig,bh_reaction_1,41,10,20,pilot_summary,True,1,1.0
buchwald-hartwig,bh_reaction_1,41,10,40,pilot_summary,True,1,1.0
buchwald-hartwig,bh_reaction_1,42,5,20,pilot_summary,True,1,1.0
buchwald-hartwig,bh_reaction_1,42,5,40,pilot_summary,True,1,1.0
buchwald-hartwig,bh_reaction_1,42,10,20,pilot_summary,True,1,1.0
buchwald-hartwig,bh_reaction_1,42,10,40,pilot_summary,True,1,1.0
buchwald-hartwig,bh_reaction_1,43,5,20,pilot_summary,False,1,0.9667964947227294
buchwald-hartwig,bh_reaction_1,43,5,40,pilot_summary,False,1,0.9982151369409897
buchwald-hartwig,bh_reaction_1,43,10,20,pilot_summary,True,1,1.0
buchwald-hartwig,bh_reaction_1,43,10,40,pilot_summary,True,1,1.0
buchwald-hartwig,bh_reaction_1,44,5,20,pilot_summary,True,1,1.0
buchwald-hartwig,bh_reaction_1,44,5,40,pilot_summary,True,1,1.0
buchwald-hartwig,bh_reaction_1,44,10,20,pilot_summary,True,1,1.0
buchwald-hartwig,bh_reaction_1,44,10,40,pilot_summary,True,1,1.0
buchwald-hartwig,bh_reaction_1,45,5,20,pilot_summary,False,1,0.9805593102349821
buchwald-hartwig,bh_reaction_1,45,5,40,pilot_summary,False,1,0.9989688505099574
buchwald-hartwig,bh_reaction_1,45,10,20,pilot_summary,True,1,1.0
buchwald-hartwig,bh_reaction_1,45,10,40,pilot_summary,True,1,1.0
buchwald-hartwig,bh_reaction_1,46,5,20,pilot_summary,False,1,0.9763459895213081
buchwald-hartwig,bh_reaction_1,46,5,40,pilot_summary,False,1,0.998740246794575
buchwald-hartwig,bh_reaction_1,46,10,20,pilot_summary,True,1,1.0
buchwald-hartwig,bh_reaction_1,46,10,40,pilot_summary,True,1,1.0
buchwald-hartwig,bh_reaction_1,47,5,20,pilot_summary,True,1,1.0
buchwald-hartwig,bh_reaction_1,47,5,40,pilot_summary,True,1,1.0
buchwald-hartwig,bh_reaction_1,47,10,20,pilot_summary,True,1,1.0
buchwald-hartwig,bh_reaction_1,47,10,40,pilot_summary,True,1,1.0
buchwald-hartwig,bh_reaction_1,48,5,20,pilot_summary,False,1,0.9596630429219029
buchwald-hartwig,bh_reaction_1,48,5,40,pilot_summary,False,1,0.99781643111761
buchwald-hartwig,bh_reaction_1,48,10,20,pilot_summary,False,1,0.9391509243795374
buchwald-hartwig,bh_reaction_1,48,10,40,pilot_summary,False,1,0.9966380755288311
buchwald-hartwig,bh_reaction_1,49,5,20,pilot_summary,True,1,1.0
buchwald-hartwig,bh_reaction_1,49,5,40,pilot_summary,True,1,1.0
buchwald-hartwig,bh_reaction_1,49,10,20,pilot_summary,True,1,1.0
buchwald-hartwig,bh_reaction_1,49,10,40,pilot_summary,True,1,1.0
buchwald-hartwig,bh_reaction_2,0,5,20,pilot_summary,True,1,1.0
buchwald-hartwig,bh_reaction_2,0,5,40,pilot_summary,True,1,1.0
buchwald-hartwig,bh_reaction_2,0,10,20,pilot_summary,True,1,1.0
buchwald-hartwig,bh_reaction_2,0,10,40,pilot_summary,True,1,1.0
buchwald-hartwig,bh_reaction_2,1,5,20,pilot_summary,False,1,0.9793205396279069
buchwald-hartwig,bh_reaction_2,1,5,40,pilot_summary,False,1,0.998901831377808
buchwald-hartwig,bh_reaction_2,1,10,20,pilot_summary,False,1,0.9327663567225177
buchwald-hartwig,bh_reaction_2,1,10,40,pilot_summary,False,1,0.9962613146041547
buchwald-hartwig,bh_reaction_2,2,5,20,pilot_summary,True,1,1.0
buchwald-hartwig,bh_reaction_2,2,5,40,pilot_summary,True,1,1.0
buchwald-hartwig,bh_reaction_2,2,10,20,pilot_summary,True,1,1.0
buchwald-hartwig,bh_reaction_2,2,10,40,pilot_summary,True,1,1.0
buchwald-hartwig,bh_reaction_2,3,5,20,pilot_summary,False,1,0.9743540944585433
buchwald-hartwig,bh_reaction_2,3,5,40,pilot_summary,False,1,0.9986315202470879
buchwald-hartwig,bh_reaction_2,3,10,20,pilot_summary,True,1,1.0
buchwald-hartwig,bh_reaction_2,3,10,40,pilot_summary,True,1,1.0
buchwald-hartwig,bh_reaction_2,4,5,20,pilot_summary,True,1,1.0
buchwald-hartwig,bh_reaction_2,4,5,40,pilot_summary,True,1,1.0
buchwald-hartwig,bh_reaction_2,4,10,20,pilot_summary,True,1,1.0
buchwald-hartwig,bh_reaction_2,4,10,40,pilot_summary,True,1,1.0
buchwald-hartwig,bh_reaction_2,5,5,20,pilot_summary,False,1,0.9774588831582115
buchwald-hartwig,bh_reaction_2,5,5,40,pilot_summary,False,1,0.998800810820252
buchwald-hartwig,bh_reaction_2,5,10,20,pilot_summary,False,1,0.9277632882223308
buchwald-hartwig,bh_reaction_2,5,10,40,pilot_summary,False,1,0.9959626562987969
buchwald-hartwig,bh_reaction_2,6,5,20,pilot_summary,False,1,0.9787123320717487
buchwald-hartwig,bh_reaction_2,6,5,40,pilot_summary,False,1,0.9988688677458134
buchwald-hartwig,bh_reaction_2,6,10,20,pilot_summary,False,1,0.931494343444557
buchwald-hartwig,bh_reaction_2,6,10,40,pilot_summary,False,1,0.996185668949024
buchwald-hartwig,bh_reaction_2,7,5,20,pilot_summary,False,1,0.9804483001144954
buchwald-hartwig,bh_reaction_2,7,5,40,pilot_summary,False,1,0.9989628512569775
buchwald-hartwig,bh_reaction_2,7,10,20,pilot_summary,False,1,0.9627540225987747
buchwald-hartwig,bh_reaction_2,7,10,40,pilot_summary,False,1,0.9979898796816086
buchwald-hartwig,bh_reaction_2,8,5,20,pilot_summary,False,1,0.9293780386101577
buchwald-hartwig,bh_reaction_2,8,5,40,pilot_summary,False,1,0.9960593806835041
buchwald-hartwig,bh_reaction_2,8,10,20,pilot_summary,True,1,1.0
buchwald-hartwig,bh_reaction_2,8,10,40,pilot_summary,True,1,1.0
buchwald-hartwig,bh_reaction_2,9,5,20,pilot_summary,True,1,1.0
buchwald-hartwig,bh_reaction_2,9,5,40,pilot_summary,True,1,1.0
buchwald-hartwig,bh_reaction_2,9,10,20,pilot_summary,True,1,1.0
buchwald-hartwig,bh_reaction_2,9,10,40,pilot_summary,True,1,1.0
buchwald-hartwig,bh_reaction_2,10,5,20,pilot_summary,True,1,1.0
buchwald-hartwig,bh_reaction_2,10,5,40,pilot_summary,True,1,1.0
buchwald-hartwig,bh_reaction_2,10,10,20,pilot_summary,True,1,1.0
buchwald-hartwig,bh_reaction_2,10,10,40,pilot_summary,True,1,1.0
buchwald-hartwig,bh_reaction_2,11,5,20,pilot_summary,False,1,0.9779432072764022
buchwald-hartwig,bh_reaction_2,11,5,40,pilot_summary,False,1,0.9988271271343853
buchwald-hartwig,bh_reaction_2,11,10,20,pilot_summary,False,1,0.9362579467486265
buchwald-hartwig,bh_reaction_2,11,10,40,pilot_summary,False,1,0.9964679588620752
buchwald-hartwig,bh_reaction_2,12,5,20,pilot_summary,False,1,0.8933517247309238
buchwald-hartwig,bh_reaction_2,12,5,40,pilot_summary,False,1,0.9938230751865947
buchwald-hartwig,bh_reaction_2,12,10,20,pilot_summary,True,1,1.0
buchwald-hartwig,bh_reaction_2,12,10,40,pilot_summary,True,1,1.0
buchwald-hartwig,bh_reaction_2,13,5,20,pilot_summary,False,1,0.9811610603531067
buchwald-hartwig,bh_reaction_2,13,5,40,pilot_summary,False,1,0.9990013481568963
buchwald-hartwig,bh_reaction_2,13,10,20,pilot_summary,True,1,1.0
buchwald-hartwig,bh_reaction_2,13,10,40,pilot_summary,True,1,1.0
buchwald-hartwig,bh_reaction_2,14,5,20,pilot_summary,True,1,1.0
buchwald-hartwig,bh_reaction_2,14,5,40,pilot_summary,True,1,1.0
buchwald-hartwig,bh_reaction_2,14,10,20,pilot_summary,True,1,1.0
buchwald-hartwig,bh_reaction_2,14,10,40,pilot_summary,True,1,1.0
buchwald-hartwig,bh_reaction_2,15,5,20,pilot_summary,True,1,1.0
buchwald-hartwig,bh_reaction_2,15,5,40,pilot_summary,True,1,1.0
buchwald-hartwig,bh_reaction_2,15,10,20,pilot_summary,True,1,1.0
buchwald-hartwig,bh_reaction_2,15,10,40,pilot_summary,True,1,1.0
buchwald-hartwig,bh_reaction_2,16,5,20,pilot_summary,False,1,0.9757480940728489
buchwald-hartwig,bh_reaction_2,16,5,40,pilot_summary,False,1,0.998707655125525
buchwald-hartwig,bh_reaction_2,16,10,20,pilot_summary,False,1,0.9216039478242506
buchwald-hartwig,bh_reaction_2,16,10,40,pilot_summary,False,1,0.9955907714403535
buchwald-hartwig,bh_reaction_2,17,5,20,pilot_summary,True,1,1.0
buchwald-hartwig,bh_reaction_2,17,5,40,pilot_summary,True,1,1.0
buchwald-hartwig,bh_reaction_2,17,10,20,pilot_summary,True,1,1.0
buchwald-hartwig,bh_reaction_2,17,10,40,pilot_summary,True,1,1.0
buchwald-hartwig,bh_reaction_2,18,5,20,pilot_summary,False,1,0.9730492917561784
buchwald-hartwig,bh_reaction_2,18,5,40,pilot_summary,False,1,0.9985600698675342
buchwald-hartwig,bh_reaction_2,18,10,20,pilot_summary,True,1,1.0
buchwald-hartwig,bh_reaction_2,18,10,40,pilot_summary,True,1,1.0
buchwald-hartwig,bh_reaction_2,19,5,20,pilot_summary,False,1,0.9715123001061433
buchwald-hartwig,bh_reaction_2,19,5,40,pilot_summary,False,1,0.9984756719113493
buchwald-hartwig,bh_reaction_2,19,10,20,pilot_summary,False,1,0.9292196638658404
buchwald-hartwig,bh_reaction_2,19,10,40,pilot_summary,False,1,0.9960499079931413
buchwald-hartwig,bh_reaction_2,20,5,20,pilot_summary,True,1,1.0
buchwald-hartwig,bh_reaction_2,20,5,40,pilot_summary,True,1,1.0
buchwald-hartwig,bh_reaction_2,20,10,20,pilot_summary,True,1,1.0
buchwald-hartwig,bh_reaction_2,20,10,40,pilot_summary,True,1,1.0
buchwald-hartwig,bh_reaction_2,21,5,20,pilot_summary,False,1,0.9838279193043404
buchwald-hartwig,bh_reaction_2,21,5,40,pilot_summary,False,1,0.9991449192612967
buchwald-hartwig,bh_reaction_2,21,10,20,pilot_summary,True,1,1.0
buchwald-hartwig,bh_reaction_2,21,10,40,pilot_summary,True,1,1.0
buchwald-hartwig,bh_reaction_2,22,5,20,pilot_summary,False,1,0.9681813079812824
buchwald-hartwig,bh_reaction_2,22,5,40,pilot_summary,False,1,0.9982918930640073
buchwald-hartwig,bh_reaction_2,22,10,20,pilot_summary,True,1,1.0
buchwald-hartwig,bh_reaction_2,22,10,40,pilot_summary,True,1,1.0
buchwald-hartwig,bh_reaction_2,23,5,20,pilot_summary,True,1,1.0
buchwald-hartwig,bh_reaction_2,23,5,40,pilot_summary,True,1,1.0
buchwald-hartwig,bh_reaction_2,23,10,20,pilot_summary,True,1,1.0
buchwald-hartwig,bh_reaction_2,23,10,40,pilot_summary,True,1,1.0
buchwald-hartwig,bh_reaction_2,24,5,20,pilot_summary,True,1,1.0
buchwald-hartwig,bh_reaction_2,24,5,40,pilot_summary,True,1,1.0
buchwald-hartwig,bh_reaction_2,24,10,20,pilot_summary,True,1,1.0
buchwald-hartwig,bh_reaction_2,24,10,40,pilot_summary,True,1,1.0
buchwald-hartwig,bh_reaction_2,25,5,20,pilot_summary,False,1,0.9537787081302329
buchwald-hartwig,bh_reaction_2,25,5,40,pilot_summary,False,1,0.9974832969740105
buchwald-hartwig,bh_reaction_2,25,10,20,pilot_summary,True,1,1.0
buchwald-hartwig,bh_reaction_2,25,10,40,pilot_summary,True,1,1.0
buchwald-hartwig,bh_reaction_2,26,5,20,pilot_summary,False,1,0.9559320992644419
buchwald-hartwig,bh_reaction_2,26,5,40,pilot_summary,False,1,0.997605658439858
buchwald-hartwig,bh_reaction_2,26,10,20,pilot_summary,True,1,1.0
buchwald-hartwig,bh_reaction_2,26,10,40,pilot_summary,True,1,1.0
buchwald-hartwig,bh_reaction_2,27,5,20,pilot_summary,True,1,1.0
buchwald-hartwig,bh_reaction_2,27,5,40,pilot_summary,True,1,1.0
buchwald-hartwig,bh_reaction_2,27,10,20,pilot_summary,True,1,1.0
buchwald-hartwig,bh_reaction_2,27,10,40,pilot_summary,True,1,1.0
buchwald-hartwig,bh_reaction_2,28,5,20,pilot_summary,True,1,1.0
buchwald-hartwig,bh_reaction_2,28,5,40,pilot_summary,True,1,1.0
buchwald-hartwig,bh_reaction_2,28,10,20,pilot_summary,True,1,1.0
buchwald-hartwig,bh_reaction_2,28,10,40,pilot_summary,True,1,1.0
buchwald-hartwig,bh_reaction_2,29,5,20,pilot_summary,False,1,0.9767329335220668
buchwald-hartwig,bh_reaction_2,29,5,40,pilot_summary,False,1,0.9987613192278675
buchwald-hartwig,bh_reaction_2,29,10,20,pilot_summary,False,1,0.8872440381977775
buchwald-hartwig,bh_reaction_2,29,10,40,pilot_summary,False,1,0.9934269904712414
buchwald-hartwig,bh_reaction_2,30,5,20,pilot_summary,False,1,0.9703954245732683
buchwald-hartwig,bh_reaction_2,30,5,40,pilot_summary,False,1,0.9984141842682857
buchwald-hartwig,bh_reaction_2,30,10,20,pilot_summary,True,1,1.0
buchwald-hartwig,bh_reaction_2,30,10,40,pilot_summary,True,1,1.0
buchwald-hartwig,bh_reaction_2,31,5,20,pilot_summary,False,1,0.9369482088128935
buchwald-hartwig,bh_reaction_2,31,5,40,pilot_summary,False,1,0.9965086386980306
buchwald-hartwig,bh_reaction_2,31,10,20,pilot_summary,True,1,1.0
buchwald-hartwig,bh_reaction_2,31,10,40,pilot_summary,True,1,1.0
buchwald-hartwig,bh_reaction_2,32,5,20,pilot_summary,True,1,1.0
buchwald-hartwig,bh_reaction_2,32,5,40,pilot_summary,True,1,1.0
buchwald-hartwig,bh_reaction_2,32,10,20,pilot_summary,True,1,1.0
buchwald-hartwig,bh_reaction_2,32,10,40,pilot_summary,True,1,1.0
buchwald-hartwig,bh_reaction_2,33,5,20,pilot_summary,False,1,0.9784412769483
buchwald-hartwig,bh_reaction_2,33,5,40,pilot_summary,False,1,0.9988541646008492
buchwald-hartwig,bh_reaction_2,33,10,20,pilot_summary,True,1,1.0
buchwald-hartwig,bh_reaction_2,33,10,40,pilot_summary,True,1,1.0
buchwald-hartwig,bh_reaction_2,34,5,20,pilot_summary,True,1,1.0
buchwald-hartwig,bh_reaction_2,34,5,40,pilot_summary,True,1,1.0
buchwald-hartwig,bh_reaction_2,34,10,20,pilot_summary,True,1,1.0
buchwald-hartwig,bh_reaction_2,34,10,40,pilot_summary,True,1,1.0
buchwald-hartwig,bh_reaction_2,35,5,20,pilot_summary,False,1,0.9798745326017412
buchwald-hartwig,bh_reaction_2,35,5,40,pilot_summary,False,1,0.9989318229659747
buchwald-hartwig,bh_reaction_2,35,10,20,pilot_summary,False,1,0.9310060259784935
buchwald-hartwig,bh_reaction_2,35,10,40,pilot_summary,False,1,0.9961565772340749
buchwald-hartwig,bh_reaction_2,36,5,20,pilot_summary,False,1,0.9724376564647086
buchwald-hartwig,bh_reaction_2,36,5,40,pilot_summary,False,1,0.9985265145303535
buchwald-hartwig,bh_reaction_2,36,10,20,pilot_summary,True,1,1.0
buchwald-hartwig,bh_reaction_2,36,10,40,pilot_summary,True,1,1.0
buchwald-hartwig,bh_reaction_2,37,5,20,pilot_summary,False,1,0.9801978259314414
buchwald-hartwig,bh_reaction_2,37,5,40,pilot_summary,False,1,0.9989493103046752
buchwald-hartwig,bh_reaction_2,37,10,20,pilot_summary,True,1,1.0
buchwald-hartwig,bh_reaction_2,37,10,40,pilot_summary,True,1,1.0
buchwald-hartwig,bh_reaction_2,38,5,20,pilot_summary,False,1,0.9871908473904846
buchwald-hartwig,bh_reaction_2,38,5,40,pilot_summary,False,1,0.9993249159019864
buchwald-hartwig,bh_reaction_2,38,10,20,pilot_summary,False,1,0.9414483543635427
buchwald-hartwig,bh_reaction_2,38,10,40,pilot_summary,False,1,0.9967724682616796
buchwald-hartwig,bh_reaction_2,39,5,20,pilot_summary,False,1,0.9623307984834856
buchwald-hartwig,bh_reaction_2,39,5,40,pilot_summary,False,1,0.9979661929833284
buchwald-hartwig,bh_reaction_2,39,10,20,pilot_summary,False,1,0.9201857084605517
buchwald-hartwig,bh_reaction_2,39,10,40,pilot_summary,False,1,0.9955044764296316
buchwald-hartwig,bh_reaction_2,40,5,20,pilot_summary,True,1,1.0
buchwald-hartwig,bh_reaction_2,40,5,40,pilot_summary,True,1,1.0
buchwald-hartwig,bh_reaction_2,40,10,20,pilot_summary,True,1,1.0
buchwald-hartwig,bh_reaction_2,40,10,40,pilot_summary,True,1,1.0
buchwald-hartwig,bh_reaction_2,41,5,20,pilot_summary,False,1,0.9836093875628552
buchwald-hartwig,bh_reaction_2,41,5,40,pilot_summary,False,1,0.9991331822784922
buchwald-hartwig,bh_reaction_2,41,10,20,pilot_summary,False,1,0.9325926368116646
buchwald-hartwig,bh_reaction_2,41,10,40,pilot_summary,False,1,0.9962509951040502
buchwald-hartwig,bh_reaction_2,42,5,20,pilot_summary,True,1,1.0
buchwald-hartwig,bh_reaction_2,42,5,40,pilot_summary,True,1,1.0
buchwald-hartwig,bh_reaction_2,42,10,20,pilot_summary,True,1,1.0
buchwald-hartwig,bh_reaction_2,42,10,40,pilot_summary,True,1,1.0
buchwald-hartwig,bh_reaction_2,43,5,20,pilot_summary,True,1,1.0
buchwald-hartwig,bh_reaction_2,43,5,40,pilot_summary,True,1,1.0
buchwald-hartwig,bh_reaction_2,43,10,20,pilot_summary,True,1,1.0
buchwald-hartwig,bh_reaction_2,43,10,40,pilot_summary,True,1,1.0
buchwald-hartwig,bh_reaction_2,44,5,20,pilot_summary,False,1,0.9713083623012633
buchwald-hartwig,bh_reaction_2,44,5,40,pilot_summary,False,1,0.9984644544575889
buchwald-hartwig,bh_reaction_2,44,10,20,pilot_summary,True,1,1.0
buchwald-hartwig,bh_reaction_2,44,10,40,pilot_summary,True,1,1.0
buchwald-hartwig,bh_reaction_2,45,5,20,pilot_summary,False,1,0.9732605655069893
buchwald-hartwig,bh_reaction_2,45,5,40,pilot_summary,False,1,0.9985716514228443
buchwald-hartwig,bh_reaction_2,45,10,20,pilot_summary,True,1,1.0
buchwald-hartwig,bh_reaction_2,45,10,40,pilot_summary,True,1,1.0
buchwald-hartwig,bh_reaction_2,46,5,20,pilot_summary,True,1,1.0
buchwald-hartwig,bh_reaction_2,46,5,40,pilot_summary,True,1,1.0
buchwald-hartwig,bh_reaction_2,46,10,20,pilot_summary,True,1,1.0
buchwald-hartwig,bh_reaction_2,46,10,40,pilot_summary,True,1,1.0
buchwald-hartwig,bh_reaction_2,47,5,20,pilot_summary,True,1,1.0
buchwald-hartwig,bh_reaction_2,47,5,40,pilot_summary,True,1,1.0
buchwald-hartwig,bh_reaction_2,47,10,20,pilot_summary,True,1,1.0
buchwald-hartwig,bh_reaction_2,47,10,40,pilot_summary,True,1,1.0
buchwald-hartwig,bh_reaction_2,48,5,20,pilot_summary,False,1,0.9907885012829154
buchwald-hartwig,bh_reaction_2,48,5,40,pilot_summary,False,1,0.9995161942162675
buchwald-hartwig,bh_reaction_2,48,10,20,pilot_summary,True,1,1.0
buchwald-hartwig,bh_reaction_2,48,10,40,pilot_summary,True,1,1.0
buchwald-hartwig,bh_reaction_2,49,5,20,pilot_summary,False,1,0.9836174220388886
buchwald-hartwig,bh_reaction_2,49,5,40,pilot_summary,False,1,0.9991336138845364
buchwald-hartwig,bh_reaction_2,49,10,20,pilot_summary,True,1,1.0
buchwald-hartwig,bh_reaction_2,49,10,40,pilot_summary,True,1,1.0
buchwald-hartwig,bh_reaction_3,0,5,20,pilot_summary,False,1,0.9845316347660288
buchwald-hartwig,bh_reaction_3,0,5,40,pilot_summary,False,1,0.9991826811353761
buchwald-hartwig,bh_reaction_3,0,10,20,pilot_summary,True,1,1.0
buchwald-hartwig,bh_reaction_3,0,10,40,pilot_summary,True,1,1.0
buchwald-hartwig,bh_reaction_3,1,5,20,pilot_summary,True,1,1.0
buchwald-hartwig,bh_reaction_3,1,5,40,pilot_summary,True,1,1.0
buchwald-hartwig,bh_reaction_3,1,10,20,pilot_summary,True,1,1.0
buchwald-hartwig,bh_reaction_3,1,10,40,pilot_summary,True,1,1.0
buchwald-hartwig,bh_reaction_3,2,5,20,pilot_summary,False,1,0.9380824045945949
buchwald-hartwig,bh_reaction_3,2,5,40,pilot_summary,False,1,0.9965753584691004
buchwald-hartwig,bh_reaction_3,2,10,20,pilot_summary,False,1,0.8380874874783026
buchwald-hartwig,bh_reaction_3,2,10,40,pilot_summary,False,1,0.9900418993234739
buchwald-hartwig,bh_reaction_3,3,5,20,pilot_summary,False,1,0.972346274381572
buchwald-hartwig,bh_reaction_3,3,5,40,pilot_summary,False,1,0.9985214977251868
buchwald-hartwig,bh_reaction_3,3,10,20,pilot_summary,False,1,0.9188236605432122
buchwald-hartwig,bh_reaction_3,3,10,40,pilot_summary,False,1,0.995421363844706
buchwald-hartwig,bh_reaction_3,4,5,20,pilot_summary,False,1,0.9637201548669814
buchwald-hartwig,bh_reaction_3,4,5,40,pilot_summary,False,1,0.9980438777169408
buchwald-hartwig,bh_reaction_3,4,10,20,pilot_summary,True,1,1.0
buchwald-hartwig,bh_reaction_3,4,10,40,pilot_summary,True,1,1.0
buchwald-hartwig,bh_reaction_3,5,5,20,pilot_summary,False,1,0.9610037324143436
buchwald-hartwig,bh_reaction_3,5,5,40,pilot_summary,False,1,0.9978917927584302
buchwald-hartwig,bh_reaction_3,5,10,20,pilot_summary,True,1,1.0
buchwald-hartwig,bh_reaction_3,5,10,40,pilot_summary,True,1,1.0
buchwald-hartwig,bh_reaction_3,6,5,20,pilot_summary,False,1,0.957815530054576
buchwald-hartwig,bh_reaction_3,6,5,40,pilot_summary,False,1,0.9977122534411019
buchwald-hartwig,bh_reaction_3,6,10,20,pilot_summary,True,1,1.0
buchwald-hartwig,bh_reaction_3,6,10,40,pilot_summary,True,1,1.0
buchwald-hartwig,bh_reaction_3,7,5,20,pilot_summary,False,1,0.9805405313228428
buchwald-hartwig,bh_reaction_3,7,5,40,pilot_summary,False,1,0.998967835742932
buchwald-hartwig,bh_reaction_3,7,10,20,pilot_summary,True,1,1.0
buchwald-hartwig,bh_reaction_3,7,10,40,pilot_summary,True,1,1.0
buchwald-hartwig,bh_reaction_3,8,5,20,pilot_summary,True,1,1.0
buchwald-hartwig,bh_reaction_3,8,5,40,pilot_summary,True,1,1.0
buchwald-hartwig,bh_reaction_3,8,10,20,pilot_summary,True,1,1.0
buchwald-hartwig,bh_reaction_3,8,10,40,pilot_summary,True,1,1.0
buchwald-hartwig,bh_reaction_3,9,5,20,pilot_summary,True,1,1.0
buchwald-hartwig,bh_reaction_3,9,5,40,pilot_summary,True,1,1.0
buchwald-hartwig,bh_reaction_3,9,10,20,pilot_summary,True,1,1.0
buchwald-hartwig,bh_reaction_3,9,10,40,pilot_summary,True,1,1.0
buchwald-hartwig,bh_reaction_3,10,5,20,pilot_summary,False,1,0.9756475261310878
buchwald-hartwig,bh_reaction_3,10,5,40,pilot_summary,False,1,0.9987021693863191
buchwald-hartwig,bh_reaction_3,10,10,20,pilot_summary,False,1,0.9219169701585833
buchwald-hartwig,bh_reaction_3,10,10,40,pilot_summary,False,1,0.9956097840219467
buchwald-hartwig,bh_reaction_3,11,5,20,pilot_summary,True,1,1.0
buchwald-hartwig,bh_reaction_3,11,5,40,pilot_summary,True,1,1.0
buchwald-hartwig,bh_reaction_3,11,10,20,pilot_summary,True,1,1.0
buchwald-hartwig,bh_reaction_3,11,10,40,pilot_summary,True,1,1.0
buchwald-hartwig,bh_reaction_3,12,5,20,pilot_summary,True,1,1.0
buchwald-hartwig,bh_reaction_3,12,5,40,pilot_summary,True,1,1.0
buchwald-hartwig,bh_reaction_3,12,10,20,pilot_summary,True,1,1.0
buchwald-hartwig,bh_reaction_3,12,10,40,pilot_summary,True,1,1.0
buchwald-hartwig,bh_reaction_3,13,5,20,pilot_summary,True,1,1.0
buchwald-hartwig,bh_reaction_3,13,5,40,pilot_summary,True,1,1.0
buchwald-hartwig,bh_reaction_3,13,10,20,pilot_summary,True,1,1.0
buchwald-hartwig,bh_reaction_3,13,10,40,pilot_summary,True,1,1.0
buchwald-hartwig,bh_reaction_3,14,5,20,pilot_summary,False,1,0.7975070883118368
buchwald-hartwig,bh_reaction_3,14,5,40,pilot_summary,False,1,0.9869532085791669
buchwald-hartwig,bh_reaction_3,14,10,20,pilot_summary,False,1,0.953761247253973
buchwald-hartwig,bh_reaction_3,14,10,40,pilot_summary,False,1,0.9974823026648215
buchwald-hartwig,bh_reaction_3,15,5,20,pilot_summary,True,1,1.0
buchwald-hartwig,bh_reaction_3,15,5,40,pilot_summary,True,1,1.0
buchwald-hartwig,bh_reaction_3,15,10,20,pilot_summary,True,1,1.0
buchwald-hartwig,bh_reaction_3,15,10,40,pilot_summary,True,1,1.0
buchwald-hartwig,bh_reaction_3,16,5,20,pilot_summary,False,1,0.9774831383069182
buchwald-hartwig,bh_reaction_3,16,5,40,pilot_summary,False,1,0.9988021293392683
buchwald-hartwig,bh_reaction_3,16,10,20,pilot_summary,False,1,0.9210518522932394
buchwald-hartwig,bh_reaction_3,16,10,40,pilot_summary,False,1,0.995557208129824
buchwald-hartwig,bh_reaction_3,17,5,20,pilot_summary,False,1,0.9731689179298041
buchwald-hartwig,bh_reaction_3,17,5,40,pilot_summary,False,1,0.9985666280918543
buchwald-hartwig,bh_reaction_3,17,10,20,pilot_summary,True,1,1.0
buchwald-hartwig,bh_reaction_3,17,10,40,pilot_summary,True,1,1.0
buchwald-hartwig,bh_reaction_3,18,5,20,pilot_summary,False,1,0.9790605257421933
buchwald-hartwig,bh_reaction_3,18,5,40,pilot_summary,False,1,0.9988877438912711
buchwald-hartwig,bh_reaction_3,18,10,20,pilot_summary,False,1,0.9095103426073553
buchwald-hartwig,bh_reaction_3,18,10,40,pilot_summary,False,1,0.9948467717430357
buchwald-hartwig,bh_reaction_3,19,5,20,pilot_summary,False,1,0.8604336811308942
buchwald-hartwig,bh_reaction_3,19,5,40,pilot_summary,False,1,0.9916258077797603
buchwald-hartwig,bh_reaction_3,19,10,20,pilot_summary,False,1,0.9430359728868225
buchwald-hartwig,bh_reaction_3,19,10,40,pilot_summary,False,1,0.9968649776164901
buchwald-hartwig,bh_reaction_3,20,5,20,pilot_summary,True,1,1.0
buchwald-hartwig,bh_reaction_3,20,5,40,pilot_summary,True,1,1.0
buchwald-hartwig,bh_reaction_3,20,10,20,pilot_summary,True,1,1.0
buchwald-hartwig,bh_reaction_3,20,10,40,pilot_summary,True,1,1.0
buchwald-hartwig,bh_reaction_3,21,5,20,pilot_summary,False,1,0.9737080493679424
buchwald-hartwig,bh_reaction_3,21,5,40,pilot_summary,False,1,0.998596165779419
buchwald-hartwig,bh_reaction_3,21,10,20,pilot_summary,True,1,1.0
buchwald-hartwig,bh_reaction_3,21,10,40,pilot_summary,True,1,1.0
buchwald-hartwig,bh_reaction_3,22,5,20,pilot_summary,True,1,1.0
buchwald-hartwig,bh_reaction_3,22,5,40,pilot_summary,True,1,1.0
buchwald-hartwig,bh_reaction_3,22,10,20,pilot_summary,True,1,1.0
buchwald-hartwig,bh_reaction_3,22,10,40,pilot_summary,True,1,1.0
buchwald-hartwig,bh_reaction_3,23,5,20,pilot_summary,True,1,1.0
buchwald-hartwig,bh_reaction_3,23,5,40,pilot_summary,True,1,1.0
buchwald-hartwig,bh_reaction_3,23,10,20,pilot_summary,True,1,1.0
buchwald-hartwig,bh_reaction_3,23,10,40,pilot_summary,True,1,1.0
buchwald-hartwig,bh_reaction_3,24,5,20,pilot_summary,False,1,0.9678758477921852
buchwald-hartwig,bh_reaction_3,24,5,40,pilot_summary,False,1,0.9982749801717085
buchwald-hartwig,bh_reaction_3,24,10,20,pilot_summary,False,1,0.9094646570810995
buchwald-hartwig,bh_reaction_3,24,10,40,pilot_summary,False,1,0.994843925786955
buchwald-hartwig,bh_reaction_3,25,5,20,pilot_summary,False,1,0.9719601946097529
buchwald-hartwig,bh_reaction_3,25,5,40,pilot_summary,False,1,0.9985002923914179
buchwald-hartwig,bh_reaction_3,25,10,20,pilot_summary,True,1,1.0
buchwald-hartwig,bh_reaction_3,25,10,40,pilot_summary,True,1,1.0
buchwald-hartwig,bh_reaction_3,26,5,20,pilot_summary,True,1,1.0
buchwald-hartwig,bh_reaction_3,26,5,40,pilot_summary,True,1,1.0
buchwald-hartwig,bh_reaction_3,26,10,20,pilot_summary,True,1,1.0
buchwald-hartwig,bh_reaction_3,26,10,40,pilot_summary,True,1,1.0
buchwald-hartwig,bh_reaction_3,27,5,20,pilot_summary,False,1,0.9738985271672348
buchwald-hartwig,bh_reaction_3,27,5,40,pilot_summary,False,1,0.9986065941895267
buchwald-hartwig,bh_reaction_3,27,10,20,pilot_summary,True,1,1.0
buchwald-hartwig,bh_reaction_3,27,10,40,pilot_summary,True,1,1.0
buchwald-hartwig,bh_reaction_3,28,5,20,pilot_summary,False,1,0.8417648272232559
buchwald-hartwig,bh_reaction_3,28,5,40,pilot_summary,False,1,0.9903079775632422
buchwald-hartwig,bh_reaction_3,28,10,20,pilot_summary,True,1,1.0
buchwald-hartwig,bh_reaction_3,28,10,40,pilot_summary,True,1,1.0
buchwald-hartwig,bh_reaction_3,29,5,20,pilot_summary,True,1,1.0
buchwald-hartwig,bh_reaction_3,29,5,40,pilot_summary,True,1,1.0
buchwald-hartwig,bh_reaction_3,29,10,20,pilot_summary,True,1,1.0
buchwald-hartwig,bh_reaction_3,29,10,40,pilot_summary,True,1,1.0
buchwald-hartwig,bh_reaction_3,30,5,20,pilot_summary,False,1,0.9479875918564769
buchwald-hartwig,bh_reaction_3,30,5,40,pilot_summary,False,1,0.99715162351188
buchwald-hartwig,bh_reaction_3,30,10,20,pilot_summary,False,1,0.9117684779127245
buchwald-hartwig,bh_reaction_3,30,10,40,pilot_summary,False,1,0.9949871058630627
buchwald-hartwig,bh_reaction_3,31,5,20,pilot_summary,False,1,0.9733153213574349
buchwald-hartwig,bh_reaction_3,31,5,40,pilot_summary,False,1,0.9985746522397294
buchwald-hartwig,bh_reaction_3,31,10,20,pilot_summary,True,1,1.0
buchwald-hartwig,bh_reaction_3,31,10,40,pilot_summary,True,1,1.0
buchwald-hartwig,bh_reaction_3,32,5,20,pilot_summary,False,1,0.9509896756825554
buchwald-hartwig,bh_reaction_3,32,5,40,pilot_summary,False,1,0.9973240379891525
buchwald-hartwig,bh_reaction_3,32,10,20,pilot_summary,True,1,1.0
buchwald-hartwig,bh_reaction_3,32,10,40,pilot_summary,True,1,1.0
buchwald-hartwig,bh_reaction_3,33,5,20,pilot_summary,True,1,1.0
buchwald-hartwig,bh_reaction_3,33,5,40,pilot_summary,True,1,1.0
buchwald-hartwig,bh_reaction_3,33,10,20,pilot_summary,True,1,1.0
buchwald-hartwig,bh_reaction_3,33,10,40,pilot_summary,True,1,1.0
buchwald-hartwig,bh_reaction_3,34,5,20,pilot_summary,True,1,1.0
buchwald-hartwig,bh_reaction_3,34,5,40,pilot_summary,True,1,1.0
buchwald-hartwig,bh_reaction_3,34,10,20,pilot_summary,True,1,1.0
buchwald-hartwig,bh_reaction_3,34,10,40,pilot_summary,True,1,1.0
buchwald-hartwig,bh_reaction_3,35,5,20,pilot_summary,False,1,0.9593349543816804
buchwald-hartwig,bh_reaction_3,35,5,40,pilot_summary,False,1,0.9977979585541508
buchwald-hartwig,bh_reaction_3,35,10,20,pilot_summary,False,1,0.8766490481566325
buchwald-hartwig,bh_reaction_3,35,10,40,pilot_summary,False,1,0.9927275840348128
buchwald-hartwig,bh_reaction_3,36,5,20,pilot_summary,False,1,0.9642275355407451
buchwald-hartwig,bh_reaction_3,36,5,40,pilot_summary,False,1,0.9980721946962763
buchwald-hartwig,bh_reaction_3,36,10,20,pilot_summary,False,1,0.903252553999427
buchwald-hartwig,bh_reaction_3,36,10,40,pilot_summary,False,1,0.9944544187160601
buchwald-hartwig,bh_reaction_3,37,5,20,pilot_summary,True,1,1.0
buchwald-hartwig,bh_reaction_3,37,5,40,pilot_summary,True,1,1.0
buchwald-hartwig,bh_reaction_3,37,10,20,pilot_summary,True,1,1.0
buchwald-hartwig,bh_reaction_3,37,10,40,pilot_summary,True,1,1.0
buchwald-hartwig,bh_reaction_3,38,5,20,pilot_summary,True,1,1.0
buchwald-hartwig,bh_reaction_3,38,5,40,pilot_summary,True,1,1.0
buchwald-hartwig,bh_reaction_3,38,10,20,pilot_summary,True,1,1.0
buchwald-hartwig,bh_reaction_3,38,10,40,pilot_summary,True,1,1.0
buchwald-hartwig,bh_reaction_3,39,5,20,pilot_summary,False,1,0.9273881758417312
buchwald-hartwig,bh_reaction_3,39,5,40,pilot_summary,False,1,0.9959401413566703
buchwald-hartwig,bh_reaction_3,39,10,20,pilot_summary,False,1,0.9262614919472438
buchwald-hartwig,bh_reaction_3,39,10,40,pilot_summary,False,1,0.9958724121881571
buchwald-hartwig,bh_reaction_3,40,5,20,pilot_summary,True,1,1.0
buchwald-hartwig,bh_reaction_3,40,5,40,pilot_summary,True,1,1.0
buchwald-hartwig,bh_reaction_3,40,10,20,pilot_summary,True,1,1.0
buchwald-hartwig,bh_reaction_3,40,10,40,pilot_summary,True,1,1.0
buchwald-hartwig,bh_reaction_3,41,5,20,pilot_summary,False,1,0.9334277455803828
buchwald-hartwig,bh_reaction_3,41,5,40,pilot_summary,False,1,0.9963005699513733
buchwald-hartwig,bh_reaction_3,41,10,20,pilot_summary,False,1,0.8262951203906264
buchwald-hartwig,bh_reaction_3,41,10,40,pilot_summary,False,1,0.9891736699987363
buchwald-hartwig,bh_reaction_3,42,5,20,pilot_summary,False,1,0.9313053495331692
buchwald-hartwig,bh_reaction_3,42,5,40,pilot_summary,False,1,0.9961744129758713
buchwald-hartwig,bh_reaction_3,42,10,20,pilot_summary,True,1,1.0
buchwald-hartwig,bh_reaction_3,42,10,40,pilot_summary,True,1,1.0
buchwald-hartwig,bh_reaction_3,43,5,20,pilot_summary,True,1,1.0
buchwald-hartwig,bh_reaction_3,43,5,40,pilot_summary,True,1,1.0
buchwald-hartwig,bh_reaction_3,43,10,20,pilot_summary,True,1,1.0
buchwald-hartwig,bh_reaction_3,43,10,40,pilot_summary,True,1,1.0
buchwald-hartwig,bh_reaction_3,44,5,20,pilot_summary,False,1,0.9686543320387395
buchwald-hartwig,bh_reaction_3,44,5,40,pilot_summary,False,1,0.9983180638078463
buchwald-hartwig,bh_reaction_3,44,10,20,pilot_summary,True,1,1.0
buchwald-hartwig,bh_reaction_3,44,10,40,pilot_summary,True,1,1.0
buchwald-hartwig,bh_reaction_3,45,5,20,pilot_summary,False,1,0.9733496989427438
buchwald-hartwig,bh_reaction_3,45,5,40,pilot_summary,False,1,0.9985765360913246
buchwald-hartwig,bh_reaction_3,45,10,20,pilot_summary,False,1,0.9218853063173192
buchwald-hartwig,bh_reaction_3,45,10,40,pilot_summary,False,1,0.9956078613541464
buchwald-hartwig,bh_reaction_3,46,5,20,pilot_summary,False,1,0.9749152991870332
buchwald-hartwig,bh_reaction_3,46,5,40,pilot_summary,False,1,0.9986621958695299
buchwald-hartwig,bh_reaction_3,46,10,20,pilot_summary,False,1,0.9263792830773189
buchwald-hartwig,bh_reaction_3,46,10,40,pilot_summary,False,1,0.9958795003319945
buchwald-hartwig,bh_reaction_3,47,5,20,pilot_summary,True,1,1.0
buchwald-hartwig,bh_reaction_3,47,5,40,pilot_summary,True,1,1.0
buchwald-hartwig,bh_reaction_3,47,10,20,pilot_summary,True,1,1.0
buchwald-hartwig,bh_reaction_3,47,10,40,pilot_summary,True,1,1.0
buchwald-hartwig,bh_reaction_3,48,5,20,pilot_summary,True,1,1.0
buchwald-hartwig,bh_reaction_3,48,5,40,pilot_summary,True,1,1.0
buchwald-hartwig,bh_reaction_3,48,10,20,pilot_summary,True,1,1.0
buchwald-hartwig,bh_reaction_3,48,10,40,pilot_summary,True,1,1.0
buchwald-hartwig,bh_reaction_3,49,5,20,pilot_summary,True,1,1.0
buchwald-hartwig,bh_reaction_3,49,5,40,pilot_summary,True,1,1.0
buchwald-hartwig,bh_reaction_3,49,10,20,pilot_summary,True,1,1.0
buchwald-hartwig,bh_reaction_3,49,10,40,pilot_summary,True,1,1.0
buchwald-hartwig,bh_reaction_4,0,5,20,pilot_summary,False,1,0.9727933966958782
buchwald-hartwig,bh_reaction_4,0,5,40,pilot_summary,False,1,0.998546035895141
buchwald-hartwig,bh_reaction_4,0,10,20,pilot_summary,True,1,1.0
buchwald-hartwig,bh_reaction_4,0,10,40,pilot_summary,True,1,1.0
buchwald-hartwig,bh_reaction_4,1,5,20,pilot_summary,True,1,1.0
buchwald-hartwig,bh_reaction_4,1,5,40,pilot_summary,True,1,1.0
buchwald-hartwig,bh_reaction_4,1,10,20,pilot_summary,True,1,1.0
buchwald-hartwig,bh_reaction_4,1,10,40,pilot_summary,True,1,1.0
buchwald-hartwig,bh_reaction_4,2,5,20,pilot_summary,False,1,0.9858493843982243
buchwald-hartwig,bh_reaction_4,2,5,40,pilot_summary,False,1,0.9992532551805122
buchwald-hartwig,bh_reaction_4,2,10,20,pilot_summary,True,1,1.0
buchwald-hartwig,bh_reaction_4,2,10,40,pilot_summary,True,1,1.0
buchwald-hartwig,bh_reaction_4,3,5,20,pilot_summary,True,1,1.0
buchwald-hartwig,bh_reaction_4,3,5,40,pilot_summary,True,1,1.0
buchwald-hartwig,bh_reaction_4,3,10,20,pilot_summary,True,1,1.0
buchwald-hartwig,bh_reaction_4,3,10,40,pilot_summary,True,1,1.0
buchwald-hartwig,bh_reaction_4,4,5,20,pilot_summary,False,1,0.9811477698792388
buchwald-hartwig,bh_reaction_4,4,5,40,pilot_summary,False,1,0.999000630809609
buchwald-hartwig,bh_reaction_4,4,10,20,pilot_summary,True,1,1.0
buchwald-hartwig,bh_reaction_4,4,10,40,pilot_summary,True,1,1.0
buchwald-hartwig,bh_reaction_4,5,5,20,pilot_summary,False,1,0.9744413052074354
buchwald-hartwig,bh_reaction_4,5,5,40,pilot_summary,False,1,0.9986362894084058
buchwald-hartwig,bh_reaction_4,5,10,20,pilot_summary,True,1,1.0
buchwald-hartwig,bh_reaction_4,5,10,40,pilot_summary,True,1,1.0
buchwald-hartwig,bh_reaction_4,6,5,20,pilot_summary,False,1,0.9307668313238354
buchwald-hartwig,bh_reaction_4,6,5,40,pilot_summary,False,1,0.996142316595975
buchwald-hartwig,bh_reaction_4,6,10,20,pilot_summary,True,1,1.0
buchwald-hartwig,bh_reaction_4,6,10,40,pilot_summary,True,1,1.0
buchwald-hartwig,bh_reaction_4,7,5,20,pilot_summary,False,1,0.9720719312041811
buchwald-hartwig,bh_reaction_4,7,5,40,pilot_summary,False,1,0.9985064311350089
buchwald-hartwig,bh_reaction_4,7,10,20,pilot_summary,False,1,0.9105082870908264
buchwald-hartwig,bh_reaction_4,7,10,40,pilot_summary,False,1,0.9949088709733921
buchwald-hartwig,bh_reaction_4,8,5,20,pilot_summary,True,1,1.0
buchwald-hartwig,bh_reaction_4,8,5,40,pilot_summary,True,1,1.0
buchwald-hartwig,bh_reaction_4,8,10,20,pilot_summary,True,1,1.0
buchwald-hartwig,bh_reaction_4,8,10,40,pilot_summary,True,1,1.0
buchwald-hartwig,bh_reaction_4,9,5,20,pilot_summary,False,1,0.9771904283903241
buchwald-hartwig,bh_reaction_4,9,5,40,pilot_summary,False,1,0.9987862133792956
buchwald-hartwig,bh_reaction_4,9,10,20,pilot_summary,False,1,0.9281045810324685
buchwald-hartwig,bh_reaction_4,9,10,40,pilot_summary,False,1,0.9959831263984952
buchwald-hartwig,bh_reaction_4,10,5,20,pilot_summary,True,1,1.0
buchwald-hartwig,bh_reaction_4,10,5,40,pilot_summary,True,1,1.0
buchwald-hartwig,bh_reaction_4,10,10,20,pilot_summary,True,1,1.0
buchwald-hartwig,bh_reaction_4,10,10,40,pilot_summary,True,1,1.0
buchwald-hartwig,bh_reaction_4,11,5,20,pilot_summary,False,1,0.9843075107662963
buchwald-hartwig,bh_reaction_4,11,5,40,pilot_summary,False,1,0.9991706600316876
buchwald-hartwig,bh_reaction_4,11,10,20,pilot_summary,True,1,1.0
buchwald-hartwig,bh_reaction_4,11,10,40,pilot_summary,True,1,1.0
buchwald-hartwig,bh_reaction_4,12,5,20,pilot_summary,True,1,1.0
buchwald-hartwig,bh_reaction_4,12,5,40,pilot_summary,True,1,1.0
buchwald-hartwig,bh_reaction_4,12,10,20,pilot_summary,True,1,1.0
buchwald-hartwig,bh_reaction_4,12,10,40,pilot_summary,True,1,1.0
buchwald-hartwig,bh_reaction_4,13,5,20,pilot_summary,False,1,0.9710083314777063
buchwald-hartwig,bh_reaction_4,13,5,40,pilot_summary,False,1,0.9984479433689839
buchwald-hartwig,bh_reaction_4,13,10,20,pilot_summary,True,1,1.0
buchwald-hartwig,bh_reaction_4,13,10,40,pilot_summary,True,1,1.0
buchwald-hartwig,bh_reaction_4,14,5,20,pilot_summary,False,1,0.9561632336847417
buchwald-hartwig,bh_reaction_4,14,5,40,pilot_summary,False,1,0.9976187611439773
buchwald-hartwig,bh_reaction_4,14,10,20,pilot_summary,True,1,1.0
buchwald-hartwig,bh_reaction_4,14,10,40,pilot_summary,True,1,1.0
buchwald-hartwig,bh_reaction_4,15,5,20,pilot_summary,True,1,1.0
buchwald-hartwig,bh_reaction_4,15,5,40,pilot_summary,True,1,1.0
buchwald-hartwig,bh_reaction_4,15,10,20,pilot_summary,True,1,1.0
buchwald-hartwig,bh_reaction_4,15,10,40,pilot_summary,True,1,1.0
buchwald-hartwig,bh_reaction_4,16,5,20,pilot_summary,False,1,0.9172670709811175
buchwald-hartwig,bh_reaction_4,16,5,40,pilot_summary,False,1,0.9953260951157199
buchwald-hartwig,bh_reaction_4,16,10,20,pilot_summary,True,1,1.0
buchwald-hartwig,bh_reaction_4,16,10,40,pilot_summary,True,1,1.0
buchwald-hartwig,bh_reaction_4,17,5,20,pilot_summary,False,1,0.9687882308399844
buchwald-hartwig,bh_reaction_4,17,5,40,pilot_summary,False,1,0.998325467561704
buchwald-hartwig,bh_reaction_4,17,10,20,pilot_summary,True,1,1.0
buchwald-hartwig,bh_reaction_4,17,10,40,pilot_summary,True,1,1.0
buchwald-hartwig,bh_reaction_4,18,5,20,pilot_summary,False,1,0.9780020158117632
buchwald-hartwig,bh_reaction_4,18,5,40,pilot_summary,False,1,0.9988303208843151
buchwald-hartwig,bh_reaction_4,18,10,20,pilot_summary,True,1,1.0
buchwald-hartwig,bh_reaction_4,18,10,40,pilot_summary,True,1,1.0
buchwald-hartwig,bh_reaction_4,19,5,20,pilot_summary,False,1,0.9468879120076118
buchwald-hartwig,bh_reaction_4,19,5,40,pilot_summary,False,1,0.9970882085544437
buchwald-hartwig,bh_reaction_4,19,10,20,pilot_summary,False,1,0.8921905886578483
buchwald-hartwig,bh_reaction_4,19,10,40,pilot_summary,False,1,0.9937481685495481
buchwald-hartwig,bh_reaction_4,20,5,20,pilot_summary,False,0,0.9399759912622613
buchwald-hartwig,bh_reaction_4,20,5,40,pilot_summary,False,1,0.9966864108822691
buchwald-hartwig,bh_reaction_4,20,10,20,pilot_summary,False,0,0.900891392195273
buchwald-hartwig,bh_reaction_4,20,10,40,pilot_summary,False,1,0.9943050428211787
buchwald-hartwig,bh_reaction_4,21,5,20,pilot_summary,False,1,0.9698596370987557
buchwald-hartwig,bh_reaction_4,21,5,40,pilot_summary,False,1,0.9983846398497801
buchwald-hartwig,bh_reaction_4,21,10,20,pilot_summary,True,1,1.0
buchwald-hartwig,bh_reaction_4,21,10,40,pilot_summary,True,1,1.0
buchwald-hartwig,bh_reaction_4,22,5,20,pilot_summary,False,1,0.9707834351247131
buchwald-hartwig,bh_reaction_4,22,5,40,pilot_summary,False,1,0.9984355606946979
buchwald-hartwig,bh_reaction_4,22,10,20,pilot_summary,True,1,1.0
buchwald-hartwig,bh_reaction_4,22,10,40,pilot_summary,True,1,1.0
buchwald-hartwig,bh_reaction_4,23,5,20,pilot_summary,False,1,0.9119184159840642
buchwald-hartwig,bh_reaction_4,23,5,40,pilot_summary,False,1,0.9949964007092104
buchwald-hartwig,bh_reaction_4,23,10,20,pilot_summary,False,1,0.7650791425407985
buchwald-hartwig,bh_reaction_4,23,10,40,pilot_summary,False,1,0.9842652712941924
buchwald-hartwig,bh_reaction_4,24,5,20,pilot_summary,False,1,0.9783578411868636
buchwald-hartwig,bh_reaction_4,24,5,40,pilot_summary,False,1,0.9988496371491956
buchwald-hartwig,bh_reaction_4,24,10,20,pilot_summary,True,1,1.0
buchwald-hartwig,bh_reaction_4,24,10,40,pilot_summary,True,1,1.0
buchwald-hartwig,bh_reaction_4,25,5,20,pilot_summary,False,1,0.9695923762843892
buchwald-hartwig,bh_reaction_4,25,5,40,pilot_summary,False,1,0.9983698909896099
buchwald-hartwig,bh_reaction_4,25,10,20,pilot_summary,True,1,1.0
buchwald-hartwig,bh_reaction_4,25,10,40,pilot_summary,True,1,1.0
buchwald-hartwig,bh_reaction_4,26,5,20,pilot_summary,True,1,1.0
buchwald-hartwig,bh_reaction_4,26,5,40,pilot_summary,True,1,1.0
buchwald-hartwig,bh_reaction_4,26,10,20,pilot_summary,True,1,1.0
buchwald-hartwig,bh_reaction_4,26,10,40,pilot_summary,True,1,1.0
buchwald-hartwig,bh_reaction_4,27,5,20,pilot_summary,True,1,1.0
buchwald-hartwig,bh_reaction_4,27,5,40,pilot_summary,True,1,1.0
buchwald-hartwig,bh_reaction_4,27,10,20,pilot_summary,True,1,1.0
buchwald-hartwig,bh_reaction_4,27,10,40,pilot_summary,True,1,1.0
buchwald-hartwig,bh_reaction_4,28,5,20,pilot_summary,True,1,1.0
buchwald-hartwig,bh_reaction_4,28,5,40,pilot_summary,True,1,1.0
buchwald-hartwig,bh_reaction_4,28,10,20,pilot_summary,True,1,1.0
buchwald-hartwig,bh_reaction_4,28,10,40,pilot_summary,True,1,1.0
buchwald-hartwig,bh_reaction_4,29,5,20,pilot_summary,False,1,0.9482606925316163
buchwald-hartwig,bh_reaction_4,29,5,40,pilot_summary,False,1,0.9971673507877997
buchwald-hartwig,bh_reaction_4,29,10,20,pilot_summary,False,1,0.9293408114276384
buchwald-hartwig,bh_reaction_4,29,10,40,pilot_summary,False,1,0.9960571543299911
buchwald-hartwig,bh_reaction_4,30,5,20,pilot_summary,True,1,1.0
buchwald-hartwig,bh_reaction_4,30,5,40,pilot_summary,True,1,1.0
buchwald-hartwig,bh_reaction_4,30,10,20,pilot_summary,True,1,1.0
buchwald-hartwig,bh_reaction_4,30,10,40,pilot_summary,True,1,1.0
buchwald-hartwig,bh_reaction_4,31,5,20,pilot_summary,True,1,1.0
buchwald-hartwig,bh_reaction_4,31,5,40,pilot_summary,True,1,1.0
buchwald-hartwig,bh_reaction_4,31,10,20,pilot_summary,True,1,1.0
buchwald-hartwig,bh_reaction_4,31,10,40,pilot_summary,True,1,1.0
buchwald-hartwig,bh_reaction_4,32,5,20,pilot_summary,False,1,0.9304681162280397
buchwald-hartwig,bh_reaction_4,32,5,40,pilot_summary,False,1,0.996124497664032
buchwald-hartwig,bh_reaction_4,32,10,20,pilot_summary,True,1,1.0
buchwald-hartwig,bh_reaction_4,32,10,40,pilot_summary,True,1,1.0
buchwald-hartwig,bh_reaction_4,33,5,20,pilot_summary,False,1,0.9798478996769828
buchwald-hartwig,bh_reaction_4,33,5,40,pilot_summary,False,1,0.9989303818707495
buchwald-hartwig,bh_reaction_4,33,10,20,pilot_summary,True,1,1.0
buchwald-hartwig,bh_reaction_4,33,10,40,pilot_summary,True,1,1.0
buchwald-hartwig,bh_reaction_4,34,5,20,pilot_summary,False,1,0.9657814540086581
buchwald-hartwig,bh_reaction_4,34,5,40,pilot_summary,False,1,0.9981587439429868
buchwald-hartwig,bh_reaction_4,34,10,20,pilot_summary,True,1,1.0
buchwald-hartwig,bh_reaction_4,34,10,40,pilot_summary,True,1,1.0
buchwald-hartwig,bh_reaction_4,35,5,20,pilot_summary,True,1,1.0
buchwald-hartwig,bh_reaction_4,35,5,40,pilot_summary,True,1,1.0
buchwald-hartwig,bh_reaction_4,35,10,20,pilot_summary,True,1,1.0
buchwald-hartwig,bh_reaction_4,35,10,40,pilot_summary,True,1,1.0
buchwald-hartwig,bh_reaction_4,36,5,20,pilot_summary,True,1,1.0
buchwald-hartwig,bh_reaction_4,36,5,40,pilot_summary,True,1,1.0
buchwald-hartwig,bh_reaction_4,36,10,20,pilot_summary,True,1,1.0
buchwald-hartwig,bh_reaction_4,36,10,40,pilot_summary,True,1,1.0
buchwald-hartwig,bh_reaction_4,37,5,20,pilot_summary,False,1,0.9781489776547003
buchwald-hartwig,bh_reaction_4,37,5,40,pilot_summary,False,1,0.9988383004383758
buchwald-hartwig,bh_reaction_4,37,10,20,pilot_summary,True,1,1.0
buchwald-hartwig,bh_reaction_4,37,10,40,pilot_summary,True,1,1.0
buchwald-hartwig,bh_reaction_4,38,5,20,pilot_summary,True,1,1.0
buchwald-hartwig,bh_reaction_4,38,5,40,pilot_summary,True,1,1.0
buchwald-hartwig,bh_reaction_4,38,10,20,pilot_summary,True,1,1.0
buchwald-hartwig,bh_reaction_4,38,10,40,pilot_summary,True,1,1.0
buchwald-hartwig,bh_reaction_4,39,5,20,pilot_summary,False,1,0.9731628444278516
buchwald-hartwig,bh_reaction_4,39,5,40,pilot_summary,False,1,0.9985662951631346
buchwald-hartwig,bh_reaction_4,39,10,20,pilot_summary,True,1,1.0
buchwald-hartwig,bh_reaction_4,39,10,40,pilot_summary,True,1,1.0
buchwald-hartwig,bh_reaction_4,40,5,20,pilot_summary,True,1,1.0
buchwald-hartwig,bh_reaction_4,40,5,40,pilot_summary,True,1,1.0
buchwald-hartwig,bh_reaction_4,40,10,20,pilot_summary,True,1,1.0
buchwald-hartwig,bh_reaction_4,40,10,40,pilot_summary,True,1,1.0
buchwald-hartwig,bh_reaction_4,41,5,20,pilot_summary,True,1,1.0
buchwald-hartwig,bh_reaction_4,41,5,40,pilot_summary,True,1,1.0
buchwald-hartwig,bh_reaction_4,41,10,20,pilot_summary,True,1,1.0
buchwald-hartwig,bh_reaction_4,41,10,40,pilot_summary,True,1,1.0
buchwald-hartwig,bh_reaction_4,42,5,20,pilot_summary,False,1,0.9422590530242874
buchwald-hartwig,bh_reaction_4,42,5,40,pilot_summary,False,1,0.9968197438763453
buchwald-hartwig,bh_reaction_4,42,10,20,pilot_summary,False,1,0.9290061671245048
buchwald-hartwig,bh_reaction_4,42,10,40,pilot_summary,False,1,0.9960371335265717
buchwald-hartwig,bh_reaction_4,43,5,20,pilot_summary,True,1,1.0
buchwald-hartwig,bh_reaction_4,43,5,40,pilot_summary,True,1,1.0
buchwald-hartwig,bh_reaction_4,43,10,20,pilot_summary,True,1,1.0
buchwald-hartwig,bh_reaction_4,43,10,40,pilot_summary,True,1,1.0
buchwald-hartwig,bh_reaction_4,44,5,20,pilot_summary,True,1,1.0
buchwald-hartwig,bh_reaction_4,44,5,40,pilot_summary,True,1,1.0
buchwald-hartwig,bh_reaction_4,44,10,20,pilot_summary,True,1,1.0
buchwald-hartwig,bh_reaction_4,44,10,40,pilot_summary,True,1,1.0
buchwald-hartwig,bh_reaction_4,45,5,20,pilot_summary,True,1,1.0
buchwald-hartwig,bh_reaction_4,45,5,40,pilot_summary,True,1,1.0
buchwald-hartwig,bh_reaction_4,45,10,20,pilot_summary,True,1,1.0
buchwald-hartwig,bh_reaction_4,45,10,40,pilot_summary,True,1,1.0
buchwald-hartwig,bh_reaction_4,46,5,20,pilot_summary,True,1,1.0
buchwald-hartwig,bh_reaction_4,46,5,40,pilot_summary,True,1,1.0
buchwald-hartwig,bh_reaction_4,46,10,20,pilot_summary,True,1,1.0
buchwald-hartwig,bh_reaction_4,46,10,40,pilot_summary,True,1,1.0
buchwald-hartwig,bh_reaction_4,47,5,20,pilot_summary,False,1,0.9316325043335163
buchwald-hartwig,bh_reaction_4,47,5,40,pilot_summary,False,1,0.996193894714299
buchwald-hartwig,bh_reaction_4,47,10,20,pilot_summary,True,1,1.0
buchwald-hartwig,bh_reaction_4,47,10,40,pilot_summary,True,1,1.0
buchwald-hartwig,bh_reaction_4,48,5,20,pilot_summary,True,1,1.0
buchwald-hartwig,bh_reaction_4,48,5,40,pilot_summary,True,1,1.0
buchwald-hartwig,bh_reaction_4,48,10,20,pilot_summary,True,1,1.0
buchwald-hartwig,bh_reaction_4,48,10,40,pilot_summary,True,1,1.0
buchwald-hartwig,bh_reaction_4,49,5,20,pilot_summary,False,1,0.9747739984889708
buchwald-hartwig,bh_reaction_4,49,5,40,pilot_summary,False,1,0.9986544754796837
buchwald-hartwig,bh_reaction_4,49,10,20,pilot_summary,True,1,1.0
buchwald-hartwig,bh_reaction_4,49,10,40,pilot_summary,True,1,1.0
buchwald-hartwig,bh_reaction_5,0,5,20,pilot_summary,True,1,1.0
buchwald-hartwig,bh_reaction_5,0,5,40,pilot_summary,True,1,1.0
buchwald-hartwig,bh_reaction_5,0,10,20,pilot_summary,True,1,1.0
buchwald-hartwig,bh_reaction_5,0,10,40,pilot_summary,True,1,1.0
buchwald-hartwig,bh_reaction_5,1,5,20,pilot_summary,False,1,0.9664308428807237
buchwald-hartwig,bh_reaction_5,1,5,40,pilot_summary,False,1,0.998194835200638
buchwald-hartwig,bh_reaction_5,1,10,20,pilot_summary,True,1,1.0
buchwald-hartwig,bh_reaction_5,1,10,40,pilot_summary,True,1,1.0
buchwald-hartwig,bh_reaction_5,2,5,20,pilot_summary,True,1,1.0
buchwald-hartwig,bh_reaction_5,2,5,40,pilot_summary,True,1,1.0
buchwald-hartwig,bh_reaction_5,2,10,20,pilot_summary,True,1,1.0
buchwald-hartwig,bh_reaction_5,2,10,40,pilot_summary,True,1,1.0
buchwald-hartwig,bh_reaction_5,3,5,20,pilot_summary,True,1,1.0
buchwald-hartwig,bh_reaction_5,3,5,40,pilot_summary,True,1,1.0
buchwald-hartwig,bh_reaction_5,3,10,20,pilot_summary,True,1,1.0
buchwald-hartwig,bh_reaction_5,3,10,40,pilot_summary,True,1,1.0
buchwald-hartwig,bh_reaction_5,4,5,20,pilot_summary,True,1,1.0
buchwald-hartwig,bh_reaction_5,4,5,40,pilot_summary,True,1,1.0
buchwald-hartwig,bh_reaction_5,4,10,20,pilot_summary,True,1,1.0
buchwald-hartwig,bh_reaction_5,4,10,40,pilot_summary,True,1,1.0
buchwald-hartwig,bh_reaction_5,5,5,20,pilot_summary,True,1,1.0
buchwald-hartwig,bh_reaction_5,5,5,40,pilot_summary,True,1,1.0
buchwald-hartwig,bh_reaction_5,5,10,20,pilot_summary,True,1,1.0
buchwald-hartwig,bh_reaction_5,5,10,40,pilot_summary,True,1,1.0
buchwald-hartwig,bh_reaction_5,6,5,20,pilot_summary,False,1,0.9525188807173451
buchwald-hartwig,bh_reaction_5,6,5,40,pilot_summary,False,1,0.9974114676614853
buchwald-hartwig,bh_reaction_5,6,10,20,pilot_summary,False,1,0.8751446085508259
buchwald-hartwig,bh_reaction_5,6,10,40,pilot_summary,False,1,0.9926269795785633
buchwald-hartwig,bh_reaction_5,7,5,20,pilot_summary,False,1,0.9881602810361163
buchwald-hartwig,bh_reaction_5,7,5,40,pilot_summary,False,1,0.999376588148612
buchwald-hartwig,bh_reaction_5,7,10,20,pilot_summary,True,1,1.0
buchwald-hartwig,bh_reaction_5,7,10,40,pilot_summary,True,1,1.0
buchwald-hartwig,bh_reaction_5,8,5,20,pilot_summary,False,1,0.9659348063089267
buchwald-hartwig,bh_reaction_5,8,5,40,pilot_summary,False,1,0.9981672709857626
buchwald-hartwig,bh_reaction_5,8,10,20,pilot_summary,False,1,0.8995751378962967
buchwald-hartwig,bh_reaction_5,8,10,40,pilot_summary,False,1,0.9942214508483641
buchwald-hartwig,bh_reaction_5,9,5,20,pilot_summary,False,1,0.9490129897467571
buchwald-hartwig,bh_reaction_5,9,5,40,pilot_summary,False,1,0.9972106297044436
buchwald-hartwig,bh_reaction_5,9,10,20,pilot_summary,False,1,0.9489165919118502
buchwald-hartwig,bh_reaction_5,9,10,40,pilot_summary,False,1,0.9972050876555894
buchwald-hartwig,bh_reaction_5,10,5,20,pilot_summary,True,1,1.0
buchwald-hartwig,bh_reaction_5,10,5,40,pilot_summary,True,1,1.0
buchwald-hartwig,bh_reaction_5,10,10,20,pilot_summary,True,1,1.0
buchwald-hartwig,bh_reaction_5,10,10,40,pilot_summary,True,1,1.0
buchwald-hartwig,bh_reaction_5,11,5,20,pilot_summary,False,1,0.9664479048504849
buchwald-hartwig,bh_reaction_5,11,5,40,pilot_summary,False,1,0.9981957828395145
buchwald-hartwig,bh_reaction_5,11,10,20,pilot_summary,True,1,1.0
buchwald-hartwig,bh_reaction_5,11,10,40,pilot_summary,True,1,1.0
buchwald-hartwig,bh_reaction_5,12,5,20,pilot_summary,False,1,0.9087616683950437
buchwald-hartwig,bh_reaction_5,12,5,40,pilot_summary,False,1,0.9948000994509427
buchwald-hartwig,bh_reaction_5,12,10,20,pilot_summary,True,1,1.0
buchwald-hartwig,bh_reaction_5,12,10,40,pilot_summary,True,1,1.0
buchwald-hartwig,bh_reaction_5,13,5,20,pilot_summary,False,1,0.9760837670819705
buchwald-hartwig,bh_reaction_5,13,5,40,pilot_summary,False,1,0.9987259575329553
buchwald-hartwig,bh_reaction_5,13,10,20,pilot_summary,False,1,0.9294391031068282
buchwald-hartwig,bh_reaction_5,13,10,40,pilot_summary,False,1,0.9960630322513191
buchwald-hartwig,bh_reaction_5,14,5,20,pilot_summary,True,1,1.0
buchwald-hartwig,bh_reaction_5,14,5,40,pilot_summary,True,1,1.0
buchwald-hartwig,bh_reaction_5,14,10,20,pilot_summary,True,1,1.0
buchwald-hartwig,bh_reaction_5,14,10,40,pilot_summary,True,1,1.0
buchwald-hartwig,bh_reaction_5,15,5,20,pilot_summary,False,1,0.953912840682218
buchwald-hartwig,bh_reaction_5,15,5,40,pilot_summary,False,1,0.9974909340012802
buchwald-hartwig,bh_reaction_5,15,10,20,pilot_summary,True,1,1.0
buchwald-hartwig,bh_reaction_5,15,10,40,pilot_summary,True,1,1.0
buchwald-hartwig,bh_reaction_5,16,5,20,pilot_summary,False,1,0.945985447797565
buchwald-hartwig,bh_reaction_5,16,5,40,pilot_summary,False,1,0.9970360622795827
buchwald-hartwig,bh_reaction_5,16,10,20,pilot_summary,False,1,0.9447823183004062
buchwald-hartwig,bh_reaction_5,16,10,40,pilot_summary,False,1,0.9969663965111486
buchwald-hartwig,bh_reaction_5,17,5,20,pilot_summary,False,1,0.8532435865028346
buchwald-hartwig,bh_reaction_5,17,5,40,pilot_summary,False,1,0.9911246757472572
buchwald-hartwig,bh_reaction_5,17,10,20,pilot_summary,True,1,1.0
buchwald-hartwig,bh_reaction_5,17,10,40,pilot_summary,True,1,1.0
buchwald-hartwig,bh_reaction_5,18,5,20,pilot_summary,False,1,0.9885171020285475
buchwald-hartwig,bh_reaction_5,18,5,40,pilot_summary,False,1,0.9993955830610363
buchwald-hartwig,bh_reaction_5,18,10,20,pilot_summary,True,1,1.0
buchwald-hartwig,bh_reaction_5,18,10,40,pilot_summary,True,1,1.0
buchwald-hartwig,bh_reaction_5,19,5,20,pilot_summary,False,1,0.9809776982951701
buchwald-hartwig,bh_reaction_5,19,5,40,pilot_summary,False,1,0.9989914496483001
buchwald-hartwig,bh_reaction_5,19,10,20,pilot_summary,True,1,1.0
buchwald-hartwig,bh_reaction_5,19,10,40,pilot_summary,True,1,1.0
buchwald-hartwig,bh_reaction_5,20,5,20,pilot_summary,False,1,0.9432400525207713
buchwald-hartwig,bh_reaction_5,20,5,40,pilot_summary,False,1,0.9968768478402052
buchwald-hartwig,bh_reaction_5,20,10,20,pilot_summary,True,1,1.0
buchwald-hartwig,bh_reaction_5,20,10,40,pilot_summary,True,1,1.0
buchwald-hartwig,bh_reaction_5,21,5,20,pilot_summary,False,1,0.9343700773176313
buchwald-hartwig,bh_reaction_5,21,5,40,pilot_summary,False,1,0.9963564094063467
buchwald-hartwig,bh_reaction_5,21,10,20,pilot_summary,True,1,1.0
buchwald-hartwig,bh_reaction_5,21,10,40,pilot_summary,True,1,1.0
buchwald-hartwig,bh_reaction_5,22,5,20,pilot_summary,True,1,1.0
buchwald-hartwig,bh_reaction_5,22,5,40,pilot_summary,True,1,1.0
buchwald-hartwig,bh_reaction_5,22,10,20,pilot_summary,True,1,1.0
buchwald-hartwig,bh_reaction_5,22,10,40,pilot_summary,True,1,1.0
buchwald-hartwig,bh_reaction_5,23,5,20,pilot_summary,False,1,0.9808038852466361
buchwald-hartwig,bh_reaction_5,23,5,40,pilot_summary,False,1,0.9989820633919868
buchwald-hartwig,bh_reaction_5,23,10,20,pilot_summary,True,1,1.0
buchwald-hartwig,bh_reaction_5,23,10,40,pilot_summary,True,1,1.0
buchwald-hartwig,bh_reaction_5,24,5,20,pilot_summary,False,1,0.9701026905861087
buchwald-hartwig,bh_reaction_5,24,5,40,pilot_summary,False,1,0.9983980461443573
buchwald-hartwig,bh_reaction_5,24,10,20,pilot_summary,True,1,1.0
buchwald-hartwig,bh_reaction_5,24,10,40,pilot_summary,True,1,1.0
buchwald-hartwig,bh_reaction_5,25,5,20,pilot_summary,False,1,0.9444346119651611
buchwald-hartwig,bh_reaction_5,25,5,40,pilot_summary,False,1,0.9969462317495841
buchwald-hartwig,bh_reaction_5,25,10,20,pilot_summary,True,1,1.0
buchwald-hartwig,bh_reaction_5,25,10,40,pilot_summary,True,1,1.0
buchwald-hartwig,bh_reaction_5,26,5,20,pilot_summary,False,1,0.9561680202237165
buchwald-hartwig,bh_reaction_5,26,5,40,pilot_summary,False,1,0.9976190324232183
buchwald-hartwig,bh_reaction_5,26,10,20,pilot_summary,True,1,1.0
buchwald-hartwig,bh_reaction_5,26,10,40,pilot_summary,True,1,1.0
buchwald-hartwig,bh_reaction_5,27,5,20,pilot_summary,True,1,1.0
buchwald-hartwig,bh_reaction_5,27,5,40,pilot_summary,True,1,1.0
buchwald-hartwig,bh_reaction_5,27,10,20,pilot_summary,True,1,1.0
buchwald-hartwig,bh_reaction_5,27,10,40,pilot_summary,True,1,1.0
buchwald-hartwig,bh_reaction_5,28,5,20,pilot_summary,True,1,1.0
buchwald-hartwig,bh_reaction_5,28,5,40,pilot_summary,True,1,1.0
buchwald-hartwig,bh_reaction_5,28,10,20,pilot_summary,True,1,1.0
buchwald-hartwig,bh_reaction_5,28,10,40,pilot_summary,True,1,1.0
buchwald-hartwig,bh_reaction_5,29,5,20,pilot_summary,False,1,0.9304889214753194
buchwald-hartwig,bh_reaction_5,29,5,40,pilot_summary,False,1,0.9961257390871959
buchwald-hartwig,bh_reaction_5,29,10,20,pilot_summary,True,1,1.0
buchwald-hartwig,bh_reaction_5,29,10,40,pilot_summary,True,1,1.0
buchwald-hartwig,bh_reaction_5,30,5,20,pilot_summary,True,1,1.0
buchwald-hartwig,bh_reaction_5,30,5,40,pilot_summary,True,1,1.0
buchwald-hartwig,bh_reaction_5,30,10,20,pilot_summary,True,1,1.0
buchwald-hartwig,bh_reaction_5,30,10,40,pilot_summary,True,1,1.0
buchwald-hartwig,bh_reaction_5,31,5,20,pilot_summary,False,1,0.9703282630955543
buchwald-hartwig,bh_reaction_5,31,5,40,pilot_summary,False,1,0.9984104825396496
buchwald-hartwig,bh_reaction_5,31,10,20,pilot_summary,False,1,0.8904526245982871
buchwald-hartwig,bh_reaction_5,31,10,40,pilot_summary,False,1,0.9936357060456871
buchwald-hartwig,bh_reaction_5,32,5,20,pilot_summary,True,1,1.0
buchwald-hartwig,bh_reaction_5,32,5,40,pilot_summary,True,1,1.0
buchwald-hartwig,bh_reaction_5,32,10,20,pilot_summary,True,1,1.0
buchwald-hartwig,bh_reaction_5,32,10,40,pilot_summary,True,1,1.0
buchwald-hartwig,bh_reaction_5,33,5,20,pilot_summary,False,1,0.9866526009237572
buchwald-hartwig,bh_reaction_5,33,5,40,pilot_summary,False,1,0.9992961850417076
buchwald-hartwig,bh_reaction_5,33,10,20,pilot_summary,True,1,1.0
buchwald-hartwig,bh_reaction_5,33,10,40,pilot_summary,True,1,1.0
buchwald-hartwig,bh_reaction_5,34,5,20,pilot_summary,False,1,0.9745831316375902
buchwald-hartwig,bh_reaction_5,34,5,40,pilot_summary,False,1,0.9986440435287863
buchwald-hartwig,bh_reaction_5,34,10,20,pilot_summary,True,1,1.0
buchwald-hartwig,bh_reaction_5,34,10,40,pilot_summary,True,1,1.0
buchwald-hartwig,bh_reaction_5,35,5,20,pilot_summary,True,1,1.0
buchwald-hartwig,bh_reaction_5,35,5,40,pilot_summary,True,1,1.0
buchwald-hartwig,bh_reaction_5,35,10,20,pilot_summary,True,1,1.0
buchwald-hartwig,bh_reaction_5,35,10,40,pilot_summary,True,1,1.0
buchwald-hartwig,bh_reaction_5,36,5,20,pilot_summary,True,1,1.0
buchwald-hartwig,bh_reaction_5,36,5,40,pilot_summary,True,1,1.0
buchwald-hartwig,bh_reaction_5,36,10,20,pilot_summary,True,1,1.0
buchwald-hartwig,bh_reaction_5,36,10,40,pilot_summary,True,1,1.0
buchwald-hartwig,bh_reaction_5,37,5,20,pilot_summary,True,1,1.0
buchwald-hartwig,bh_reaction_5,37,5,40,pilot_summary,True,1,1.0
buchwald-hartwig,bh_reaction_5,37,10,20,pilot_summary,True,1,1.0
buchwald-hartwig,bh_reaction_5,37,10,40,pilot_summary,True,1,1.0
buchwald-hartwig,bh_reaction_5,38,5,20,pilot_summary,True,1,1.0
buchwald-hartwig,bh_reaction_5,38,5,40,pilot_summary,True,1,1.0
buchwald-hartwig,bh_reaction_5,38,10,20,pilot_summary,True,1,1.0
buchwald-hartwig,bh_reaction_5,38,10,40,pilot_summary,True,1,1.0
buchwald-hartwig,bh_reaction_5,39,5,20,pilot_summary,False,1,0.9387643912612894
buchwald-hartwig,bh_reaction_5,39,5,40,pilot_summary,False,1,0.9966154034331872
buchwald-hartwig,bh_reaction_5,39,10,20,pilot_summary,True,1,1.0
buchwald-hartwig,bh_reaction_5,39,10,40,pilot_summary,True,1,1.0
buchwald-hartwig,bh_reaction_5,40,5,20,pilot_summary,False,1,0.9614956416919659
buchwald-hartwig,bh_reaction_5,40,5,40,pilot_summary,False,1,0.9979193936693513
buchwald-hartwig,bh_reaction_5,40,10,20,pilot_summary,True,1,1.0
buchwald-hartwig,bh_reaction_5,40,10,40,pilot_summary,True,1,1.0
buchwald-hartwig,bh_reaction_5,41,5,20,pilot_summary,True,1,1.0
buchwald-hartwig,bh_reaction_5,41,5,40,pilot_summary,True,1,1.0
buchwald-hartwig,bh_reaction_5,41,10,20,pilot_summary,True,1,1.0
buchwald-hartwig,bh_reaction_5,41,10,40,pilot_summary,True,1,1.0
buchwald-hartwig,bh_reaction_5,42,5,20,pilot_summary,False,1,0.9703641408848424
buchwald-hartwig,bh_reaction_5,42,5,40,pilot_summary,False,1,0.9984124600704728
buchwald-hartwig,bh_reaction_5,42,10,20,pilot_summary,True,1,1.0
buchwald-hartwig,bh_reaction_5,42,10,40,pilot_summary,True,1,1.0
buchwald-hartwig,bh_reaction_5,43,5,20,pilot_summary,False,1,0.9705777905761616
buchwald-hartwig,bh_reaction_5,43,5,40,pilot_summary,False,1,0.9984242332609296
buchwald-hartwig,bh_reaction_5,43,10,20,pilot_summary,True,1,1.0
buchwald-hartwig,bh_reaction_5,43,10,40,pilot_summary,True,1,1.0
buchwald-hartwig,bh_reaction_5,44,5,20,pilot_summary,True,1,1.0
buchwald-hartwig,bh_reaction_5,44,5,40,pilot_summary,True,1,1.0
buchwald-hartwig,bh_reaction_5,44,10,20,pilot_summary,True,1,1.0
buchwald-hartwig,bh_reaction_5,44,10,40,pilot_summary,True,1,1.0
buchwald-hartwig,bh_reaction_5,45,5,20,pilot_summary,False,1,0.9650438104003297
buchwald-hartwig,bh_reaction_5,45,5,40,pilot_summary,False,1,0.9981176919784963
buchwald-hartwig,bh_reaction_5,45,10,20,pilot_summary,True,1,1.0
buchwald-hartwig,bh_reaction_5,45,10,40,pilot_summary,True,1,1.0
buchwald-hartwig,bh_reaction_5,46,5,20,pilot_summary,False,1,0.9785585302140105
buchwald-hartwig,bh_reaction_5,46,5,40,pilot_summary,False,1,0.9988605258468731
buchwald-hartwig,bh_reaction_5,46,10,20,pilot_summary,True,1,1.0
buchwald-hartwig,bh_reaction_5,46,10,40,pilot_summary,True,1,1.0
buchwald-hartwig,bh_reaction_5,47,5,20,pilot_summary,False,1,0.9844125354371447
buchwald-hartwig,bh_reaction_5,47,5,40,pilot_summary,False,1,0.9991762937752101
buchwald-hartwig,bh_reaction_5,47,10,20,pilot_summary,True,1,1.0
buchwald-hartwig,bh_reaction_5,47,10,40,pilot_summary,True,1,1.0
buchwald-hartwig,bh_reaction_5,48,5,20,pilot_summary,False,1,0.9708723635207741
buchwald-hartwig,bh_reaction_5,48,5,40,pilot_summary,False,1,0.9984404576941714
buchwald-hartwig,bh_reaction_5,48,10,20,pilot_summary,False,1,0.925938485281792
buchwald-hartwig,bh_reaction_5,48,10,40,pilot_summary,False,1,0.9958529663554361
buchwald-hartwig,bh_reaction_5,49,5,20,pilot_summary,False,1,0.9812768058327065
buchwald-hartwig,bh_reaction_5,49,5,40,pilot_summary,False,1,0.9990075946885929
buchwald-hartwig,bh_reaction_5,49,10,20,pilot_summary,True,1,1.0
buchwald-hartwig,bh_reaction_5,49,10,40,pilot_summary,True,1,1.0
c2-yield,c2_yield_data,0,5,20,no_target,False,0,0.9703524863954971
c2-yield,c2_yield_data,0,5,40,no_target,False,1,0.9987179425045675
c2-yield,c2_yield_data,0,10,20,no_target,False,0,0.9169628747632411
c2-yield,c2_yield_data,0,10,40,no_target,False,1,0.9962096684465573
c2-yield,c2_yield_data,1,5,20,no_target,False,1,0.9703524863954971
c2-yield,c2_yield_data,1,5,40,no_target,False,1,0.9987179425045675
c2-yield,c2_yield_data,1,10,20,no_target,False,1,0.9169628747632411
c2-yield,c2_yield_data,1,10,40,no_target,False,1,0.9962096684465573
c2-yield,c2_yield_data,2,5,20,no_target,False,1,0.9703524863954971
c2-yield,c2_yield_data,2,5,40,no_target,False,1,0.9987179425045675
c2-yield,c2_yield_data,2,10,20,no_target,False,1,0.9169628747632411
c2-yield,c2_yield_data,2,10,40,no_target,False,1,0.9962096684465573
c2-yield,c2_yield_data,3,5,20,no_target,True,1,1.0
c2-yield,c2_yield_data,3,5,40,no_target,True,1,1.0
c2-yield,c2_yield_data,3,10,20,no_target,True,1,1.0
c2-yield,c2_yield_data,3,10,40,no_target,True,1,1.0
c2-yield,c2_yield_data,4,5,20,no_target,False,1,0.9703524863954971
c2-yield,c2_yield_data,4,5,40,no_target,False,1,0.9987179425045675
c2-yield,c2_yield_data,4,10,20,no_target,True,1,1.0
c2-yield,c2_yield_data,4,10,40,no_target,True,1,1.0
c2-yield,c2_yield_data,5,5,20,no_target,True,1,1.0
c2-yield,c2_yield_data,5,5,40,no_target,True,1,1.0
c2-yield,c2_yield_data,5,10,20,no_target,True,1,1.0
c2-yield,c2_yield_data,5,10,40,no_target,True,1,1.0
c2-yield,c2_yield_data,6,5,20,no_target,False,1,0.9703524863954971
c2-yield,c2_yield_data,6,5,40,no_target,False,1,0.9987179425045675
c2-yield,c2_yield_data,6,10,20,no_target,True,1,1.0
c2-yield,c2_yield_data,6,10,40,no_target,True,1,1.0
c2-yield,c2_yield_data,7,5,20,no_target,True,1,1.0
c2-yield,c2_yield_data,7,5,40,no_target,True,1,1.0
c2-yield,c2_yield_data,7,10,20,no_target,True,1,1.0
c2-yield,c2_yield_data,7,10,40,no_target,True,1,1.0
c2-yield,c2_yield_data,8,5,20,no_target,False,1,0.9703524863954971
c2-yield,c2_yield_data,8,5,40,no_target,False,1,0.9987179425045675
c2-yield,c2_yield_data,8,10,20,no_target,True,1,1.0
c2-yield,c2_yield_data,8,10,40,no_target,True,1,1.0
c2-yield,c2_yield_data,9,5,20,no_target,False,1,0.9703524863954971
c2-yield,c2_yield_data,9,5,40,no_target,False,1,0.9987179425045675
c2-yield,c2_yield_data,9,10,20,no_target,True,1,1.0
c2-yield,c2_yield_data,9,10,40,no_target,True,1,1.0
c2-yield,c2_yield_data,10,5,20,no_target,True,1,1.0
c2-yield,c2_yield_data,10,5,40,no_target,True,1,1.0
c2-yield,c2_yield_data,10,10,20,no_target,True,1,1.0
c2-yield,c2_yield_data,10,10,40,no_target,True,1,1.0
c2-yield,c2_yield_data,11,5,20,no_target,True,1,1.0
c2-yield,c2_yield_data,11,5,40,no_target,True,1,1.0
c2-yield,c2_yield_data,11,10,20,no_target,True,1,1.0
c2-yield,c2_yield_data,11,10,40,no_target,True,1,1.0
c2-yield,c2_yield_data,12,5,20,no_target,False,1,0.9703524863954971
c2-yield,c2_yield_data,12,5,40,no_target,False,1,0.9987179425045675
c2-yield,c2_yield_data,12,10,20,no_target,True,1,1.0
c2-yield,c2_yield_data,12,10,40,no_target,True,1,1.0
c2-yield,c2_yield_data,13,5,20,no_target,False,1,0.9703524863954971
c2-yield,c2_yield_data,13,5,40,no_target,False,1,0.9987179425045675
c2-yield,c2_yield_data,13,10,20,no_target,False,1,0.9169628747632411
c2-yield,c2_yield_data,13,10,40,no_target,False,1,0.9962096684465573
c2-yield,c2_yield_data,14,5,20,no_target,False,1,0.9703524863954971
c2-yield,c2_yield_data,14,5,40,no_target,False,1,0.9987179425045675
c2-yield,c2_yield_data,14,10,20,no_target,False,1,0.9169628747632411
c2-yield,c2_yield_data,14,10,40,no_target,False,1,0.9962096684465573
c2-yield,c2_yield_data,15,5,20,no_target,True,1,1.0
c2-yield,c2_yield_data,15,5,40,no_target,True,1,1.0
c2-yield,c2_yield_data,15,10,20,no_target,True,1,1.0
c2-yield,c2_yield_data,15,10,40,no_target,True,1,1.0
c2-yield,c2_yield_data,16,5,20,no_target,False,1,0.9703524863954971
c2-yield,c2_yield_data,16,5,40,no_target,False,1,0.9987179425045675
c2-yield,c2_yield_data,16,10,20,no_target,False,1,0.9169628747632411
c2-yield,c2_yield_data,16,10,40,no_target,False,1,0.9962096684465573
c2-yield,c2_yield_data,17,5,20,no_target,False,1,0.9703524863954971
c2-yield,c2_yield_data,17,5,40,no_target,False,1,0.9987179425045675
c2-yield,c2_yield_data,17,10,20,no_target,True,1,1.0
c2-yield,c2_yield_data,17,10,40,no_target,True,1,1.0
c2-yield,c2_yield_data,18,5,20,no_target,False,1,0.9703524863954971
c2-yield,c2_yield_data,18,5,40,no_target,False,1,0.9987179425045675
c2-yield,c2_yield_data,18,10,20,no_target,False,1,0.9169628747632411
c2-yield,c2_yield_data,18,10,40,no_target,False,1,0.9962096684465573
c2-yield,c2_yield_data,19,5,20,no_target,True,1,1.0
c2-yield,c2_yield_data,19,5,40,no_target,True,1,1.0
c2-yield,c2_yield_data,19,10,20,no_target,True,1,1.0
c2-yield,c2_yield_data,19,10,40,no_target,True,1,1.0
c2-yield,c2_yield_data,20,5,20,no_target,True,1,1.0
c2-yield,c2_yield_data,20,5,40,no_target,True,1,1.0
c2-yield,c2_yield_data,20,10,20,no_target,True,1,1.0
c2-yield,c2_yield_data,20,10,40,no_target,True,1,1.0
c2-yield,c2_yield_data,21,5,20,no_target,True,1,1.0
c2-yield,c2_yield_data,21,5,40,no_target,True,1,1.0
c2-yield,c2_yield_data,21,10,20,no_target,True,1,1.0
c2-yield,c2_yield_data,21,10,40,no_target,True,1,1.0
c2-yield,c2_yield_data,22,5,20,no_target,False,1,0.9703524863954971
c2-yield,c2_yield_data,22,5,40,no_target,False,1,0.9987179425045675
c2-yield,c2_yield_data,22,10,20,no_target,True,1,1.0
c2-yield,c2_yield_data,22,10,40,no_target,True,1,1.0
c2-yield,c2_yield_data,23,5,20,no_target,False,1,0.9703524863954971
c2-yield,c2_yield_data,23,5,40,no_target,False,1,0.9987179425045675
c2-yield,c2_yield_data,23,10,20,no_target,True,1,1.0
c2-yield,c2_yield_data,23,10,40,no_target,True,1,1.0
c2-yield,c2_yield_data,24,5,20,no_target,True,1,1.0
c2-yield,c2_yield_data,24,5,40,no_target,True,1,1.0
c2-yield,c2_yield_data,24,10,20,no_target,True,1,1.0
c2-yield,c2_yield_data,24,10,40,no_target,True,1,1.0
c2-yield,c2_yield_data,25,5,20,no_target,False,1,0.9703524863954971
c2-yield,c2_yield_data,25,5,40,no_target,False,1,0.9987179425045675
c2-yield,c2_yield_data,25,10,20,no_target,False,1,0.9169628747632411
c2-yield,c2_yield_data,25,10,40,no_target,False,1,0.9962096684465573
c2-yield,c2_yield_data,26,5,20,no_target,False,1,0.9703524863954971
c2-yield,c2_yield_data,26,5,40,no_target,False,1,0.9987179425045675
c2-yield,c2_yield_data,26,10,20,no_target,True,1,1.0
c2-yield,c2_yield_data,26,10,40,no_target,True,1,1.0
c2-yield,c2_yield_data,27,5,20,no_target,False,1,0.9703524863954971
c2-yield,c2_yield_data,27,5,40,no_target,False,1,0.9987179425045675
c2-yield,c2_yield_data,27,10,20,no_target,True,1,1.0
c2-yield,c2_yield_data,27,10,40,no_target,True,1,1.0
c2-yield,c2_yield_data,28,5,20,no_target,True,1,1.0
c2-yield,c2_yield_data,28,5,40,no_target,True,1,1.0
c2-yield,c2_yield_data,28,10,20,no_target,True,1,1.0
c2-yield,c2_yield_data,28,10,40,no_target,True,1,1.0
c2-yield,c2_yield_data,29,5,20,no_target,False,1,0.9703524863954971
c2-yield,c2_yield_data,29,5,40,no_target,False,1,0.9987179425045675
c2-yield,c2_yield_data,29,10,20,no_target,True,1,1.0
c2-yield,c2_yield_data,29,10,40,no_target,True,1,1.0
c2-yield,c2_yield_data,30,5,20,no_target,False,1,0.9703524863954971
c2-yield,c2_yield_data,30,5,40,no_target,False,1,0.9987179425045675
c2-yield,c2_yield_data,30,10,20,no_target,True,1,1.0
c2-yield,c2_yield_data,30,10,40,no_target,True,1,1.0
c2-yield,c2_yield_data,31,5,20,no_target,True,1,1.0
c2-yield,c2_yield_data,31,5,40,no_target,True,1,1.0
c2-yield,c2_yield_data,31,10,20,no_target,True,1,1.0
c2-yield,c2_yield_data,31,10,40,no_target,True,1,1.0
c2-yield,c2_yield_data,32,5,20,no_target,False,1,0.9703524863954971
c2-yield,c2_yield_data,32,5,40,no_target,False,1,0.9987179425045675
c2-yield,c2_yield_data,32,10,20,no_target,True,1,1.0
c2-yield,c2_yield_data,32,10,40,no_target,True,1,1.0
c2-yield,c2_yield_data,33,5,20,no_target,True,1,1.0
c2-yield,c2_yield_data,33,5,40,no_target,True,1,1.0
c2-yield,c2_yield_data,33,10,20,no_target,True,1,1.0
c2-yield,c2_yield_data,33,10,40,no_target,True,1,1.0
c2-yield,c2_yield_data,34,5,20,no_target,False,1,0.9703524863954971
c2-yield,c2_yield_data,34,5,40,no_target,False,1,0.9987179425045675
c2-yield,c2_yield_data,34,10,20,no_target,True,1,1.0
c2-yield,c2_yield_data,34,10,40,no_target,True,1,1.0
c2-yield,c2_yield_data,35,5,20,no_target,False,1,0.9703524863954971
c2-yield,c2_yield_data,35,5,40,no_target,False,1,0.9987179425045675
c2-yield,c2_yield_data,35,10,20,no_target,False,1,0.9169628747632411
c2-yield,c2_yield_data,35,10,40,no_target,False,1,0.9962096684465573
c2-yield,c2_yield_data,36,5,20,no_target,True,1,1.0
c2-yield,c2_yield_data,36,5,40,no_target,True,1,1.0
c2-yield,c2_yield_data,36,10,20,no_target,True,1,1.0
c2-yield,c2_yield_data,36,10,40,no_target,True,1,1.0
c2-yield,c2_yield_data,37,5,20,no_target,False,1,0.9703524863954971
c2-yield,c2_yield_data,37,5,40,no_target,False,1,0.9987179425045675
c2-yield,c2_yield_data,37,10,20,no_target,True,1,1.0
c2-yield,c2_yield_data,37,10,40,no_target,True,1,1.0
c2-yield,c2_yield_data,38,5,20,no_target,False,1,0.9703524863954971
c2-yield,c2_yield_data,38,5,40,no_target,False,1,0.9987179425045675
c2-yield,c2_yield_data,38,10,20,no_target,True,1,1.0
c2-yield,c2_yield_data,38,10,40,no_target,True,1,1.0
c2-yield,c2_yield_data,39,5,20,no_target,True,1,1.0
c2-yield,c2_yield_data,39,5,40,no_target,True,1,1.0
c2-yield,c2_yield_data,39,10,20,no_target,True,1,1.0
c2-yield,c2_yield_data,39,10,40,no_target,True,1,1.0
c2-yield,c2_yield_data,40,5,20,no_target,False,1,0.9703524863954971
c2-yield,c2_yield_data,40,5,40,no_target,False,1,0.9987179425045675
c2-yield,c2_yield_data,40,10,20,no_target,True,1,1.0
c2-yield,c2_yield_data,40,10,40,no_target,True,1,1.0
c2-yield,c2_yield_data,41,5,20,no_target,False,1,0.9703524863954971
c2-yield,c2_yield_data,41,5,40,no_target,False,1,0.9987179425045675
c2-yield,c2_yield_data,41,10,20,no_target,True,1,1.0
c2-yield,c2_yield_data,41,10,40,no_target,True,1,1.0
c2-yield,c2_yield_data,42,5,20,no_target,True,1,1.0
c2-yield,c2_yield_data,42,5,40,no_target,True,1,1.0
c2-yield,c2_yield_data,42,10,20,no_target,True,1,1.0
c2-yield,c2_yield_data,42,10,40,no_target,True,1,1.0
c2-yield,c2_yield_data,43,5,20,no_target,True,1,1.0
c2-yield,c2_yield_data,43,5,40,no_target,True,1,1.0
c2-yield,c2_yield_data,43,10,20,no_target,True,1,1.0
c2-yield,c2_yield_data,43,10,40,no_target,True,1,1.0
c2-yield,c2_yield_data,44,5,20,no_target,True,1,1.0
c2-yield,c2_yield_data,44,5,40,no_target,True,1,1.0
c2-yield,c2_yield_data,44,10,20,no_target,True,1,1.0
c2-yield,c2_yield_data,44,10,40,no_target,True,1,1.0
c2-yield,c2_yield_data,45,5,20,no_target,False,1,0.9703524863954971
c2-yield,c2_yield_data,45,5,40,no_target,False,1,0.9987179425045675
c2-yield,c2_yield_data,45,10,20,no_target,True,1,1.0
c2-yield,c2_yield_data,45,10,40,no_target,True,1,1.0
c2-yield,c2_yield_data,46,5,20,no_target,True,1,1.0
c2-yield,c2_yield_data,46,5,40,no_target,True,1,1.0
c2-yield,c2_yield_data,46,10,20,no_target,True,1,1.0
c2-yield,c2_yield_data,46,10,40,no_target,True,1,1.0
c2-yield,c2_yield_data,47,5,20,no_target,True,1,1.0
c2-yield,c2_yield_data,47,5,40,no_target,True,1,1.0
c2-yield,c2_yield_data,47,10,20,no_target,True,1,1.0
c2-yield,c2_yield_data,47,10,40,no_target,True,1,1.0
c2-yield,c2_yield_data,48,5,20,no_target,True,1,1.0
c2-yield,c2_yield_data,48,5,40,no_target,True,1,1.0
c2-yield,c2_yield_data,48,10,20,no_target,True,1,1.0
c2-yield,c2_yield_data,48,10,40,no_target,True,1,1.0
c2-yield,c2_yield_data,49,5,20,no_target,True,1,1.0
c2-yield,c2_yield_data,49,5,40,no_target,True,1,1.0
c2-yield,c2_yield_data,49,10,20,no_target,True,1,1.0
c2-yield,c2_yield_data,49,10,40,no_target,True,1,1.0
c2-yield,c2_yield_data,0,5,20,count,False,0,0.9703524863951004
c2-yield,c2_yield_data,0,5,40,count,False,1,0.9987179425047352
c2-yield,c2_yield_data,0,10,20,count,False,0,0.9169628747641634
c2-yield,c2_yield_data,0,10,40,count,False,1,0.9962096684471491
c2-yield,c2_yield_data,1,5,20,count,False,1,0.9703524863951004
c2-yield,c2_yield_data,1,5,40,count,False,1,0.9987179425047352
c2-yield,c2_yield_data,1,10,20,count,False,1,0.9169628747641634
c2-yield,c2_yield_data,1,10,40,count,False,1,0.9962096684471491
c2-yield,c2_yield_data,2,5,20,count,False,1,0.9703524863951004
c2-yield,c2_yield_data,2,5,40,count,False,1,0.9987179425047352
c2-yield,c2_yield_data,2,10,20,count,False,1,0.9169628747641634
c2-yield,c2_yield_data,2,10,40,count,False,1,0.9962096684471491
c2-yield,c2_yield_data,3,5,20,count,True,1,1.0
c2-yield,c2_yield_data,3,5,40,count,True,1,1.0
c2-yield,c2_yield_data,3,10,20,count,True,1,1.0
c2-yield,c2_yield_data,3,10,40,count,True,1,1.0
c2-yield,c2_yield_data,4,5,20,count,False,1,0.9703524863951004
c2-yield,c2_yield_data,4,5,40,count,False,1,0.9987179425047352
c2-yield,c2_yield_data,4,10,20,count,True,1,1.0
c2-yield,c2_yield_data,4,10,40,count,True,1,1.0
c2-yield,c2_yield_data,5,5,20,count,True,1,1.0
c2-yield,c2_yield_data,5,5,40,count,True,1,1.0
c2-yield,c2_yield_data,5,10,20,count,True,1,1.0
c2-yield,c2_yield_data,5,10,40,count,True,1,1.0
c2-yield,c2_yield_data,6,5,20,count,False,1,0.9703524863951004
c2-yield,c2_yield_data,6,5,40,count,False,1,0.9987179425047352
c2-yield,c2_yield_data,6,10,20,count,True,1,1.0
c2-yield,c2_yield_data,6,10,40,count,True,1,1.0
c2-yield,c2_yield_data,7,5,20,count,True,1,1.0
c2-yield,c2_yield_data,7,5,40,count,True,1,1.0
c2-yield,c2_yield_data,7,10,20,count,True,1,1.0
c2-yield,c2_yield_data,7,10,40,count,True,1,1.0
c2-yield,c2_yield_data,8,5,20,count,False,1,0.9703524863951004
c2-yield,c2_yield_data,8,5,40,count,False,1,0.9987179425047352
c2-yield,c2_yield_data,8,10,20,count,True,1,1.0
c2-yield,c2_yield_data,8,10,40,count,True,1,1.0
c2-yield,c2_yield_data,9,5,20,count,False,1,0.9703524863951004
c2-yield,c2_yield_data,9,5,40,count,False,1,0.9987179425047352
c2-yield,c2_yield_data,9,10,20,count,True,1,1.0
c2-yield,c2_yield_data,9,10,40,count,True,1,1.0
c2-yield,c2_yield_data,10,5,20,count,True,1,1.0
c2-yield,c2_yield_data,10,5,40,count,True,1,1.0
c2-yield,c2_yield_data,10,10,20,count,True,1,1.0
c2-yield,c2_yield_data,10,10,40,count,True,1,1.0
c2-yield,c2_yield_data,11,5,20,count,True,1,1.0
c2-yield,c2_yield_data,11,5,40,count,True,1,1.0
c2-yield,c2_yield_data,11,10,20,count,True,1,1.0
c2-yield,c2_yield_data,11,10,40,count,True,1,1.0
c2-yield,c2_yield_data,12,5,20,count,False,1,0.9703524863951004
c2-yield,c2_yield_data,12,5,40,count,False,1,0.9987179425047352
c2-yield,c2_yield_data,12,10,20,count,True,1,1.0
c2-yield,c2_yield_data,12,10,40,count,True,1,1.0
c2-yield,c2_yield_data,13,5,20,count,False,1,0.9703524863951004
c2-yield,c2_yield_data,13,5,40,count,False,1,0.9987179425047352
c2-yield,c2_yield_data,13,10,20,count,False,1,0.9169628747641634
c2-yield,c2_yield_data,13,10,40,count,False,1,0.9962096684471491
c2-yield,c2_yield_data,14,5,20,count,False,1,0.9703524863951004
c2-yield,c2_yield_data,14,5,40,count,False,1,0.9987179425047352
c2-yield,c2_yield_data,14,10,20,count,False,1,0.9169628747641634
c2-yield,c2_yield_data,14,10,40,count,False,1,0.9962096684471491
c2-yield,c2_yield_data,15,5,20,count,True,1,1.0
c2-yield,c2_yield_data,15,5,40,count,True,1,1.0
c2-yield,c2_yield_data,15,10,20,count,True,1,1.0
c2-yield,c2_yield_data,15,10,40,count,True,1,1.0
c2-yield,c2_yield_data,16,5,20,count,False,1,0.9703524863951004
c2-yield,c2_yield_data,16,5,40,count,False,1,0.9987179425047352
c2-yield,c2_yield_data,16,10,20,count,False,1,0.9169628747641634
c2-yield,c2_yield_data,16,10,40,count,False,1,0.9962096684471491
c2-yield,c2_yield_data,17,5,20,count,False,1,0.9703524863951004
c2-yield,c2_yield_data,17,5,40,count,False,1,0.9987179425047352
c2-yield,c2_yield_data,17,10,20,count,True,1,1.0
c2-yield,c2_yield_data,17,10,40,count,True,1,1.0
c2-yield,c2_yield_data,18,5,20,count,False,1,0.9703524863951004
c2-yield,c2_yield_data,18,5,40,count,False,1,0.9987179425047352
c2-yield,c2_yield_data,18,10,20,count,False,1,0.9169628747641634
c2-yield,c2_yield_data,18,10,40,count,False,1,0.9962096684471491
c2-yield,c2_yield_data,19,5,20,count,True,1,1.0
c2-yield,c2_yield_data,19,5,40,count,True,1,1.0
c2-yield,c2_yield_data,19,10,20,count,True,1,1.0
c2-yield,c2_yield_data,19,10,40,count,True,1,1.0
c2-yield,c2_yield_data,20,5,20,count,True,1,1.0
c2-yield,c2_yield_data,20,5,40,count,True,1,1.0
c2-yield,c2_yield_data,20,10,20,count,True,1,1.0
c2-yield,c2_yield_data,20,10,40,count,True,1,1.0
c2-yield,c2_yield_data,21,5,20,count,True,1,1.0
c2-yield,c2_yield_data,21,5,40,count,True,1,1.0
c2-yield,c2_yield_data,21,10,20,count,True,1,1.0
c2-yield,c2_yield_data,21,10,40,count,True,1,1.0
c2-yield,c2_yield_data,22,5,20,count,False,1,0.9703524863951004
c2-yield,c2_yield_data,22,5,40,count,False,1,0.9987179425047352
c2-yield,c2_yield_data,22,10,20,count,True,1,1.0
c2-yield,c2_yield_data,22,10,40,count,True,1,1.0
c2-yield,c2_yield_data,23,5,20,count,False,1,0.9703524863951004
c2-yield,c2_yield_data,23,5,40,count,False,1,0.9987179425047352
c2-yield,c2_yield_data,23,10,20,count,True,1,1.0
c2-yield,c2_yield_data,23,10,40,count,True,1,1.0
c2-yield,c2_yield_data,24,5,20,count,True,1,1.0
c2-yield,c2_yield_data,24,5,40,count,True,1,1.0
c2-yield,c2_yield_data,24,10,20,count,True,1,1.0
c2-yield,c2_yield_data,24,10,40,count,True,1,1.0
c2-yield,c2_yield_data,25,5,20,count,False,1,0.9703524863951004
c2-yield,c2_yield_data,25,5,40,count,False,1,0.9987179425047352
c2-yield,c2_yield_data,25,10,20,count,False,1,0.9169628747641634
c2-yield,c2_yield_data,25,10,40,count,False,1,0.9962096684471491
c2-yield,c2_yield_data,26,5,20,count,False,1,0.9703524863951004
c2-yield,c2_yield_data,26,5,40,count,False,1,0.9987179425047352
c2-yield,c2_yield_data,26,10,20,count,True,1,1.0
c2-yield,c2_yield_data,26,10,40,count,True,1,1.0
c2-yield,c2_yield_data,27,5,20,count,False,1,0.9703524863951004
c2-yield,c2_yield_data,27,5,40,count,False,1,0.9987179425047352
c2-yield,c2_yield_data,27,10,20,count,True,1,1.0
c2-yield,c2_yield_data,27,10,40,count,True,1,1.0
c2-yield,c2_yield_data,28,5,20,count,True,1,1.0
c2-yield,c2_yield_data,28,5,40,count,True,1,1.0
c2-yield,c2_yield_data,28,10,20,count,True,1,1.0
c2-yield,c2_yield_data,28,10,40,count,True,1,1.0
c2-yield,c2_yield_data,29,5,20,count,False,1,0.9703524863951004
c2-yield,c2_yield_data,29,5,40,count,False,1,0.9987179425047352
c2-yield,c2_yield_data,29,10,20,count,True,1,1.0
c2-yield,c2_yield_data,29,10,40,count,True,1,1.0
c2-yield,c2_yield_data,30,5,20,count,False,1,0.9703524863951004
c2-yield,c2_yield_data,30,5,40,count,False,1,0.9987179425047352
c2-yield,c2_yield_data,30,10,20,count,True,1,1.0
c2-yield,c2_yield_data,30,10,40,count,True,1,1.0
c2-yield,c2_yield_data,31,5,20,count,True,1,1.0
c2-yield,c2_yield_data,31,5,40,count,True,1,1.0
c2-yield,c2_yield_data,31,10,20,count,True,1,1.0
c2-yield,c2_yield_data,31,10,40,count,True,1,1.0
c2-yield,c2_yield_data,32,5,20,count,False,1,0.9703524863951004
c2-yield,c2_yield_data,32,5,40,count,False,1,0.9987179425047352
c2-yield,c2_yield_data,32,10,20,count,True,1,1.0
c2-yield,c2_yield_data,32,10,40,count,True,1,1.0
c2-yield,c2_yield_data,33,5,20,count,True,1,1.0
c2-yield,c2_yield_data,33,5,40,count,True,1,1.0
c2-yield,c2_yield_data,33,10,20,count,True,1,1.0
c2-yield,c2_yield_data,33,10,40,count,True,1,1.0
c2-yield,c2_yield_data,34,5,20,count,False,1,0.9703524863951004
c2-yield,c2_yield_data,34,5,40,count,False,1,0.9987179425047352
c2-yield,c2_yield_data,34,10,20,count,True,1,1.0
c2-yield,c2_yield_data,34,10,40,count,True,1,1.0
c2-yield,c2_yield_data,35,5,20,count,False,1,0.9703524863951004
c2-yield,c2_yield_data,35,5,40,count,False,1,0.9987179425047352
c2-yield,c2_yield_data,35,10,20,count,False,1,0.9169628747641634
c2-yield,c2_yield_data,35,10,40,count,False,1,0.9962096684471491
c2-yield,c2_yield_data,36,5,20,count,True,1,1.0
c2-yield,c2_yield_data,36,5,40,count,True,1,1.0
c2-yield,c2_yield_data,36,10,20,count,True,1,1.0
c2-yield,c2_yield_data,36,10,40,count,True,1,1.0
c2-yield,c2_yield_data,37,5,20,count,False,1,0.9703524863951004
c2-yield,c2_yield_data,37,5,40,count,False,1,0.9987179425047352
c2-yield,c2_yield_data,37,10,20,count,True,1,1.0
c2-yield,c2_yield_data,37,10,40,count,True,1,1.0
c2-yield,c2_yield_data,38,5,20,count,False,1,0.9703524863951004
c2-yield,c2_yield_data,38,5,40,count,False,1,0.9987179425047352
c2-yield,c2_yield_data,38,10,20,count,True,1,1.0
c2-yield,c2_yield_data,38,10,40,count,True,1,1.0
c2-yield,c2_yield_data,39,5,20,count,True,1,1.0
c2-yield,c2_yield_data,39,5,40,count,True,1,1.0
c2-yield,c2_yield_data,39,10,20,count,True,1,1.0
c2-yield,c2_yield_data,39,10,40,count,True,1,1.0
c2-yield,c2_yield_data,40,5,20,count,False,1,0.9703524863951004
c2-yield,c2_yield_data,40,5,40,count,False,1,0.9987179425047352
c2-yield,c2_yield_data,40,10,20,count,True,1,1.0
c2-yield,c2_yield_data,40,10,40,count,True,1,1.0
c2-yield,c2_yield_data,41,5,20,count,False,1,0.9703524863951004
c2-yield,c2_yield_data,41,5,40,count,False,1,0.9987179425047352
c2-yield,c2_yield_data,41,10,20,count,True,1,1.0
c2-yield,c2_yield_data,41,10,40,count,True,1,1.0
c2-yield,c2_yield_data,42,5,20,count,True,1,1.0
c2-yield,c2_yield_data,42,5,40,count,True,1,1.0
c2-yield,c2_yield_data,42,10,20,count,True,1,1.0
c2-yield,c2_yield_data,42,10,40,count,True,1,1.0
c2-yield,c2_yield_data,43,5,20,count,True,1,1.0
c2-yield,c2_yield_data,43,5,40,count,True,1,1.0
c2-yield,c2_yield_data,43,10,20,count,True,1,1.0
c2-yield,c2_yield_data,43,10,40,count,True,1,1.0
c2-yield,c2_yield_data,44,5,20,count,True,1,1.0
c2-yield,c2_yield_data,44,5,40,count,True,1,1.0
c2-yield,c2_yield_data,44,10,20,count,True,1,1.0
c2-yield,c2_yield_data,44,10,40,count,True,1,1.0
c2-yield,c2_yield_data,45,5,20,count,False,1,0.9703524863951004
c2-yield,c2_yield_data,45,5,40,count,False,1,0.9987179425047352
c2-yield,c2_yield_data,45,10,20,count,True,1,1.0
c2-yield,c2_yield_data,45,10,40,count,True,1,1.0
c2-yield,c2_yield_data,46,5,20,count,True,1,1.0
c2-yield,c2_yield_data,46,5,40,count,True,1,1.0
c2-yield,c2_yield_data,46,10,20,count,True,1,1.0
c2-yield,c2_yield_data,46,10,40,count,True,1,1.0
c2-yield,c2_yield_data,47,5,20,count,True,1,1.0
c2-yield,c2_yield_data,47,5,40,count,True,1,1.0
c2-yield,c2_yield_data,47,10,20,count,True,1,1.0
c2-yield,c2_yield_data,47,10,40,count,True,1,1.0
c2-yield,c2_yield_data,48,5,20,count,True,1,1.0
c2-yield,c2_yield_data,48,5,40,count,True,1,1.0
c2-yield,c2_yield_data,48,10,20,count,True,1,1.0
c2-yield,c2_yield_data,48,10,40,count,True,1,1.0
c2-yield,c2_yield_data,49,5,20,count,True,1,1.0
c2-yield,c2_yield_data,49,5,40,count,True,1,1.0
c2-yield,c2_yield_data,49,10,20,count,True,1,1.0
c2-yield,c2_yield_data,49,10,40,count,True,1,1.0
c2-yield,c2_yield_data,0,5,20,best,False,0,0.9878198523497848
c2-yield,c2_yield_data,0,5,40,best,False,1,0.9995243712964553
c2-yield,c2_yield_data,0,10,20,best,False,0,0.9563506995292782
c2-yield,c2_yield_data,0,10,40,best,False,1,0.9982416890681222
c2-yield,c2_yield_data,1,5,20,best,False,1,0.9561255502313676
c2-yield,c2_yield_data,1,5,40,best,False,1,0.9982322200347996
c2-yield,c2_yield_data,1,10,20,best,False,1,0.9458518571054283
c2-yield,c2_yield_data,1,10,40,best,False,1,0.9977955417939193
c2-yield,c2_yield_data,2,5,20,best,False,1,0.9878198523497848
c2-yield,c2_yield_data,2,5,40,best,False,1,0.9995243712964553
c2-yield,c2_yield_data,2,10,20,best,False,1,0.9540897742734203
c2-yield,c2_yield_data,2,10,40,best,False,1,0.9981464073455288
c2-yield,c2_yield_data,3,5,20,best,True,1,1.0
c2-yield,c2_yield_data,3,5,40,best,True,1,1.0
c2-yield,c2_yield_data,3,10,20,best,True,1,1.0
c2-yield,c2_yield_data,3,10,40,best,True,1,1.0
c2-yield,c2_yield_data,4,5,20,best,False,1,0.9877286465908947
c2-yield,c2_yield_data,4,5,40,best,False,1,0.9995207672370852
c2-yield,c2_yield_data,4,10,20,best,True,1,1.0
c2-yield,c2_yield_data,4,10,40,best,True,1,1.0
c2-yield,c2_yield_data,5,5,20,best,True,1,1.0
c2-yield,c2_yield_data,5,5,40,best,True,1,1.0
c2-yield,c2_yield_data,5,10,20,best,True,1,1.0
c2-yield,c2_yield_data,5,10,40,best,True,1,1.0
c2-yield,c2_yield_data,6,5,20,best,False,1,0.9846559619669345
c2-yield,c2_yield_data,6,5,40,best,False,1,0.999398973092782
c2-yield,c2_yield_data,6,10,20,best,True,1,1.0
c2-yield,c2_yield_data,6,10,40,best,True,1,1.0
c2-yield,c2_yield_data,7,5,20,best,True,1,1.0
c2-yield,c2_yield_data,7,5,40,best,True,1,1.0
c2-yield,c2_yield_data,7,10,20,best,True,1,1.0
c2-yield,c2_yield_data,7,10,40,best,True,1,1.0
c2-yield,c2_yield_data,8,5,20,best,False,1,0.9872624040248413
c2-yield,c2_yield_data,8,5,40,best,False,1,0.99950233333947
c2-yield,c2_yield_data,8,10,20,best,True,1,1.0
c2-yield,c2_yield_data,8,10,40,best,True,1,1.0
c2-yield,c2_yield_data,9,5,20,best,False,1,0.9874509634047626
c2-yield,c2_yield_data,9,5,40,best,False,1,0.9995097904526439
c2-yield,c2_yield_data,9,10,20,best,True,1,1.0
c2-yield,c2_yield_data,9,10,40,best,True,1,1.0
c2-yield,c2_yield_data,10,5,20,best,True,1,1.0
c2-yield,c2_yield_data,10,5,40,best,True,1,1.0
c2-yield,c2_yield_data,10,10,20,best,True,1,1.0
c2-yield,c2_yield_data,10,10,40,best,True,1,1.0
c2-yield,c2_yield_data,11,5,20,best,True,1,1.0
c2-yield,c2_yield_data,11,5,40,best,True,1,1.0
c2-yield,c2_yield_data,11,10,20,best,True,1,1.0
c2-yield,c2_yield_data,11,10,40,best,True,1,1.0
c2-yield,c2_yield_data,12,5,20,best,False,1,0.9889463077225471
c2-yield,c2_yield_data,12,5,40,best,False,1,0.9995688312992594
c2-yield,c2_yield_data,12,10,20,best,True,1,1.0
c2-yield,c2_yield_data,12,10,40,best,True,1,1.0
c2-yield,c2_yield_data,13,5,20,best,False,1,0.9849945526811199
c2-yield,c2_yield_data,13,5,40,best,False,1,0.9994124298435896
c2-yield,c2_yield_data,13,10,20,best,False,1,0.9605575973679005
c2-yield,c2_yield_data,13,10,40,best,False,1,0.9984178336431817
c2-yield,c2_yield_data,14,5,20,best,False,1,0.9848825146592352
c2-yield,c2_yield_data,14,5,40,best,False,1,0.9994079780543029
c2-yield,c2_yield_data,14,10,20,best,False,1,0.9563506995292782
c2-yield,c2_yield_data,14,10,40,best,False,1,0.9982416890681222
c2-yield,c2_yield_data,15,5,20,best,True,1,1.0
c2-yield,c2_yield_data,15,5,40,best,True,1,1.0
c2-yield,c2_yield_data,15,10,20,best,True,1,1.0
c2-yield,c2_yield_data,15,10,40,best,True,1,1.0
c2-yield,c2_yield_data,16,5,20,best,False,1,0.9764206006883076
c2-yield,c2_yield_data,16,5,40,best,False,1,0.9990689111769008
c2-yield,c2_yield_data,16,10,20,best,False,1,0.9569769151312209
c2-yield,c2_yield_data,16,10,40,best,False,1,0.9982680031342362
c2-yield,c2_yield_data,17,5,20,best,False,1,0.9854345846717911
c2-yield,c2_yield_data,17,5,40,best,False,1,0.9994299049397425
c2-yield,c2_yield_data,17,10,20,best,True,1,1.0
c2-yield,c2_yield_data,17,10,40,best,True,1,1.0
c2-yield,c2_yield_data,18,5,20,best,False,1,0.9868768564433165
c2-yield,c2_yield_data,18,5,40,best,False,1,0.999487077248119
c2-yield,c2_yield_data,18,10,20,best,False,1,0.9506657913905238
c2-yield,c2_yield_data,18,10,40,best,False,1,0.9980012831953348
c2-yield,c2_yield_data,19,5,20,best,True,1,1.0
c2-yield,c2_yield_data,19,5,40,best,True,1,1.0
c2-yield,c2_yield_data,19,10,20,best,True,1,1.0
c2-yield,c2_yield_data,19,10,40,best,True,1,1.0
c2-yield,c2_yield_data,20,5,20,best,True,1,1.0
c2-yield,c2_yield_data,20,5,40,best,True,1,1.0
c2-yield,c2_yield_data,20,10,20,best,True,1,1.0
c2-yield,c2_yield_data,20,10,40,best,True,1,1.0
c2-yield,c2_yield_data,21,5,20,best,True,1,1.0
c2-yield,c2_yield_data,21,5,40,best,True,1,1.0
c2-yield,c2_yield_data,21,10,20,best,True,1,1.0
c2-yield,c2_yield_data,21,10,40,best,True,1,1.0
c2-yield,c2_yield_data,22,5,20,best,False,1,0.9819325420777035
c2-yield,c2_yield_data,22,5,40,best,False,1,0.9992904108215698
c2-yield,c2_yield_data,22,10,20,best,True,1,1.0
c2-yield,c2_yield_data,22,10,40,best,True,1,1.0
c2-yield,c2_yield_data,23,5,20,best,False,1,0.9891102146054338
c2-yield,c2_yield_data,23,5,40,best,False,1,0.9995752924202538
c2-yield,c2_yield_data,23,10,20,best,True,1,1.0
c2-yield,c2_yield_data,23,10,40,best,True,1,1.0
c2-yield,c2_yield_data,24,5,20,best,True,1,1.0
c2-yield,c2_yield_data,24,5,40,best,True,1,1.0
c2-yield,c2_yield_data,24,10,20,best,True,1,1.0
c2-yield,c2_yield_data,24,10,40,best,True,1,1.0
c2-yield,c2_yield_data,25,5,20,best,False,1,0.9811108018045354
c2-yield,c2_yield_data,25,5,40,best,False,1,0.9992575405054508
c2-yield,c2_yield_data,25,10,20,best,False,1,0.9605575973679005
c2-yield,c2_yield_data,25,10,40,best,False,1,0.9984178336431817
c2-yield,c2_yield_data,26,5,20,best,False,1,0.9896651816696103
c2-yield,c2_yield_data,26,5,40,best,False,1,0.9995971536515893
c2-yield,c2_yield_data,26,10,20,best,True,1,1.0
c2-yield,c2_yield_data,26,10,40,best,True,1,1.0
c2-yield,c2_yield_data,27,5,20,best,False,1,0.989587648208479
c2-yield,c2_yield_data,27,5,40,best,False,1,0.9995941008739313
c2-yield,c2_yield_data,27,10,20,best,True,1,1.0
c2-yield,c2_yield_data,27,10,40,best,True,1,1.0
c2-yield,c2_yield_data,28,5,20,best,True,1,1.0
c2-yield,c2_yield_data,28,5,40,best,True,1,1.0
c2-yield,c2_yield_data,28,10,20,best,True,1,1.0
c2-yield,c2_yield_data,28,10,40,best,True,1,1.0
c2-yield,c2_yield_data,29,5,20,best,False,1,0.9762460891675668
c2-yield,c2_yield_data,29,5,40,best,False,1,0.999061859124162
c2-yield,c2_yield_data,29,10,20,best,True,1,1.0
c2-yield,c2_yield_data,29,10,40,best,True,1,1.0
c2-yield,c2_yield_data,30,5,20,best,False,1,0.9881780273339859
c2-yield,c2_yield_data,30,5,40,best,False,1,0.9995385186463706
c2-yield,c2_yield_data,30,10,20,best,True,1,1.0
c2-yield,c2_yield_data,30,10,40,best,True,1,1.0
c2-yield,c2_yield_data,31,5,20,best,True,1,1.0
c2-yield,c2_yield_data,31,5,40,best,True,1,1.0
c2-yield,c2_yield_data,31,10,20,best,True,1,1.0
c2-yield,c2_yield_data,31,10,40,best,True,1,1.0
c2-yield,c2_yield_data,32,5,20,best,False,1,0.9885257920050988
c2-yield,c2_yield_data,32,5,40,best,False,1,0.9995522453785883
c2-yield,c2_yield_data,32,10,20,best,True,1,1.0
c2-yield,c2_yield_data,32,10,40,best,True,1,1.0
c2-yield,c2_yield_data,33,5,20,best,True,1,1.0
c2-yield,c2_yield_data,33,5,40,best,True,1,1.0
c2-yield,c2_yield_data,33,10,20,best,True,1,1.0
c2-yield,c2_yield_data,33,10,40,best,True,1,1.0
c2-yield,c2_yield_data,34,5,20,best,False,1,0.9875442069932595
c2-yield,c2_yield_data,34,5,40,best,False,1,0.9995134770224965
c2-yield,c2_yield_data,34,10,20,best,True,1,1.0
c2-yield,c2_yield_data,34,10,40,best,True,1,1.0
c2-yield,c2_yield_data,35,5,20,best,False,1,0.9486025812623419
c2-yield,c2_yield_data,35,5,40,best,False,1,0.9979133495475742
c2-yield,c2_yield_data,35,10,20,best,False,1,0.9458518571054283
c2-yield,c2_yield_data,35,10,40,best,False,1,0.9977955417939193
c2-yield,c2_yield_data,36,5,20,best,True,1,1.0
c2-yield,c2_yield_data,36,5,40,best,True,1,1.0
c2-yield,c2_yield_data,36,10,20,best,True,1,1.0
c2-yield,c2_yield_data,36,10,40,best,True,1,1.0
c2-yield,c2_yield_data,37,5,20,best,False,1,0.9854345846717911
c2-yield,c2_yield_data,37,5,40,best,False,1,0.9994299049397425
c2-yield,c2_yield_data,37,10,20,best,True,1,1.0
c2-yield,c2_yield_data,37,10,40,best,True,1,1.0
c2-yield,c2_yield_data,38,5,20,best,False,1,0.9881780273339859
c2-yield,c2_yield_data,38,5,40,best,False,1,0.9995385186463706
c2-yield,c2_yield_data,38,10,20,best,True,1,1.0
c2-yield,c2_yield_data,38,10,40,best,True,1,1.0
c2-yield,c2_yield_data,39,5,20,best,True,1,1.0
c2-yield,c2_yield_data,39,5,40,best,True,1,1.0
c2-yield,c2_yield_data,39,10,20,best,True,1,1.0
c2-yield,c2_yield_data,39,10,40,best,True,1,1.0
c2-yield,c2_yield_data,40,5,20,best,False,1,0.9896651816696103
c2-yield,c2_yield_data,40,5,40,best,False,1,0.9995971536515893
c2-yield,c2_yield_data,40,10,20,best,True,1,1.0
c2-yield,c2_yield_data,40,10,40,best,True,1,1.0
c2-yield,c2_yield_data,41,5,20,best,False,1,0.9861742514777593
c2-yield,c2_yield_data,41,5,40,best,False,1,0.9994592457406926
c2-yield,c2_yield_data,41,10,20,best,True,1,1.0
c2-yield,c2_yield_data,41,10,40,best,True,1,1.0
c2-yield,c2_yield_data,42,5,20,best,True,1,1.0
c2-yield,c2_yield_data,42,5,40,best,True,1,1.0
c2-yield,c2_yield_data,42,10,20,best,True,1,1.0
c2-yield,c2_yield_data,42,10,40,best,True,1,1.0
c2-yield,c2_yield_data,43,5,20,best,True,1,1.0
c2-yield,c2_yield_data,43,5,40,best,True,1,1.0
c2-yield,c2_yield_data,43,10,20,best,True,1,1.0
c2-yield,c2_yield_data,43,10,40,best,True,1,1.0
c2-yield,c2_yield_data,44,5,20,best,True,1,1.0
c2-yield,c2_yield_data,44,5,40,best,True,1,1.0
c2-yield,c2_yield_data,44,10,20,best,True,1,1.0
c2-yield,c2_yield_data,44,10,40,best,True,1,1.0
c2-yield,c2_yield_data,45,5,20,best,False,1,0.9852161811859866
c2-yield,c2_yield_data,45,5,40,best,False,1,0.999421233304402
c2-yield,c2_yield_data,45,10,20,best,True,1,1.0
c2-yield,c2_yield_data,45,10,40,best,True,1,1.0
c2-yield,c2_yield_data,46,5,20,best,True,1,1.0
c2-yield,c2_yield_data,46,5,40,best,True,1,1.0
c2-yield,c2_yield_data,46,10,20,best,True,1,1.0
c2-yield,c2_yield_data,46,10,40,best,True,1,1.0
c2-yield,c2_yield_data,47,5,20,best,True,1,1.0
c2-yield,c2_yield_data,47,5,40,best,True,1,1.0
c2-yield,c2_yield_data,47,10,20,best,True,1,1.0
c2-yield,c2_yield_data,47,10,40,best,True,1,1.0
c2-yield,c2_yield_data,48,5,20,best,True,1,1.0
c2-yield,c2_yield_data,48,5,40,best,True,1,1.0
c2-yield,c2_yield_data,48,10,20,best,True,1,1.0
c2-yield,c2_yield_data,48,10,40,best,True,1,1.0
c2-yield,c2_yield_data,49,5,20,best,True,1,1.0
c2-yield,c2_yield_data,49,5,40,best,True,1,1.0
c2-yield,c2_yield_data,49,10,20,best,True,1,1.0
c2-yield,c2_yield_data,49,10,40,best,True,1,1.0
c2-yield,c2_yield_data,0,5,20,pilot_summary,False,0,0.9938427629200504
c2-yield,c2_yield_data,0,5,40,pilot_summary,False,1,0.9997612719157701
c2-yield,c2_yield_data,0,10,20,pilot_summary,False,0,0.9724877524552933
c2-yield,c2_yield_data,0,10,40,pilot_summary,False,1,0.9989107999676047
c2-yield,c2_yield_data,1,5,20,pilot_summary,False,1,0.9796403022470506
c2-yield,c2_yield_data,1,5,40,pilot_summary,False,1,0.9991996205116479
c2-yield,c2_yield_data,1,10,20,pilot_summary,False,1,0.9718226698923914
c2-yield,c2_yield_data,1,10,40,pilot_summary,False,1,0.9988837363995579
c2-yield,c2_yield_data,2,5,20,pilot_summary,False,1,0.9938762653996306
c2-yield,c2_yield_data,2,5,40,pilot_summary,False,1,0.9997625785653871
c2-yield,c2_yield_data,2,10,20,pilot_summary,False,1,0.975864924006038
c2-yield,c2_yield_data,2,10,40,pilot_summary,False,1,0.9990476771962453
c2-yield,c2_yield_data,3,5,20,pilot_summary,True,1,1.0
c2-yield,c2_yield_data,3,5,40,pilot_summary,True,1,1.0
c2-yield,c2_yield_data,3,10,20,pilot_summary,True,1,1.0
c2-yield,c2_yield_data,3,10,40,pilot_summary,True,1,1.0
c2-yield,c2_yield_data,4,5,20,pilot_summary,False,1,0.9916960506679502
c2-yield,c2_yield_data,4,5,40,pilot_summary,False,1,0.9996773698316211
c2-yield,c2_yield_data,4,10,20,pilot_summary,True,1,1.0
c2-yield,c2_yield_data,4,10,40,pilot_summary,True,1,1.0
c2-yield,c2_yield_data,5,5,20,pilot_summary,True,1,1.0
c2-yield,c2_yield_data,5,5,40,pilot_summary,True,1,1.0
c2-yield,c2_yield_data,5,10,20,pilot_summary,True,1,1.0
c2-yield,c2_yield_data,5,10,40,pilot_summary,True,1,1.0
c2-yield,c2_yield_data,6,5,20,pilot_summary,False,1,0.9918231972954716
c2-yield,c2_yield_data,6,5,40,pilot_summary,False,1,0.999682348955046
c2-yield,c2_yield_data,6,10,20,pilot_summary,True,1,1.0
c2-yield,c2_yield_data,6,10,40,pilot_summary,True,1,1.0
c2-yield,c2_yield_data,7,5,20,pilot_summary,True,1,1.0
c2-yield,c2_yield_data,7,5,40,pilot_summary,True,1,1.0
c2-yield,c2_yield_data,7,10,20,pilot_summary,True,1,1.0
c2-yield,c2_yield_data,7,10,40,pilot_summary,True,1,1.0
c2-yield,c2_yield_data,8,5,20,pilot_summary,False,1,0.9928562639381858
c2-yield,c2_yield_data,8,5,40,pilot_summary,False,1,0.9997227589044718
c2-yield,c2_yield_data,8,10,20,pilot_summary,True,1,1.0
c2-yield,c2_yield_data,8,10,40,pilot_summary,True,1,1.0
c2-yield,c2_yield_data,9,5,20,pilot_summary,False,1,0.9937447245768463
c2-yield,c2_yield_data,9,5,40,pilot_summary,False,1,0.9997574477790383
c2-yield,c2_yield_data,9,10,20,pilot_summary,True,1,1.0
c2-yield,c2_yield_data,9,10,40,pilot_summary,True,1,1.0
c2-yield,c2_yield_data,10,5,20,pilot_summary,True,1,1.0
c2-yield,c2_yield_data,10,5,40,pilot_summary,True,1,1.0
c2-yield,c2_yield_data,10,10,20,pilot_summary,True,1,1.0
c2-yield,c2_yield_data,10,10,40,pilot_summary,True,1,1.0
c2-yield,c2_yield_data,11,5,20,pilot_summary,True,1,1.0
c2-yield,c2_yield_data,11,5,40,pilot_summary,True,1,1.0
c2-yield,c2_yield_data,11,10,20,pilot_summary,True,1,1.0
c2-yield,c2_yield_data,11,10,40,pilot_summary,True,1,1.0
c2-yield,c2_yield_data,12,5,20,pilot_summary,False,1,0.991943397123946
c2-yield,c2_yield_data,12,5,40,pilot_summary,False,1,0.9996870549103155
c2-yield,c2_yield_data,12,10,20,pilot_summary,True,1,1.0
c2-yield,c2_yield_data,12,10,40,pilot_summary,True,1,1.0
c2-yield,c2_yield_data,13,5,20,pilot_summary,False,1,0.9917389046053604
c2-yield,c2_yield_data,13,5,40,pilot_summary,False,1,0.9996790481496304
c2-yield,c2_yield_data,13,10,20,pilot_summary,False,1,0.9842986423769622
c2-yield,c2_yield_data,13,10,40,pilot_summary,False,1,0.9993855558770054
c2-yield,c2_yield_data,14,5,20,pilot_summary,False,1,0.9921917697937913
c2-yield,c2_yield_data,14,5,40,pilot_summary,False,1,0.9996967755011144
c2-yield,c2_yield_data,14,10,20,pilot_summary,False,1,0.9680627966282794
c2-yield,c2_yield_data,14,10,40,pilot_summary,False,1,0.9987300679447046
c2-yield,c2_yield_data,15,5,20,pilot_summary,True,1,1.0
c2-yield,c2_yield_data,15,5,40,pilot_summary,True,1,1.0
c2-yield,c2_yield_data,15,10,20,pilot_summary,True,1,1.0
c2-yield,c2_yield_data,15,10,40,pilot_summary,True,1,1.0
c2-yield,c2_yield_data,16,5,20,pilot_summary,False,1,0.9937455438209464
c2-yield,c2_yield_data,16,5,40,pilot_summary,False,1,0.9997574797379227
c2-yield,c2_yield_data,16,10,20,pilot_summary,False,1,0.9744286647609072
c2-yield,c2_yield_data,16,10,40,pilot_summary,False,1,0.9989895767783344
c2-yield,c2_yield_data,17,5,20,pilot_summary,False,1,0.9921967160337768
c2-yield,c2_yield_data,17,5,40,pilot_summary,False,1,0.9996969690351942
c2-yield,c2_yield_data,17,10,20,pilot_summary,True,1,1.0
c2-yield,c2_yield_data,17,10,40,pilot_summary,True,1,1.0
c2-yield,c2_yield_data,18,5,20,pilot_summary,False,1,0.9884802386332084
c2-yield,c2_yield_data,18,5,40,pilot_summary,False,1,0.9995510277817456
c2-yield,c2_yield_data,18,10,20,pilot_summary,False,1,0.9617770372446689
c2-yield,c2_yield_data,18,10,40,pilot_summary,False,1,0.9984705889378225
c2-yield,c2_yield_data,19,5,20,pilot_summary,True,1,1.0
c2-yield,c2_yield_data,19,5,40,pilot_summary,True,1,1.0
c2-yield,c2_yield_data,19,10,20,pilot_summary,True,1,1.0
c2-yield,c2_yield_data,19,10,40,pilot_summary,True,1,1.0
c2-yield,c2_yield_data,20,5,20,pilot_summary,True,1,1.0
c2-yield,c2_yield_data,20,5,40,pilot_summary,True,1,1.0
c2-yield,c2_yield_data,20,10,20,pilot_summary,True,1,1.0
c2-yield,c2_yield_data,20,10,40,pilot_summary,True,1,1.0
c2-yield,c2_yield_data,21,5,20,pilot_summary,True,1,1.0
c2-yield,c2_yield_data,21,5,40,pilot_summary,True,1,1.0
c2-yield,c2_yield_data,21,10,20,pilot_summary,True,1,1.0
c2-yield,c2_yield_data,21,10,40,pilot_summary,True,1,1.0
c2-yield,c2_yield_data,22,5,20,pilot_summary,False,1,0.9928485314086919
c2-yield,c2_yield_data,22,5,40,pilot_summary,False,1,0.9997224567352395
c2-yield,c2_yield_data,22,10,20,pilot_summary,True,1,1.0
c2-yield,c2_yield_data,22,10,40,pilot_summary,True,1,1.0
c2-yield,c2_yield_data,23,5,20,pilot_summary,False,1,0.9919337481775126
c2-yield,c2_yield_data,23,5,40,pilot_summary,False,1,0.9996866771839344
c2-yield,c2_yield_data,23,10,20,pilot_summary,True,1,1.0
c2-yield,c2_yield_data,23,10,40,pilot_summary,True,1,1.0
c2-yield,c2_yield_data,24,5,20,pilot_summary,True,1,1.0
c2-yield,c2_yield_data,24,5,40,pilot_summary,True,1,1.0
c2-yield,c2_yield_data,24,10,20,pilot_summary,True,1,1.0
c2-yield,c2_yield_data,24,10,40,pilot_summary,True,1,1.0
c2-yield,c2_yield_data,25,5,20,pilot_summary,False,1,0.9871294357348857
c2-yield,c2_yield_data,25,5,40,pilot_summary,False,1,0.9994977218332418
c2-yield,c2_yield_data,25,10,20,pilot_summary,False,1,0.978455937138835
c2-yield,c2_yield_data,25,10,40,pilot_summary,False,1,0.9991520759825291
c2-yield,c2_yield_data,26,5,20,pilot_summary,False,1,0.9945524627156256
c2-yield,c2_yield_data,26,5,40,pilot_summary,False,1,0.9997889332385819
c2-yield,c2_yield_data,26,10,20,pilot_summary,True,1,1.0
c2-yield,c2_yield_data,26,10,40,pilot_summary,True,1,1.0
c2-yield,c2_yield_data,27,5,20,pilot_summary,False,1,0.9939896612064886
c2-yield,c2_yield_data,27,5,40,pilot_summary,False,1,0.9997670005526847
c2-yield,c2_yield_data,27,10,20,pilot_summary,True,1,1.0
c2-yield,c2_yield_data,27,10,40,pilot_summary,True,1,1.0
c2-yield,c2_yield_data,28,5,20,pilot_summary,True,1,1.0
c2-yield,c2_yield_data,28,5,40,pilot_summary,True,1,1.0
c2-yield,c2_yield_data,28,10,20,pilot_summary,True,1,1.0
c2-yield,c2_yield_data,28,10,40,pilot_summary,True,1,1.0
c2-yield,c2_yield_data,29,5,20,pilot_summary,False,1,0.993073364498553
c2-yield,c2_yield_data,29,5,40,pilot_summary,False,1,0.999731240842213
c2-yield,c2_yield_data,29,10,20,pilot_summary,True,1,1.0
c2-yield,c2_yield_data,29,10,40,pilot_summary,True,1,1.0
c2-yield,c2_yield_data,30,5,20,pilot_summary,False,1,0.9930332126630084
c2-yield,c2_yield_data,30,5,40,pilot_summary,False,1,0.9997296724121819
c2-yield,c2_yield_data,30,10,20,pilot_summary,True,1,1.0
c2-yield,c2_yield_data,30,10,40,pilot_summary,True,1,1.0
c2-yield,c2_yield_data,31,5,20,pilot_summary,True,1,1.0
c2-yield,c2_yield_data,31,5,40,pilot_summary,True,1,1.0
c2-yield,c2_yield_data,31,10,20,pilot_summary,True,1,1.0
c2-yield,c2_yield_data,31,10,40,pilot_summary,True,1,1.0
c2-yield,c2_yield_data,32,5,20,pilot_summary,False,1,0.992766751855095
c2-yield,c2_yield_data,32,5,40,pilot_summary,False,1,0.9997192607039098
c2-yield,c2_yield_data,32,10,20,pilot_summary,True,1,1.0
c2-yield,c2_yield_data,32,10,40,pilot_summary,True,1,1.0
c2-yield,c2_yield_data,33,5,20,pilot_summary,True,1,1.0
c2-yield,c2_yield_data,33,5,40,pilot_summary,True,1,1.0
c2-yield,c2_yield_data,33,10,20,pilot_summary,True,1,1.0
c2-yield,c2_yield_data,33,10,40,pilot_summary,True,1,1.0
c2-yield,c2_yield_data,34,5,20,pilot_summary,False,1,0.9949990490421616
c2-yield,c2_yield_data,34,5,40,pilot_summary,False,1,0.9998063199829519
c2-yield,c2_yield_data,34,10,20,pilot_summary,True,1,1.0
c2-yield,c2_yield_data,34,10,40,pilot_summary,True,1,1.0
c2-yield,c2_yield_data,35,5,20,pilot_summary,False,1,0.9803950695495665
c2-yield,c2_yield_data,35,5,40,pilot_summary,False,1,0.9992298619182528
c2-yield,c2_yield_data,35,10,20,pilot_summary,False,1,0.9571867525429715
c2-yield,c2_yield_data,35,10,40,pilot_summary,False,1,0.9982790333731166
c2-yield,c2_yield_data,36,5,20,pilot_summary,True,1,1.0
c2-yield,c2_yield_data,36,5,40,pilot_summary,True,1,1.0
c2-yield,c2_yield_data,36,10,20,pilot_summary,True,1,1.0
c2-yield,c2_yield_data,36,10,40,pilot_summary,True,1,1.0
c2-yield,c2_yield_data,37,5,20,pilot_summary,False,1,0.992453532114553
c2-yield,c2_yield_data,37,5,40,pilot_summary,False,1,0.9997070150628411
c2-yield,c2_yield_data,37,10,20,pilot_summary,True,1,1.0
c2-yield,c2_yield_data,37,10,40,pilot_summary,True,1,1.0
c2-yield,c2_yield_data,38,5,20,pilot_summary,False,1,0.9935738159283438
c2-yield,c2_yield_data,38,5,40,pilot_summary,False,1,0.999750779489135
c2-yield,c2_yield_data,38,10,20,pilot_summary,True,1,1.0
c2-yield,c2_yield_data,38,10,40,pilot_summary,True,1,1.0
c2-yield,c2_yield_data,39,5,20,pilot_summary,True,1,1.0
c2-yield,c2_yield_data,39,5,40,pilot_summary,True,1,1.0
c2-yield,c2_yield_data,39,10,20,pilot_summary,True,1,1.0
c2-yield,c2_yield_data,39,10,40,pilot_summary,True,1,1.0
c2-yield,c2_yield_data,40,5,20,pilot_summary,False,1,0.9916301233278221
c2-yield,c2_yield_data,40,5,40,pilot_summary,False,1,0.999674787601954
c2-yield,c2_yield_data,40,10,20,pilot_summary,True,1,1.0
c2-yield,c2_yield_data,40,10,40,pilot_summary,True,1,1.0
c2-yield,c2_yield_data,41,5,20,pilot_summary,False,1,0.9890889213887945
c2-yield,c2_yield_data,41,5,40,pilot_summary,False,1,0.9995750021423169
c2-yield,c2_yield_data,41,10,20,pilot_summary,True,1,1.0
c2-yield,c2_yield_data,41,10,40,pilot_summary,True,1,1.0
c2-yield,c2_yield_data,42,5,20,pilot_summary,True,1,1.0
c2-yield,c2_yield_data,42,5,40,pilot_summary,True,1,1.0
c2-yield,c2_yield_data,42,10,20,pilot_summary,True,1,1.0
c2-yield,c2_yield_data,42,10,40,pilot_summary,True,1,1.0
c2-yield,c2_yield_data,43,5,20,pilot_summary,True,1,1.0
c2-yield,c2_yield_data,43,5,40,pilot_summary,True,1,1.0
c2-yield,c2_yield_data,43,10,20,pilot_summary,True,1,1.0
c2-yield,c2_yield_data,43,10,40,pilot_summary,True,1,1.0
c2-yield,c2_yield_data,44,5,20,pilot_summary,True,1,1.0
c2-yield,c2_yield_data,44,5,40,pilot_summary,True,1,1.0
c2-yield,c2_yield_data,44,10,20,pilot_summary,True,1,1.0
c2-yield,c2_yield_data,44,10,40,pilot_summary,True,1,1.0
c2-yield,c2_yield_data,45,5,20,pilot_summary,False,1,0.98866673321076
c2-yield,c2_yield_data,45,5,40,pilot_summary,False,1,0.9995583763111493
c2-yield,c2_yield_data,45,10,20,pilot_summary,True,1,1.0
c2-yield,c2_yield_data,45,10,40,pilot_summary,True,1,1.0
c2-yield,c2_yield_data,46,5,20,pilot_summary,True,1,1.0
c2-yield,c2_yield_data,46,5,40,pilot_summary,True,1,1.0
c2-yield,c2_yield_data,46,10,20,pilot_summary,True,1,1.0
c2-yield,c2_yield_data,46,10,40,pilot_summary,True,1,1.0
c2-yield,c2_yield_data,47,5,20,pilot_summary,True,1,1.0
c2-yield,c2_yield_data,47,5,40,pilot_summary,True,1,1.0
c2-yield,c2_yield_data,47,10,20,pilot_summary,True,1,1.0
c2-yield,c2_yield_data,47,10,40,pilot_summary,True,1,1.0
c2-yield,c2_yield_data,48,5,20,pilot_summary,True,1,1.0
c2-yield,c2_yield_data,48,5,40,pilot_summary,True,1,1.0
c2-yield,c2_yield_data,48,10,20,pilot_summary,True,1,1.0
c2-yield,c2_yield_data,48,10,40,pilot_summary,True,1,1.0
c2-yield,c2_yield_data,49,5,20,pilot_summary,True,1,1.0
c2-yield,c2_yield_data,49,5,40,pilot_summary,True,1,1.0
c2-yield,c2_yield_data,49,10,20,pilot_summary,True,1,1.0
c2-yield,c2_yield_data,49,10,40,pilot_summary,True,1,1.0
suzuki-miyaura,suzuki_miyaura_data,0,5,20,no_target,True,1,1.0
suzuki-miyaura,suzuki_miyaura_data,0,5,40,no_target,True,1,1.0
suzuki-miyaura,suzuki_miyaura_data,0,10,20,no_target,True,1,1.0
suzuki-miyaura,suzuki_miyaura_data,0,10,40,no_target,True,1,1.0
suzuki-miyaura,suzuki_miyaura_data,1,5,20,no_target,False,0,0.9807729954474622
suzuki-miyaura,suzuki_miyaura_data,1,5,40,no_target,False,1,0.9988401465871143
suzuki-miyaura,suzuki_miyaura_data,1,10,20,no_target,False,0,0.9443800829603515
suzuki-miyaura,suzuki_miyaura_data,1,10,40,no_target,False,1,0.9965235573238144
suzuki-miyaura,suzuki_miyaura_data,2,5,20,no_target,False,1,0.9807729954474622
suzuki-miyaura,suzuki_miyaura_data,2,5,40,no_target,False,1,0.9988401465871143
suzuki-miyaura,suzuki_miyaura_data,2,10,20,no_target,False,1,0.9443800829603515
suzuki-miyaura,suzuki_miyaura_data,2,10,40,no_target,False,1,0.9965235573238144
suzuki-miyaura,suzuki_miyaura_data,3,5,20,no_target,False,1,0.9807729954474622
suzuki-miyaura,suzuki_miyaura_data,3,5,40,no_target,False,1,0.9988401465871143
suzuki-miyaura,suzuki_miyaura_data,3,10,20,no_target,True,1,1.0
suzuki-miyaura,suzuki_miyaura_data,3,10,40,no_target,True,1,1.0
suzuki-miyaura,suzuki_miyaura_data,4,5,20,no_target,True,1,1.0
suzuki-miyaura,suzuki_miyaura_data,4,5,40,no_target,True,1,1.0
suzuki-miyaura,suzuki_miyaura_data,4,10,20,no_target,True,1,1.0
suzuki-miyaura,suzuki_miyaura_data,4,10,40,no_target,True,1,1.0
suzuki-miyaura,suzuki_miyaura_data,5,5,20,no_target,False,1,0.9807729954474622
suzuki-miyaura,suzuki_miyaura_data,5,5,40,no_target,False,1,0.9988401465871143
suzuki-miyaura,suzuki_miyaura_data,5,10,20,no_target,False,1,0.9443800829603515
suzuki-miyaura,suzuki_miyaura_data,5,10,40,no_target,False,1,0.9965235573238144
suzuki-miyaura,suzuki_miyaura_data,6,5,20,no_target,False,1,0.9807729954474622
suzuki-miyaura,suzuki_miyaura_data,6,5,40,no_target,False,1,0.9988401465871143
suzuki-miyaura,suzuki_miyaura_data,6,10,20,no_target,True,1,1.0
suzuki-miyaura,suzuki_miyaura_data,6,10,40,no_target,True,1,1.0
suzuki-miyaura,suzuki_miyaura_data,7,5,20,no_target,False,1,0.9807729954474622
suzuki-miyaura,suzuki_miyaura_data,7,5,40,no_target,False,1,0.9988401465871143
suzuki-miyaura,suzuki_miyaura_data,7,10,20,no_target,True,1,1.0
suzuki-miyaura,suzuki_miyaura_data,7,10,40,no_target,True,1,1.0
suzuki-miyaura,suzuki_miyaura_data,8,5,20,no_target,True,1,1.0
suzuki-miyaura,suzuki_miyaura_data,8,5,40,no_target,True,1,1.0
suzuki-miyaura,suzuki_miyaura_data,8,10,20,no_target,True,1,1.0
suzuki-miyaura,suzuki_miyaura_data,8,10,40,no_target,True,1,1.0
suzuki-miyaura,suzuki_miyaura_data,9,5,20,no_target,True,1,1.0
suzuki-miyaura,suzuki_miyaura_data,9,5,40,no_target,True,1,1.0
suzuki-miyaura,suzuki_miyaura_data,9,10,20,no_target,True,1,1.0
suzuki-miyaura,suzuki_miyaura_data,9,10,40,no_target,True,1,1.0
suzuki-miyaura,suzuki_miyaura_data,10,5,20,no_target,False,1,0.9807729954474622
suzuki-miyaura,suzuki_miyaura_data,10,5,40,no_target,False,1,0.9988401465871143
suzuki-miyaura,suzuki_miyaura_data,10,10,20,no_target,False,1,0.9443800829603515
suzuki-miyaura,suzuki_miyaura_data,10,10,40,no_target,False,1,0.9965235573238144
suzuki-miyaura,suzuki_miyaura_data,11,5,20,no_target,True,1,1.0
suzuki-miyaura,suzuki_miyaura_data,11,5,40,no_target,True,1,1.0
suzuki-miyaura,suzuki_miyaura_data,11,10,20,no_target,True,1,1.0
suzuki-miyaura,suzuki_miyaura_data,11,10,40,no_target,True,1,1.0
suzuki-miyaura,suzuki_miyaura_data,12,5,20,no_target,True,1,1.0
suzuki-miyaura,suzuki_miyaura_data,12,5,40,no_target,True,1,1.0
suzuki-miyaura,suzuki_miyaura_data,12,10,20,no_target,True,1,1.0
suzuki-miyaura,suzuki_miyaura_data,12,10,40,no_target,True,1,1.0
suzuki-miyaura,suzuki_miyaura_data,13,5,20,no_target,False,1,0.9807729954474622
suzuki-miyaura,suzuki_miyaura_data,13,5,40,no_target,False,1,0.9988401465871143
suzuki-miyaura,suzuki_miyaura_data,13,10,20,no_target,True,1,1.0
suzuki-miyaura,suzuki_miyaura_data,13,10,40,no_target,True,1,1.0
suzuki-miyaura,suzuki_miyaura_data,14,5,20,no_target,False,1,0.9807729954474622
suzuki-miyaura,suzuki_miyaura_data,14,5,40,no_target,False,1,0.9988401465871143
suzuki-miyaura,suzuki_miyaura_data,14,10,20,no_target,True,1,1.0
suzuki-miyaura,suzuki_miyaura_data,14,10,40,no_target,True,1,1.0
suzuki-miyaura,suzuki_miyaura_data,15,5,20,no_target,True,1,1.0
suzuki-miyaura,suzuki_miyaura_data,15,5,40,no_target,True,1,1.0
suzuki-miyaura,suzuki_miyaura_data,15,10,20,no_target,True,1,1.0
suzuki-miyaura,suzuki_miyaura_data,15,10,40,no_target,True,1,1.0
suzuki-miyaura,suzuki_miyaura_data,16,5,20,no_target,True,1,1.0
suzuki-miyaura,suzuki_miyaura_data,16,5,40,no_target,True,1,1.0
suzuki-miyaura,suzuki_miyaura_data,16,10,20,no_target,True,1,1.0
suzuki-miyaura,suzuki_miyaura_data,16,10,40,no_target,True,1,1.0
suzuki-miyaura,suzuki_miyaura_data,17,5,20,no_target,True,1,1.0
suzuki-miyaura,suzuki_miyaura_data,17,5,40,no_target,True,1,1.0
suzuki-miyaura,suzuki_miyaura_data,17,10,20,no_target,True,1,1.0
suzuki-miyaura,suzuki_miyaura_data,17,10,40,no_target,True,1,1.0
suzuki-miyaura,suzuki_miyaura_data,18,5,20,no_target,True,1,1.0
suzuki-miyaura,suzuki_miyaura_data,18,5,40,no_target,True,1,1.0
suzuki-miyaura,suzuki_miyaura_data,18,10,20,no_target,True,1,1.0
suzuki-miyaura,suzuki_miyaura_data,18,10,40,no_target,True,1,1.0
suzuki-miyaura,suzuki_miyaura_data,19,5,20,no_target,True,1,1.0
suzuki-miyaura,suzuki_miyaura_data,19,5,40,no_target,True,1,1.0
suzuki-miyaura,suzuki_miyaura_data,19,10,20,no_target,True,1,1.0
suzuki-miyaura,suzuki_miyaura_data,19,10,40,no_target,True,1,1.0
suzuki-miyaura,suzuki_miyaura_data,20,5,20,no_target,False,1,0.9807729954474622
suzuki-miyaura,suzuki_miyaura_data,20,5,40,no_target,False,1,0.9988401465871143
suzuki-miyaura,suzuki_miyaura_data,20,10,20,no_target,True,1,1.0
suzuki-miyaura,suzuki_miyaura_data,20,10,40,no_target,True,1,1.0
suzuki-miyaura,suzuki_miyaura_data,21,5,20,no_target,True,1,1.0
suzuki-miyaura,suzuki_miyaura_data,21,5,40,no_target,True,1,1.0
suzuki-miyaura,suzuki_miyaura_data,21,10,20,no_target,True,1,1.0
suzuki-miyaura,suzuki_miyaura_data,21,10,40,no_target,True,1,1.0
suzuki-miyaura,suzuki_miyaura_data,22,5,20,no_target,False,1,0.9807729954474622
suzuki-miyaura,suzuki_miyaura_data,22,5,40,no_target,False,1,0.9988401465871143
suzuki-miyaura,suzuki_miyaura_data,22,10,20,no_target,True,1,1.0
suzuki-miyaura,suzuki_miyaura_data,22,10,40,no_target,True,1,1.0
suzuki-miyaura,suzuki_miyaura_data,23,5,20,no_target,False,1,0.9807729954474622
suzuki-miyaura,suzuki_miyaura_data,23,5,40,no_target,False,1,0.9988401465871143
suzuki-miyaura,suzuki_miyaura_data,23,10,20,no_target,True,1,1.0
suzuki-miyaura,suzuki_miyaura_data,23,10,40,no_target,True,1,1.0
suzuki-miyaura,suzuki_miyaura_data,24,5,20,no_target,False,1,0.9807729954474622
suzuki-miyaura,suzuki_miyaura_data,24,5,40,no_target,False,1,0.9988401465871143
suzuki-miyaura,suzuki_miyaura_data,24,10,20,no_target,True,1,1.0
suzuki-miyaura,suzuki_miyaura_data,24,10,40,no_target,True,1,1.0
suzuki-miyaura,suzuki_miyaura_data,25,5,20,no_target,True,1,1.0
suzuki-miyaura,suzuki_miyaura_data,25,5,40,no_target,True,1,1.0
suzuki-miyaura,suzuki_miyaura_data,25,10,20,no_target,True,1,1.0
suzuki-miyaura,suzuki_miyaura_data,25,10,40,no_target,True,1,1.0
suzuki-miyaura,suzuki_miyaura_data,26,5,20,no_target,False,1,0.9807729954474622
suzuki-miyaura,suzuki_miyaura_data,26,5,40,no_target,False,1,0.9988401465871143
suzuki-miyaura,suzuki_miyaura_data,26,10,20,no_target,True,1,1.0
suzuki-miyaura,suzuki_miyaura_data,26,10,40,no_target,True,1,1.0
suzuki-miyaura,suzuki_miyaura_data,27,5,20,no_target,False,1,0.9807729954474622
suzuki-miyaura,suzuki_miyaura_data,27,5,40,no_target,False,1,0.9988401465871143
suzuki-miyaura,suzuki_miyaura_data,27,10,20,no_target,True,1,1.0
suzuki-miyaura,suzuki_miyaura_data,27,10,40,no_target,True,1,1.0
suzuki-miyaura,suzuki_miyaura_data,28,5,20,no_target,False,1,0.9807729954474622
suzuki-miyaura,suzuki_miyaura_data,28,5,40,no_target,False,1,0.9988401465871143
suzuki-miyaura,suzuki_miyaura_data,28,10,20,no_target,False,1,0.9443800829603515
suzuki-miyaura,suzuki_miyaura_data,28,10,40,no_target,False,1,0.9965235573238144
suzuki-miyaura,suzuki_miyaura_data,29,5,20,no_target,True,1,1.0
suzuki-miyaura,suzuki_miyaura_data,29,5,40,no_target,True,1,1.0
suzuki-miyaura,suzuki_miyaura_data,29,10,20,no_target,True,1,1.0
suzuki-miyaura,suzuki_miyaura_data,29,10,40,no_target,True,1,1.0
suzuki-miyaura,suzuki_miyaura_data,30,5,20,no_target,False,1,0.9807729954474622
suzuki-miyaura,suzuki_miyaura_data,30,5,40,no_target,False,1,0.9988401465871143
suzuki-miyaura,suzuki_miyaura_data,30,10,20,no_target,False,1,0.9443800829603515
suzuki-miyaura,suzuki_miyaura_data,30,10,40,no_target,False,1,0.9965235573238144
suzuki-miyaura,suzuki_miyaura_data,31,5,20,no_target,False,0,0.9807729954474622
suzuki-miyaura,suzuki_miyaura_data,31,5,40,no_target,False,1,0.9988401465871143
suzuki-miyaura,suzuki_miyaura_data,31,10,20,no_target,False,0,0.9443800829603515
suzuki-miyaura,suzuki_miyaura_data,31,10,40,no_target,False,1,0.9965235573238144
suzuki-miyaura,suzuki_miyaura_data,32,5,20,no_target,False,1,0.9807729954474622
suzuki-miyaura,suzuki_miyaura_data,32,5,40,no_target,False,1,0.9988401465871143
suzuki-miyaura,suzuki_miyaura_data,32,10,20,no_target,False,1,0.9443800829603515
suzuki-miyaura,suzuki_miyaura_data,32,10,40,no_target,False,1,0.9965235573238144
suzuki-miyaura,suzuki_miyaura_data,33,5,20,no_target,False,1,0.9807729954474622
suzuki-miyaura,suzuki_miyaura_data,33,5,40,no_target,False,1,0.9988401465871143
suzuki-miyaura,suzuki_miyaura_data,33,10,20,no_target,False,1,0.9443800829603515
suzuki-miyaura,suzuki_miyaura_data,33,10,40,no_target,False,1,0.9965235573238144
suzuki-miyaura,suzuki_miyaura_data,34,5,20,no_target,True,1,1.0
suzuki-miyaura,suzuki_miyaura_data,34,5,40,no_target,True,1,1.0
suzuki-miyaura,suzuki_miyaura_data,34,10,20,no_target,True,1,1.0
suzuki-miyaura,suzuki_miyaura_data,34,10,40,no_target,True,1,1.0
suzuki-miyaura,suzuki_miyaura_data,35,5,20,no_target,False,1,0.9807729954474622
suzuki-miyaura,suzuki_miyaura_data,35,5,40,no_target,False,1,0.9988401465871143
suzuki-miyaura,suzuki_miyaura_data,35,10,20,no_target,False,1,0.9443800829603515
suzuki-miyaura,suzuki_miyaura_data,35,10,40,no_target,False,1,0.9965235573238144
suzuki-miyaura,suzuki_miyaura_data,36,5,20,no_target,False,1,0.9807729954474622
suzuki-miyaura,suzuki_miyaura_data,36,5,40,no_target,False,1,0.9988401465871143
suzuki-miyaura,suzuki_miyaura_data,36,10,20,no_target,True,1,1.0
suzuki-miyaura,suzuki_miyaura_data,36,10,40,no_target,True,1,1.0
suzuki-miyaura,suzuki_miyaura_data,37,5,20,no_target,False,1,0.9807729954474622
suzuki-miyaura,suzuki_miyaura_data,37,5,40,no_target,False,1,0.9988401465871143
suzuki-miyaura,suzuki_miyaura_data,37,10,20,no_target,True,1,1.0
suzuki-miyaura,suzuki_miyaura_data,37,10,40,no_target,True,1,1.0
suzuki-miyaura,suzuki_miyaura_data,38,5,20,no_target,False,1,0.9807729954474622
suzuki-miyaura,suzuki_miyaura_data,38,5,40,no_target,False,1,0.9988401465871143
suzuki-miyaura,suzuki_miyaura_data,38,10,20,no_target,False,1,0.9443800829603515
suzuki-miyaura,suzuki_miyaura_data,38,10,40,no_target,False,1,0.9965235573238144
suzuki-miyaura,suzuki_miyaura_data,39,5,20,no_target,False,1,0.9807729954474622
suzuki-miyaura,suzuki_miyaura_data,39,5,40,no_target,False,1,0.9988401465871143
suzuki-miyaura,suzuki_miyaura_data,39,10,20,no_target,True,1,1.0
suzuki-miyaura,suzuki_miyaura_data,39,10,40,no_target,True,1,1.0
suzuki-miyaura,suzuki_miyaura_data,40,5,20,no_target,True,1,1.0
suzuki-miyaura,suzuki_miyaura_data,40,5,40,no_target,True,1,1.0
suzuki-miyaura,suzuki_miyaura_data,40,10,20,no_target,True,1,1.0
suzuki-miyaura,suzuki_miyaura_data,40,10,40,no_target,True,1,1.0
suzuki-miyaura,suzuki_miyaura_data,41,5,20,no_target,False,1,0.9807729954474622
suzuki-miyaura,suzuki_miyaura_data,41,5,40,no_target,False,1,0.9988401465871143
suzuki-miyaura,suzuki_miyaura_data,41,10,20,no_target,True,1,1.0
suzuki-miyaura,suzuki_miyaura_data,41,10,40,no_target,True,1,1.0
suzuki-miyaura,suzuki_miyaura_data,42,5,20,no_target,True,1,1.0
suzuki-miyaura,suzuki_miyaura_data,42,5,40,no_target,True,1,1.0
suzuki-miyaura,suzuki_miyaura_data,42,10,20,no_target,True,1,1.0
suzuki-miyaura,suzuki_miyaura_data,42,10,40,no_target,True,1,1.0
suzuki-miyaura,suzuki_miyaura_data,43,5,20,no_target,True,1,1.0
suzuki-miyaura,suzuki_miyaura_data,43,5,40,no_target,True,1,1.0
suzuki-miyaura,suzuki_miyaura_data,43,10,20,no_target,True,1,1.0
suzuki-miyaura,suzuki_miyaura_data,43,10,40,no_target,True,1,1.0
suzuki-miyaura,suzuki_miyaura_data,44,5,20,no_target,True,1,1.0
suzuki-miyaura,suzuki_miyaura_data,44,5,40,no_target,True,1,1.0
suzuki-miyaura,suzuki_miyaura_data,44,10,20,no_target,True,1,1.0
suzuki-miyaura,suzuki_miyaura_data,44,10,40,no_target,True,1,1.0
suzuki-miyaura,suzuki_miyaura_data,45,5,20,no_target,False,1,0.9807729954474622
suzuki-miyaura,suzuki_miyaura_data,45,5,40,no_target,False,1,0.9988401465871143
suzuki-miyaura,suzuki_miyaura_data,45,10,20,no_target,True,1,1.0
suzuki-miyaura,suzuki_miyaura_data,45,10,40,no_target,True,1,1.0
suzuki-miyaura,suzuki_miyaura_data,46,5,20,no_target,False,1,0.9807729954474622
suzuki-miyaura,suzuki_miyaura_data,46,5,40,no_target,False,1,0.9988401465871143
suzuki-miyaura,suzuki_miyaura_data,46,10,20,no_target,True,1,1.0
suzuki-miyaura,suzuki_miyaura_data,46,10,40,no_target,True,1,1.0
suzuki-miyaura,suzuki_miyaura_data,47,5,20,no_target,False,1,0.9807729954474622
suzuki-miyaura,suzuki_miyaura_data,47,5,40,no_target,False,1,0.9988401465871143
suzuki-miyaura,suzuki_miyaura_data,47,10,20,no_target,True,1,1.0
suzuki-miyaura,suzuki_miyaura_data,47,10,40,no_target,True,1,1.0
suzuki-miyaura,suzuki_miyaura_data,48,5,20,no_target,True,1,1.0
suzuki-miyaura,suzuki_miyaura_data,48,5,40,no_target,True,1,1.0
suzuki-miyaura,suzuki_miyaura_data,48,10,20,no_target,True,1,1.0
suzuki-miyaura,suzuki_miyaura_data,48,10,40,no_target,True,1,1.0
suzuki-miyaura,suzuki_miyaura_data,49,5,20,no_target,True,1,1.0
suzuki-miyaura,suzuki_miyaura_data,49,5,40,no_target,True,1,1.0
suzuki-miyaura,suzuki_miyaura_data,49,10,20,no_target,True,1,1.0
suzuki-miyaura,suzuki_miyaura_data,49,10,40,no_target,True,1,1.0
suzuki-miyaura,suzuki_miyaura_data,0,5,20,count,True,1,1.0
suzuki-miyaura,suzuki_miyaura_data,0,5,40,count,True,1,1.0
suzuki-miyaura,suzuki_miyaura_data,0,10,20,count,True,1,1.0
suzuki-miyaura,suzuki_miyaura_data,0,10,40,count,True,1,1.0
suzuki-miyaura,suzuki_miyaura_data,1,5,20,count,False,0,0.9807729954474622
suzuki-miyaura,suzuki_miyaura_data,1,5,40,count,False,1,0.9988401465871143
suzuki-miyaura,suzuki_miyaura_data,1,10,20,count,False,0,0.9443800829603517
suzuki-miyaura,suzuki_miyaura_data,1,10,40,count,False,1,0.9965235573238144
suzuki-miyaura,suzuki_miyaura_data,2,5,20,count,False,1,0.9807729954474622
suzuki-miyaura,suzuki_miyaura_data,2,5,40,count,False,1,0.9988401465871143
suzuki-miyaura,suzuki_miyaura_data,2,10,20,count,False,1,0.9443800829603517
suzuki-miyaura,suzuki_miyaura_data,2,10,40,count,False,1,0.9965235573238144
suzuki-miyaura,suzuki_miyaura_data,3,5,20,count,False,1,0.9807729954474622
suzuki-miyaura,suzuki_miyaura_data,3,5,40,count,False,1,0.9988401465871143
suzuki-miyaura,suzuki_miyaura_data,3,10,20,count,True,1,1.0
suzuki-miyaura,suzuki_miyaura_data,3,10,40,count,True,1,1.0
suzuki-miyaura,suzuki_miyaura_data,4,5,20,count,True,1,1.0
suzuki-miyaura,suzuki_miyaura_data,4,5,40,count,True,1,1.0
suzuki-miyaura,suzuki_miyaura_data,4,10,20,count,True,1,1.0
suzuki-miyaura,suzuki_miyaura_data,4,10,40,count,True,1,1.0
suzuki-miyaura,suzuki_miyaura_data,5,5,20,count,False,1,0.9807729954474622
suzuki-miyaura,suzuki_miyaura_data,5,5,40,count,False,1,0.9988401465871143
suzuki-miyaura,suzuki_miyaura_data,5,10,20,count,False,1,0.9443800829603517
suzuki-miyaura,suzuki_miyaura_data,5,10,40,count,False,1,0.9965235573238144
suzuki-miyaura,suzuki_miyaura_data,6,5,20,count,False,1,0.9807729954474622
suzuki-miyaura,suzuki_miyaura_data,6,5,40,count,False,1,0.9988401465871143
suzuki-miyaura,suzuki_miyaura_data,6,10,20,count,True,1,1.0
suzuki-miyaura,suzuki_miyaura_data,6,10,40,count,True,1,1.0
suzuki-miyaura,suzuki_miyaura_data,7,5,20,count,False,1,0.9807729954474622
suzuki-miyaura,suzuki_miyaura_data,7,5,40,count,False,1,0.9988401465871143
suzuki-miyaura,suzuki_miyaura_data,7,10,20,count,True,1,1.0
suzuki-miyaura,suzuki_miyaura_data,7,10,40,count,True,1,1.0
suzuki-miyaura,suzuki_miyaura_data,8,5,20,count,True,1,1.0
suzuki-miyaura,suzuki_miyaura_data,8,5,40,count,True,1,1.0
suzuki-miyaura,suzuki_miyaura_data,8,10,20,count,True,1,1.0
suzuki-miyaura,suzuki_miyaura_data,8,10,40,count,True,1,1.0
suzuki-miyaura,suzuki_miyaura_data,9,5,20,count,True,1,1.0
suzuki-miyaura,suzuki_miyaura_data,9,5,40,count,True,1,1.0
suzuki-miyaura,suzuki_miyaura_data,9,10,20,count,True,1,1.0
suzuki-miyaura,suzuki_miyaura_data,9,10,40,count,True,1,1.0
suzuki-miyaura,suzuki_miyaura_data,10,5,20,count,False,1,0.9807729954474622
suzuki-miyaura,suzuki_miyaura_data,10,5,40,count,False,1,0.9988401465871143
suzuki-miyaura,suzuki_miyaura_data,10,10,20,count,False,1,0.9443800829603517
suzuki-miyaura,suzuki_miyaura_data,10,10,40,count,False,1,0.9965235573238144
suzuki-miyaura,suzuki_miyaura_data,11,5,20,count,True,1,1.0
suzuki-miyaura,suzuki_miyaura_data,11,5,40,count,True,1,1.0
suzuki-miyaura,suzuki_miyaura_data,11,10,20,count,True,1,1.0
suzuki-miyaura,suzuki_miyaura_data,11,10,40,count,True,1,1.0
suzuki-miyaura,suzuki_miyaura_data,12,5,20,count,True,1,1.0
suzuki-miyaura,suzuki_miyaura_data,12,5,40,count,True,1,1.0
suzuki-miyaura,suzuki_miyaura_data,12,10,20,count,True,1,1.0
suzuki-miyaura,suzuki_miyaura_data,12,10,40,count,True,1,1.0
suzuki-miyaura,suzuki_miyaura_data,13,5,20,count,False,1,0.9807729954474622
suzuki-miyaura,suzuki_miyaura_data,13,5,40,count,False,1,0.9988401465871143
suzuki-miyaura,suzuki_miyaura_data,13,10,20,count,True,1,1.0
suzuki-miyaura,suzuki_miyaura_data,13,10,40,count,True,1,1.0
suzuki-miyaura,suzuki_miyaura_data,14,5,20,count,False,1,0.9807729954474622
suzuki-miyaura,suzuki_miyaura_data,14,5,40,count,False,1,0.9988401465871143
suzuki-miyaura,suzuki_miyaura_data,14,10,20,count,True,1,1.0
suzuki-miyaura,suzuki_miyaura_data,14,10,40,count,True,1,1.0
suzuki-miyaura,suzuki_miyaura_data,15,5,20,count,True,1,1.0
suzuki-miyaura,suzuki_miyaura_data,15,5,40,count,True,1,1.0
suzuki-miyaura,suzuki_miyaura_data,15,10,20,count,True,1,1.0
suzuki-miyaura,suzuki_miyaura_data,15,10,40,count,True,1,1.0
suzuki-miyaura,suzuki_miyaura_data,16,5,20,count,True,1,1.0
suzuki-miyaura,suzuki_miyaura_data,16,5,40,count,True,1,1.0
suzuki-miyaura,suzuki_miyaura_data,16,10,20,count,True,1,1.0
suzuki-miyaura,suzuki_miyaura_data,16,10,40,count,True,1,1.0
suzuki-miyaura,suzuki_miyaura_data,17,5,20,count,True,1,1.0
suzuki-miyaura,suzuki_miyaura_data,17,5,40,count,True,1,1.0
suzuki-miyaura,suzuki_miyaura_data,17,10,20,count,True,1,1.0
suzuki-miyaura,suzuki_miyaura_data,17,10,40,count,True,1,1.0
suzuki-miyaura,suzuki_miyaura_data,18,5,20,count,True,1,1.0
suzuki-miyaura,suzuki_miyaura_data,18,5,40,count,True,1,1.0
suzuki-miyaura,suzuki_miyaura_data,18,10,20,count,True,1,1.0
suzuki-miyaura,suzuki_miyaura_data,18,10,40,count,True,1,1.0
suzuki-miyaura,suzuki_miyaura_data,19,5,20,count,True,1,1.0
suzuki-miyaura,suzuki_miyaura_data,19,5,40,count,True,1,1.0
suzuki-miyaura,suzuki_miyaura_data,19,10,20,count,True,1,1.0
suzuki-miyaura,suzuki_miyaura_data,19,10,40,count,True,1,1.0
suzuki-miyaura,suzuki_miyaura_data,20,5,20,count,False,1,0.9807729954474622
suzuki-miyaura,suzuki_miyaura_data,20,5,40,count,False,1,0.9988401465871143
suzuki-miyaura,suzuki_miyaura_data,20,10,20,count,True,1,1.0
suzuki-miyaura,suzuki_miyaura_data,20,10,40,count,True,1,1.0
suzuki-miyaura,suzuki_miyaura_data,21,5,20,count,True,1,1.0
suzuki-miyaura,suzuki_miyaura_data,21,5,40,count,True,1,1.0
suzuki-miyaura,suzuki_miyaura_data,21,10,20,count,True,1,1.0
suzuki-miyaura,suzuki_miyaura_data,21,10,40,count,True,1,1.0
suzuki-miyaura,suzuki_miyaura_data,22,5,20,count,False,1,0.9807729954474622
suzuki-miyaura,suzuki_miyaura_data,22,5,40,count,False,1,0.9988401465871143
suzuki-miyaura,suzuki_miyaura_data,22,10,20,count,True,1,1.0
suzuki-miyaura,suzuki_miyaura_data,22,10,40,count,True,1,1.0
suzuki-miyaura,suzuki_miyaura_data,23,5,20,count,False,1,0.9807729954474622
suzuki-miyaura,suzuki_miyaura_data,23,5,40,count,False,1,0.9988401465871143
suzuki-miyaura,suzuki_miyaura_data,23,10,20,count,True,1,1.0
suzuki-miyaura,suzuki_miyaura_data,23,10,40,count,True,1,1.0
suzuki-miyaura,suzuki_miyaura_data,24,5,20,count,False,1,0.9807729954474622
suzuki-miyaura,suzuki_miyaura_data,24,5,40,count,False,1,0.9988401465871143
suzuki-miyaura,suzuki_miyaura_data,24,10,20,count,True,1,1.0
suzuki-miyaura,suzuki_miyaura_data,24,10,40,count,True,1,1.0
suzuki-miyaura,suzuki_miyaura_data,25,5,20,count,True,1,1.0
suzuki-miyaura,suzuki_miyaura_data,25,5,40,count,True,1,1.0
suzuki-miyaura,suzuki_miyaura_data,25,10,20,count,True,1,1.0
suzuki-miyaura,suzuki_miyaura_data,25,10,40,count,True,1,1.0
suzuki-miyaura,suzuki_miyaura_data,26,5,20,count,False,1,0.9807729954474622
suzuki-miyaura,suzuki_miyaura_data,26,5,40,count,False,1,0.9988401465871143
suzuki-miyaura,suzuki_miyaura_data,26,10,20,count,True,1,1.0
suzuki-miyaura,suzuki_miyaura_data,26,10,40,count,True,1,1.0
suzuki-miyaura,suzuki_miyaura_data,27,5,20,count,False,1,0.9807729954474622
suzuki-miyaura,suzuki_miyaura_data,27,5,40,count,False,1,0.9988401465871143
suzuki-miyaura,suzuki_miyaura_data,27,10,20,count,True,1,1.0
suzuki-miyaura,suzuki_miyaura_data,27,10,40,count,True,1,1.0
suzuki-miyaura,suzuki_miyaura_data,28,5,20,count,False,1,0.9807729954474622
suzuki-miyaura,suzuki_miyaura_data,28,5,40,count,False,1,0.9988401465871143
suzuki-miyaura,suzuki_miyaura_data,28,10,20,count,False,1,0.9443800829603517
suzuki-miyaura,suzuki_miyaura_data,28,10,40,count,False,1,0.9965235573238144
suzuki-miyaura,suzuki_miyaura_data,29,5,20,count,True,1,1.0
suzuki-miyaura,suzuki_miyaura_data,29,5,40,count,True,1,1.0
suzuki-miyaura,suzuki_miyaura_data,29,10,20,count,True,1,1.0
suzuki-miyaura,suzuki_miyaura_data,29,10,40,count,True,1,1.0
suzuki-miyaura,suzuki_miyaura_data,30,5,20,count,False,1,0.9807729954474622
suzuki-miyaura,suzuki_miyaura_data,30,5,40,count,False,1,0.9988401465871143
suzuki-miyaura,suzuki_miyaura_data,30,10,20,count,False,1,0.9443800829603517
suzuki-miyaura,suzuki_miyaura_data,30,10,40,count,False,1,0.9965235573238144
suzuki-miyaura,suzuki_miyaura_data,31,5,20,count,False,0,0.9807729954474622
suzuki-miyaura,suzuki_miyaura_data,31,5,40,count,False,1,0.9988401465871143
suzuki-miyaura,suzuki_miyaura_data,31,10,20,count,False,0,0.9443800829603517
suzuki-miyaura,suzuki_miyaura_data,31,10,40,count,False,1,0.9965235573238144
suzuki-miyaura,suzuki_miyaura_data,32,5,20,count,False,1,0.9807729954474622
suzuki-miyaura,suzuki_miyaura_data,32,5,40,count,False,1,0.9988401465871143
suzuki-miyaura,suzuki_miyaura_data,32,10,20,count,False,1,0.9443800829603517
suzuki-miyaura,suzuki_miyaura_data,32,10,40,count,False,1,0.9965235573238144
suzuki-miyaura,suzuki_miyaura_data,33,5,20,count,False,1,0.9807729954474622
suzuki-miyaura,suzuki_miyaura_data,33,5,40,count,False,1,0.9988401465871143
suzuki-miyaura,suzuki_miyaura_data,33,10,20,count,False,1,0.9443800829603517
suzuki-miyaura,suzuki_miyaura_data,33,10,40,count,False,1,0.9965235573238144
suzuki-miyaura,suzuki_miyaura_data,34,5,20,count,True,1,1.0
suzuki-miyaura,suzuki_miyaura_data,34,5,40,count,True,1,1.0
suzuki-miyaura,suzuki_miyaura_data,34,10,20,count,True,1,1.0
suzuki-miyaura,suzuki_miyaura_data,34,10,40,count,True,1,1.0
suzuki-miyaura,suzuki_miyaura_data,35,5,20,count,False,1,0.9807729954474622
suzuki-miyaura,suzuki_miyaura_data,35,5,40,count,False,1,0.9988401465871143
suzuki-miyaura,suzuki_miyaura_data,35,10,20,count,False,1,0.9443800829603517
suzuki-miyaura,suzuki_miyaura_data,35,10,40,count,False,1,0.9965235573238144
suzuki-miyaura,suzuki_miyaura_data,36,5,20,count,False,1,0.9807729954474622
suzuki-miyaura,suzuki_miyaura_data,36,5,40,count,False,1,0.9988401465871143
suzuki-miyaura,suzuki_miyaura_data,36,10,20,count,True,1,1.0
suzuki-miyaura,suzuki_miyaura_data,36,10,40,count,True,1,1.0
suzuki-miyaura,suzuki_miyaura_data,37,5,20,count,False,1,0.9807729954474622
suzuki-miyaura,suzuki_miyaura_data,37,5,40,count,False,1,0.9988401465871143
suzuki-miyaura,suzuki_miyaura_data,37,10,20,count,True,1,1.0
suzuki-miyaura,suzuki_miyaura_data,37,10,40,count,True,1,1.0
suzuki-miyaura,suzuki_miyaura_data,38,5,20,count,False,1,0.9807729954474622
suzuki-miyaura,suzuki_miyaura_data,38,5,40,count,False,1,0.9988401465871143
suzuki-miyaura,suzuki_miyaura_data,38,10,20,count,False,1,0.9443800829603517
suzuki-miyaura,suzuki_miyaura_data,38,10,40,count,False,1,0.9965235573238144
suzuki-miyaura,suzuki_miyaura_data,39,5,20,count,False,1,0.9807729954474622
suzuki-miyaura,suzuki_miyaura_data,39,5,40,count,False,1,0.9988401465871143
suzuki-miyaura,suzuki_miyaura_data,39,10,20,count,True,1,1.0
suzuki-miyaura,suzuki_miyaura_data,39,10,40,count,True,1,1.0
suzuki-miyaura,suzuki_miyaura_data,40,5,20,count,True,1,1.0
suzuki-miyaura,suzuki_miyaura_data,40,5,40,count,True,1,1.0
suzuki-miyaura,suzuki_miyaura_data,40,10,20,count,True,1,1.0
suzuki-miyaura,suzuki_miyaura_data,40,10,40,count,True,1,1.0
suzuki-miyaura,suzuki_miyaura_data,41,5,20,count,False,1,0.9807729954474622
suzuki-miyaura,suzuki_miyaura_data,41,5,40,count,False,1,0.9988401465871143
suzuki-miyaura,suzuki_miyaura_data,41,10,20,count,True,1,1.0
suzuki-miyaura,suzuki_miyaura_data,41,10,40,count,True,1,1.0
suzuki-miyaura,suzuki_miyaura_data,42,5,20,count,True,1,1.0
suzuki-miyaura,suzuki_miyaura_data,42,5,40,count,True,1,1.0
suzuki-miyaura,suzuki_miyaura_data,42,10,20,count,True,1,1.0
suzuki-miyaura,suzuki_miyaura_data,42,10,40,count,True,1,1.0
suzuki-miyaura,suzuki_miyaura_data,43,5,20,count,True,1,1.0
suzuki-miyaura,suzuki_miyaura_data,43,5,40,count,True,1,1.0
suzuki-miyaura,suzuki_miyaura_data,43,10,20,count,True,1,1.0
suzuki-miyaura,suzuki_miyaura_data,43,10,40,count,True,1,1.0
suzuki-miyaura,suzuki_miyaura_data,44,5,20,count,True,1,1.0
suzuki-miyaura,suzuki_miyaura_data,44,5,40,count,True,1,1.0
suzuki-miyaura,suzuki_miyaura_data,44,10,20,count,True,1,1.0
suzuki-miyaura,suzuki_miyaura_data,44,10,40,count,True,1,1.0
suzuki-miyaura,suzuki_miyaura_data,45,5,20,count,False,1,0.9807729954474622
suzuki-miyaura,suzuki_miyaura_data,45,5,40,count,False,1,0.9988401465871143
suzuki-miyaura,suzuki_miyaura_data,45,10,20,count,True,1,1.0
suzuki-miyaura,suzuki_miyaura_data,45,10,40,count,True,1,1.0
suzuki-miyaura,suzuki_miyaura_data,46,5,20,count,False,1,0.9807729954474622
suzuki-miyaura,suzuki_miyaura_data,46,5,40,count,False,1,0.9988401465871143
suzuki-miyaura,suzuki_miyaura_data,46,10,20,count,True,1,1.0
suzuki-miyaura,suzuki_miyaura_data,46,10,40,count,True,1,1.0
suzuki-miyaura,suzuki_miyaura_data,47,5,20,count,False,1,0.9807729954474622
suzuki-miyaura,suzuki_miyaura_data,47,5,40,count,False,1,0.9988401465871143
suzuki-miyaura,suzuki_miyaura_data,47,10,20,count,True,1,1.0
suzuki-miyaura,suzuki_miyaura_data,47,10,40,count,True,1,1.0
suzuki-miyaura,suzuki_miyaura_data,48,5,20,count,True,1,1.0
suzuki-miyaura,suzuki_miyaura_data,48,5,40,count,True,1,1.0
suzuki-miyaura,suzuki_miyaura_data,48,10,20,count,True,1,1.0
suzuki-miyaura,suzuki_miyaura_data,48,10,40,count,True,1,1.0
suzuki-miyaura,suzuki_miyaura_data,49,5,20,count,True,1,1.0
suzuki-miyaura,suzuki_miyaura_data,49,5,40,count,True,1,1.0
suzuki-miyaura,suzuki_miyaura_data,49,10,20,count,True,1,1.0
suzuki-miyaura,suzuki_miyaura_data,49,10,40,count,True,1,1.0
suzuki-miyaura,suzuki_miyaura_data,0,5,20,best,True,1,1.0
suzuki-miyaura,suzuki_miyaura_data,0,5,40,best,True,1,1.0
suzuki-miyaura,suzuki_miyaura_data,0,10,20,best,True,1,1.0
suzuki-miyaura,suzuki_miyaura_data,0,10,40,best,True,1,1.0
suzuki-miyaura,suzuki_miyaura_data,1,5,20,best,False,0,0.9894277942620936
suzuki-miyaura,suzuki_miyaura_data,1,5,40,best,False,1,0.9993681144441735
suzuki-miyaura,suzuki_miyaura_data,1,10,20,best,False,0,0.9710656316547437
suzuki-miyaura,suzuki_miyaura_data,1,10,40,best,False,1,0.9982399224804207
suzuki-miyaura,suzuki_miyaura_data,2,5,20,best,False,1,0.9799496733724462
suzuki-miyaura,suzuki_miyaura_data,2,5,40,best,False,1,0.9987907290472273
suzuki-miyaura,suzuki_miyaura_data,2,10,20,best,False,1,0.9502537230695792
suzuki-miyaura,suzuki_miyaura_data,2,10,40,best,False,1,0.996911773342095
suzuki-miyaura,suzuki_miyaura_data,3,5,20,best,False,1,0.9807426136141264
suzuki-miyaura,suzuki_miyaura_data,3,5,40,best,False,1,0.9988394351367276
suzuki-miyaura,suzuki_miyaura_data,3,10,20,best,True,1,1.0
suzuki-miyaura,suzuki_miyaura_data,3,10,40,best,True,1,1.0
suzuki-miyaura,suzuki_miyaura_data,4,5,20,best,True,1,1.0
suzuki-miyaura,suzuki_miyaura_data,4,5,40,best,True,1,1.0
suzuki-miyaura,suzuki_miyaura_data,4,10,20,best,True,1,1.0
suzuki-miyaura,suzuki_miyaura_data,4,10,40,best,True,1,1.0
suzuki-miyaura,suzuki_miyaura_data,5,5,20,best,False,1,0.9825906363225043
suzuki-miyaura,suzuki_miyaura_data,5,5,40,best,False,1,0.9989526625705795
suzuki-miyaura,suzuki_miyaura_data,5,10,20,best,False,1,0.9503400060742027
suzuki-miyaura,suzuki_miyaura_data,5,10,40,best,False,1,0.996917392277057
suzuki-miyaura,suzuki_miyaura_data,6,5,20,best,False,1,0.9742209550978309
suzuki-miyaura,suzuki_miyaura_data,6,5,40,best,False,1,0.9984366316993222
suzuki-miyaura,suzuki_miyaura_data,6,10,20,best,True,1,1.0
suzuki-miyaura,suzuki_miyaura_data,6,10,40,best,True,1,1.0
suzuki-miyaura,suzuki_miyaura_data,7,5,20,best,False,1,0.9820439427972503
suzuki-miyaura,suzuki_miyaura_data,7,5,40,best,False,1,0.99891920864393
suzuki-miyaura,suzuki_miyaura_data,7,10,20,best,True,1,1.0
suzuki-miyaura,suzuki_miyaura_data,7,10,40,best,True,1,1.0
suzuki-miyaura,suzuki_miyaura_data,8,5,20,best,True,1,1.0
suzuki-miyaura,suzuki_miyaura_data,8,5,40,best,True,1,1.0
suzuki-miyaura,suzuki_miyaura_data,8,10,20,best,True,1,1.0
suzuki-miyaura,suzuki_miyaura_data,8,10,40,best,True,1,1.0
suzuki-miyaura,suzuki_miyaura_data,9,5,20,best,True,1,1.0
suzuki-miyaura,suzuki_miyaura_data,9,5,40,best,True,1,1.0
suzuki-miyaura,suzuki_miyaura_data,9,10,20,best,True,1,1.0
suzuki-miyaura,suzuki_miyaura_data,9,10,40,best,True,1,1.0
suzuki-miyaura,suzuki_miyaura_data,10,5,20,best,False,1,0.9872224793811633
suzuki-miyaura,suzuki_miyaura_data,10,5,40,best,False,1,0.9992347021346869
suzuki-miyaura,suzuki_miyaura_data,10,10,20,best,False,1,0.966992069896427
suzuki-miyaura,suzuki_miyaura_data,10,10,40,best,False,1,0.9979841859069062
suzuki-miyaura,suzuki_miyaura_data,11,5,20,best,True,1,1.0
suzuki-miyaura,suzuki_miyaura_data,11,5,40,best,True,1,1.0
suzuki-miyaura,suzuki_miyaura_data,11,10,20,best,True,1,1.0
suzuki-miyaura,suzuki_miyaura_data,11,10,40,best,True,1,1.0
suzuki-miyaura,suzuki_miyaura_data,12,5,20,best,True,1,1.0
suzuki-miyaura,suzuki_miyaura_data,12,5,40,best,True,1,1.0
suzuki-miyaura,suzuki_miyaura_data,12,10,20,best,True,1,1.0
suzuki-miyaura,suzuki_miyaura_data,12,10,40,best,True,1,1.0
suzuki-miyaura,suzuki_miyaura_data,13,5,20,best,False,1,0.9901697343607107
suzuki-miyaura,suzuki_miyaura_data,13,5,40,best,False,1,0.9994128730919147
suzuki-miyaura,suzuki_miyaura_data,13,10,20,best,True,1,1.0
suzuki-miyaura,suzuki_miyaura_data,13,10,40,best,True,1,1.0
suzuki-miyaura,suzuki_miyaura_data,14,5,20,best,False,1,0.9807426136141264
suzuki-miyaura,suzuki_miyaura_data,14,5,40,best,False,1,0.9988394351367276
suzuki-miyaura,suzuki_miyaura_data,14,10,20,best,True,1,1.0
suzuki-miyaura,suzuki_miyaura_data,14,10,40,best,True,1,1.0
suzuki-miyaura,suzuki_miyaura_data,15,5,20,best,True,1,1.0
suzuki-miyaura,suzuki_miyaura_data,15,5,40,best,True,1,1.0
suzuki-miyaura,suzuki_miyaura_data,15,10,20,best,True,1,1.0
suzuki-miyaura,suzuki_miyaura_data,15,10,40,best,True,1,1.0
suzuki-miyaura,suzuki_miyaura_data,16,5,20,best,True,1,1.0
suzuki-miyaura,suzuki_miyaura_data,16,5,40,best,True,1,1.0
suzuki-miyaura,suzuki_miyaura_data,16,10,20,best,True,1,1.0
suzuki-miyaura,suzuki_miyaura_data,16,10,40,best,True,1,1.0
suzuki-miyaura,suzuki_miyaura_data,17,5,20,best,True,1,1.0
suzuki-miyaura,suzuki_miyaura_data,17,5,40,best,True,1,1.0
suzuki-miyaura,suzuki_miyaura_data,17,10,20,best,True,1,1.0
suzuki-miyaura,suzuki_miyaura_data,17,10,40,best,True,1,1.0
suzuki-miyaura,suzuki_miyaura_data,18,5,20,best,True,1,1.0
suzuki-miyaura,suzuki_miyaura_data,18,5,40,best,True,1,1.0
suzuki-miyaura,suzuki_miyaura_data,18,10,20,best,True,1,1.0
suzuki-miyaura,suzuki_miyaura_data,18,10,40,best,True,1,1.0
suzuki-miyaura,suzuki_miyaura_data,19,5,20,best,True,1,1.0
suzuki-miyaura,suzuki_miyaura_data,19,5,40,best,True,1,1.0
suzuki-miyaura,suzuki_miyaura_data,19,10,20,best,True,1,1.0
suzuki-miyaura,suzuki_miyaura_data,19,10,40,best,True,1,1.0
suzuki-miyaura,suzuki_miyaura_data,20,5,20,best,False,1,0.9919255981791437
suzuki-miyaura,suzuki_miyaura_data,20,5,40,best,False,1,0.9995185473773952
suzuki-miyaura,suzuki_miyaura_data,20,10,20,best,True,1,1.0
suzuki-miyaura,suzuki_miyaura_data,20,10,40,best,True,1,1.0
suzuki-miyaura,suzuki_miyaura_data,21,5,20,best,True,1,1.0
suzuki-miyaura,suzuki_miyaura_data,21,5,40,best,True,1,1.0
suzuki-miyaura,suzuki_miyaura_data,21,10,20,best,True,1,1.0
suzuki-miyaura,suzuki_miyaura_data,21,10,40,best,True,1,1.0
suzuki-miyaura,suzuki_miyaura_data,22,5,20,best,False,1,0.9813514203103966
suzuki-miyaura,suzuki_miyaura_data,22,5,40,best,False,1,0.9988767806864635
suzuki-miyaura,suzuki_miyaura_data,22,10,20,best,True,1,1.0
suzuki-miyaura,suzuki_miyaura_data,22,10,40,best,True,1,1.0
suzuki-miyaura,suzuki_miyaura_data,23,5,20,best,False,1,0.976983074532523
suzuki-miyaura,suzuki_miyaura_data,23,5,40,best,False,1,0.9986078479045628
suzuki-miyaura,suzuki_miyaura_data,23,10,20,best,True,1,1.0
suzuki-miyaura,suzuki_miyaura_data,23,10,40,best,True,1,1.0
suzuki-miyaura,suzuki_miyaura_data,24,5,20,best,False,1,0.9820439427972503
suzuki-miyaura,suzuki_miyaura_data,24,5,40,best,False,1,0.99891920864393
suzuki-miyaura,suzuki_miyaura_data,24,10,20,best,True,1,1.0
suzuki-miyaura,suzuki_miyaura_data,24,10,40,best,True,1,1.0
suzuki-miyaura,suzuki_miyaura_data,25,5,20,best,True,1,1.0
suzuki-miyaura,suzuki_miyaura_data,25,5,40,best,True,1,1.0
suzuki-miyaura,suzuki_miyaura_data,25,10,20,best,True,1,1.0
suzuki-miyaura,suzuki_miyaura_data,25,10,40,best,True,1,1.0
suzuki-miyaura,suzuki_miyaura_data,26,5,20,best,False,1,0.9871068079085691
suzuki-miyaura,suzuki_miyaura_data,26,5,40,best,False,1,0.9992276890273021
suzuki-miyaura,suzuki_miyaura_data,26,10,20,best,True,1,1.0
suzuki-miyaura,suzuki_miyaura_data,26,10,40,best,True,1,1.0
suzuki-miyaura,suzuki_miyaura_data,27,5,20,best,False,1,0.9754437438420012
suzuki-miyaura,suzuki_miyaura_data,27,5,40,best,False,1,0.9985125413875254
suzuki-miyaura,suzuki_miyaura_data,27,10,20,best,True,1,1.0
suzuki-miyaura,suzuki_miyaura_data,27,10,40,best,True,1,1.0
suzuki-miyaura,suzuki_miyaura_data,28,5,20,best,False,1,0.9864066329537348
suzuki-miyaura,suzuki_miyaura_data,28,5,40,best,False,1,0.9991852047402241
suzuki-miyaura,suzuki_miyaura_data,28,10,20,best,False,1,0.9432461554931595
suzuki-miyaura,suzuki_miyaura_data,28,10,40,best,False,1,0.9964522079579331
suzuki-miyaura,suzuki_miyaura_data,29,5,20,best,True,1,1.0
suzuki-miyaura,suzuki_miyaura_data,29,5,40,best,True,1,1.0
suzuki-miyaura,suzuki_miyaura_data,29,10,20,best,True,1,1.0
suzuki-miyaura,suzuki_miyaura_data,29,10,40,best,True,1,1.0
suzuki-miyaura,suzuki_miyaura_data,30,5,20,best,False,1,0.9809081618124089
suzuki-miyaura,suzuki_miyaura_data,30,5,40,best,False,1,0.9988495945419154
suzuki-miyaura,suzuki_miyaura_data,30,10,20,best,False,1,0.9457100754054958
suzuki-miyaura,suzuki_miyaura_data,30,10,40,best,False,1,0.996614522956475
suzuki-miyaura,suzuki_miyaura_data,31,5,20,best,False,0,0.9928217619302644
suzuki-miyaura,suzuki_miyaura_data,31,5,40,best,False,1,0.9995723462923141
suzuki-miyaura,suzuki_miyaura_data,31,10,20,best,False,0,0.9784322081875844
suzuki-miyaura,suzuki_miyaura_data,31,10,40,best,False,1,0.9986973124495525
suzuki-miyaura,suzuki_miyaura_data,32,5,20,best,False,1,0.9964390452731442
suzuki-miyaura,suzuki_miyaura_data,32,5,40,best,False,1,0.9997885754941341
suzuki-miyaura,suzuki_miyaura_data,32,10,20,best,False,1,0.9907762792638094
suzuki-miyaura,suzuki_miyaura_data,32,10,40,best,False,1,0.9994494169930335
suzuki-miyaura,suzuki_miyaura_data,33,5,20,best,False,1,0.9896770975911547
suzuki-miyaura,suzuki_miyaura_data,33,5,40,best,False,1,0.9993831610799078
suzuki-miyaura,suzuki_miyaura_data,33,10,20,best,False,1,0.9675182947633545
suzuki-miyaura,suzuki_miyaura_data,33,10,40,best,False,1,0.9980173358244478
suzuki-miyaura,suzuki_miyaura_data,34,5,20,best,True,1,1.0
suzuki-miyaura,suzuki_miyaura_data,34,5,40,best,True,1,1.0
suzuki-miyaura,suzuki_miyaura_data,34,10,20,best,True,1,1.0
suzuki-miyaura,suzuki_miyaura_data,34,10,40,best,True,1,1.0
suzuki-miyaura,suzuki_miyaura_data,35,5,20,best,False,1,0.9927350288252722
suzuki-miyaura,suzuki_miyaura_data,35,5,40,best,False,1,0.9995671434830633
suzuki-miyaura,suzuki_miyaura_data,35,10,20,best,False,1,0.9586899723866155
suzuki-miyaura,suzuki_miyaura_data,35,10,40,best,False,1,0.9974566696235687
suzuki-miyaura,suzuki_miyaura_data,36,5,20,best,False,1,0.9754200907181952
suzuki-miyaura,suzuki_miyaura_data,36,5,40,best,False,1,0.9985110747174533
suzuki-miyaura,suzuki_miyaura_data,36,10,20,best,True,1,1.0
suzuki-miyaura,suzuki_miyaura_data,36,10,40,best,True,1,1.0
suzuki-miyaura,suzuki_miyaura_data,37,5,20,best,False,1,0.9780484216479982
suzuki-miyaura,suzuki_miyaura_data,37,5,40,best,False,1,0.9986736430331337
suzuki-miyaura,suzuki_miyaura_data,37,10,20,best,True,1,1.0
suzuki-miyaura,suzuki_miyaura_data,37,10,40,best,True,1,1.0
suzuki-miyaura,suzuki_miyaura_data,38,5,20,best,False,1,0.9809081618124089
suzuki-miyaura,suzuki_miyaura_data,38,5,40,best,False,1,0.9988495945419154
suzuki-miyaura,suzuki_miyaura_data,38,10,20,best,False,1,0.9457100754054958
suzuki-miyaura,suzuki_miyaura_data,38,10,40,best,False,1,0.996614522956475
suzuki-miyaura,suzuki_miyaura_data,39,5,20,best,False,1,0.9884676474412021
suzuki-miyaura,suzuki_miyaura_data,39,5,40,best,False,1,0.9993100983767718
suzuki-miyaura,suzuki_miyaura_data,39,10,20,best,True,1,1.0
suzuki-miyaura,suzuki_miyaura_data,39,10,40,best,True,1,1.0
suzuki-miyaura,suzuki_miyaura_data,40,5,20,best,True,1,1.0
suzuki-miyaura,suzuki_miyaura_data,40,5,40,best,True,1,1.0
suzuki-miyaura,suzuki_miyaura_data,40,10,20,best,True,1,1.0
suzuki-miyaura,suzuki_miyaura_data,40,10,40,best,True,1,1.0
suzuki-miyaura,suzuki_miyaura_data,41,5,20,best,False,1,0.9799496733724462
suzuki-miyaura,suzuki_miyaura_data,41,5,40,best,False,1,0.9987907290472273
suzuki-miyaura,suzuki_miyaura_data,41,10,20,best,True,1,1.0
suzuki-miyaura,suzuki_miyaura_data,41,10,40,best,True,1,1.0
suzuki-miyaura,suzuki_miyaura_data,42,5,20,best,True,1,1.0
suzuki-miyaura,suzuki_miyaura_data,42,5,40,best,True,1,1.0
suzuki-miyaura,suzuki_miyaura_data,42,10,20,best,True,1,1.0
suzuki-miyaura,suzuki_miyaura_data,42,10,40,best,True,1,1.0
suzuki-miyaura,suzuki_miyaura_data,43,5,20,best,True,1,1.0
suzuki-miyaura,suzuki_miyaura_data,43,5,40,best,True,1,1.0
suzuki-miyaura,suzuki_miyaura_data,43,10,20,best,True,1,1.0
suzuki-miyaura,suzuki_miyaura_data,43,10,40,best,True,1,1.0
suzuki-miyaura,suzuki_miyaura_data,44,5,20,best,True,1,1.0
suzuki-miyaura,suzuki_miyaura_data,44,5,40,best,True,1,1.0
suzuki-miyaura,suzuki_miyaura_data,44,10,20,best,True,1,1.0
suzuki-miyaura,suzuki_miyaura_data,44,10,40,best,True,1,1.0
suzuki-miyaura,suzuki_miyaura_data,45,5,20,best,False,1,0.9761511781173757
suzuki-miyaura,suzuki_miyaura_data,45,5,40,best,False,1,0.9985563767235317
suzuki-miyaura,suzuki_miyaura_data,45,10,20,best,True,1,1.0
suzuki-miyaura,suzuki_miyaura_data,45,10,40,best,True,1,1.0
suzuki-miyaura,suzuki_miyaura_data,46,5,20,best,False,1,0.9866825429334863
suzuki-miyaura,suzuki_miyaura_data,46,5,40,best,False,1,0.9992019528071995
suzuki-miyaura,suzuki_miyaura_data,46,10,20,best,True,1,1.0
suzuki-miyaura,suzuki_miyaura_data,46,10,40,best,True,1,1.0
suzuki-miyaura,suzuki_miyaura_data,47,5,20,best,False,1,0.9812854733170946
suzuki-miyaura,suzuki_miyaura_data,47,5,40,best,False,1,0.9988727374551163
suzuki-miyaura,suzuki_miyaura_data,47,10,20,best,True,1,1.0
suzuki-miyaura,suzuki_miyaura_data,47,10,40,best,True,1,1.0
suzuki-miyaura,suzuki_miyaura_data,48,5,20,best,True,1,1.0
suzuki-miyaura,suzuki_miyaura_data,48,5,40,best,True,1,1.0
suzuki-miyaura,suzuki_miyaura_data,48,10,20,best,True,1,1.0
suzuki-miyaura,suzuki_miyaura_data,48,10,40,best,True,1,1.0
suzuki-miyaura,suzuki_miyaura_data,49,5,20,best,True,1,1.0
suzuki-miyaura,suzuki_miyaura_data,49,5,40,best,True,1,1.0
suzuki-miyaura,suzuki_miyaura_data,49,10,20,best,True,1,1.0
suzuki-miyaura,suzuki_miyaura_data,49,10,40,best,True,1,1.0
suzuki-miyaura,suzuki_miyaura_data,0,5,20,pilot_summary,True,1,1.0
suzuki-miyaura,suzuki_miyaura_data,0,5,40,pilot_summary,True,1,1.0
suzuki-miyaura,suzuki_miyaura_data,0,10,20,pilot_summary,True,1,1.0
suzuki-miyaura,suzuki_miyaura_data,0,10,40,pilot_summary,True,1,1.0
suzuki-miyaura,suzuki_miyaura_data,1,5,20,pilot_summary,False,0,0.9872916284614431
suzuki-miyaura,suzuki_miyaura_data,1,5,40,pilot_summary,False,1,0.9992449471027516
suzuki-miyaura,suzuki_miyaura_data,1,10,20,pilot_summary,False,0,0.962465103025092
suzuki-miyaura,suzuki_miyaura_data,1,10,40,pilot_summary,False,1,0.9977158843385339
suzuki-miyaura,suzuki_miyaura_data,2,5,20,pilot_summary,False,1,0.9928750954793274
suzuki-miyaura,suzuki_miyaura_data,2,5,40,pilot_summary,False,1,0.9995789220596674
suzuki-miyaura,suzuki_miyaura_data,2,10,20,pilot_summary,False,1,0.9357148582986166
suzuki-miyaura,suzuki_miyaura_data,2,10,40,pilot_summary,False,1,0.9959832013528899
suzuki-miyaura,suzuki_miyaura_data,3,5,20,pilot_summary,False,1,0.9848202859245255
suzuki-miyaura,suzuki_miyaura_data,3,5,40,pilot_summary,False,1,0.999095986765109
suzuki-miyaura,suzuki_miyaura_data,3,10,20,pilot_summary,True,1,1.0
suzuki-miyaura,suzuki_miyaura_data,3,10,40,pilot_summary,True,1,1.0
suzuki-miyaura,suzuki_miyaura_data,4,5,20,pilot_summary,True,1,1.0
suzuki-miyaura,suzuki_miyaura_data,4,5,40,pilot_summary,True,1,1.0
suzuki-miyaura,suzuki_miyaura_data,4,10,20,pilot_summary,True,1,1.0
suzuki-miyaura,suzuki_miyaura_data,4,10,40,pilot_summary,True,1,1.0
suzuki-miyaura,suzuki_miyaura_data,5,5,20,pilot_summary,False,1,0.995012834294649
suzuki-miyaura,suzuki_miyaura_data,5,5,40,pilot_summary,False,1,0.9997058571329271
suzuki-miyaura,suzuki_miyaura_data,5,10,20,pilot_summary,False,1,0.9748761817983072
suzuki-miyaura,suzuki_miyaura_data,5,10,40,pilot_summary,False,1,0.9984894308072487
suzuki-miyaura,suzuki_miyaura_data,6,5,20,pilot_summary,False,1,0.9893317409651993
suzuki-miyaura,suzuki_miyaura_data,6,5,40,pilot_summary,False,1,0.9993673875261754
suzuki-miyaura,suzuki_miyaura_data,6,10,20,pilot_summary,True,1,1.0
suzuki-miyaura,suzuki_miyaura_data,6,10,40,pilot_summary,True,1,1.0
suzuki-miyaura,suzuki_miyaura_data,7,5,20,pilot_summary,False,1,0.9949077647633009
suzuki-miyaura,suzuki_miyaura_data,7,5,40,pilot_summary,False,1,0.999699630288303
suzuki-miyaura,suzuki_miyaura_data,7,10,20,pilot_summary,True,1,1.0
suzuki-miyaura,suzuki_miyaura_data,7,10,40,pilot_summary,True,1,1.0
suzuki-miyaura,suzuki_miyaura_data,8,5,20,pilot_summary,True,1,1.0
suzuki-miyaura,suzuki_miyaura_data,8,5,40,pilot_summary,True,1,1.0
suzuki-miyaura,suzuki_miyaura_data,8,10,20,pilot_summary,True,1,1.0
suzuki-miyaura,suzuki_miyaura_data,8,10,40,pilot_summary,True,1,1.0
suzuki-miyaura,suzuki_miyaura_data,9,5,20,pilot_summary,True,1,1.0
suzuki-miyaura,suzuki_miyaura_data,9,5,40,pilot_summary,True,1,1.0
suzuki-miyaura,suzuki_miyaura_data,9,10,20,pilot_summary,True,1,1.0
suzuki-miyaura,suzuki_miyaura_data,9,10,40,pilot_summary,True,1,1.0
suzuki-miyaura,suzuki_miyaura_data,10,5,20,pilot_summary,False,1,0.9719031422074734
suzuki-miyaura,suzuki_miyaura_data,10,5,40,pilot_summary,False,1,0.9983058208240695
suzuki-miyaura,suzuki_miyaura_data,10,10,20,pilot_summary,False,1,0.9371348953622424
suzuki-miyaura,suzuki_miyaura_data,10,10,40,pilot_summary,False,1,0.9960775118777881
suzuki-miyaura,suzuki_miyaura_data,11,5,20,pilot_summary,True,1,1.0
suzuki-miyaura,suzuki_miyaura_data,11,5,40,pilot_summary,True,1,1.0
suzuki-miyaura,suzuki_miyaura_data,11,10,20,pilot_summary,True,1,1.0
suzuki-miyaura,suzuki_miyaura_data,11,10,40,pilot_summary,True,1,1.0
suzuki-miyaura,suzuki_miyaura_data,12,5,20,pilot_summary,True,1,1.0
suzuki-miyaura,suzuki_miyaura_data,12,5,40,pilot_summary,True,1,1.0
suzuki-miyaura,suzuki_miyaura_data,12,10,20,pilot_summary,True,1,1.0
suzuki-miyaura,suzuki_miyaura_data,12,10,40,pilot_summary,True,1,1.0
suzuki-miyaura,suzuki_miyaura_data,13,5,20,pilot_summary,False,1,0.9947987441655329
suzuki-miyaura,suzuki_miyaura_data,13,5,40,pilot_summary,False,1,0.999693167979089
suzuki-miyaura,suzuki_miyaura_data,13,10,20,pilot_summary,True,1,1.0
suzuki-miyaura,suzuki_miyaura_data,13,10,40,pilot_summary,True,1,1.0
suzuki-miyaura,suzuki_miyaura_data,14,5,20,pilot_summary,False,1,0.9873310369981674
suzuki-miyaura,suzuki_miyaura_data,14,5,40,pilot_summary,False,1,0.9992473167733814
suzuki-miyaura,suzuki_miyaura_data,14,10,20,pilot_summary,True,1,1.0
suzuki-miyaura,suzuki_miyaura_data,14,10,40,pilot_summary,True,1,1.0
suzuki-miyaura,suzuki_miyaura_data,15,5,20,pilot_summary,True,1,1.0
suzuki-miyaura,suzuki_miyaura_data,15,5,40,pilot_summary,True,1,1.0
suzuki-miyaura,suzuki_miyaura_data,15,10,20,pilot_summary,True,1,1.0
suzuki-miyaura,suzuki_miyaura_data,15,10,40,pilot_summary,True,1,1.0
suzuki-miyaura,suzuki_miyaura_data,16,5,20,pilot_summary,True,1,1.0
suzuki-miyaura,suzuki_miyaura_data,16,5,40,pilot_summary,True,1,1.0
suzuki-miyaura,suzuki_miyaura_data,16,10,20,pilot_summary,True,1,1.0
suzuki-miyaura,suzuki_miyaura_data,16,10,40,pilot_summary,True,1,1.0
suzuki-miyaura,suzuki_miyaura_data,17,5,20,pilot_summary,True,1,1.0
suzuki-miyaura,suzuki_miyaura_data,17,5,40,pilot_summary,True,1,1.0
suzuki-miyaura,suzuki_miyaura_data,17,10,20,pilot_summary,True,1,1.0
suzuki-miyaura,suzuki_miyaura_data,17,10,40,pilot_summary,True,1,1.0
suzuki-miyaura,suzuki_miyaura_data,18,5,20,pilot_summary,True,1,1.0
suzuki-miyaura,suzuki_miyaura_data,18,5,40,pilot_summary,True,1,1.0
suzuki-miyaura,suzuki_miyaura_data,18,10,20,pilot_summary,True,1,1.0
suzuki-miyaura,suzuki_miyaura_data,18,10,40,pilot_summary,True,1,1.0
suzuki-miyaura,suzuki_miyaura_data,19,5,20,pilot_summary,True,1,1.0
suzuki-miyaura,suzuki_miyaura_data,19,5,40,pilot_summary,True,1,1.0
suzuki-miyaura,suzuki_miyaura_data,19,10,20,pilot_summary,True,1,1.0
suzuki-miyaura,suzuki_miyaura_data,19,10,40,pilot_summary,True,1,1.0
suzuki-miyaura,suzuki_miyaura_data,20,5,20,pilot_summary,False,1,0.9905523100705185
suzuki-miyaura,suzuki_miyaura_data,20,5,40,pilot_summary,False,1,0.9994404149640672
suzuki-miyaura,suzuki_miyaura_data,20,10,20,pilot_summary,True,1,1.0
suzuki-miyaura,suzuki_miyaura_data,20,10,40,pilot_summary,True,1,1.0
suzuki-miyaura,suzuki_miyaura_data,21,5,20,pilot_summary,True,1,1.0
suzuki-miyaura,suzuki_miyaura_data,21,5,40,pilot_summary,True,1,1.0
suzuki-miyaura,suzuki_miyaura_data,21,10,20,pilot_summary,True,1,1.0
suzuki-miyaura,suzuki_miyaura_data,21,10,40,pilot_summary,True,1,1.0
suzuki-miyaura,suzuki_miyaura_data,22,5,20,pilot_summary,False,1,0.9644680764440364
suzuki-miyaura,suzuki_miyaura_data,22,5,40,pilot_summary,False,1,0.9978419892400402
suzuki-miyaura,suzuki_miyaura_data,22,10,20,pilot_summary,True,1,1.0
suzuki-miyaura,suzuki_miyaura_data,22,10,40,pilot_summary,True,1,1.0
suzuki-miyaura,suzuki_miyaura_data,23,5,20,pilot_summary,False,1,0.9806691300002525
suzuki-miyaura,suzuki_miyaura_data,23,5,40,pilot_summary,False,1,0.9988441869042742
suzuki-miyaura,suzuki_miyaura_data,23,10,20,pilot_summary,True,1,1.0
suzuki-miyaura,suzuki_miyaura_data,23,10,40,pilot_summary,True,1,1.0
suzuki-miyaura,suzuki_miyaura_data,24,5,20,pilot_summary,False,1,0.9878868395878272
suzuki-miyaura,suzuki_miyaura_data,24,5,40,pilot_summary,False,1,0.9992807187404821
suzuki-miyaura,suzuki_miyaura_data,24,10,20,pilot_summary,True,1,1.0
suzuki-miyaura,suzuki_miyaura_data,24,10,40,pilot_summary,True,1,1.0
suzuki-miyaura,suzuki_miyaura_data,25,5,20,pilot_summary,True,1,1.0
suzuki-miyaura,suzuki_miyaura_data,25,5,40,pilot_summary,True,1,1.0
suzuki-miyaura,suzuki_miyaura_data,25,10,20,pilot_summary,True,1,1.0
suzuki-miyaura,suzuki_miyaura_data,25,10,40,pilot_summary,True,1,1.0
suzuki-miyaura,suzuki_miyaura_data,26,5,20,pilot_summary,False,1,0.9898479018467842
suzuki-miyaura,suzuki_miyaura_data,26,5,40,pilot_summary,False,1,0.9993982904393495
suzuki-miyaura,suzuki_miyaura_data,26,10,20,pilot_summary,True,1,1.0
suzuki-miyaura,suzuki_miyaura_data,26,10,40,pilot_summary,True,1,1.0
suzuki-miyaura,suzuki_miyaura_data,27,5,20,pilot_summary,False,1,0.9743900699766103
suzuki-miyaura,suzuki_miyaura_data,27,5,40,pilot_summary,False,1,0.9984594813635552
suzuki-miyaura,suzuki_miyaura_data,27,10,20,pilot_summary,True,1,1.0
suzuki-miyaura,suzuki_miyaura_data,27,10,40,pilot_summary,True,1,1.0
suzuki-miyaura,suzuki_miyaura_data,28,5,20,pilot_summary,False,1,0.9877198967393298
suzuki-miyaura,suzuki_miyaura_data,28,5,40,pilot_summary,False,1,0.9992706897217436
suzuki-miyaura,suzuki_miyaura_data,28,10,20,pilot_summary,False,1,0.9527556562102621
suzuki-miyaura,suzuki_miyaura_data,28,10,40,pilot_summary,False,1,0.9970975356304006
suzuki-miyaura,suzuki_miyaura_data,29,5,20,pilot_summary,True,1,1.0
suzuki-miyaura,suzuki_miyaura_data,29,5,40,pilot_summary,True,1,1.0
suzuki-miyaura,suzuki_miyaura_data,29,10,20,pilot_summary,True,1,1.0
suzuki-miyaura,suzuki_miyaura_data,29,10,40,pilot_summary,True,1,1.0
suzuki-miyaura,suzuki_miyaura_data,30,5,20,pilot_summary,False,1,0.9732078324128591
suzuki-miyaura,suzuki_miyaura_data,30,5,40,pilot_summary,False,1,0.9983865261329056
suzuki-miyaura,suzuki_miyaura_data,30,10,20,pilot_summary,False,1,0.9703395347573001
suzuki-miyaura,suzuki_miyaura_data,30,10,40,pilot_summary,False,1,0.9982088308153686
suzuki-miyaura,suzuki_miyaura_data,31,5,20,pilot_summary,False,0,0.9958855076641836
suzuki-miyaura,suzuki_miyaura_data,31,5,40,pilot_summary,False,1,0.9997575274963698
suzuki-miyaura,suzuki_miyaura_data,31,10,20,pilot_summary,False,0,0.9836496509643756
suzuki-miyaura,suzuki_miyaura_data,31,10,40,pilot_summary,False,1,0.9990251809902135
suzuki-miyaura,suzuki_miyaura_data,32,5,20,pilot_summary,False,1,0.9967929106566211
suzuki-miyaura,suzuki_miyaura_data,32,5,40,pilot_summary,False,1,0.9998111638798838
suzuki-miyaura,suzuki_miyaura_data,32,10,20,pilot_summary,False,1,0.9905049489307854
suzuki-miyaura,suzuki_miyaura_data,32,10,40,pilot_summary,False,1,0.9994375844740108
suzuki-miyaura,suzuki_miyaura_data,33,5,20,pilot_summary,False,1,0.9843873823658856
suzuki-miyaura,suzuki_miyaura_data,33,5,40,pilot_summary,False,1,0.999069821077304
suzuki-miyaura,suzuki_miyaura_data,33,10,20,pilot_summary,False,1,0.9688023980770214
suzuki-miyaura,suzuki_miyaura_data,33,10,40,pilot_summary,False,1,0.9981131960650139
suzuki-miyaura,suzuki_miyaura_data,34,5,20,pilot_summary,True,1,1.0
suzuki-miyaura,suzuki_miyaura_data,34,5,40,pilot_summary,True,1,1.0
suzuki-miyaura,suzuki_miyaura_data,34,10,20,pilot_summary,True,1,1.0
suzuki-miyaura,suzuki_miyaura_data,34,10,40,pilot_summary,True,1,1.0
suzuki-miyaura,suzuki_miyaura_data,35,5,20,pilot_summary,False,1,0.9912875902804313
suzuki-miyaura,suzuki_miyaura_data,35,5,40,pilot_summary,False,1,0.9994843255928756
suzuki-miyaura,suzuki_miyaura_data,35,10,20,pilot_summary,False,1,0.9881439991640663
suzuki-miyaura,suzuki_miyaura_data,35,10,40,pilot_summary,False,1,0.9992961612529105
suzuki-miyaura,suzuki_miyaura_data,36,5,20,pilot_summary,False,1,0.9818197724940441
suzuki-miyaura,suzuki_miyaura_data,36,5,40,pilot_summary,False,1,0.9989141828724155
suzuki-miyaura,suzuki_miyaura_data,36,10,20,pilot_summary,True,1,1.0
suzuki-miyaura,suzuki_miyaura_data,36,10,40,pilot_summary,True,1,1.0
suzuki-miyaura,suzuki_miyaura_data,37,5,20,pilot_summary,False,1,0.9883356097846029
suzuki-miyaura,suzuki_miyaura_data,37,5,40,pilot_summary,False,1,0.9993076626156793
suzuki-miyaura,suzuki_miyaura_data,37,10,20,pilot_summary,True,1,1.0
suzuki-miyaura,suzuki_miyaura_data,37,10,40,pilot_summary,True,1,1.0
suzuki-miyaura,suzuki_miyaura_data,38,5,20,pilot_summary,False,1,0.9830314470517753
suzuki-miyaura,suzuki_miyaura_data,38,5,40,pilot_summary,False,1,0.9989877249854332
suzuki-miyaura,suzuki_miyaura_data,38,10,20,pilot_summary,False,1,0.9760760575359582
suzuki-miyaura,suzuki_miyaura_data,38,10,40,pilot_summary,False,1,0.9985632353621036
suzuki-miyaura,suzuki_miyaura_data,39,5,20,pilot_summary,False,1,0.9948417382347002
suzuki-miyaura,suzuki_miyaura_data,39,5,40,pilot_summary,False,1,0.9996957166563778
suzuki-miyaura,suzuki_miyaura_data,39,10,20,pilot_summary,True,1,1.0
suzuki-miyaura,suzuki_miyaura_data,39,10,40,pilot_summary,True,1,1.0
suzuki-miyaura,suzuki_miyaura_data,40,5,20,pilot_summary,True,1,1.0
suzuki-miyaura,suzuki_miyaura_data,40,5,40,pilot_summary,True,1,1.0
suzuki-miyaura,suzuki_miyaura_data,40,10,20,pilot_summary,True,1,1.0
suzuki-miyaura,suzuki_miyaura_data,40,10,40,pilot_summary,True,1,1.0
suzuki-miyaura,suzuki_miyaura_data,41,5,20,pilot_summary,False,1,0.972758478940777
suzuki-miyaura,suzuki_miyaura_data,41,5,40,pilot_summary,False,1,0.998358753069137
suzuki-miyaura,suzuki_miyaura_data,41,10,20,pilot_summary,True,1,1.0
suzuki-miyaura,suzuki_miyaura_data,41,10,40,pilot_summary,True,1,1.0
suzuki-miyaura,suzuki_miyaura_data,42,5,20,pilot_summary,True,1,1.0
suzuki-miyaura,suzuki_miyaura_data,42,5,40,pilot_summary,True,1,1.0
suzuki-miyaura,suzuki_miyaura_data,42,10,20,pilot_summary,True,1,1.0
suzuki-miyaura,suzuki_miyaura_data,42,10,40,pilot_summary,True,1,1.0
suzuki-miyaura,suzuki_miyaura_data,43,5,20,pilot_summary,True,1,1.0
suzuki-miyaura,suzuki_miyaura_data,43,5,40,pilot_summary,True,1,1.0
suzuki-miyaura,suzuki_miyaura_data,43,10,20,pilot_summary,True,1,1.0
suzuki-miyaura,suzuki_miyaura_data,43,10,40,pilot_summary,True,1,1.0
suzuki-miyaura,suzuki_miyaura_data,44,5,20,pilot_summary,True,1,1.0
suzuki-miyaura,suzuki_miyaura_data,44,5,40,pilot_summary,True,1,1.0
suzuki-miyaura,suzuki_miyaura_data,44,10,20,pilot_summary,True,1,1.0
suzuki-miyaura,suzuki_miyaura_data,44,10,40,pilot_summary,True,1,1.0
suzuki-miyaura,suzuki_miyaura_data,45,5,20,pilot_summary,False,1,0.9590815538054195
suzuki-miyaura,suzuki_miyaura_data,45,5,40,pilot_summary,False,1,0.997501736604101
suzuki-miyaura,suzuki_miyaura_data,45,10,20,pilot_summary,True,1,1.0
suzuki-miyaura,suzuki_miyaura_data,45,10,40,pilot_summary,True,1,1.0
suzuki-miyaura,suzuki_miyaura_data,46,5,20,pilot_summary,False,1,0.994343435144549
suzuki-miyaura,suzuki_miyaura_data,46,5,40,pilot_summary,False,1,0.9996661646504649
suzuki-miyaura,suzuki_miyaura_data,46,10,20,pilot_summary,True,1,1.0
suzuki-miyaura,suzuki_miyaura_data,46,10,40,pilot_summary,True,1,1.0
suzuki-miyaura,suzuki_miyaura_data,47,5,20,pilot_summary,False,1,0.9928893438985784
suzuki-miyaura,suzuki_miyaura_data,47,5,40,pilot_summary,False,1,0.9995797698075913
suzuki-miyaura,suzuki_miyaura_data,47,10,20,pilot_summary,True,1,1.0
suzuki-miyaura,suzuki_miyaura_data,47,10,40,pilot_summary,True,1,1.0
suzuki-miyaura,suzuki_miyaura_data,48,5,20,pilot_summary,True,1,1.0
suzuki-miyaura,suzuki_miyaura_data,48,5,40,pilot_summary,True,1,1.0
suzuki-miyaura,suzuki_miyaura_data,48,10,20,pilot_summary,True,1,1.0
suzuki-miyaura,suzuki_miyaura_data,48,10,40,pilot_summary,True,1,1.0
suzuki-miyaura,suzuki_miyaura_data,49,5,20,pilot_summary,True,1,1.0
suzuki-miyaura,suzuki_miyaura_data,49,5,40,pilot_summary,True,1,1.0
suzuki-miyaura,suzuki_miyaura_data,49,10,20,pilot_summary,True,1,1.0
suzuki-miyaura,suzuki_miyaura_data,49,10,40,pilot_summary,True,1,1.0
