quantile,family,table,pilot,budget,predictor,stratum,campaigns,brier,log_loss,hit_rate
0.9,additives,additive_rxn_screening_plate_1,5,20,no_target,all,50,0.000887307130917479,0.021936959358255254,1.0
0.9,additives,additive_rxn_screening_plate_1,5,20,no_target,not_yet_hit,26,0.0017063598662259215,0.04218553722695238,1.0
0.9,additives,additive_rxn_screening_plate_1,5,40,no_target,all,50,1.8740586333033189e-06,0.0009885910689134722,1.0
0.9,additives,additive_rxn_screening_plate_1,5,40,no_target,not_yet_hit,26,3.603957987121767e-06,0.0019002135936028045,1.0
0.9,additives,additive_rxn_screening_plate_1,10,20,no_target,all,50,0.00707347279623299,0.0644869678459847,1.0
0.9,additives,additive_rxn_screening_plate_1,10,20,no_target,not_yet_hit,26,0.01360283229952498,0.1240124766264321,1.0
0.9,additives,additive_rxn_screening_plate_1,10,40,no_target,all,50,1.7458972934039704e-05,0.0030223257761165323,1.0
0.9,additives,additive_rxn_screening_plate_1,10,40,no_target,not_yet_hit,26,3.357494702699943e-05,0.005811241876685612,1.0
0.9,additives,additive_rxn_screening_plate_2,5,20,no_target,all,50,0.0009555615255265159,0.02362434084731335,1.0
0.9,additives,additive_rxn_screening_plate_2,5,20,no_target,not_yet_hit,28,0.0017063598662259215,0.04218553722695238,1.0
0.9,additives,additive_rxn_screening_plate_2,5,40,no_target,all,50,2.0182169127881895e-06,0.0010645596126375833,1.0
0.9,additives,additive_rxn_screening_plate_2,5,40,no_target,not_yet_hit,28,3.6039579871217672e-06,0.0019002135936028043,1.0
0.9,additives,additive_rxn_screening_plate_2,10,20,no_target,all,50,0.007617586088173989,0.06944742691102199,1.0
0.9,additives,additive_rxn_screening_plate_2,10,20,no_target,not_yet_hit,28,0.01360283229952498,0.1240124766264321,1.0
0.9,additives,additive_rxn_screening_plate_2,10,40,no_target,all,50,1.8801970775119682e-05,0.003254735451163956,1.0
0.9,additives,additive_rxn_screening_plate_2,10,40,no_target,not_yet_hit,28,3.357494702699943e-05,0.005811241876685612,1.0
0.9,additives,additive_rxn_screening_plate_3,5,20,no_target,all,50,0.0012285791039626634,0.030373866803545722,1.0
0.9,additives,additive_rxn_screening_plate_3,5,20,no_target,not_yet_hit,36,0.0017063598662259212,0.04218553722695238,1.0
0.9,additives,additive_rxn_screening_plate_3,5,40,no_target,all,50,2.5948500307276713e-06,0.0013684337875340274,1.0
0.9,additives,additive_rxn_screening_plate_3,5,40,no_target,not_yet_hit,36,3.603957987121766e-06,0.0019002135936028045,1.0
0.9,additives,additive_rxn_screening_plate_3,10,20,no_target,all,50,1.0000000000575112e-12,1.0000005000290893e-06,1.0
0.9,additives,additive_rxn_screening_plate_3,10,40,no_target,all,50,1.0000000000575112e-12,1.0000005000290893e-06,1.0
0.9,additives,additive_rxn_screening_plate_4,5,20,no_target,all,50,0.0011944519066581448,0.029530176059016675,1.0
0.9,additives,additive_rxn_screening_plate_4,5,20,no_target,not_yet_hit,35,0.0017063598662259212,0.04218553722695238,1.0
0.9,additives,additive_rxn_screening_plate_4,5,40,no_target,all,50,2.522770890985236e-06,0.0013304495156719717,1.0
0.9,additives,additive_rxn_screening_plate_4,5,40,no_target,not_yet_hit,35,3.603957987121766e-06,0.0019002135936028045,1.0
0.9,additives,additive_rxn_screening_plate_4,10,20,no_target,all,50,1.0000000000575112e-12,1.0000005000290893e-06,1.0
0.9,additives,additive_rxn_screening_plate_4,10,40,no_target,all,50,1.0000000000575112e-12,1.0000005000290893e-06,1.0
0.9,additives,additive_rxn_screening_plate_1,5,20,best,all,50,0.0015429014460252735,0.02197855214919102,1.0
0.9,additives,additive_rxn_screening_plate_1,5,20,best,not_yet_hit,26,0.002967118164510141,0.04226552336336731,1.0
0.9,additives,additive_rxn_screening_plate_1,5,40,best,all,50,3.5996444277454793e-06,0.0009713860371622069,1.0
0.9,additives,additive_rxn_screening_plate_1,5,40,best,not_yet_hit,26,6.922392207202845e-06,0.0018671269940811403,1.0
0.9,additives,additive_rxn_screening_plate_1,10,20,best,all,50,0.00330254390905918,0.04316373004945651,1.0
0.9,additives,additive_rxn_screening_plate_1,10,20,best,not_yet_hit,26,0.006351045978036884,0.08300625009464711,1.0
0.9,additives,additive_rxn_screening_plate_1,10,40,best,all,50,6.986719345535495e-06,0.0019088637756068515,1.0
0.9,additives,additive_rxn_screening_plate_1,10,40,best,not_yet_hit,26,1.3435997818337489e-05,0.00366996879878238,1.0
0.9,additives,additive_rxn_screening_plate_2,5,20,best,all,50,0.0017057403040306354,0.025679155640021628,1.0
0.9,additives,additive_rxn_screening_plate_2,5,20,best,not_yet_hit,28,0.0030459648278404207,0.04585484935678859,1.0
0.9,additives,additive_rxn_screening_plate_2,5,40,best,all,50,3.9152318326621965e-06,0.0011320143823924209,1.0
0.9,additives,additive_rxn_screening_plate_2,5,40,best,not_yet_hit,28,6.991484629753924e-06,0.002020668539593586,1.0
0.9,additives,additive_rxn_screening_plate_2,10,20,best,all,50,0.004233846392303976,0.05091134801758228,1.0
0.9,additives,additive_rxn_screening_plate_2,10,20,best,not_yet_hit,28,0.0075604399854713854,0.09091233574528974,1.0
0.9,additives,additive_rxn_screening_plate_2,10,40,best,all,50,9.09383513211741e-06,0.002260034080621488,1.0
0.9,additives,additive_rxn_screening_plate_2,10,40,best,not_yet_hit,28,1.6238990521638235e-05,0.004034989429288348,1.0
0.9,additives,additive_rxn_screening_plate_3,5,20,best,all,50,0.0025275258996532075,0.035410725765966045,1.0
0.9,additives,additive_rxn_screening_plate_3,5,20,best,not_yet_hit,36,0.003510452638018343,0.04918117467475838,1.0
0.9,additives,additive_rxn_screening_plate_3,5,40,best,all,50,6.080890681609603e-06,0.0015667169281527726,1.0
0.9,additives,additive_rxn_screening_plate_3,5,40,best,not_yet_hit,36,8.44568111334667e-06,0.0021756068444621734,1.0
0.9,additives,additive_rxn_screening_plate_3,10,20,best,all,50,1.0000000000575112e-12,1.0000005000290893e-06,1.0
0.9,additives,additive_rxn_screening_plate_3,10,40,best,all,50,1.0000000000575112e-12,1.0000005000290893e-06,1.0
0.9,additives,additive_rxn_screening_plate_4,5,20,best,all,50,0.0012249517280716429,0.027799009796988444,1.0
0.9,additives,additive_rxn_screening_plate_4,5,20,best,not_yet_hit,35,0.0017499310396737755,0.03971244256691205,1.0
0.9,additives,additive_rxn_screening_plate_4,5,40,best,all,50,2.4566707556347072e-06,0.0012079359130487764,1.0
0.9,additives,additive_rxn_screening_plate_4,5,40,best,not_yet_hit,35,3.5095292223352962e-06,0.0017251941612839538,1.0
0.9,additives,additive_rxn_screening_plate_4,10,20,best,all,50,1.0000000000575112e-12,1.0000005000290893e-06,1.0
0.9,additives,additive_rxn_screening_plate_4,10,40,best,all,50,1.0000000000575112e-12,1.0000005000290893e-06,1.0
0.9,additives,additive_rxn_screening_plate_1,5,20,pilot_summary,all,50,0.002835886854884001,0.028940342332447907,1.0
0.9,additives,additive_rxn_screening_plate_1,5,20,pilot_summary,not_yet_hit,26,0.00545362856616154,0.0556535814080921,1.0
0.9,additives,additive_rxn_screening_plate_1,5,40,pilot_summary,all,50,7.3147294832585855e-06,0.0012927499415445031,1.0
0.9,additives,additive_rxn_screening_plate_1,5,40,pilot_summary,not_yet_hit,26,1.4066786544728048e-05,0.0024851345025086327,1.0
0.9,additives,additive_rxn_screening_plate_1,10,20,pilot_summary,all,50,0.0064313927621136935,0.060138035581553353,1.0
0.9,additives,additive_rxn_screening_plate_1,10,20,pilot_summary,not_yet_hit,26,0.012368063003141718,0.11564914534867951,1.0
0.9,additives,additive_rxn_screening_plate_1,10,40,pilot_summary,all,50,1.4519505456475108e-05,0.002685986399237355,1.0
0.9,additives,additive_rxn_screening_plate_1,10,40,pilot_summary,not_yet_hit,26,2.7922124954759818e-05,0.005164435382687195,1.0
0.9,additives,additive_rxn_screening_plate_2,5,20,pilot_summary,all,50,0.002706573028763794,0.031022799648546998,1.0
0.9,additives,additive_rxn_screening_plate_2,5,20,pilot_summary,not_yet_hit,28,0.004833166122006777,0.05539707080058391,1.0
0.9,additives,additive_rxn_screening_plate_2,5,40,pilot_summary,all,50,6.72968398833151e-06,0.0013753322553868,1.0
0.9,additives,additive_rxn_screening_plate_2,5,40,pilot_summary,not_yet_hit,28,1.2017292050591981e-05,0.002455164741369263,1.0
0.9,additives,additive_rxn_screening_plate_2,10,20,pilot_summary,all,50,0.0050055982703964465,0.05492168723409603,1.0
0.9,additives,additive_rxn_screening_plate_2,10,20,pilot_summary,not_yet_hit,28,0.008938568339207942,0.0980736557747786,1.0
0.9,additives,additive_rxn_screening_plate_2,10,40,pilot_summary,all,50,1.0829067074398227e-05,0.002429023766568142,1.0
0.9,additives,additive_rxn_screening_plate_2,10,40,pilot_summary,not_yet_hit,28,1.9337618989996834e-05,0.00433675672562166,1.0
0.9,additives,additive_rxn_screening_plate_3,5,20,pilot_summary,all,50,0.004658342629821066,0.04863306851575849,1.0
0.9,additives,additive_rxn_screening_plate_3,5,20,pilot_summary,not_yet_hit,36,0.006469920318807036,0.06754553960502567,1.0
0.9,additives,additive_rxn_screening_plate_3,5,40,pilot_summary,all,50,1.1662673971181779e-05,0.0021666439870804436,1.0
0.9,additives,additive_rxn_screening_plate_3,5,40,pilot_summary,not_yet_hit,36,1.6198157904419137e-05,0.003008838870750605,1.0
0.9,additives,additive_rxn_screening_plate_3,10,20,pilot_summary,all,50,1.0000000000575112e-12,1.0000005000290893e-06,1.0
0.9,additives,additive_rxn_screening_plate_3,10,40,pilot_summary,all,50,1.0000000000575112e-12,1.0000005000290893e-06,1.0
0.9,additives,additive_rxn_screening_plate_4,5,20,pilot_summary,all,50,0.0020936858310368817,0.03642486039577906,1.0
0.9,additives,additive_rxn_screening_plate_4,5,20,pilot_summary,not_yet_hit,35,0.002990979758195545,0.05203508627947008,1.0
0.9,additives,additive_rxn_screening_plate_4,5,40,pilot_summary,all,50,4.240002932881221e-06,0.00158055437515703,1.0
0.9,additives,additive_rxn_screening_plate_4,5,40,pilot_summary,not_yet_hit,35,6.057146618401745e-06,0.0022575062500100303,1.0
0.9,additives,additive_rxn_screening_plate_4,10,20,pilot_summary,all,50,1.0000000000575112e-12,1.0000005000290893e-06,1.0
0.9,additives,additive_rxn_screening_plate_4,10,40,pilot_summary,all,50,1.0000000000575112e-12,1.0000005000290893e-06,1.0
0.9,additives,additive_rxn_screening_plate_1,5,20,prevalence,all,50,0.0009229842691058833,0.02238316061692547,1.0
0.9,additives,additive_rxn_screening_plate_1,5,20,prevalence,not_yet_hit,26,0.0017749697473574677,0.04304361657054897,1.0
0.9,additives,additive_rxn_screening_plate_1,5,40,prevalence,all,50,1.0000000000575112e-12,1.0000005000290893e-06,1.0
0.9,additives,additive_rxn_screening_plate_1,5,40,prevalence,not_yet_hit,26,1.0000000000575112e-12,1.000000500029089e-06,1.0
0.9,additives,additive_rxn_screening_plate_1,10,20,prevalence,all,50,0.00870560433859997,0.07205176507127359,1.0
0.9,additives,additive_rxn_screening_plate_1,10,20,prevalence,not_yet_hit,26,0.016741546804076864,0.13856016359814147,1.0
0.9,additives,additive_rxn_screening_plate_1,10,40,prevalence,all,50,1.0000000000575112e-12,1.0000005000290893e-06,1.0
0.9,additives,additive_rxn_screening_plate_1,10,40,prevalence,not_yet_hit,26,1.0000000000575112e-12,1.000000500029089e-06,1.0
0.9,additives,additive_rxn_screening_plate_2,5,20,prevalence,all,50,0.000993983058960182,0.02410486527972743,1.0
0.9,additives,additive_rxn_screening_plate_2,5,20,prevalence,not_yet_hit,28,0.0017749697473574677,0.04304361657054897,1.0
0.9,additives,additive_rxn_screening_plate_2,5,40,prevalence,all,50,1.0000000000575112e-12,1.0000005000290893e-06,1.0
0.9,additives,additive_rxn_screening_plate_2,5,40,prevalence,not_yet_hit,28,1.0000000000575112e-12,1.000000500029089e-06,1.0
0.9,additives,additive_rxn_screening_plate_2,10,20,prevalence,all,50,0.009375266210723045,0.07759413161517925,1.0
0.9,additives,additive_rxn_screening_plate_2,10,20,prevalence,not_yet_hit,28,0.016741546804076864,0.13856016359814147,1.0
0.9,additives,additive_rxn_screening_plate_2,10,40,prevalence,all,50,1.0000000000575112e-12,1.0000005000290893e-06,1.0
0.9,additives,additive_rxn_screening_plate_2,10,40,prevalence,not_yet_hit,28,1.0000000000575112e-12,1.000000500029089e-06,1.0
0.9,additives,additive_rxn_screening_plate_3,5,20,prevalence,all,50,0.0012779782183773769,0.03099168393093526,1.0
0.9,additives,additive_rxn_screening_plate_3,5,20,prevalence,not_yet_hit,36,0.0017749697473574677,0.04304361657054897,1.0
0.9,additives,additive_rxn_screening_plate_3,5,40,prevalence,all,50,1.0000000000575112e-12,1.0000005000290893e-06,1.0
0.9,additives,additive_rxn_screening_plate_3,5,40,prevalence,not_yet_hit,36,1.0000000000575112e-12,1.0000005000290895e-06,1.0
0.9,additives,additive_rxn_screening_plate_3,10,20,prevalence,all,50,1.0000000000575112e-12,1.0000005000290893e-06,1.0
0.9,additives,additive_rxn_screening_plate_3,10,40,prevalence,all,50,1.0000000000575112e-12,1.0000005000290893e-06,1.0
0.9,additives,additive_rxn_screening_plate_4,5,20,prevalence,all,50,0.0012424788234502275,0.030130831599534277,1.0
0.9,additives,additive_rxn_screening_plate_4,5,20,prevalence,not_yet_hit,35,0.0017749697473574677,0.04304361657054897,1.0
0.9,additives,additive_rxn_screening_plate_4,5,40,prevalence,all,50,1.0000000000575112e-12,1.0000005000290893e-06,1.0
0.9,additives,additive_rxn_screening_plate_4,5,40,prevalence,not_yet_hit,35,1.0000000000575112e-12,1.0000005000290893e-06,1.0
0.9,additives,additive_rxn_screening_plate_4,10,20,prevalence,all,50,1.0000000000575112e-12,1.0000005000290893e-06,1.0
0.9,additives,additive_rxn_screening_plate_4,10,40,prevalence,all,50,1.0000000000575112e-12,1.0000005000290893e-06,1.0
0.9,buchwald-hartwig,bh_reaction_1,5,20,no_target,all,50,0.0379154773127873,0.1527236756323452,0.96
0.9,buchwald-hartwig,bh_reaction_1,5,40,no_target,all,50,1.980722423929956e-06,0.00103566140340443,1.0
0.9,buchwald-hartwig,bh_reaction_1,10,20,no_target,all,50,0.0336878621735128,0.10335356915441961,0.96
0.9,buchwald-hartwig,bh_reaction_1,10,40,no_target,all,50,3.630521889227865e-06,0.0006627493077344521,1.0
0.9,buchwald-hartwig,bh_reaction_1,5,20,no_target,not_yet_hit,27,0.07021384687468017,0.2828207696891022,0.9259259259259259
0.9,buchwald-hartwig,bh_reaction_1,5,40,no_target,not_yet_hit,27,3.6680036369073264e-06,0.0019170396355081788,1.0
0.9,buchwald-hartwig,bh_reaction_1,10,20,no_target,not_yet_hit,6,0.28073218477194,0.8612724096164963,0.6666666666666666
0.9,buchwald-hartwig,bh_reaction_1,10,40,no_target,not_yet_hit,6,3.0254341743565536e-05,0.005515577560786887,1.0
0.9,buchwald-hartwig,bh_reaction_2,5,20,no_target,all,50,0.0006830808861246063,0.020594539050329725,1.0
0.9,buchwald-hartwig,bh_reaction_2,5,40,no_target,all,50,2.200802582144396e-06,0.001150623781504919,1.0
0.9,buchwald-hartwig,bh_reaction_2,10,20,no_target,all,50,0.0020069254219137996,0.023016726647306456,1.0
0.9,buchwald-hartwig,bh_reaction_2,10,40,no_target,all,50,7.2610427784557295e-06,0.0013244986149688754,1.0
0.9,buchwald-hartwig,bh_reaction_2,5,20,no_target,not_yet_hit,30,0.0011384681428743438,0.03432356508354952,1.0
0.9,buchwald-hartwig,bh_reaction_2,5,40,no_target,not_yet_hit,30,3.668003636907326e-06,0.0019170396355081786,1.0
0.9,buchwald-hartwig,bh_reaction_2,10,20,no_target,not_yet_hit,12,0.008362189254807499,0.09589986102886015,1.0
0.9,buchwald-hartwig,bh_reaction_2,10,40,no_target,not_yet_hit,12,3.0254341743565536e-05,0.005515577560786887,1.0
0.9,buchwald-hartwig,bh_reaction_3,5,20,no_target,all,50,0.0006603115232871196,0.019908087748668743,1.0
0.9,buchwald-hartwig,bh_reaction_3,5,20,no_target,not_yet_hit,29,0.0011384681428743438,0.03432356508354952,1.0
0.9,buchwald-hartwig,bh_reaction_3,5,40,no_target,all,50,2.1274425294062495e-06,0.0011123029888047563,1.0
0.9,buchwald-hartwig,bh_reaction_3,5,40,no_target,not_yet_hit,29,3.6680036369073264e-06,0.0019170396355081786,1.0
0.9,buchwald-hartwig,bh_reaction_3,10,20,no_target,all,50,0.002508656777142249,0.02877065830900806,1.0
0.9,buchwald-hartwig,bh_reaction_3,10,40,no_target,all,50,9.076303223069662e-06,0.0016553732685860867,1.0
0.9,buchwald-hartwig,bh_reaction_3,10,20,no_target,not_yet_hit,15,0.008362189254807499,0.09589986102886015,1.0
0.9,buchwald-hartwig,bh_reaction_3,10,40,no_target,not_yet_hit,15,3.0254341743565536e-05,0.005515577560786886,1.0
0.9,buchwald-hartwig,bh_reaction_4,5,20,no_target,all,50,0.019310663780874694,0.08700233299216796,0.98
0.9,buchwald-hartwig,bh_reaction_4,5,20,no_target,not_yet_hit,29,0.03329424789733568,0.1500032982619964,0.9655172413793104
0.9,buchwald-hartwig,bh_reaction_4,5,40,no_target,all,50,2.127442529406249e-06,0.0011123029888047563,1.0
0.9,buchwald-hartwig,bh_reaction_4,5,40,no_target,not_yet_hit,29,3.6680036369073264e-06,0.0019170396355081786,1.0
0.9,buchwald-hartwig,bh_reaction_4,10,20,no_target,all,50,0.017512906227560996,0.05934919345972864,0.98
0.9,buchwald-hartwig,bh_reaction_4,10,40,no_target,all,50,4.235608704099176e-06,0.0007730408589401894,1.0
0.9,buchwald-hartwig,bh_reaction_4,10,20,no_target,not_yet_hit,7,0.12509218733357858,0.42391666756641844,0.8571428571428571
0.9,buchwald-hartwig,bh_reaction_4,10,40,no_target,not_yet_hit,7,3.0254341743565536e-05,0.005515577560786888,1.0
0.9,buchwald-hartwig,bh_reaction_5,5,20,no_target,all,50,0.00072861961179958,0.02196744165365171,1.0
0.9,buchwald-hartwig,bh_reaction_5,5,40,no_target,all,50,2.347522687620689e-06,0.001227265366905245,1.0
0.9,buchwald-hartwig,bh_reaction_5,10,20,no_target,all,50,0.0011707064965330498,0.013426840544470447,1.0
0.9,buchwald-hartwig,bh_reaction_5,10,40,no_target,all,50,4.235608704099176e-06,0.0007730408589401893,1.0
0.9,buchwald-hartwig,bh_reaction_5,5,20,no_target,not_yet_hit,32,0.001138468142874344,0.03432356508354953,1.0
0.9,buchwald-hartwig,bh_reaction_5,5,40,no_target,not_yet_hit,32,3.668003636907327e-06,0.0019170396355081792,1.0
0.9,buchwald-hartwig,bh_reaction_5,10,20,no_target,not_yet_hit,7,0.008362189254807499,0.09589986102886015,1.0
0.9,buchwald-hartwig,bh_reaction_5,10,40,no_target,not_yet_hit,7,3.0254341743565536e-05,0.005515577560786888,1.0
0.9,buchwald-hartwig,bh_reaction_1,5,20,best,all,50,0.03758672080126715,0.15312056955534575,0.96
0.9,buchwald-hartwig,bh_reaction_1,5,40,best,all,50,2.1968843565047343e-06,0.0009342642378863403,1.0
0.9,buchwald-hartwig,bh_reaction_1,10,20,best,all,50,0.03569582242679563,0.11783563630173884,0.96
0.9,buchwald-hartwig,bh_reaction_1,10,40,best,all,50,1.9755995827693627e-06,0.0004744972678886263,1.0
0.9,buchwald-hartwig,bh_reaction_1,5,20,best,not_yet_hit,27,0.06960503852001325,0.2835557584353995,0.9259259259259259
0.9,buchwald-hartwig,bh_reaction_1,5,40,best,not_yet_hit,27,4.068303512045805e-06,0.0017292671067709756,1.0
0.9,buchwald-hartwig,bh_reaction_1,10,20,best,not_yet_hit,6,0.2974651868826303,0.9819563025108232,0.6666666666666666
0.9,buchwald-hartwig,bh_reaction_1,10,40,best,not_yet_hit,6,1.6463322523078023e-05,0.0039468105620716724,1.0
0.9,buchwald-hartwig,bh_reaction_2,5,20,best,all,50,0.0006695599721320951,0.017239767830099475,1.0
0.9,buchwald-hartwig,bh_reaction_2,5,40,best,all,50,2.0760325231753016e-06,0.0009167848575702572,1.0
0.9,buchwald-hartwig,bh_reaction_2,10,20,best,all,50,0.0012376838192341506,0.017469655485872853,1.0
0.9,buchwald-hartwig,bh_reaction_2,10,40,best,all,50,3.915149754397991e-06,0.0009449405733370829,1.0
0.9,buchwald-hartwig,bh_reaction_2,5,20,best,not_yet_hit,30,0.0011159332862201584,0.028732279716499106,1.0
0.9,buchwald-hartwig,bh_reaction_2,5,40,best,not_yet_hit,30,3.460053538625503e-06,0.0015273080956170761,1.0
0.9,buchwald-hartwig,bh_reaction_2,10,20,best,not_yet_hit,12,0.005157015910308961,0.07278706452288679,1.0
0.9,buchwald-hartwig,bh_reaction_2,10,40,best,not_yet_hit,12,1.6313120809991627e-05,0.003934085720654419,1.0
0.9,buchwald-hartwig,bh_reaction_3,5,20,best,all,50,0.0017833546929361954,0.025771021873067124,1.0
0.9,buchwald-hartwig,bh_reaction_3,5,20,best,not_yet_hit,29,0.0030747494698555086,0.044432072194581236,1.0
0.9,buchwald-hartwig,bh_reaction_3,5,40,best,all,50,6.077005716727179e-06,0.0013946083354746583,1.0
0.9,buchwald-hartwig,bh_reaction_3,5,40,best,not_yet_hit,29,1.0477595339184793e-05,0.0024037729918355965,1.0
0.9,buchwald-hartwig,bh_reaction_3,10,20,best,all,50,0.0027916751763415516,0.027039763350251596,1.0
0.9,buchwald-hartwig,bh_reaction_3,10,40,best,all,50,1.0310771461615149e-05,0.0014944800386129898,1.0
0.9,buchwald-hartwig,bh_reaction_3,10,20,best,not_yet_hit,15,0.009305583918805174,0.09013021116633863,1.0
0.9,buchwald-hartwig,bh_reaction_3,10,40,best,not_yet_hit,15,3.43692358720505e-05,0.004979266794209898,1.0
0.9,buchwald-hartwig,bh_reaction_4,5,20,best,all,50,0.019231122802306714,0.08340321662871313,0.98
0.9,buchwald-hartwig,bh_reaction_4,5,20,best,not_yet_hit,29,0.03315710827911502,0.14379792522155707,0.9655172413793104
0.9,buchwald-hartwig,bh_reaction_4,5,40,best,all,50,2.144754385414036e-06,0.000971863758317216,1.0
0.9,buchwald-hartwig,bh_reaction_4,5,40,best,not_yet_hit,29,3.697851664506959e-06,0.0016749030312193168,1.0
0.9,buchwald-hartwig,bh_reaction_4,10,20,best,all,50,0.018583173854784234,0.0642500255752324,0.98
0.9,buchwald-hartwig,bh_reaction_4,10,40,best,all,50,5.623970228962587e-06,0.0007317712052278935,1.0
0.9,buchwald-hartwig,bh_reaction_4,10,20,best,not_yet_hit,7,0.13273695609945885,0.4589226112485884,0.8571428571428571
0.9,buchwald-hartwig,bh_reaction_4,10,40,best,not_yet_hit,7,4.017120977830419e-05,0.005220794319984775,1.0
0.9,buchwald-hartwig,bh_reaction_5,5,20,best,all,50,0.001382164656214598,0.02585332613508078,1.0
0.9,buchwald-hartwig,bh_reaction_5,5,40,best,all,50,4.340738652834531e-06,0.0013851706035745285,1.0
0.9,buchwald-hartwig,bh_reaction_5,10,20,best,all,50,0.0008525308697363902,0.011056129293428871,1.0
0.9,buchwald-hartwig,bh_reaction_5,10,40,best,all,50,2.7430326097374674e-06,0.0006005580843144834,1.0
0.9,buchwald-hartwig,bh_reaction_5,5,20,best,not_yet_hit,32,0.0021596322747728094,0.04039525958578245,1.0
0.9,buchwald-hartwig,bh_reaction_5,5,40,best,not_yet_hit,32,6.782403582553956e-06,0.002163766567803934,1.0
0.9,buchwald-hartwig,bh_reaction_5,10,20,best,not_yet_hit,7,0.00608950620625993,0.07896620923570605,1.0
0.9,buchwald-hartwig,bh_reaction_5,10,40,best,not_yet_hit,7,1.9593083926696193e-05,0.004283557742031847,1.0
0.9,buchwald-hartwig,bh_reaction_1,5,20,pilot_summary,all,50,0.03691367785663899,0.1426432503116667,0.96
0.9,buchwald-hartwig,bh_reaction_1,5,40,pilot_summary,all,50,2.6219479367349515e-06,0.001018706244339657,1.0
0.9,buchwald-hartwig,bh_reaction_1,10,20,pilot_summary,all,50,0.0334933468432182,0.10196724216886206,0.96
0.9,buchwald-hartwig,bh_reaction_1,10,40,pilot_summary,all,50,2.6295742292610236e-06,0.0005518037663004474,1.0
0.9,buchwald-hartwig,bh_reaction_1,5,20,pilot_summary,not_yet_hit,27,0.06835866269662776,0.2641533153915494,0.9259259259259259
0.9,buchwald-hartwig,bh_reaction_1,5,40,pilot_summary,not_yet_hit,27,4.85545829024991e-06,0.0018856411927956366,1.0
0.9,buchwald-hartwig,bh_reaction_1,10,20,pilot_summary,not_yet_hit,6,0.27911122368615165,0.8497196847368502,0.6666666666666666
0.9,buchwald-hartwig,bh_reaction_1,10,40,pilot_summary,not_yet_hit,6,2.191311124384186e-05,0.004591031382170182,1.0
0.9,buchwald-hartwig,bh_reaction_2,5,20,pilot_summary,all,50,0.0007653618158006984,0.018373987845664106,1.0
0.9,buchwald-hartwig,bh_reaction_2,5,40,pilot_summary,all,50,2.34808757708869e-06,0.0009775341416806088,1.0
0.9,buchwald-hartwig,bh_reaction_2,10,20,pilot_summary,all,50,0.001257081682331157,0.017577616841095402,1.0
0.9,buchwald-hartwig,bh_reaction_2,10,40,pilot_summary,all,50,3.9809115645258706e-06,0.0009503631126396078,1.0
0.9,buchwald-hartwig,bh_reaction_2,5,20,pilot_summary,not_yet_hit,30,0.00127560302566783,0.03062264640910682,1.0
0.9,buchwald-hartwig,bh_reaction_2,5,40,pilot_summary,not_yet_hit,30,3.913478628481149e-06,0.001628556902467662,1.0
0.9,buchwald-hartwig,bh_reaction_2,10,20,pilot_summary,not_yet_hit,12,0.005237840339879819,0.07323690350298076,1.0
0.9,buchwald-hartwig,bh_reaction_2,10,40,pilot_summary,not_yet_hit,12,1.6587128352191125e-05,0.00395667963441494,1.0
0.9,buchwald-hartwig,bh_reaction_3,5,20,pilot_summary,all,50,0.002526012305099976,0.030284518209670555,1.0
0.9,buchwald-hartwig,bh_reaction_3,5,20,pilot_summary,not_yet_hit,29,0.00435519362875858,0.05221396243010437,1.0
0.9,buchwald-hartwig,bh_reaction_3,5,40,pilot_summary,all,50,9.12601582274977e-06,0.00165278268165325,1.0
0.9,buchwald-hartwig,bh_reaction_3,5,40,pilot_summary,not_yet_hit,29,1.5734509315085812e-05,0.0028489011749021327,1.0
0.9,buchwald-hartwig,bh_reaction_3,10,20,pilot_summary,all,50,0.0029279194822685807,0.02943174961964067,1.0
0.9,buchwald-hartwig,bh_reaction_3,10,40,pilot_summary,all,50,1.0154691064455814e-05,0.0016183868050500625,1.0
0.9,buchwald-hartwig,bh_reaction_3,10,20,pilot_summary,not_yet_hit,15,0.009759731605228602,0.09810349873096885,1.0
0.9,buchwald-hartwig,bh_reaction_3,10,40,pilot_summary,not_yet_hit,15,3.384896788151938e-05,0.00539228934900014,1.0
0.9,buchwald-hartwig,bh_reaction_4,5,20,pilot_summary,all,50,0.018711477022675692,0.0779722188134047,0.98
0.9,buchwald-hartwig,bh_reaction_4,5,20,pilot_summary,not_yet_hit,29,0.032261167279751195,0.13443413588481842,0.9655172413793104
0.9,buchwald-hartwig,bh_reaction_4,5,40,pilot_summary,all,50,3.396519466209774e-06,0.0012250250654056486,1.0
0.9,buchwald-hartwig,bh_reaction_4,5,40,pilot_summary,not_yet_hit,29,5.8560673210513345e-06,0.0021113880434407524,1.0
0.9,buchwald-hartwig,bh_reaction_4,10,20,pilot_summary,all,50,0.018032530840349403,0.060174325364248805,0.98
0.9,buchwald-hartwig,bh_reaction_4,10,40,pilot_summary,all,50,7.848097507616842e-06,0.0008987199888232736,1.0
0.9,buchwald-hartwig,bh_reaction_4,10,20,pilot_summary,not_yet_hit,7,0.12880379171063863,0.4298104668844197,0.8571428571428571
0.9,buchwald-hartwig,bh_reaction_4,10,40,pilot_summary,not_yet_hit,7,5.605783319726317e-05,0.006413285631380347,1.0
0.9,buchwald-hartwig,bh_reaction_5,5,20,pilot_summary,all,50,0.00149625893224697,0.026622358907506666,1.0
0.9,buchwald-hartwig,bh_reaction_5,5,40,pilot_summary,all,50,4.797216202617216e-06,0.001427757229179877,1.0
0.9,buchwald-hartwig,bh_reaction_5,10,20,pilot_summary,all,50,0.0010759420898626734,0.012292475719604323,1.0
0.9,buchwald-hartwig,bh_reaction_5,10,40,pilot_summary,all,50,3.5593845944901496e-06,0.0006712142314532057,1.0
0.9,buchwald-hartwig,bh_reaction_5,5,20,pilot_summary,not_yet_hit,32,0.002337904581073391,0.04159687329269789,1.0
0.9,buchwald-hartwig,bh_reaction_5,5,40,pilot_summary,not_yet_hit,32,7.4956497540894e-06,0.0022303081703122915,1.0
0.9,buchwald-hartwig,bh_reaction_5,10,20,pilot_summary,not_yet_hit,7,0.007685300635733381,0.08779725513695928,1.0
0.9,buchwald-hartwig,bh_reaction_5,10,40,pilot_summary,not_yet_hit,7,2.5424169532072492e-05,0.004788244507308434,1.0
0.9,buchwald-hartwig,bh_reaction_1,5,20,prevalence,all,50,0.03786601025711914,0.15197720503866777,0.96
0.9,buchwald-hartwig,bh_reaction_1,5,40,prevalence,all,50,1.0000000000575112e-12,1.0000005000290893e-06,1.0
0.9,buchwald-hartwig,bh_reaction_1,10,20,prevalence,all,50,0.03333265313151292,0.10127794501643647,0.96
0.9,buchwald-hartwig,bh_reaction_1,10,40,prevalence,all,50,1.0000000000575112e-12,1.0000005000290893e-06,1.0
0.9,buchwald-hartwig,bh_reaction_1,5,20,prevalence,not_yet_hit,27,0.07012224121603543,0.2814384167378477,0.9259259259259259
0.9,buchwald-hartwig,bh_reaction_1,5,40,prevalence,not_yet_hit,27,1.0000000000575112e-12,1.000000500029089e-06,1.0
0.9,buchwald-hartwig,bh_reaction_1,10,20,prevalence,not_yet_hit,6,0.277772109421941,0.8439755417999703,0.6666666666666666
0.9,buchwald-hartwig,bh_reaction_1,10,40,prevalence,not_yet_hit,6,1.0000000000575112e-12,1.000000500029089e-06,1.0
0.9,buchwald-hartwig,bh_reaction_2,5,20,prevalence,all,50,0.0007305240768558014,0.021310348174031053,1.0
0.9,buchwald-hartwig,bh_reaction_2,5,40,prevalence,all,50,1.0000000000575112e-12,1.0000005000290893e-06,1.0
0.9,buchwald-hartwig,bh_reaction_2,10,20,prevalence,all,50,0.002288201884921485,0.024659597990422357,1.0
0.9,buchwald-hartwig,bh_reaction_2,10,40,prevalence,all,50,1.0000000000575112e-12,1.0000005000290893e-06,1.0
0.9,buchwald-hartwig,bh_reaction_2,5,20,prevalence,not_yet_hit,30,0.0012175401274263358,0.035516580289718394,1.0
0.9,buchwald-hartwig,bh_reaction_2,5,40,prevalence,not_yet_hit,30,1.0000000000575112e-12,1.000000500029089e-06,1.0
0.9,buchwald-hartwig,bh_reaction_2,10,20,prevalence,not_yet_hit,12,0.009534174517339523,0.10274515829184307,1.0
0.9,buchwald-hartwig,bh_reaction_2,10,40,prevalence,not_yet_hit,12,1.0000000000575112e-12,1.000000500029089e-06,1.0
0.9,buchwald-hartwig,bh_reaction_3,5,20,prevalence,all,50,0.0007061732743272746,0.020600036568246684,1.0
0.9,buchwald-hartwig,bh_reaction_3,5,20,prevalence,not_yet_hit,29,0.0012175401274263358,0.035516580289718394,1.0
0.9,buchwald-hartwig,bh_reaction_3,5,40,prevalence,all,50,1.0000000000575112e-12,1.0000005000290893e-06,1.0
0.9,buchwald-hartwig,bh_reaction_3,5,40,prevalence,not_yet_hit,29,1.0000000000575112e-12,1.000000500029089e-06,1.0
0.9,buchwald-hartwig,bh_reaction_3,10,20,prevalence,all,50,0.002860252355901857,0.030824247487902932,1.0
0.9,buchwald-hartwig,bh_reaction_3,10,40,prevalence,all,50,1.0000000000575112e-12,1.0000005000290893e-06,1.0
0.9,buchwald-hartwig,bh_reaction_3,10,20,prevalence,not_yet_hit,15,0.009534174517339521,0.10274515829184307,1.0
0.9,buchwald-hartwig,bh_reaction_3,10,40,prevalence,not_yet_hit,15,1.0000000000575112e-12,1.000000500029089e-06,1.0
0.9,buchwald-hartwig,bh_reaction_4,5,20,prevalence,all,50,0.019310442568251728,0.08699893240924161,0.98
0.9,buchwald-hartwig,bh_reaction_4,5,20,prevalence,not_yet_hit,29,0.03329386649626161,0.14999743518798553,0.9655172413793104
0.9,buchwald-hartwig,bh_reaction_4,5,40,prevalence,all,50,1.0000000000575112e-12,1.0000005000290893e-06,1.0
0.9,buchwald-hartwig,bh_reaction_4,5,40,prevalence,not_yet_hit,29,1.0000000000575112e-12,1.000000500029089e-06,1.0
0.9,buchwald-hartwig,bh_reaction_4,10,20,prevalence,all,50,0.01742906052756362,0.05885900517177569,0.98
0.9,buchwald-hartwig,bh_reaction_4,10,40,prevalence,all,50,1.0000000000575112e-12,1.0000005000290893e-06,1.0
0.9,buchwald-hartwig,bh_reaction_4,10,20,prevalence,not_yet_hit,7,0.12449328947645444,0.42041532265246906,0.8571428571428571
0.9,buchwald-hartwig,bh_reaction_4,10,40,prevalence,not_yet_hit,7,1.0000000000575112e-12,1.000000500029089e-06,1.0
0.9,buchwald-hartwig,bh_reaction_5,5,20,prevalence,all,50,0.0007792256819128549,0.022730971385599784,1.0
0.9,buchwald-hartwig,bh_reaction_5,5,40,prevalence,all,50,1.0000000000575112e-12,1.0000005000290893e-06,1.0
0.9,buchwald-hartwig,bh_reaction_5,10,20,prevalence,all,50,0.0013347844332875333,0.014385182161288056,1.0
0.9,buchwald-hartwig,bh_reaction_5,10,40,prevalence,all,50,1.0000000000575112e-12,1.0000005000290893e-06,1.0
0.9,buchwald-hartwig,bh_reaction_5,5,20,prevalence,not_yet_hit,32,0.0012175401274263356,0.0355165802897184,1.0
0.9,buchwald-hartwig,bh_reaction_5,5,40,prevalence,not_yet_hit,32,1.0000000000575112e-12,1.000000500029089e-06,1.0
0.9,buchwald-hartwig,bh_reaction_5,10,20,prevalence,not_yet_hit,7,0.009534174517339523,0.10274515829184307,1.0
0.9,buchwald-hartwig,bh_reaction_5,10,40,prevalence,not_yet_hit,7,1.0000000000575112e-12,1.000000500029089e-06,1.0
0.9,c2-yield,c2_yield_data,5,20,no_target,all,50,0.019306325490963738,0.08661975844298,0.98
0.9,c2-yield,c2_yield_data,5,20,no_target,not_yet_hit,28,0.034475581233078104,0.15467735436207145,0.9642857142857143
0.9,c2-yield,c2_yield_data,5,40,no_target,all,50,9.204563806942267e-07,0.0007188527977648945,1.0
0.9,c2-yield,c2_yield_data,5,40,no_target,not_yet_hit,28,1.643671322668262e-06,0.00128287999561586,1.0
0.9,c2-yield,c2_yield_data,10,20,no_target,all,50,0.017919644543131184,0.06364029648769658,0.98
0.9,c2-yield,c2_yield_data,10,20,no_target,not_yet_hit,9,0.0995535807906177,0.35355264715159185,0.8888888888888888
0.9,c2-yield,c2_yield_data,10,40,no_target,all,50,2.5859910310925054e-06,0.0006843759279322552,1.0
0.9,c2-yield,c2_yield_data,10,40,no_target,not_yet_hit,9,1.4366612283847256e-05,0.0037975329306790626,1.0
0.9,c2-yield,c2_yield_data,5,20,best,all,50,0.01971202724059239,0.09718422224082816,0.98
0.9,c2-yield,c2_yield_data,5,20,best,not_yet_hit,28,0.03520004864312927,0.1735424682868003,0.9642857142857143
0.9,c2-yield,c2_yield_data,5,40,best,all,50,3.1534487203255027e-07,0.0003620385341443801,1.0
0.9,c2-yield,c2_yield_data,5,40,best,not_yet_hit,28,5.631150572009826e-07,0.0006457116677220846,1.0
0.9,c2-yield,c2_yield_data,10,20,best,all,50,0.01863759939609855,0.07019254299097147,0.98
0.9,c2-yield,c2_yield_data,10,20,best,not_yet_hit,9,0.10354221886265863,0.3899540166142301,0.8888888888888888
0.9,c2-yield,c2_yield_data,10,40,best,all,50,6.267923255547412e-07,0.00033461734227185165,1.0
0.9,c2-yield,c2_yield_data,10,40,best,not_yet_hit,9,3.482175030859672e-06,0.0018544296770101544,1.0
0.9,c2-yield,c2_yield_data,5,20,pilot_summary,all,50,0.019802998400820625,0.10654609634939444,0.98
0.9,c2-yield,c2_yield_data,5,20,pilot_summary,not_yet_hit,28,0.03536249714353684,0.19026010062352575,0.9642857142857143
0.9,c2-yield,c2_yield_data,5,40,pilot_summary,all,50,7.500449739805712e-08,0.00018894036253518914,1.0
0.9,c2-yield,c2_yield_data,5,40,pilot_summary,not_yet_hit,28,1.3393581678224476e-07,0.0003366077898485291,1.0
0.9,c2-yield,c2_yield_data,10,20,pilot_summary,all,50,0.019055748384711194,0.07649750339455824,0.98
0.9,c2-yield,c2_yield_data,10,20,pilot_summary,not_yet_hit,9,0.10586526879939553,0.42498157441193435,0.8888888888888888
0.9,c2-yield,c2_yield_data,10,40,pilot_summary,all,50,2.4740768636647694e-07,0.00020396156164598247,1.0
0.9,c2-yield,c2_yield_data,10,40,pilot_summary,not_yet_hit,9,1.3744825909248716e-06,0.001128564229088659,1.0
0.9,c2-yield,c2_yield_data,5,20,prevalence,all,50,0.01930258449016697,0.08655533610453606,0.98
0.9,c2-yield,c2_yield_data,5,20,prevalence,not_yet_hit,28,0.034468900874512445,0.15456231447199295,0.9642857142857143
0.9,c2-yield,c2_yield_data,5,40,prevalence,all,50,1.0000000000575112e-12,1.0000005000290893e-06,1.0
0.9,c2-yield,c2_yield_data,5,40,prevalence,not_yet_hit,28,1.0000000000575112e-12,1.000000500029089e-06,1.0
0.9,c2-yield,c2_yield_data,10,20,prevalence,all,50,0.01784111991986199,0.06314755711532871,0.98
0.9,c2-yield,c2_yield_data,10,20,prevalence,not_yet_hit,9,0.09911733288356664,0.35081520619399253,0.8888888888888888
0.9,c2-yield,c2_yield_data,10,40,prevalence,all,50,1.0000000000575112e-12,1.0000005000290893e-06,1.0
0.9,c2-yield,c2_yield_data,10,40,prevalence,not_yet_hit,9,1.0000000000575112e-12,1.000000500029089e-06,1.0
0.9,suzuki-miyaura,suzuki_miyaura_data,5,20,no_target,all,50,0.03867625270575322,0.16854169365129765,0.96
0.9,suzuki-miyaura,suzuki_miyaura_data,5,40,no_target,all,50,7.802511814623724e-07,0.0006735254055290569,1.0
0.9,suzuki-miyaura,suzuki_miyaura_data,10,20,no_target,all,50,0.036230993173627414,0.12587011830430403,0.96
0.9,suzuki-miyaura,suzuki_miyaura_data,10,40,no_target,all,50,2.658844587138828e-06,0.000766929899836889,1.0
0.9,suzuki-miyaura,suzuki_miyaura_data,5,20,no_target,not_yet_hit,29,0.06668319431954002,0.29058840284670284,0.9310344827586207
0.9,suzuki-miyaura,suzuki_miyaura_data,5,40,no_target,not_yet_hit,29,1.3452599335558144e-06,0.0011605265608949041,1.0
0.9,suzuki-miyaura,suzuki_miyaura_data,10,20,no_target,not_yet_hit,11,0.16468633260385182,0.5721333559268816,0.8181818181818182
0.9,suzuki-miyaura,suzuki_miyaura_data,10,40,no_target,not_yet_hit,11,1.2085653668812858e-05,0.003482499542940302,1.0
0.9,suzuki-miyaura,suzuki_miyaura_data,5,20,best,all,50,0.03946387401856934,0.19889912605778007,0.96
0.9,suzuki-miyaura,suzuki_miyaura_data,5,40,best,all,50,6.323177368753479e-07,0.0005693636337530219,1.0
0.9,suzuki-miyaura,suzuki_miyaura_data,10,20,best,all,50,0.038365816496816564,0.15538773059853195,0.96
0.9,suzuki-miyaura,suzuki_miyaura_data,10,40,best,all,50,1.4822079153966833e-06,0.0005344173344054043,1.0
0.9,suzuki-miyaura,suzuki_miyaura_data,5,20,best,not_yet_hit,29,0.06804116210025749,0.3429288035475345,0.9310344827586207
0.9,suzuki-miyaura,suzuki_miyaura_data,5,40,best,not_yet_hit,29,1.0902022704747378e-06,0.0009809372992120857,1.0
0.9,suzuki-miyaura,suzuki_miyaura_data,10,20,best,not_yet_hit,11,0.1743900749819844,0.706304320900645,0.8181818181818182
0.9,suzuki-miyaura,suzuki_miyaura_data,10,40,best,not_yet_hit,11,6.737305160894015e-06,0.0024256242455244627,1.0
0.9,suzuki-miyaura,suzuki_miyaura_data,5,20,pilot_summary,all,50,0.039501305586337535,0.2052761573058129,0.96
0.9,suzuki-miyaura,suzuki_miyaura_data,5,40,pilot_summary,all,50,6.318133063245516e-07,0.0005008185663938382,1.0
0.9,suzuki-miyaura,suzuki_miyaura_data,10,20,pilot_summary,all,50,0.03815019307443705,0.1541745842957021,0.96
0.9,suzuki-miyaura,suzuki_miyaura_data,10,40,pilot_summary,all,50,1.1607701286080725e-06,0.00044120653743363837,1.0
0.9,suzuki-miyaura,suzuki_miyaura_data,5,20,pilot_summary,not_yet_hit,29,0.0681056992860647,0.35392368500966015,0.9310344827586207
0.9,suzuki-miyaura,suzuki_miyaura_data,5,40,pilot_summary,not_yet_hit,29,1.0893325626285368e-06,0.0008627561485928033,1.0
0.9,suzuki-miyaura,suzuki_miyaura_data,10,20,pilot_summary,not_yet_hit,11,0.173409968516623,0.7007900195241457,0.8181818181818182
0.9,suzuki-miyaura,suzuki_miyaura_data,10,40,pilot_summary,not_yet_hit,11,5.276224311854873e-06,0.002001938804743708,1.0
0.9,suzuki-miyaura,suzuki_miyaura_data,5,20,prevalence,all,50,0.038681168074921626,0.16867230789625268,0.96
0.9,suzuki-miyaura,suzuki_miyaura_data,5,40,prevalence,all,50,1.0000000000575112e-12,1.0000005000290893e-06,1.0
0.9,suzuki-miyaura,suzuki_miyaura_data,10,20,prevalence,all,50,0.035538198819402095,0.11990002990818256,0.96
0.9,suzuki-miyaura,suzuki_miyaura_data,10,40,prevalence,all,50,1.0000000000575112e-12,1.0000005000290893e-06,1.0
0.9,suzuki-miyaura,suzuki_miyaura_data,5,20,prevalence,not_yet_hit,29,0.06669166909396833,0.29081359982076316,0.9310344827586207
0.9,suzuki-miyaura,suzuki_miyaura_data,5,40,prevalence,not_yet_hit,29,1.0000000000575112e-12,1.000000500029089e-06,1.0
0.9,suzuki-miyaura,suzuki_miyaura_data,10,20,prevalence,not_yet_hit,11,0.16153726735737317,0.544996590489966,0.8181818181818182
0.9,suzuki-miyaura,suzuki_miyaura_data,10,40,prevalence,not_yet_hit,11,1.0000000000575112e-12,1.000000500029089e-06,1.0
0.95,additives,additive_rxn_screening_plate_1,5,20,no_target,all,50,0.5800547605236603,1.6436410692946464,0.28
0.95,additives,additive_rxn_screening_plate_1,5,20,no_target,not_yet_hit,39,0.7436599493890264,2.1072318580699183,0.07692307692307693
0.95,additives,additive_rxn_screening_plate_1,5,40,no_target,all,50,5.956836366760098e-05,0.006846579915056309,1.0
0.95,additives,additive_rxn_screening_plate_1,5,40,no_target,not_yet_hit,39,7.636969672769355e-05,0.008777384506341412,1.0
0.95,additives,additive_rxn_screening_plate_1,10,20,no_target,all,50,0.45166218209143394,1.1367983629461145,0.28
0.95,additives,additive_rxn_screening_plate_1,10,20,no_target,not_yet_hit,39,0.5790540796041206,1.4574335165974412,0.07692307692307693
0.95,additives,additive_rxn_screening_plate_1,10,40,no_target,all,50,0.00031365546747138607,0.015800508283945205,1.0
0.95,additives,additive_rxn_screening_plate_1,10,40,no_target,not_yet_hit,39,0.00040212239391203335,0.02025677985107077,1.0
0.95,additives,additive_rxn_screening_plate_2,5,20,no_target,all,50,0.0076269213495796274,0.07820128631825396,1.0
0.95,additives,additive_rxn_screening_plate_2,5,20,no_target,not_yet_hit,36,0.010592946318471705,0.10861250877515827,1.0
0.95,additives,additive_rxn_screening_plate_2,5,40,no_target,all,50,5.498618192393936e-05,0.006319996844705825,1.0
0.95,additives,additive_rxn_screening_plate_2,5,40,no_target,not_yet_hit,36,7.636969672769356e-05,0.008777384506341412,1.0
0.95,additives,additive_rxn_screening_plate_2,10,20,no_target,all,50,0.03184337528302692,0.16999560754964077,1.0
0.95,additives,additive_rxn_screening_plate_2,10,20,no_target,not_yet_hit,36,0.04422691011492628,0.2361046215965288,1.0
0.95,additives,additive_rxn_screening_plate_2,10,40,no_target,all,50,0.00028952812389666403,0.014585161492910963,1.0
0.95,additives,additive_rxn_screening_plate_2,10,40,no_target,not_yet_hit,36,0.0004021223939120334,0.02025677985107077,1.0
0.95,additives,additive_rxn_screening_plate_3,5,20,no_target,all,50,0.0093217927603751,0.09557912772219926,1.0
0.95,additives,additive_rxn_screening_plate_3,5,20,no_target,not_yet_hit,44,0.010592946318471705,0.10861250877515821,1.0
0.95,additives,additive_rxn_screening_plate_3,5,40,no_target,all,50,6.720533324037033e-05,0.007724218365640447,1.0
0.95,additives,additive_rxn_screening_plate_3,5,40,no_target,not_yet_hit,44,7.636969672769356e-05,0.008777384506341412,1.0
0.95,additives,additive_rxn_screening_plate_3,10,20,no_target,all,50,1.0000000000575112e-12,1.0000005000290893e-06,1.0
0.95,additives,additive_rxn_screening_plate_3,10,40,no_target,all,50,1.0000000000575112e-12,1.0000005000290893e-06,1.0
0.95,additives,additive_rxn_screening_plate_4,5,20,no_target,all,50,0.008686215981326798,0.08906243719571977,1.0
0.95,additives,additive_rxn_screening_plate_4,5,20,no_target,not_yet_hit,41,0.010592946318471706,0.10861250877515824,1.0
0.95,additives,additive_rxn_screening_plate_4,5,40,no_target,all,50,6.262315149670872e-05,0.0071976352952899635,1.0
0.95,additives,additive_rxn_screening_plate_4,5,40,no_target,not_yet_hit,41,7.636969672769356e-05,0.008777384506341412,1.0
0.95,additives,additive_rxn_screening_plate_4,10,20,no_target,all,50,1.0000000000575112e-12,1.0000005000290893e-06,1.0
0.95,additives,additive_rxn_screening_plate_4,10,40,no_target,all,50,1.0000000000575112e-12,1.0000005000290893e-06,1.0
0.95,additives,additive_rxn_screening_plate_1,5,20,best,all,50,0.607615179648455,2.0310772740824787,0.28
0.95,additives,additive_rxn_screening_plate_1,5,20,best,not_yet_hit,39,0.7789938200618398,2.603944941131242,0.07692307692307693
0.95,additives,additive_rxn_screening_plate_1,5,40,best,all,50,0.00030720120441813124,0.006336250679186344,1.0
0.95,additives,additive_rxn_screening_plate_1,5,40,best,not_yet_hit,39,0.0003938476976899118,0.008123116255226076,1.0
0.95,additives,additive_rxn_screening_plate_1,10,20,best,all,50,0.5250909932680128,1.3931606109035162,0.28
0.95,additives,additive_rxn_screening_plate_1,10,20,best,not_yet_hit,39,0.6731935811125549,1.786103065260777,0.07692307692307693
0.95,additives,additive_rxn_screening_plate_1,10,40,best,all,50,7.786283420948165e-05,0.007771754453142241,1.0
0.95,additives,additive_rxn_screening_plate_1,10,40,best,not_yet_hit,39,9.98241461403611e-05,0.009963505709015686,1.0
0.95,additives,additive_rxn_screening_plate_2,5,20,best,all,50,0.03013255500960292,0.1344847824884444,1.0
0.95,additives,additive_rxn_screening_plate_2,5,20,best,not_yet_hit,36,0.04185077084628183,0.1867840312337561,1.0
0.95,additives,additive_rxn_screening_plate_2,5,40,best,all,50,0.000494896169250751,0.010024562759976076,1.0
0.95,additives,additive_rxn_screening_plate_2,5,40,best,not_yet_hit,36,0.0006873557902371543,0.013922614944216764,1.0
0.95,additives,additive_rxn_screening_plate_2,10,20,best,all,50,0.053244610718295726,0.22594224670375587,1.0
0.95,additives,additive_rxn_screening_plate_2,10,20,best,not_yet_hit,36,0.07395084821946628,0.3138082870883554,1.0
0.95,additives,additive_rxn_screening_plate_2,10,40,best,all,50,0.0003307225500234069,0.01526435506944744,1.0
0.95,additives,additive_rxn_screening_plate_2,10,40,best,not_yet_hit,36,0.00045933687464362073,0.021200104262926987,1.0
0.95,additives,additive_rxn_screening_plate_3,5,20,best,all,50,0.056456879512957754,0.22741579778261006,1.0
0.95,additives,additive_rxn_screening_plate_3,5,20,best,not_yet_hit,44,0.064155544900952,0.25842690657107953,1.0
0.95,additives,additive_rxn_screening_plate_3,5,40,best,all,50,0.0010911278010290366,0.017611013150581348,1.0
0.95,additives,additive_rxn_screening_plate_3,5,40,best,not_yet_hit,44,0.001239917955578451,0.020012378580137893,1.0
0.95,additives,additive_rxn_screening_plate_3,10,20,best,all,50,1.0000000000575112e-12,1.0000005000290893e-06,1.0
0.95,additives,additive_rxn_screening_plate_3,10,40,best,all,50,1.0000000000575112e-12,1.0000005000290893e-06,1.0
0.95,additives,additive_rxn_screening_plate_4,5,20,best,all,50,0.017147086640493428,0.11000312114553275,1.0
0.95,additives,additive_rxn_screening_plate_4,5,20,best,not_yet_hit,41,0.020911081268674917,0.13414992822614968,1.0
0.95,additives,additive_rxn_screening_plate_4,5,40,best,all,50,9.861859482076053e-05,0.0070253790290970616,1.0
0.95,additives,additive_rxn_screening_plate_4,5,40,best,not_yet_hit,41,0.00012026657883019576,0.008567315889032997,1.0
0.95,additives,additive_rxn_screening_plate_4,10,20,best,all,50,1.0000000000575112e-12,1.0000005000290893e-06,1.0
0.95,additives,additive_rxn_screening_plate_4,10,40,best,all,50,1.0000000000575112e-12,1.0000005000290893e-06,1.0
0.95,additives,additive_rxn_screening_plate_1,5,20,pilot_summary,all,50,0.6121131077508606,2.0699254103330174,0.28
0.95,additives,additive_rxn_screening_plate_1,5,20,pilot_summary,not_yet_hit,39,0.7847603945521033,2.653750244016548,0.07692307692307693
0.95,additives,additive_rxn_screening_plate_1,5,40,pilot_summary,all,50,0.0002411270769577816,0.005800943146497868,1.0
0.95,additives,additive_rxn_screening_plate_1,5,40,pilot_summary,not_yet_hit,39,0.00030913727786895074,0.007436824546651104,1.0
0.95,additives,additive_rxn_screening_plate_1,10,20,pilot_summary,all,50,0.535051758949811,1.4363970973928781,0.28
0.95,additives,additive_rxn_screening_plate_1,10,20,pilot_summary,not_yet_hit,39,0.6859637935251166,1.8415344581958568,0.07692307692307693
0.95,additives,additive_rxn_screening_plate_1,10,40,pilot_summary,all,50,6.996929259198663e-05,0.007321413884512029,1.0
0.95,additives,additive_rxn_screening_plate_1,10,40,pilot_summary,not_yet_hit,39,8.970422098972644e-05,0.009386146005643619,1.0
0.95,additives,additive_rxn_screening_plate_2,5,20,pilot_summary,all,50,0.027374005348157746,0.1263185207460141,1.0
0.95,additives,additive_rxn_screening_plate_2,5,20,pilot_summary,not_yet_hit,36,0.038019451872052426,0.1754420010359362,1.0
0.95,additives,additive_rxn_screening_plate_2,5,40,pilot_summary,all,50,0.0003928631671342844,0.009222141021911441,1.0
0.95,additives,additive_rxn_screening_plate_2,5,40,pilot_summary,not_yet_hit,36,0.0005456432872976174,0.012808140308015878,1.0
0.95,additives,additive_rxn_screening_plate_2,10,20,pilot_summary,all,50,0.05239849502403501,0.2238951361283123,1.0
0.95,additives,additive_rxn_screening_plate_2,10,20,pilot_summary,not_yet_hit,36,0.07277568753299307,0.31096507795579487,1.0
0.95,additives,additive_rxn_screening_plate_2,10,40,pilot_summary,all,50,0.00032770189205642695,0.015185315636719836,1.0
0.95,additives,additive_rxn_screening_plate_2,10,40,pilot_summary,not_yet_hit,36,0.0004551415163561486,0.021090327273027537,1.0
0.95,additives,additive_rxn_screening_plate_3,5,20,pilot_summary,all,50,0.04905978943653119,0.2076303962766214,1.0
0.95,additives,additive_rxn_screening_plate_3,5,20,pilot_summary,not_yet_hit,44,0.05574976072319455,0.23594349576881976,1.0
0.95,additives,additive_rxn_screening_plate_3,5,40,pilot_summary,all,50,0.000888033407657364,0.015793857219509898,1.0
0.95,additives,additive_rxn_screening_plate_3,5,40,pilot_summary,not_yet_hit,44,0.0010091288722015501,0.017947428658465787,1.0
0.95,additives,additive_rxn_screening_plate_3,10,20,pilot_summary,all,50,1.0000000000575112e-12,1.0000005000290893e-06,1.0
0.95,additives,additive_rxn_screening_plate_3,10,40,pilot_summary,all,50,1.0000000000575112e-12,1.0000005000290893e-06,1.0
0.95,additives,additive_rxn_screening_plate_4,5,20,pilot_summary,all,50,0.015337116833114204,0.10170036935059688,1.0
0.95,additives,additive_rxn_screening_plate_4,5,20,pilot_summary,not_yet_hit,41,0.01870380101577342,0.12402462115915473,1.0
0.95,additives,additive_rxn_screening_plate_4,5,40,pilot_summary,all,50,8.93948070693338e-05,0.006510169204475352,1.0
0.95,additives,additive_rxn_screening_plate_4,5,40,pilot_summary,not_yet_hit,41,0.00010901805718211436,0.007939011224860178,1.0
0.95,additives,additive_rxn_screening_plate_4,10,20,pilot_summary,all,50,1.0000000000575112e-12,1.0000005000290893e-06,1.0
0.95,additives,additive_rxn_screening_plate_4,10,40,pilot_summary,all,50,1.0000000000575112e-12,1.0000005000290893e-06,1.0
0.95,additives,additive_rxn_screening_plate_1,5,20,prevalence,all,50,0.5790791950935734,1.6383752248874208,0.28
0.95,additives,additive_rxn_screening_plate_1,5,20,prevalence,not_yet_hit,39,0.7424092244786581,2.1004807754965524,0.07692307692307693
0.95,additives,additive_rxn_screening_plate_1,5,40,prevalence,all,50,4.913076363647597e-05,0.00621539232646786,1.0
0.95,additives,additive_rxn_screening_plate_1,5,40,prevalence,not_yet_hit,39,6.298815822625121e-05,0.007968169649176734,1.0
0.95,additives,additive_rxn_screening_plate_1,10,20,prevalence,all,50,0.4475093028352499,1.124375894101994,0.28
0.95,additives,additive_rxn_screening_plate_1,10,20,prevalence,not_yet_hit,39,0.5737298754295255,1.4415072744895956,0.07692307692307693
0.95,additives,additive_rxn_screening_plate_1,10,40,prevalence,all,50,0.00021666666688666518,0.013109772286887322,1.0
0.95,additives,additive_rxn_screening_plate_1,10,40,prevalence,not_yet_hit,39,0.0002777777777777759,0.01680711831638117,1.0
0.95,additives,additive_rxn_screening_plate_2,5,20,prevalence,all,50,0.007740400304356936,0.07881381295715456,1.0
0.95,additives,additive_rxn_screening_plate_2,5,20,prevalence,not_yet_hit,36,0.010750555977884635,0.1094632402180758,1.0
0.95,additives,additive_rxn_screening_plate_2,5,40,prevalence,all,50,4.535147420290089e-05,0.005737362147547257,1.0
0.95,additives,additive_rxn_screening_plate_2,5,40,prevalence,not_yet_hit,36,6.298815822625122e-05,0.007968169649176734,1.0
0.95,additives,additive_rxn_screening_plate_2,10,20,prevalence,all,50,0.03298749068210704,0.1734179049463451,1.0
0.95,additives,additive_rxn_screening_plate_2,10,20,prevalence,not_yet_hit,36,0.04581595928031532,0.2408578124252848,1.0
0.95,additives,additive_rxn_screening_plate_2,10,40,prevalence,all,50,0.00020000000027999864,0.012101405187934455,1.0
0.95,additives,additive_rxn_screening_plate_2,10,40,prevalence,not_yet_hit,36,0.0002777777777777759,0.01680711831638117,1.0
0.95,additives,additive_rxn_screening_plate_3,5,20,prevalence,all,50,0.009460489260658476,0.09632777139196666,1.0
0.95,additives,additive_rxn_screening_plate_3,5,20,prevalence,not_yet_hit,44,0.010750555977884633,0.10946324021807574,1.0
0.95,additives,additive_rxn_screening_plate_3,5,40,prevalence,all,50,5.542957935910109e-05,0.007012109291335531,1.0
0.95,additives,additive_rxn_screening_plate_3,5,40,prevalence,not_yet_hit,44,6.298815822625123e-05,0.007968169649176736,1.0
0.95,additives,additive_rxn_screening_plate_3,10,20,prevalence,all,50,1.0000000000575112e-12,1.0000005000290893e-06,1.0
0.95,additives,additive_rxn_screening_plate_3,10,40,prevalence,all,50,1.0000000000575112e-12,1.0000005000290893e-06,1.0
0.95,additives,additive_rxn_screening_plate_4,5,20,prevalence,all,50,0.008815455902045397,0.08976003697891212,1.0
0.95,additives,additive_rxn_screening_plate_4,5,20,prevalence,not_yet_hit,41,0.010750555977884631,0.10946324021807576,1.0
0.95,additives,additive_rxn_screening_plate_4,5,40,prevalence,all,50,5.165028992552602e-05,0.006534079112414928,1.0
0.95,additives,additive_rxn_screening_plate_4,5,40,prevalence,not_yet_hit,41,6.298815822625125e-05,0.007968169649176734,1.0
0.95,additives,additive_rxn_screening_plate_4,10,20,prevalence,all,50,1.0000000000575112e-12,1.0000005000290893e-06,1.0
0.95,additives,additive_rxn_screening_plate_4,10,40,prevalence,all,50,1.0000000000575112e-12,1.0000005000290893e-06,1.0
0.95,buchwald-hartwig,bh_reaction_1,5,20,no_target,all,50,0.1014253693251373,0.33170123477844193,0.88
0.95,buchwald-hartwig,bh_reaction_1,5,20,no_target,not_yet_hit,37,0.13706130989848286,0.4482445605112323,0.8378378378378378
0.95,buchwald-hartwig,bh_reaction_1,5,40,no_target,all,50,5.2948196933533454e-05,0.0062864103286469205,1.0
0.95,buchwald-hartwig,bh_reaction_1,5,40,no_target,not_yet_hit,37,7.155161712639655e-05,0.008494797741239072,1.0
0.95,buchwald-hartwig,bh_reaction_1,10,20,no_target,all,50,0.08085583166716452,0.23118243715484696,0.88
0.95,buchwald-hartwig,bh_reaction_1,10,40,no_target,all,50,0.0001851425379165208,0.008258660622567797,1.0
0.95,buchwald-hartwig,bh_reaction_1,10,20,no_target,not_yet_hit,18,0.22459953240701255,0.6421716587625748,0.6666666666666666
0.95,buchwald-hartwig,bh_reaction_1,10,40,no_target,not_yet_hit,18,0.0005142848257681133,0.022938946172910493,1.0
0.95,buchwald-hartwig,bh_reaction_2,5,20,no_target,all,50,0.08587759412215776,0.2877917642085879,0.9
0.95,buchwald-hartwig,bh_reaction_2,5,40,no_target,all,50,5.0086132288477584e-05,0.005946658419017359,1.0
0.95,buchwald-hartwig,bh_reaction_2,10,20,no_target,all,50,0.07871752302792596,0.23953517885440964,0.9
0.95,buchwald-hartwig,bh_reaction_2,10,40,no_target,all,50,0.00022628532389796987,0.010093696316360635,1.0
0.95,buchwald-hartwig,bh_reaction_2,5,20,no_target,not_yet_hit,35,0.12268227731693965,0.41113066315491115,0.8571428571428571
0.95,buchwald-hartwig,bh_reaction_2,5,40,no_target,not_yet_hit,35,7.155161712639655e-05,0.008494797741239072,1.0
0.95,buchwald-hartwig,bh_reaction_2,10,20,no_target,not_yet_hit,22,0.17890346142583174,0.5443968610321129,0.7727272727272727
0.95,buchwald-hartwig,bh_reaction_2,10,40,no_target,not_yet_hit,22,0.0005142848257681134,0.02293894617291049,1.0
0.95,buchwald-hartwig,bh_reaction_3,5,20,no_target,all,50,0.028569724173995673,0.15309992874446177,0.98
0.95,buchwald-hartwig,bh_reaction_3,5,20,no_target,not_yet_hit,42,0.034011576397423415,0.1822616294575973,0.9761904761904762
0.95,buchwald-hartwig,bh_reaction_3,5,40,no_target,all,50,6.010335854617312e-05,0.007135790102720824,1.0
0.95,buchwald-hartwig,bh_reaction_3,5,40,no_target,not_yet_hit,42,7.155161712639657e-05,0.008494797741239072,1.0
0.95,buchwald-hartwig,bh_reaction_3,10,20,no_target,all,50,0.036151298555605164,0.13229720197679884,0.98
0.95,buchwald-hartwig,bh_reaction_3,10,40,no_target,all,50,0.0001748568414211585,0.007799901699119587,1.0
0.95,buchwald-hartwig,bh_reaction_3,10,20,no_target,not_yet_hit,17,0.10632734869101516,0.3891074764013789,0.9411764705882353
0.95,buchwald-hartwig,bh_reaction_3,10,40,no_target,not_yet_hit,17,0.0005142848257681132,0.022938946172910493,1.0
0.95,buchwald-hartwig,bh_reaction_4,5,20,no_target,all,50,0.05673533606170111,0.21635124179499576,0.94
0.95,buchwald-hartwig,bh_reaction_4,5,20,no_target,not_yet_hit,37,0.0766693730560015,0.2923661916146834,0.918918918918919
0.95,buchwald-hartwig,bh_reaction_4,5,40,no_target,all,50,5.2948196933533454e-05,0.00628641032864692,1.0
0.95,buchwald-hartwig,bh_reaction_4,5,40,no_target,not_yet_hit,37,7.155161712639655e-05,0.008494797741239072,1.0
0.95,buchwald-hartwig,bh_reaction_4,10,20,no_target,all,50,0.048526246766312404,0.14907956231002145,0.94
0.95,buchwald-hartwig,bh_reaction_4,10,40,no_target,all,50,0.0001439997519350717,0.006423624928774959,1.0
0.95,buchwald-hartwig,bh_reaction_4,10,20,no_target,not_yet_hit,14,0.17330802416283,0.5324244368202193,0.7857142857142857
0.95,buchwald-hartwig,bh_reaction_4,10,40,no_target,not_yet_hit,14,0.0005142848257681131,0.022938946172910486,1.0
0.95,buchwald-hartwig,bh_reaction_5,5,20,no_target,all,50,0.027267529276994055,0.142180982927051,0.98
0.95,buchwald-hartwig,bh_reaction_5,5,40,no_target,all,50,5.437922925606138e-05,0.006456286283461701,1.0
0.95,buchwald-hartwig,bh_reaction_5,10,20,no_target,all,50,0.03129229999626708,0.11220449573739005,0.98
0.95,buchwald-hartwig,bh_reaction_5,10,40,no_target,all,50,0.0001439997519350717,0.006423624928774959,1.0
0.95,buchwald-hartwig,bh_reaction_5,5,20,no_target,not_yet_hit,38,0.03587832799572901,0.18707992490385655,0.9736842105263158
0.95,buchwald-hartwig,bh_reaction_5,5,40,no_target,not_yet_hit,38,7.155161712639654e-05,0.008494797741239072,1.0
0.95,buchwald-hartwig,bh_reaction_5,10,20,no_target,not_yet_hit,14,0.11175821426981096,0.40072777048939295,0.9285714285714286
0.95,buchwald-hartwig,bh_reaction_5,10,40,no_target,not_yet_hit,14,0.0005142848257681131,0.022938946172910486,1.0
0.95,buchwald-hartwig,bh_reaction_1,5,20,best,all,50,0.10018819713319514,0.32602298948123226,0.88
0.95,buchwald-hartwig,bh_reaction_1,5,20,best,not_yet_hit,37,0.13538945558504747,0.4405712560555436,0.8378378378378378
0.95,buchwald-hartwig,bh_reaction_1,5,40,best,all,50,5.43257976716842e-05,0.005758839125613102,1.0
0.95,buchwald-hartwig,bh_reaction_1,5,40,best,not_yet_hit,37,7.341323974551921e-05,0.007781863683085265,1.0
0.95,buchwald-hartwig,bh_reaction_1,10,20,best,all,50,0.08002558893560587,0.22884328727987072,0.88
0.95,buchwald-hartwig,bh_reaction_1,10,40,best,all,50,0.00014102373592757777,0.007069928145781683,1.0
0.95,buchwald-hartwig,bh_reaction_1,10,20,best,not_yet_hit,18,0.22229330259712743,0.6356740202209742,0.6666666666666666
0.95,buchwald-hartwig,bh_reaction_1,10,40,best,not_yet_hit,18,0.00039173259802104934,0.019636911515171288,1.0
0.95,buchwald-hartwig,bh_reaction_2,5,20,best,all,50,0.0891536175326104,0.29972114682233514,0.9
0.95,buchwald-hartwig,bh_reaction_2,5,40,best,all,50,4.5585053325945966e-05,0.005132018209455035,1.0
0.95,buchwald-hartwig,bh_reaction_2,10,20,best,all,50,0.07963327786654596,0.2412010749156688,0.9
0.95,buchwald-hartwig,bh_reaction_2,10,40,best,all,50,0.00018196038435963342,0.008871501447250718,1.0
0.95,buchwald-hartwig,bh_reaction_2,5,20,best,not_yet_hit,35,0.1273623107604434,0.42817263831740726,0.8571428571428571
0.95,buchwald-hartwig,bh_reaction_2,5,40,best,not_yet_hit,35,6.512150432277996e-05,0.007331026013292895,1.0
0.95,buchwald-hartwig,bh_reaction_2,10,20,best,not_yet_hit,22,0.1809847224226954,0.5481829884440654,0.7727272727272727
0.95,buchwald-hartwig,bh_reaction_2,10,40,best,not_yet_hit,22,0.0004135463268173487,0.020161230561297046,1.0
0.95,buchwald-hartwig,bh_reaction_3,5,20,best,all,50,0.03608452182853045,0.1693445083712892,0.98
0.95,buchwald-hartwig,bh_reaction_3,5,20,best,not_yet_hit,42,0.04295776408139339,0.20160041472763002,0.9761904761904762
0.95,buchwald-hartwig,bh_reaction_3,5,40,best,all,50,0.0001070167089044499,0.007806354275411734,1.0
0.95,buchwald-hartwig,bh_reaction_3,5,40,best,not_yet_hit,42,0.00012740084374339273,0.009293088423013966,1.0
0.95,buchwald-hartwig,bh_reaction_3,10,20,best,all,50,0.046856755365822754,0.1554557309503899,0.98
0.95,buchwald-hartwig,bh_reaction_3,10,40,best,all,50,0.0002855153959425851,0.00919384237307177,1.0
0.95,buchwald-hartwig,bh_reaction_3,10,20,best,not_yet_hit,17,0.13781398636812575,0.4572207969119408,0.9411764705882353
0.95,buchwald-hartwig,bh_reaction_3,10,40,best,not_yet_hit,17,0.0008397511625958385,0.027038771684534564,1.0
0.95,buchwald-hartwig,bh_reaction_4,5,20,best,all,50,0.051330685732992896,0.19277879158044167,0.94
0.95,buchwald-hartwig,bh_reaction_4,5,20,best,not_yet_hit,37,0.06936579153072014,0.26051152916258336,0.918918918918919
0.95,buchwald-hartwig,bh_reaction_4,5,40,best,all,50,4.8495954525672e-05,0.005476926559759549,1.0
0.95,buchwald-hartwig,bh_reaction_4,5,40,best,not_yet_hit,37,6.553507333198919e-05,0.007400900756256136,1.0
0.95,buchwald-hartwig,bh_reaction_4,10,20,best,all,50,0.040466765149928675,0.13069147367537082,0.94
0.95,buchwald-hartwig,bh_reaction_4,10,40,best,all,50,0.00015760106874815696,0.006073889061452087,1.0
0.95,buchwald-hartwig,bh_reaction_4,10,20,best,not_yet_hit,14,0.14452416124717388,0.466752691696467,0.7857142857142857
0.95,buchwald-hartwig,bh_reaction_4,10,40,best,not_yet_hit,14,0.0005628609572434177,0.021689889503900234,1.0
0.95,buchwald-hartwig,bh_reaction_5,5,20,best,all,50,0.03001293200958491,0.14554744661229843,0.98
0.95,buchwald-hartwig,bh_reaction_5,5,40,best,all,50,8.461149383522522e-05,0.007115310769026118,1.0
0.95,buchwald-hartwig,bh_reaction_5,10,20,best,all,50,0.0309343783396619,0.11040619137871222,0.98
0.95,buchwald-hartwig,bh_reaction_5,10,40,best,all,50,0.00012491174487527454,0.0058053510327410705,1.0
0.95,buchwald-hartwig,bh_reaction_5,5,20,best,not_yet_hit,38,0.039490700012295925,0.1915094823844453,0.9736842105263158
0.95,buchwald-hartwig,bh_reaction_5,5,40,best,not_yet_hit,38,0.00011133091262529637,0.009361935222244882,1.0
0.95,buchwald-hartwig,bh_reaction_5,10,20,best,not_yet_hit,14,0.1104799226390782,0.39430525492268637,0.9285714285714286
0.95,buchwald-hartwig,bh_reaction_5,10,40,best,not_yet_hit,14,0.00044611337198312333,0.020730825115646605,1.0
0.95,buchwald-hartwig,bh_reaction_1,5,20,pilot_summary,all,50,0.10278693505789212,0.33240583417133185,0.88
0.95,buchwald-hartwig,bh_reaction_1,5,20,pilot_summary,not_yet_hit,37,0.13890126359139474,0.44919672185297566,0.8378378378378378
0.95,buchwald-hartwig,bh_reaction_1,5,40,pilot_summary,all,50,0.00016206769793531632,0.010565049423736905,1.0
0.95,buchwald-hartwig,bh_reaction_1,5,40,pilot_summary,not_yet_hit,37,0.00021901040226394097,0.014276742464333645,1.0
0.95,buchwald-hartwig,bh_reaction_1,10,20,pilot_summary,all,50,0.08042535546820158,0.22988432541362788,0.88
0.95,buchwald-hartwig,bh_reaction_1,10,40,pilot_summary,all,50,0.0004153812067755616,0.012296904444495764,1.0
0.95,buchwald-hartwig,bh_reaction_1,10,20,pilot_summary,not_yet_hit,18,0.2234037651876711,0.638565792814744,0.6666666666666666
0.95,buchwald-hartwig,bh_reaction_1,10,40,pilot_summary,not_yet_hit,18,0.0011538366837098933,0.0341562901227104,1.0
0.95,buchwald-hartwig,bh_reaction_2,5,20,pilot_summary,all,50,0.08795875263710654,0.2909153221030222,0.9
0.95,buchwald-hartwig,bh_reaction_2,5,40,pilot_summary,all,50,0.00012647605404431868,0.008882447257334293,1.0
0.95,buchwald-hartwig,bh_reaction_2,10,20,pilot_summary,all,50,0.09223973780374603,0.2689759546118202,0.9
0.95,buchwald-hartwig,bh_reaction_2,10,40,pilot_summary,all,50,0.0005729716317838202,0.015844335898727063,1.0
0.95,buchwald-hartwig,bh_reaction_2,5,20,pilot_summary,not_yet_hit,35,0.12565536090972365,0.41559288871838884,0.8571428571428571
0.95,buchwald-hartwig,bh_reaction_2,5,40,pilot_summary,not_yet_hit,35,0.00018068007677759815,0.012688781795977551,1.0
0.95,buchwald-hartwig,bh_reaction_2,10,20,pilot_summary,not_yet_hit,22,0.20963576773451373,0.6113077150262277,0.7727272727272727
0.95,buchwald-hartwig,bh_reaction_2,10,40,pilot_summary,not_yet_hit,22,0.0013022082527814093,0.03600858158737964,1.0
0.95,buchwald-hartwig,bh_reaction_3,5,20,pilot_summary,all,50,0.04816614419207958,0.21091246854944784,0.98
0.95,buchwald-hartwig,bh_reaction_3,5,20,pilot_summary,not_yet_hit,42,0.05734064784752331,0.2510860816063903,0.9761904761904762
0.95,buchwald-hartwig,bh_reaction_3,5,40,pilot_summary,all,50,0.00018272023475548085,0.010822026271432368,1.0
0.95,buchwald-hartwig,bh_reaction_3,5,40,pilot_summary,not_yet_hit,42,0.00021752408880414386,0.012883174132562339,1.0
0.95,buchwald-hartwig,bh_reaction_3,10,20,pilot_summary,all,50,0.06394007114495018,0.19261833722961755,0.98
0.95,buchwald-hartwig,bh_reaction_3,10,40,pilot_summary,all,50,0.00048414923704190175,0.01242679863680781,1.0
0.95,buchwald-hartwig,bh_reaction_3,10,20,pilot_summary,not_yet_hit,17,0.18805903277732405,0.5665225800861398,0.9411764705882353
0.95,buchwald-hartwig,bh_reaction_3,10,40,pilot_summary,not_yet_hit,17,0.001423968342299711,0.036547466577875845,1.0
0.95,buchwald-hartwig,bh_reaction_4,5,20,pilot_summary,all,50,0.05373285971999736,0.2053851571087365,0.94
0.95,buchwald-hartwig,bh_reaction_4,5,20,pilot_summary,not_yet_hit,37,0.07261197259423964,0.2775471582548735,0.918918918918919
0.95,buchwald-hartwig,bh_reaction_4,5,40,pilot_summary,all,50,7.442686883352495e-05,0.0069060061568320275,1.0
0.95,buchwald-hartwig,bh_reaction_4,5,40,pilot_summary,not_yet_hit,37,0.00010057684942368235,0.009332089400948675,1.0
0.95,buchwald-hartwig,bh_reaction_4,10,20,pilot_summary,all,50,0.04387982164375197,0.13957520887605546,0.94
0.95,buchwald-hartwig,bh_reaction_4,10,40,pilot_summary,all,50,0.00020279398289492034,0.0069550698020368566,1.0
0.95,buchwald-hartwig,bh_reaction_4,10,20,pilot_summary,not_yet_hit,14,0.1567136487251142,0.49848031741319804,0.7857142857142857
0.95,buchwald-hartwig,bh_reaction_4,10,40,pilot_summary,not_yet_hit,14,0.000724264222053287,0.02483696357741727,1.0
0.95,buchwald-hartwig,bh_reaction_5,5,20,pilot_summary,all,50,0.04295101062324008,0.193570276729753,0.98
0.95,buchwald-hartwig,bh_reaction_5,5,40,pilot_summary,all,50,0.0001666855889799924,0.010590688904856569,1.0
0.95,buchwald-hartwig,bh_reaction_5,10,20,pilot_summary,all,50,0.04459565406173538,0.14151608289041465,0.98
0.95,buchwald-hartwig,bh_reaction_5,10,40,pilot_summary,all,50,0.0003012172186457047,0.00904561769651289,1.0
0.95,buchwald-hartwig,bh_reaction_5,5,20,pilot_summary,not_yet_hit,38,0.056514487661842194,0.2546974167495171,0.9736842105263158
0.95,buchwald-hartwig,bh_reaction_5,5,40,pilot_summary,not_yet_hit,38,0.00021932314307893737,0.013934801190442842,1.0
0.95,buchwald-hartwig,bh_reaction_5,10,20,pilot_summary,not_yet_hit,14,0.15927019307505494,0.5054120103216236,0.9285714285714286
0.95,buchwald-hartwig,bh_reaction_5,10,40,pilot_summary,not_yet_hit,14,0.001075775778306088,0.03230320605768881,1.0
0.95,buchwald-hartwig,bh_reaction_1,5,20,prevalence,all,50,0.10062425126114129,0.3283158297875594,0.88
0.95,buchwald-hartwig,bh_reaction_1,5,20,prevalence,not_yet_hit,37,0.13597871792010982,0.4436696889019315,0.8378378378378378
0.95,buchwald-hartwig,bh_reaction_1,5,40,prevalence,all,50,4.661123734742592e-05,0.005896705540520792,1.0
0.95,buchwald-hartwig,bh_reaction_1,5,40,prevalence,not_yet_hit,37,6.298815822625122e-05,0.007968169649176734,1.0
0.95,buchwald-hartwig,bh_reaction_1,10,20,prevalence,all,50,0.08023932354509176,0.22969937757478223,0.88
0.95,buchwald-hartwig,bh_reaction_1,10,40,prevalence,all,50,0.00010000000063999933,0.006051202594217241,1.0
0.95,buchwald-hartwig,bh_reaction_1,10,20,prevalence,not_yet_hit,18,0.2228870098456993,0.6380520488179505,0.6666666666666666
0.95,buchwald-hartwig,bh_reaction_1,10,40,prevalence,not_yet_hit,18,0.0002777777777777759,0.01680711831638117,1.0
0.95,buchwald-hartwig,bh_reaction_2,5,20,prevalence,all,50,0.08576689312616745,0.2872896192840735,0.9
0.95,buchwald-hartwig,bh_reaction_2,5,40,prevalence,all,50,4.409171105837587e-05,0.0055780187545737235,1.0
0.95,buchwald-hartwig,bh_reaction_2,10,20,prevalence,all,50,0.08010827103732106,0.24286884024208136,0.9
0.95,buchwald-hartwig,bh_reaction_2,10,40,prevalence,all,50,0.00012222222278222136,0.007395692059487732,1.0
0.95,buchwald-hartwig,bh_reaction_2,5,20,prevalence,not_yet_hit,35,0.12252413303695352,0.4104133132627478,0.8571428571428571
0.95,buchwald-hartwig,bh_reaction_2,5,40,prevalence,not_yet_hit,35,6.298815822625123e-05,0.007968169649176734,1.0
0.95,buchwald-hartwig,bh_reaction_2,10,20,prevalence,not_yet_hit,22,0.18206425235627516,0.551973364185912,0.7727272727272727
0.95,buchwald-hartwig,bh_reaction_2,10,40,prevalence,not_yet_hit,22,0.0002777777777777759,0.016807118316381167,1.0
0.95,buchwald-hartwig,bh_reaction_3,5,20,prevalence,all,50,0.033225522056451275,0.17247931732981606,0.98
0.95,buchwald-hartwig,bh_reaction_3,5,20,prevalence,not_yet_hit,42,0.03955419292415627,0.20533233015444768,0.9761904761904762
0.95,buchwald-hartwig,bh_reaction_3,5,40,prevalence,all,50,5.291005307005105e-05,0.006693422505388462,1.0
0.95,buchwald-hartwig,bh_reaction_3,5,40,prevalence,not_yet_hit,42,6.298815822625123e-05,0.007968169649176734,1.0
0.95,buchwald-hartwig,bh_reaction_3,10,20,prevalence,all,50,0.03985755675750449,0.14118911412223936,0.98
0.95,buchwald-hartwig,bh_reaction_3,10,40,prevalence,all,50,9.444444510444379e-05,0.0057150802278996184,1.0
0.95,buchwald-hartwig,bh_reaction_3,10,20,prevalence,not_yet_hit,17,0.11722810810836615,0.4152601591820863,0.9411764705882353
0.95,buchwald-hartwig,bh_reaction_3,10,40,prevalence,not_yet_hit,17,0.0002777777777777758,0.016807118316381174,1.0
0.95,buchwald-hartwig,bh_reaction_4,5,20,prevalence,all,50,0.058807401444291474,0.2249550143009762,0.94
0.95,buchwald-hartwig,bh_reaction_4,5,20,prevalence,not_yet_hit,37,0.07946946141085334,0.30399291121735966,0.918918918918919
0.95,buchwald-hartwig,bh_reaction_4,5,40,prevalence,all,50,4.661123734742592e-05,0.00589670554052079,1.0
0.95,buchwald-hartwig,bh_reaction_4,5,40,prevalence,not_yet_hit,37,6.298815822625122e-05,0.007968169649176734,1.0
0.95,buchwald-hartwig,bh_reaction_4,10,20,prevalence,all,50,0.04957835326083963,0.15160199278503125,0.94
0.95,buchwald-hartwig,bh_reaction_4,10,40,prevalence,all,50,7.777777849777723e-05,0.0047067131289467495,1.0
0.95,buchwald-hartwig,bh_reaction_4,10,20,prevalence,not_yet_hit,14,0.17706554735757013,0.5414331170881116,0.7857142857142857
0.95,buchwald-hartwig,bh_reaction_4,10,40,prevalence,not_yet_hit,14,0.00027777777777777577,0.016807118316381178,1.0
0.95,buchwald-hartwig,bh_reaction_5,5,20,prevalence,all,50,0.03138870566440352,0.15933410664723305,0.98
0.95,buchwald-hartwig,bh_reaction_5,5,40,prevalence,all,50,4.787100049195095e-05,0.006056048933494325,1.0
0.95,buchwald-hartwig,bh_reaction_5,10,20,prevalence,all,50,0.03418234186482823,0.11913803172380531,0.98
0.95,buchwald-hartwig,bh_reaction_5,10,40,prevalence,all,50,7.777777849777723e-05,0.00470671312894675,1.0
0.95,buchwald-hartwig,bh_reaction_5,5,20,prevalence,not_yet_hit,38,0.041300928505478327,0.2096498245356751,0.9736842105263158
0.95,buchwald-hartwig,bh_reaction_5,5,40,prevalence,not_yet_hit,38,6.298815822625122e-05,0.007968169649176734,1.0
0.95,buchwald-hartwig,bh_reaction_5,10,20,prevalence,not_yet_hit,14,0.1220797923718151,0.4254903990123046,0.9285714285714286
0.95,buchwald-hartwig,bh_reaction_5,10,40,prevalence,not_yet_hit,14,0.00027777777777777577,0.016807118316381178,1.0
0.95,c2-yield,c2_yield_data,5,20,no_target,all,50,0.042048266458788106,0.17620416405854372,0.96
0.95,c2-yield,c2_yield_data,5,20,no_target,not_yet_hit,35,0.06006895208355445,0.25171980579770525,0.9428571428571428
0.95,c2-yield,c2_yield_data,5,40,no_target,all,50,4.1352646821598574e-05,0.005401310812682747,1.0
0.95,c2-yield,c2_yield_data,5,40,no_target,not_yet_hit,35,5.90752093165694e-05,0.007715729732189626,1.0
0.95,c2-yield,c2_yield_data,10,20,no_target,all,50,0.051178118256820025,0.16879257316558188,0.96
0.95,c2-yield,c2_yield_data,10,20,no_target,not_yet_hit,18,0.1421614396005001,0.4688664810146163,0.8888888888888888
0.95,c2-yield,c2_yield_data,10,40,no_target,all,50,0.00018397828243770433,0.008232355083682152,1.0
0.95,c2-yield,c2_yield_data,10,40,no_target,not_yet_hit,18,0.000511050782771401,0.022865875231561483,1.0
0.95,c2-yield,c2_yield_data,5,20,best,all,50,0.03793917545696702,0.15746287107572562,0.96
0.95,c2-yield,c2_yield_data,5,20,best,not_yet_hit,35,0.054198822080952884,0.22494653010796511,0.9428571428571428
0.95,c2-yield,c2_yield_data,5,40,best,all,50,2.6758631292519687e-05,0.004259962079975999,1.0
0.95,c2-yield,c2_yield_data,5,40,best,not_yet_hit,35,3.8226615703599544e-05,0.006085231542608558,1.0
0.95,c2-yield,c2_yield_data,10,20,best,all,50,0.045207661528038005,0.15451768375676106,0.96
0.95,c2-yield,c2_yield_data,10,20,best,not_yet_hit,18,0.12557683757610558,0.4292140104345585,0.8888888888888888
0.95,c2-yield,c2_yield_data,10,40,best,all,50,0.00012919683216261352,0.00687119061791341,1.0
0.95,c2-yield,c2_yield_data,10,40,best,not_yet_hit,18,0.00035888008756281535,0.019084862826648306,1.0
0.95,c2-yield,c2_yield_data,5,20,pilot_summary,all,50,0.04376761720685083,0.1833321355857764,0.96
0.95,c2-yield,c2_yield_data,5,20,pilot_summary,not_yet_hit,35,0.06252516743792975,0.2619026222651805,0.9428571428571428
0.95,c2-yield,c2_yield_data,5,40,pilot_summary,all,50,6.730051337488006e-05,0.006730991429297326,1.0
0.95,c2-yield,c2_yield_data,5,40,pilot_summary,not_yet_hit,35,9.614359010697154e-05,0.009615273470210453,1.0
0.95,c2-yield,c2_yield_data,10,20,pilot_summary,all,50,0.062103749936676104,0.19271633338261257,0.96
0.95,c2-yield,c2_yield_data,10,20,pilot_summary,not_yet_hit,18,0.17251041648898915,0.5353213705063683,0.8888888888888888
0.95,c2-yield,c2_yield_data,10,40,pilot_summary,all,50,0.00030936982201888215,0.010690663112313283,1.0
0.95,c2-yield,c2_yield_data,10,40,pilot_summary,not_yet_hit,18,0.0008593606149413394,0.02969450864442573,1.0
0.95,c2-yield,c2_yield_data,5,20,prevalence,all,50,0.04534639406655284,0.1892157234819839,0.96
0.95,c2-yield,c2_yield_data,5,20,prevalence,not_yet_hit,35,0.06478056295178977,0.2703077478311912,0.9428571428571428
0.95,c2-yield,c2_yield_data,5,40,prevalence,all,50,4.409171105837835e-05,0.005578018754573879,1.0
0.95,c2-yield,c2_yield_data,5,40,prevalence,not_yet_hit,35,6.29881582262548e-05,0.007968169649176958,1.0
0.95,c2-yield,c2_yield_data,10,20,prevalence,all,50,0.052939129129320396,0.1728053493479921,0.96
0.95,c2-yield,c2_yield_data,10,20,prevalence,not_yet_hit,18,0.14705313646855667,0.48001308152131134,0.8888888888888888
0.95,c2-yield,c2_yield_data,10,40,prevalence,all,50,0.00010000000064000063,0.006051202594217282,1.0
0.95,c2-yield,c2_yield_data,10,40,prevalence,not_yet_hit,18,0.0002777777777777795,0.016807118316381285,1.0
0.95,suzuki-miyaura,suzuki_miyaura_data,5,20,no_target,all,50,0.12041370429374165,0.3961906103568046,0.86
0.95,suzuki-miyaura,suzuki_miyaura_data,5,20,no_target,not_yet_hit,42,0.14334964796854957,0.47165529804371975,0.8333333333333334
0.95,suzuki-miyaura,suzuki_miyaura_data,5,40,no_target,all,50,0.01994905440156169,0.13383454917671342,0.98
0.95,suzuki-miyaura,suzuki_miyaura_data,5,40,no_target,not_yet_hit,42,0.023748874287382968,0.1593266537817064,0.9761904761904762
0.95,suzuki-miyaura,suzuki_miyaura_data,10,20,no_target,all,50,0.09670919299111869,0.2735667486056597,0.86
0.95,suzuki-miyaura,suzuki_miyaura_data,10,20,no_target,not_yet_hit,20,0.2417729824762968,0.6839153715133994,0.65
0.95,suzuki-miyaura,suzuki_miyaura_data,10,40,no_target,all,50,0.0198638486275186,0.11428265875841748,0.98
0.95,suzuki-miyaura,suzuki_miyaura_data,10,40,no_target,not_yet_hit,20,0.049659621567296496,0.2857051468952936,0.95
0.95,suzuki-miyaura,suzuki_miyaura_data,5,20,best,all,50,0.12458865842109225,0.42671046624615205,0.86
0.95,suzuki-miyaura,suzuki_miyaura_data,5,20,best,not_yet_hit,42,0.14831983145349076,0.5079884598167526,0.8333333333333334
0.95,suzuki-miyaura,suzuki_miyaura_data,5,40,best,all,50,0.01996858825017757,0.14315007722378162,0.98
0.95,suzuki-miyaura,suzuki_miyaura_data,5,40,best,not_yet_hit,42,0.023772128869068536,0.1704165681234543,0.9761904761904762
0.95,suzuki-miyaura,suzuki_miyaura_data,10,20,best,all,50,0.10511435113828589,0.3023596698287046,0.86
0.95,suzuki-miyaura,suzuki_miyaura_data,10,20,best,not_yet_hit,20,0.2627858778442147,0.7558976745710116,0.65
0.95,suzuki-miyaura,suzuki_miyaura_data,10,40,best,all,50,0.019917976560398985,0.12400179611301183,0.98
0.95,suzuki-miyaura,suzuki_miyaura_data,10,40,best,not_yet_hit,20,0.04979494139949746,0.31000299028177947,0.95
0.95,suzuki-miyaura,suzuki_miyaura_data,5,20,pilot_summary,all,50,0.13154720628027985,0.4961886025773218,0.86
0.95,suzuki-miyaura,suzuki_miyaura_data,5,20,pilot_summary,not_yet_hit,42,0.15660381700014267,0.5907005268776688,0.8333333333333334
0.95,suzuki-miyaura,suzuki_miyaura_data,5,40,pilot_summary,all,50,0.019986444821656225,0.15911359545577394,0.98
0.95,suzuki-miyaura,suzuki_miyaura_data,5,40,pilot_summary,not_yet_hit,42,0.023793386692257407,0.18942075649487375,0.9761904761904762
0.95,suzuki-miyaura,suzuki_miyaura_data,10,20,pilot_summary,all,50,0.11419863352034718,0.34429820031962505,0.86
0.95,suzuki-miyaura,suzuki_miyaura_data,10,20,pilot_summary,not_yet_hit,20,0.28549658379936793,0.8607440007983127,0.65
0.95,suzuki-miyaura,suzuki_miyaura_data,10,40,pilot_summary,all,50,0.01994443298370839,0.1315635240365239,0.98
0.95,suzuki-miyaura,suzuki_miyaura_data,10,40,pilot_summary,not_yet_hit,20,0.049861082457770975,0.32890731009055973,0.95
0.95,suzuki-miyaura,suzuki_miyaura_data,5,20,prevalence,all,50,0.11812133365900841,0.3845771932658977,0.86
0.95,suzuki-miyaura,suzuki_miyaura_data,5,20,prevalence,not_yet_hit,42,0.14062063530815286,0.45782980150692587,0.8333333333333334
0.95,suzuki-miyaura,suzuki_miyaura_data,5,40,prevalence,all,50,0.019999960000999996,0.2763111911592004,0.98
0.95,suzuki-miyaura,suzuki_miyaura_data,5,40,prevalence,not_yet_hit,42,0.02380947619147619,0.32894170376085763,0.9761904761904762
0.95,suzuki-miyaura,suzuki_miyaura_data,10,20,prevalence,all,50,0.0949025120701516,0.2686196040965012,0.86
0.95,suzuki-miyaura,suzuki_miyaura_data,10,20,prevalence,not_yet_hit,20,0.23725628017387898,0.6715475102405032,0.65
0.95,suzuki-miyaura,suzuki_miyaura_data,10,40,prevalence,all,50,0.019999960000999996,0.2763111911592004,0.98
0.95,suzuki-miyaura,suzuki_miyaura_data,10,40,prevalence,not_yet_hit,20,0.04999990000099999,0.6907764778972509,0.95
0.99,additives,additive_rxn_screening_plate_1,5,20,no_target,all,50,0.23119108757466106,0.6439403639434861,0.12
0.99,additives,additive_rxn_screening_plate_1,5,20,no_target,not_yet_hit,47,0.24594796550489473,0.6850428765355914,0.06382978723404255
0.99,additives,additive_rxn_screening_plate_1,5,40,no_target,all,50,0.05760104325740143,0.2673472270260836,1.0
0.99,additives,additive_rxn_screening_plate_1,5,40,no_target,not_yet_hit,47,0.06127770559291644,0.2844118798149506,1.0
0.99,additives,additive_rxn_screening_plate_1,10,20,no_target,all,50,0.16945024404810197,0.5191273814992308,0.12
0.99,additives,additive_rxn_screening_plate_1,10,20,no_target,not_yet_hit,47,0.18026621707238508,0.552263107977873,0.06382978723404255
0.99,additives,additive_rxn_screening_plate_1,10,40,no_target,all,50,0.09408421109282773,0.3575173479028966,1.0
0.99,additives,additive_rxn_screening_plate_1,10,40,no_target,not_yet_hit,47,0.1000895862689018,0.3803375403221985,1.0
0.99,additives,additive_rxn_screening_plate_2,5,20,no_target,all,50,0.23119108757466109,0.6439403639434861,0.12
0.99,additives,additive_rxn_screening_plate_2,5,20,no_target,not_yet_hit,47,0.24594796550489473,0.6850428765355914,0.06382978723404255
0.99,additives,additive_rxn_screening_plate_2,5,40,no_target,all,50,0.05760104325740143,0.2673472270260836,1.0
0.99,additives,additive_rxn_screening_plate_2,5,40,no_target,not_yet_hit,47,0.06127770559291644,0.2844118798149506,1.0
0.99,additives,additive_rxn_screening_plate_2,10,20,no_target,all,50,0.16945024404810197,0.5191273814992308,0.12
0.99,additives,additive_rxn_screening_plate_2,10,20,no_target,not_yet_hit,47,0.18026621707238508,0.552263107977873,0.06382978723404255
0.99,additives,additive_rxn_screening_plate_2,10,40,no_target,all,50,0.09408421109282773,0.3575173479028966,1.0
0.99,additives,additive_rxn_screening_plate_2,10,40,no_target,not_yet_hit,47,0.1000895862689018,0.3803375403221985,1.0
0.99,additives,additive_rxn_screening_plate_3,5,20,no_target,all,50,0.23119108757466106,0.6439403639434861,0.12
0.99,additives,additive_rxn_screening_plate_3,5,20,no_target,not_yet_hit,47,0.24594796550489473,0.6850428765355914,0.06382978723404255
0.99,additives,additive_rxn_screening_plate_3,5,40,no_target,all,50,0.05760104325740143,0.2673472270260836,1.0
0.99,additives,additive_rxn_screening_plate_3,5,40,no_target,not_yet_hit,47,0.06127770559291644,0.2844118798149506,1.0
0.99,additives,additive_rxn_screening_plate_3,10,20,no_target,all,50,0.16945024404810197,0.5191273814992308,0.12
0.99,additives,additive_rxn_screening_plate_3,10,20,no_target,not_yet_hit,47,0.18026621707238508,0.552263107977873,0.06382978723404255
0.99,additives,additive_rxn_screening_plate_3,10,40,no_target,all,50,0.09408421109282773,0.3575173479028966,1.0
0.99,additives,additive_rxn_screening_plate_3,10,40,no_target,not_yet_hit,47,0.1000895862689018,0.3803375403221985,1.0
0.99,additives,additive_rxn_screening_plate_4,5,20,no_target,all,50,0.23119108757466109,0.6439403639434861,0.12
0.99,additives,additive_rxn_screening_plate_4,5,20,no_target,not_yet_hit,47,0.24594796550489473,0.6850428765355914,0.06382978723404255
0.99,additives,additive_rxn_screening_plate_4,5,40,no_target,all,50,0.05760104325740143,0.2673472270260836,1.0
0.99,additives,additive_rxn_screening_plate_4,5,40,no_target,not_yet_hit,47,0.06127770559291644,0.2844118798149506,1.0
0.99,additives,additive_rxn_screening_plate_4,10,20,no_target,all,50,0.16945024404810197,0.5191273814992308,0.12
0.99,additives,additive_rxn_screening_plate_4,10,20,no_target,not_yet_hit,47,0.18026621707238508,0.552263107977873,0.06382978723404255
0.99,additives,additive_rxn_screening_plate_4,10,40,no_target,all,50,0.09408421109282773,0.3575173479028966,1.0
0.99,additives,additive_rxn_screening_plate_4,10,40,no_target,not_yet_hit,47,0.1000895862689018,0.3803375403221985,1.0
0.99,additives,additive_rxn_screening_plate_1,5,20,best,all,50,0.22969448127665626,0.6410494059499316,0.12
0.99,additives,additive_rxn_screening_plate_1,5,20,best,not_yet_hit,47,0.24435583114531523,0.6819673893084062,0.06382978723404255
0.99,additives,additive_rxn_screening_plate_1,5,40,best,all,50,0.05908142840733678,0.27067979659569835,1.0
0.99,additives,additive_rxn_screening_plate_1,5,40,best,not_yet_hit,47,0.06285258341199658,0.28795716659113657,1.0
0.99,additives,additive_rxn_screening_plate_1,10,20,best,all,50,0.17170145148837762,0.5237421987595475,0.12
0.99,additives,additive_rxn_screening_plate_1,10,20,best,not_yet_hit,47,0.18266111860459316,0.5571724880420399,0.06382978723404255
0.99,additives,additive_rxn_screening_plate_1,10,40,best,all,50,0.09173309024446491,0.35201044531308723,1.0
0.99,additives,additive_rxn_screening_plate_1,10,40,best,not_yet_hit,47,0.09758839387702652,0.37447913331176297,1.0
0.99,additives,additive_rxn_screening_plate_2,5,20,best,all,50,0.2616425368484629,0.7051435539850626,0.12
0.99,additives,additive_rxn_screening_plate_2,5,20,best,not_yet_hit,47,0.2783431243068116,0.7501526531755667,0.06382978723404255
0.99,additives,additive_rxn_screening_plate_2,5,40,best,all,50,0.04619701846995011,0.23482108620271866,1.0
0.99,additives,additive_rxn_screening_plate_2,5,40,best,not_yet_hit,47,0.04914576432967034,0.2498096023432858,1.0
0.99,additives,additive_rxn_screening_plate_2,10,20,best,all,50,0.1993842997664676,0.5800185794503828,0.12
0.99,additives,additive_rxn_screening_plate_2,10,20,best,not_yet_hit,47,0.21211095719830586,0.6170409781386731,0.06382978723404255
0.99,additives,additive_rxn_screening_plate_2,10,40,best,all,50,0.07287353647235494,0.3064142642576895,1.0
0.99,additives,additive_rxn_screening_plate_2,10,40,best,not_yet_hit,47,0.07752503880031376,0.3259725577209144,1.0
0.99,additives,additive_rxn_screening_plate_3,5,20,best,all,50,0.3212327285374089,0.8264285027588143,0.12
0.99,additives,additive_rxn_screening_plate_3,5,20,best,not_yet_hit,47,0.34173694525249887,0.8791791944242386,0.06382978723404255
0.99,additives,additive_rxn_screening_plate_3,5,40,best,all,50,0.030969546056490164,0.18803410768310166,1.0
0.99,additives,additive_rxn_screening_plate_3,5,40,best,not_yet_hit,47,0.03294632559194698,0.20003622093943796,1.0
0.99,additives,additive_rxn_screening_plate_3,10,20,best,all,50,0.21948047838672757,0.6205038570669456,0.12
0.99,additives,additive_rxn_screening_plate_3,10,20,best,not_yet_hit,47,0.23348987062411444,0.6601104224116122,0.06382978723404255
0.99,additives,additive_rxn_screening_plate_3,10,40,best,all,50,0.06262309926336591,0.28063895742935946,1.0
0.99,additives,additive_rxn_screening_plate_3,10,40,best,not_yet_hit,47,0.06662031836521906,0.29855201854183994,1.0
0.99,additives,additive_rxn_screening_plate_4,5,20,best,all,50,0.2752166812663632,0.7323880344835814,0.12
0.99,additives,additive_rxn_screening_plate_4,5,20,best,not_yet_hit,47,0.2927837034747906,0.7791361430676077,0.06382978723404255
0.99,additives,additive_rxn_screening_plate_4,5,40,best,all,50,0.042207917289458975,0.22341260954170267,1.0
0.99,additives,additive_rxn_screening_plate_4,5,40,best,not_yet_hit,47,0.044902039669573374,0.2376729250443326,1.0
0.99,additives,additive_rxn_screening_plate_4,10,20,best,all,50,0.19758422076517249,0.5764793218663609,0.12
0.99,additives,additive_rxn_screening_plate_4,10,20,best,not_yet_hit,47,0.21019597953735367,0.6132758104960967,0.06382978723404255
0.99,additives,additive_rxn_screening_plate_4,10,40,best,all,50,0.07418851437777614,0.3099624790667546,1.0
0.99,additives,additive_rxn_screening_plate_4,10,40,best,not_yet_hit,47,0.07892395146565546,0.3297472543263028,1.0
0.99,additives,additive_rxn_screening_plate_1,5,20,pilot_summary,all,50,0.05895164590399941,0.23573799100070428,0.12
0.99,additives,additive_rxn_screening_plate_1,5,20,pilot_summary,not_yet_hit,47,0.06271451691908449,0.2507850329794407,0.06382978723404255
0.99,additives,additive_rxn_screening_plate_1,5,40,pilot_summary,all,50,0.2747615674348375,0.7427231025311767,1.0
0.99,additives,additive_rxn_screening_plate_1,5,40,pilot_summary,not_yet_hit,47,0.2922995398242314,0.7901308963097303,1.0
0.99,additives,additive_rxn_screening_plate_1,10,20,pilot_summary,all,50,0.06232757117531479,0.2529930082016283,0.12
0.99,additives,additive_rxn_screening_plate_1,10,20,pilot_summary,not_yet_hit,47,0.06630592678218596,0.2691414342570195,0.06382978723404255
0.99,additives,additive_rxn_screening_plate_1,10,40,pilot_summary,all,50,0.20049539073884598,0.5821738010329647,1.0
0.99,additives,additive_rxn_screening_plate_1,10,40,pilot_summary,not_yet_hit,47,0.21329296887104887,0.6193337670563135,1.0
0.99,additives,additive_rxn_screening_plate_2,5,20,pilot_summary,all,50,0.058235443717004426,0.24023042004935335,0.12
0.99,additives,additive_rxn_screening_plate_2,5,20,pilot_summary,not_yet_hit,47,0.06195259969887706,0.25556421281842906,0.06382978723404255
0.99,additives,additive_rxn_screening_plate_2,5,40,pilot_summary,all,50,0.447027234109034,1.12110252742663,1.0
0.99,additives,additive_rxn_screening_plate_2,5,40,pilot_summary,not_yet_hit,47,0.4755608873499724,1.19266219939,1.0
0.99,additives,additive_rxn_screening_plate_2,10,20,pilot_summary,all,50,0.05782150245676381,0.2349572122445209,0.12
0.99,additives,additive_rxn_screening_plate_2,10,20,pilot_summary,not_yet_hit,47,0.06151223665606788,0.2499544172813733,0.06382978723404255
0.99,additives,additive_rxn_screening_plate_2,10,40,pilot_summary,all,50,0.39417561561559994,0.9835845854766085,1.0
0.99,additives,additive_rxn_screening_plate_2,10,40,pilot_summary,not_yet_hit,47,0.41933576129312766,1.0463665164644456,1.0
0.99,additives,additive_rxn_screening_plate_3,5,20,pilot_summary,all,50,0.05694975362385134,0.23250175944518006,0.12
0.99,additives,additive_rxn_screening_plate_3,5,20,pilot_summary,not_yet_hit,47,0.060584844280629074,0.2473422334522873,0.06382978723404255
0.99,additives,additive_rxn_screening_plate_3,5,40,pilot_summary,all,50,0.6579978588648819,1.7165097212669815,1.0
0.99,additives,additive_rxn_screening_plate_3,5,40,pilot_summary,not_yet_hit,47,0.6999977221966192,1.8260741077307996,1.0
0.99,additives,additive_rxn_screening_plate_3,10,20,pilot_summary,all,50,0.05645041856325405,0.22595076852196985,0.12
0.99,additives,additive_rxn_screening_plate_3,10,20,pilot_summary,not_yet_hit,47,0.06005363676935536,0.24037309417227642,0.06382978723404255
0.99,additives,additive_rxn_screening_plate_3,10,40,pilot_summary,all,50,0.5053878213745895,1.2423183216546576,1.0
0.99,additives,additive_rxn_screening_plate_3,10,40,pilot_summary,not_yet_hit,47,0.5376466184835421,1.321615171973008,1.0
0.99,additives,additive_rxn_screening_plate_4,5,20,pilot_summary,all,50,0.05659082916463084,0.22596623493404652,0.12
0.99,additives,additive_rxn_screening_plate_4,5,20,pilot_summary,not_yet_hit,47,0.06020300974954345,0.24038954780214528,0.06382978723404255
0.99,additives,additive_rxn_screening_plate_4,5,40,pilot_summary,all,50,0.48568290673736114,1.2065870806703003,1.0
0.99,additives,additive_rxn_screening_plate_4,5,40,pilot_summary,not_yet_hit,47,0.5166839433375544,1.2836032134790107,1.0
0.99,additives,additive_rxn_screening_plate_4,10,20,pilot_summary,all,50,0.05658598595836727,0.2259510563674345,0.12
0.99,additives,additive_rxn_screening_plate_4,10,20,pilot_summary,not_yet_hit,47,0.060197857402454535,0.24037340039085578,0.06382978723404255
0.99,additives,additive_rxn_screening_plate_4,10,40,pilot_summary,all,50,0.3866473940104464,0.9646812400408195,1.0
0.99,additives,additive_rxn_screening_plate_4,10,40,pilot_summary,not_yet_hit,47,0.41132701490466633,1.0262565745114782,1.0
0.99,additives,additive_rxn_screening_plate_1,5,20,prevalence,all,50,0.22727330877991803,0.6361031671278627,0.12
0.99,additives,additive_rxn_screening_plate_1,5,20,prevalence,not_yet_hit,47,0.24178011572325314,0.6767054331147156,0.06382978723404255
0.99,additives,additive_rxn_screening_plate_1,5,40,prevalence,all,50,0.0689713810159626,0.2969568427632747,1.0
0.99,additives,additive_rxn_screening_plate_1,5,40,prevalence,not_yet_hit,47,0.07337380959138573,0.3159114710247284,1.0
0.99,additives,additive_rxn_screening_plate_1,10,20,prevalence,all,50,0.1713859773821432,0.5231213006594562,0.12
0.99,additives,additive_rxn_screening_plate_1,10,20,prevalence,not_yet_hit,47,0.18232550785328003,0.5565119581483255,0.06382978723404255
0.99,additives,additive_rxn_screening_plate_1,10,40,prevalence,all,50,0.07713017497995564,0.31725214433014015,1.0
0.99,additives,additive_rxn_screening_plate_1,10,40,prevalence,not_yet_hit,47,0.08205337763818683,0.3375022173724577,1.0
0.99,additives,additive_rxn_screening_plate_2,5,20,prevalence,all,50,0.22727330877991803,0.6361031671278627,0.12
0.99,additives,additive_rxn_screening_plate_2,5,20,prevalence,not_yet_hit,47,0.24178011572325314,0.6767054331147156,0.06382978723404255
0.99,additives,additive_rxn_screening_plate_2,5,40,prevalence,all,50,0.0689713810159626,0.2969568427632747,1.0
0.99,additives,additive_rxn_screening_plate_2,5,40,prevalence,not_yet_hit,47,0.07337380959138573,0.3159114710247284,1.0
0.99,additives,additive_rxn_screening_plate_2,10,20,prevalence,all,50,0.17138597738214323,0.5231213006594561,0.12
0.99,additives,additive_rxn_screening_plate_2,10,20,prevalence,not_yet_hit,47,0.18232550785328003,0.5565119581483255,0.06382978723404255
0.99,additives,additive_rxn_screening_plate_2,10,40,prevalence,all,50,0.07713017497995564,0.3172521443301402,1.0
0.99,additives,additive_rxn_screening_plate_2,10,40,prevalence,not_yet_hit,47,0.08205337763818683,0.3375022173724577,1.0
0.99,additives,additive_rxn_screening_plate_3,5,20,prevalence,all,50,0.22727330877991803,0.6361031671278627,0.12
0.99,additives,additive_rxn_screening_plate_3,5,20,prevalence,not_yet_hit,47,0.24178011572325314,0.6767054331147156,0.06382978723404255
0.99,additives,additive_rxn_screening_plate_3,5,40,prevalence,all,50,0.0689713810159626,0.2969568427632747,1.0
0.99,additives,additive_rxn_screening_plate_3,5,40,prevalence,not_yet_hit,47,0.07337380959138573,0.3159114710247284,1.0
0.99,additives,additive_rxn_screening_plate_3,10,20,prevalence,all,50,0.1713859773821432,0.5231213006594562,0.12
0.99,additives,additive_rxn_screening_plate_3,10,20,prevalence,not_yet_hit,47,0.18232550785328003,0.5565119581483255,0.06382978723404255
0.99,additives,additive_rxn_screening_plate_3,10,40,prevalence,all,50,0.07713017497995564,0.31725214433014015,1.0
0.99,additives,additive_rxn_screening_plate_3,10,40,prevalence,not_yet_hit,47,0.08205337763818683,0.3375022173724577,1.0
0.99,additives,additive_rxn_screening_plate_4,5,20,prevalence,all,50,0.22727330877991803,0.6361031671278627,0.12
0.99,additives,additive_rxn_screening_plate_4,5,20,prevalence,not_yet_hit,47,0.24178011572325314,0.6767054331147156,0.06382978723404255
0.99,additives,additive_rxn_screening_plate_4,5,40,prevalence,all,50,0.0689713810159626,0.2969568427632747,1.0
0.99,additives,additive_rxn_screening_plate_4,5,40,prevalence,not_yet_hit,47,0.07337380959138573,0.3159114710247284,1.0
0.99,additives,additive_rxn_screening_plate_4,10,20,prevalence,all,50,0.17138597738214323,0.5231213006594561,0.12
0.99,additives,additive_rxn_screening_plate_4,10,20,prevalence,not_yet_hit,47,0.18232550785328003,0.5565119581483255,0.06382978723404255
0.99,additives,additive_rxn_screening_plate_4,10,40,prevalence,all,50,0.07713017497995564,0.3172521443301402,1.0
0.99,additives,additive_rxn_screening_plate_4,10,40,prevalence,not_yet_hit,47,0.08205337763818683,0.3375022173724577,1.0
0.99,buchwald-hartwig,bh_reaction_1,5,20,no_target,all,50,0.366330344737084,0.9276038936508249,0.8
0.99,buchwald-hartwig,bh_reaction_1,5,20,no_target,not_yet_hit,46,0.3981851573228305,1.0082650148378096,0.782608695652174
0.99,buchwald-hartwig,bh_reaction_1,5,40,no_target,all,50,0.05666676071669247,0.26244020515953326,1.0
0.99,buchwald-hartwig,bh_reaction_1,5,40,no_target,not_yet_hit,46,0.06159430512675268,0.2852610056081448,1.0
0.99,buchwald-hartwig,bh_reaction_1,10,20,no_target,all,50,0.23294926024958415,0.6000634771636862,0.8
0.99,buchwald-hartwig,bh_reaction_1,10,40,no_target,all,50,0.05146012560343181,0.2079162176621571,1.0
0.99,buchwald-hartwig,bh_reaction_1,10,20,no_target,not_yet_hit,30,0.38824876708197364,1.0001051286058107,0.6666666666666666
0.99,buchwald-hartwig,bh_reaction_1,10,40,no_target,not_yet_hit,30,0.085766876005053,0.34652636276992854,1.0
0.99,buchwald-hartwig,bh_reaction_2,5,20,no_target,all,50,0.30802466039862464,0.7977823107724284,0.7
0.99,buchwald-hartwig,bh_reaction_2,5,40,no_target,all,50,0.06427570851144053,0.27319644344263844,0.98
0.99,buchwald-hartwig,bh_reaction_2,10,20,no_target,all,50,0.2616190867152317,0.6840719490685035,0.7
0.99,buchwald-hartwig,bh_reaction_2,10,40,no_target,all,50,0.07175309531870921,0.27406046527023803,0.98
0.99,buchwald-hartwig,bh_reaction_2,5,20,no_target,not_yet_hit,44,0.35002802318011894,0.906570671332237,0.6590909090909091
0.99,buchwald-hartwig,bh_reaction_2,5,40,no_target,not_yet_hit,44,0.07304057785377333,0.31045036754838456,0.9772727272727273
0.99,buchwald-hartwig,bh_reaction_2,10,20,no_target,not_yet_hit,37,0.3535393063715834,0.9244212014437478,0.5945945945945946
0.99,buchwald-hartwig,bh_reaction_2,10,40,no_target,not_yet_hit,37,0.09696364232222865,0.3703516287433891,0.972972972972973
0.99,buchwald-hartwig,bh_reaction_3,5,20,no_target,all,50,0.33886239431127696,0.8762956474245758,0.68
0.99,buchwald-hartwig,bh_reaction_3,5,20,no_target,not_yet_hit,48,0.35298166074087195,0.9128079244005788,0.6666666666666666
0.99,buchwald-hartwig,bh_reaction_3,5,40,no_target,all,50,0.06920325292150074,0.29601724389124995,0.98
0.99,buchwald-hartwig,bh_reaction_3,5,40,no_target,not_yet_hit,48,0.07208672179318827,0.30835125405336455,0.9791666666666666
0.99,buchwald-hartwig,bh_reaction_3,10,20,no_target,all,50,0.2519872113680984,0.6630696592810312,0.68
0.99,buchwald-hartwig,bh_reaction_3,10,40,no_target,all,50,0.07175309531870921,0.27406046527023803,0.98
0.99,buchwald-hartwig,bh_reaction_3,10,20,no_target,not_yet_hit,37,0.340523258605187,0.8960397287579743,0.5675675675675675
0.99,buchwald-hartwig,bh_reaction_3,10,40,no_target,not_yet_hit,37,0.09696364232222865,0.3703516287433891,0.972972972972973
0.99,buchwald-hartwig,bh_reaction_4,5,20,no_target,all,50,0.32512841909837353,0.8506415243114511,0.62
0.99,buchwald-hartwig,bh_reaction_4,5,20,no_target,not_yet_hit,49,0.3317636929575037,0.8680015350116745,0.6122448979591837
0.99,buchwald-hartwig,bh_reaction_4,5,40,no_target,all,50,0.0704351390240158,0.3017224440034029,0.98
0.99,buchwald-hartwig,bh_reaction_4,5,40,no_target,not_yet_hit,49,0.07187259084081205,0.307880024493258,0.9795918367346939
0.99,buchwald-hartwig,bh_reaction_4,10,20,no_target,all,50,0.21211598486936797,0.5730599440840171,0.62
0.99,buchwald-hartwig,bh_reaction_4,10,40,no_target,all,50,0.07003775779862816,0.2671299580148494,0.98
0.99,buchwald-hartwig,bh_reaction_4,10,20,no_target,not_yet_hit,36,0.2946055345404,0.7959162001164959,0.4722222222222222
0.99,buchwald-hartwig,bh_reaction_4,10,40,no_target,not_yet_hit,36,0.09727466360881687,0.3710134416870964,0.9722222222222222
0.99,buchwald-hartwig,bh_reaction_5,5,20,no_target,all,50,0.2493662973312663,0.6806086721444901,0.5
0.99,buchwald-hartwig,bh_reaction_5,5,20,no_target,not_yet_hit,46,0.27105032318607203,0.739791947983098,0.45652173913043476
0.99,buchwald-hartwig,bh_reaction_5,5,40,no_target,all,50,0.08688492071602699,0.3289401206817661,0.94
0.99,buchwald-hartwig,bh_reaction_5,5,40,no_target,not_yet_hit,46,0.09444013121298585,0.3575435224801371,0.9347826086956522
0.99,buchwald-hartwig,bh_reaction_5,10,20,no_target,all,50,0.15432473278656827,0.4470462053591828,0.5
0.99,buchwald-hartwig,bh_reaction_5,10,40,no_target,all,50,0.08660897194804812,0.30239135165557124,0.94
0.99,buchwald-hartwig,bh_reaction_5,10,20,no_target,not_yet_hit,36,0.21433990664762262,0.620897118554226,0.3055555555555556
0.99,buchwald-hartwig,bh_reaction_5,10,40,no_target,not_yet_hit,36,0.12029023881634461,0.41998759952143216,0.9166666666666666
0.99,buchwald-hartwig,bh_reaction_1,5,20,best,all,50,0.3762397825909987,0.9515111833065144,0.8
0.99,buchwald-hartwig,bh_reaction_1,5,20,best,not_yet_hit,46,0.40895628542491164,1.0342511992461676,0.782608695652174
0.99,buchwald-hartwig,bh_reaction_1,5,40,best,all,50,0.05978631876799417,0.27048737531388733,1.0
0.99,buchwald-hartwig,bh_reaction_1,5,40,best,not_yet_hit,46,0.06498512909555887,0.29400792968896455,1.0
0.99,buchwald-hartwig,bh_reaction_1,10,20,best,all,50,0.23873293612267638,0.6153497520506616,0.8
0.99,buchwald-hartwig,bh_reaction_1,10,40,best,all,50,0.054339320982250756,0.21477820188969257,1.0
0.99,buchwald-hartwig,bh_reaction_1,10,20,best,not_yet_hit,30,0.3978882268704606,1.0255822534174361,0.6666666666666666
0.99,buchwald-hartwig,bh_reaction_1,10,40,best,not_yet_hit,30,0.09056553496975124,0.3579630031491543,1.0
0.99,buchwald-hartwig,bh_reaction_2,5,20,best,all,50,0.3039231356168108,0.788359614005871,0.7
0.99,buchwald-hartwig,bh_reaction_2,5,40,best,all,50,0.062427270071657236,0.26804864273626655,0.98
0.99,buchwald-hartwig,bh_reaction_2,10,20,best,all,50,0.25852937586200214,0.6761797658587715,0.7
0.99,buchwald-hartwig,bh_reaction_2,10,40,best,all,50,0.0688831993550503,0.26701748399678876,0.98
0.99,buchwald-hartwig,bh_reaction_2,5,20,best,not_yet_hit,44,0.34536719956442136,0.89586306137024,0.6590909090909091
0.99,buchwald-hartwig,bh_reaction_2,5,40,best,not_yet_hit,44,0.07094007962674685,0.30460059401841655,0.9772727272727273
0.99,buchwald-hartwig,bh_reaction_2,10,20,best,not_yet_hit,37,0.34936402143478673,0.9137560889981642,0.5945945945945946
0.99,buchwald-hartwig,bh_reaction_2,10,40,best,not_yet_hit,37,0.09308540453350041,0.36083408648197135,0.972972972972973
0.99,buchwald-hartwig,bh_reaction_3,5,20,best,all,50,0.34007000875445215,0.8793925795449365,0.68
0.99,buchwald-hartwig,bh_reaction_3,5,20,best,not_yet_hit,48,0.35423959245251274,0.916033895359288,0.6666666666666666
0.99,buchwald-hartwig,bh_reaction_3,5,40,best,all,50,0.06950296824332731,0.29644020268698285,0.98
0.99,buchwald-hartwig,bh_reaction_3,5,40,best,not_yet_hit,48,0.07239892525342428,0.308791836132253,0.9791666666666666
0.99,buchwald-hartwig,bh_reaction_3,10,20,best,all,50,0.2542935926386999,0.669322188094762,0.68
0.99,buchwald-hartwig,bh_reaction_3,10,40,best,all,50,0.07345142020084276,0.27799622445156724,0.98
0.99,buchwald-hartwig,bh_reaction_3,10,20,best,not_yet_hit,37,0.34363999005194573,0.9044890920197728,0.5675675675675675
0.99,buchwald-hartwig,bh_reaction_3,10,40,best,not_yet_hit,37,0.09925867594673347,0.37567022223167185,0.972972972972973
0.99,buchwald-hartwig,bh_reaction_4,5,20,best,all,50,0.33211766918726515,0.8674172569370149,0.62
0.99,buchwald-hartwig,bh_reaction_4,5,20,best,not_yet_hit,49,0.3388955808033114,0.8851196295275559,0.6122448979591837
0.99,buchwald-hartwig,bh_reaction_4,5,40,best,all,50,0.07285946448093314,0.3079413311933886,0.98
0.99,buchwald-hartwig,bh_reaction_4,5,40,best,not_yet_hit,49,0.0743463923274624,0.31422582774834557,0.9795918367346939
0.99,buchwald-hartwig,bh_reaction_4,10,20,best,all,50,0.21572132152648293,0.5825156999101369,0.62
0.99,buchwald-hartwig,bh_reaction_4,10,40,best,all,50,0.07245952069308684,0.2728697322799055,0.98
0.99,buchwald-hartwig,bh_reaction_4,10,20,best,not_yet_hit,36,0.29961294656417076,0.80904919431944,0.4722222222222222
0.99,buchwald-hartwig,bh_reaction_4,10,40,best,not_yet_hit,36,0.10063822318445392,0.37898535038856335,0.9722222222222222
0.99,buchwald-hartwig,bh_reaction_5,5,20,best,all,50,0.25203978313125563,0.6870435511531418,0.5
0.99,buchwald-hartwig,bh_reaction_5,5,20,best,not_yet_hit,46,0.27395628601214744,0.746786381688154,0.45652173913043476
0.99,buchwald-hartwig,bh_reaction_5,5,40,best,all,50,0.08988341065727486,0.3368954453547716,0.94
0.99,buchwald-hartwig,bh_reaction_5,5,40,best,not_yet_hit,46,0.0976993594099944,0.3661906145160127,0.9347826086956522
0.99,buchwald-hartwig,bh_reaction_5,10,20,best,all,50,0.15554425408902298,0.4502875280184942,0.5
0.99,buchwald-hartwig,bh_reaction_5,10,40,best,all,50,0.09069116404661853,0.3121228583385374,0.94
0.99,buchwald-hartwig,bh_reaction_5,10,20,best,not_yet_hit,36,0.21603368623436525,0.6253989555810475,0.3055555555555556
0.99,buchwald-hartwig,bh_reaction_5,10,40,best,not_yet_hit,36,0.12595995006435903,0.4335035810255521,0.9166666666666666
0.99,buchwald-hartwig,bh_reaction_1,5,20,pilot_summary,all,50,0.16601969734100624,0.5147465966556183,0.8
0.99,buchwald-hartwig,bh_reaction_1,5,20,pilot_summary,not_yet_hit,46,0.18045619276187638,0.5595070833212806,0.782608695652174
0.99,buchwald-hartwig,bh_reaction_1,5,40,pilot_summary,all,50,5.019721774808731e-05,0.006198436458293111,1.0
0.99,buchwald-hartwig,bh_reaction_1,5,40,pilot_summary,not_yet_hit,46,5.4562193117486206e-05,0.006737343976362073,1.0
0.99,buchwald-hartwig,bh_reaction_1,10,20,pilot_summary,all,50,0.1459078075422665,0.40944177755019473,0.8
0.99,buchwald-hartwig,bh_reaction_1,10,40,pilot_summary,all,50,0.00024689964690230117,0.0109256705015973,1.0
0.99,buchwald-hartwig,bh_reaction_1,10,20,pilot_summary,not_yet_hit,30,0.24317967923644415,0.6824022959166581,0.6666666666666666
0.99,buchwald-hartwig,bh_reaction_1,10,40,pilot_summary,not_yet_hit,30,0.0004114994108371687,0.018208784168995476,1.0
0.99,buchwald-hartwig,bh_reaction_2,5,20,pilot_summary,all,50,0.24452844114758332,0.7229792469489641,0.7
0.99,buchwald-hartwig,bh_reaction_2,5,40,pilot_summary,all,50,0.019992125130348058,0.12146588348722531,0.98
0.99,buchwald-hartwig,bh_reaction_2,10,20,pilot_summary,all,50,0.19916670446445991,0.551713849812195,0.7
0.99,buchwald-hartwig,bh_reaction_2,10,40,pilot_summary,all,50,0.01987203664868253,0.10753067221670393,0.98
0.99,buchwald-hartwig,bh_reaction_2,5,20,pilot_summary,not_yet_hit,44,0.27787322857666286,0.8215671897146636,0.6590909090909091
0.99,buchwald-hartwig,bh_reaction_2,5,40,pilot_summary,not_yet_hit,44,0.022718324011622795,0.1380292766899606,0.9772727272727273
0.99,buchwald-hartwig,bh_reaction_2,10,20,pilot_summary,not_yet_hit,37,0.2691441952218918,0.7455589051514391,0.5945945945945946
0.99,buchwald-hartwig,bh_reaction_2,10,40,pilot_summary,not_yet_hit,37,0.026854103578949365,0.14531136786023505,0.972972972972973
0.99,buchwald-hartwig,bh_reaction_3,5,20,pilot_summary,all,50,0.2655548760345365,0.7747041032996469,0.68
0.99,buchwald-hartwig,bh_reaction_3,5,20,pilot_summary,not_yet_hit,48,0.27661966253593384,0.8069833992704448,0.6666666666666666
0.99,buchwald-hartwig,bh_reaction_3,5,40,pilot_summary,all,50,0.019958188416859184,0.1153209496861236,0.98
0.99,buchwald-hartwig,bh_reaction_3,5,40,pilot_summary,not_yet_hit,48,0.020789779600853316,0.12012594758969125,0.9791666666666666
0.99,buchwald-hartwig,bh_reaction_3,10,20,pilot_summary,all,50,0.22088220744986736,0.6001314119170419,0.68
0.99,buchwald-hartwig,bh_reaction_3,10,40,pilot_summary,all,50,0.019857024425796038,0.10139126092836845,0.98
0.99,buchwald-hartwig,bh_reaction_3,10,20,pilot_summary,not_yet_hit,37,0.2984894695264964,0.8109880431309622,0.5675675675675675
0.99,buchwald-hartwig,bh_reaction_3,10,40,pilot_summary,not_yet_hit,37,0.026833816791264918,0.13701486611924113,0.972972972972973
0.99,buchwald-hartwig,bh_reaction_4,5,20,pilot_summary,all,50,0.2583626153111604,0.7294995430831893,0.62
0.99,buchwald-hartwig,bh_reaction_4,5,20,pilot_summary,not_yet_hit,49,0.26363532174606163,0.7443872684522238,0.6122448979591837
0.99,buchwald-hartwig,bh_reaction_4,5,40,pilot_summary,all,50,0.019652989112104145,0.0980920586924214,0.98
0.99,buchwald-hartwig,bh_reaction_4,5,40,pilot_summary,not_yet_hit,49,0.02005407052253484,0.10009391703307285,0.9795918367346939
0.99,buchwald-hartwig,bh_reaction_4,10,20,pilot_summary,all,50,0.19318531244283763,0.5273170111402263,0.62
0.99,buchwald-hartwig,bh_reaction_4,10,40,pilot_summary,all,50,0.018597589662474,0.07884930450252045,0.98
0.99,buchwald-hartwig,bh_reaction_4,10,20,pilot_summary,not_yet_hit,36,0.26831293394799666,0.7323843488056755,0.4722222222222222
0.99,buchwald-hartwig,bh_reaction_4,10,40,pilot_summary,not_yet_hit,36,0.025829985641936115,0.10951253403108392,0.9722222222222222
0.99,buchwald-hartwig,bh_reaction_5,5,20,pilot_summary,all,50,0.35290431201318634,0.983892347044405,0.5
0.99,buchwald-hartwig,bh_reaction_5,5,20,pilot_summary,not_yet_hit,46,0.38359164349250696,1.0694481163525706,0.45652173913043476
0.99,buchwald-hartwig,bh_reaction_5,5,40,pilot_summary,all,50,0.05921748929190586,0.3011028832814096,0.94
0.99,buchwald-hartwig,bh_reaction_5,5,40,pilot_summary,not_yet_hit,46,0.06436683618676724,0.32728565574061913,0.9347826086956522
0.99,buchwald-hartwig,bh_reaction_5,10,20,pilot_summary,all,50,0.2721696106137886,0.7140414948797924,0.5
0.99,buchwald-hartwig,bh_reaction_5,10,40,pilot_summary,all,50,0.05883562069871966,0.2768392067064713,0.94
0.99,buchwald-hartwig,bh_reaction_5,10,20,pilot_summary,not_yet_hit,36,0.3780133480743175,0.9917239095550726,0.3055555555555556
0.99,buchwald-hartwig,bh_reaction_5,10,40,pilot_summary,not_yet_hit,36,0.08171613985894395,0.38449850931434904,0.9166666666666666
0.99,buchwald-hartwig,bh_reaction_1,5,20,prevalence,all,50,0.3708524854831488,0.9383204603736689,0.8
0.99,buchwald-hartwig,bh_reaction_1,5,20,prevalence,not_yet_hit,46,0.4031005276989878,1.0199134569278574,0.782608695652174
0.99,buchwald-hartwig,bh_reaction_1,5,40,prevalence,all,50,0.06327961701995939,0.27983527552265397,1.0
0.99,buchwald-hartwig,bh_reaction_1,5,40,prevalence,not_yet_hit,46,0.06878219241291239,0.30416869078544984,1.0
0.99,buchwald-hartwig,bh_reaction_1,10,20,prevalence,all,50,0.23186215121698492,0.5972405661018451,0.8
0.99,buchwald-hartwig,bh_reaction_1,10,40,prevalence,all,50,0.04551985226263456,0.193313660720738,1.0
0.99,buchwald-hartwig,bh_reaction_1,10,20,prevalence,not_yet_hit,30,0.3864369186943083,0.9954002768360752,0.6666666666666666
0.99,buchwald-hartwig,bh_reaction_1,10,40,prevalence,not_yet_hit,30,0.0758664204370576,0.3221887678675633,1.0
0.99,buchwald-hartwig,bh_reaction_2,5,20,prevalence,all,50,0.31123735531982794,0.8053957759353899,0.7
0.99,buchwald-hartwig,bh_reaction_2,5,40,prevalence,all,50,0.07003778558825831,0.28835329806307775,0.98
0.99,buchwald-hartwig,bh_reaction_2,10,20,prevalence,all,50,0.26051612422485176,0.6812078695465544,0.7
0.99,buchwald-hartwig,bh_reaction_2,10,40,prevalence,all,50,0.0651236072640335,0.25776398397438127,0.98
0.99,buchwald-hartwig,bh_reaction_2,5,20,prevalence,not_yet_hit,44,0.3536788128633044,0.9152223362901477,0.6590909090909091
0.99,buchwald-hartwig,bh_reaction_2,5,40,prevalence,not_yet_hit,44,0.07958839271379353,0.327674065980702,0.9772727272727273
0.99,buchwald-hartwig,bh_reaction_2,10,20,prevalence,not_yet_hit,37,0.3520488165197186,0.9205508237113844,0.5945945945945946
0.99,buchwald-hartwig,bh_reaction_2,10,40,prevalence,not_yet_hit,37,0.08800487468077499,0.34832935672196125,0.972972972972973
0.99,buchwald-hartwig,bh_reaction_3,5,20,prevalence,all,50,0.3424416109183373,0.8847776960217102,0.68
0.99,buchwald-hartwig,bh_reaction_3,5,20,prevalence,not_yet_hit,48,0.3567100113732264,0.9216433916892606,0.6666666666666666
0.99,buchwald-hartwig,bh_reaction_3,5,40,prevalence,all,50,0.07554036098121131,0.31268671332587383,0.98
0.99,buchwald-hartwig,bh_reaction_3,5,40,prevalence,not_yet_hit,48,0.07868787602205345,0.32571528471443106,0.9791666666666666
0.99,buchwald-hartwig,bh_reaction_3,10,20,prevalence,all,50,0.2509734258714031,0.6604371463044529,0.68
0.99,buchwald-hartwig,bh_reaction_3,10,40,prevalence,all,50,0.0651236072640335,0.25776398397438127,0.98
0.99,buchwald-hartwig,bh_reaction_3,10,20,prevalence,not_yet_hit,37,0.33915327820424745,0.8924822787896255,0.5675675675675675
0.99,buchwald-hartwig,bh_reaction_3,10,40,prevalence,not_yet_hit,37,0.08800487468077499,0.34832935672196125,0.972972972972973
0.99,buchwald-hartwig,bh_reaction_4,5,20,prevalence,all,50,0.3282361736359316,0.8580063138457308,0.62
0.99,buchwald-hartwig,bh_reaction_4,5,20,prevalence,not_yet_hit,49,0.3349348710570526,0.8755166263731845,0.6122448979591837
0.99,buchwald-hartwig,bh_reaction_4,5,40,prevalence,all,50,0.07691600482944955,0.31877006714157274,0.98
0.99,buchwald-hartwig,bh_reaction_4,5,40,prevalence,not_yet_hit,49,0.07848571921370362,0.32527555830771715,0.9795918367346939
0.99,buchwald-hartwig,bh_reaction_4,10,20,prevalence,all,50,0.21143569298604148,0.5712934166274025,0.62
0.99,buchwald-hartwig,bh_reaction_4,10,40,prevalence,all,50,0.06360627885531235,0.25132022861704,0.98
0.99,buchwald-hartwig,bh_reaction_4,10,20,prevalence,not_yet_hit,36,0.29366068470244655,0.7934626897600869,0.4722222222222222
0.99,buchwald-hartwig,bh_reaction_4,10,40,prevalence,not_yet_hit,36,0.0883420539653227,0.34905548419013893,0.9722222222222222
0.99,buchwald-hartwig,bh_reaction_5,5,20,prevalence,all,50,0.2508170244902409,0.6840466665687994,0.5
0.99,buchwald-hartwig,bh_reaction_5,5,20,prevalence,not_yet_hit,46,0.2726272005327836,0.7435288984443037,0.45652173913043476
0.99,buchwald-hartwig,bh_reaction_5,5,40,prevalence,all,50,0.09180798581428565,0.3418894660381195,0.94
0.99,buchwald-hartwig,bh_reaction_5,5,40,prevalence,not_yet_hit,46,0.09979128892848443,0.3716188978674776,0.9347826086956522
0.99,buchwald-hartwig,bh_reaction_5,10,20,prevalence,all,50,0.15417950286534965,0.4466690771747927,0.5
0.99,buchwald-hartwig,bh_reaction_5,10,40,prevalence,all,50,0.0815711911360141,0.290008300121549,0.94
0.99,buchwald-hartwig,bh_reaction_5,10,20,prevalence,not_yet_hit,36,0.2141381984237079,0.62037332940924,0.3055555555555556
0.99,buchwald-hartwig,bh_reaction_5,10,40,prevalence,not_yet_hit,36,0.1132933210218529,0.4027889168352903,0.9166666666666666
0.99,c2-yield,c2_yield_data,5,20,no_target,all,50,0.22461494948833544,0.630782020141842,0.18
0.99,c2-yield,c2_yield_data,5,20,no_target,not_yet_hit,47,0.23895207392369722,0.6710446384487363,0.1276595744680851
0.99,c2-yield,c2_yield_data,5,40,no_target,all,50,0.697932561280778,3.004491986181125,0.28
0.99,c2-yield,c2_yield_data,5,40,no_target,not_yet_hit,47,0.7424814481709765,3.196268006575633,0.23404255319148937
0.99,c2-yield,c2_yield_data,10,20,no_target,all,50,0.15610302947118207,0.4840373091301904,0.18
0.99,c2-yield,c2_yield_data,10,20,no_target,not_yet_hit,45,0.17344781052342448,0.5378191212557115,0.08888888888888889
0.99,c2-yield,c2_yield_data,10,40,no_target,all,50,0.6882632320795831,2.7406840860987485,0.28
0.99,c2-yield,c2_yield_data,10,40,no_target,not_yet_hit,45,0.7647369245327588,3.0452044289985527,0.2
0.99,c2-yield,c2_yield_data,5,20,best,all,50,0.3630562104586441,0.9252217790267706,0.18
0.99,c2-yield,c2_yield_data,5,20,best,not_yet_hit,47,0.38623001112615335,0.9842784244965324,0.1276595744680851
0.99,c2-yield,c2_yield_data,5,40,best,all,50,0.7121002061018451,3.8374096810036993,0.28
0.99,c2-yield,c2_yield_data,5,40,best,not_yet_hit,47,0.7575534107465798,4.082350660642202,0.23404255319148937
0.99,c2-yield,c2_yield_data,10,20,best,all,50,0.24218674272304386,0.6583722409433449,0.18
0.99,c2-yield,c2_yield_data,10,20,best,not_yet_hit,45,0.269096380803271,0.7315246010481053,0.08888888888888889
0.99,c2-yield,c2_yield_data,10,40,best,all,50,0.7079282019439006,3.4538302022499052,0.28
0.99,c2-yield,c2_yield_data,10,40,best,not_yet_hit,45,0.7865868910486674,3.83758900249984,0.2
0.99,c2-yield,c2_yield_data,5,20,pilot_summary,all,50,0.10789109357695599,0.3612964180870532,0.18
0.99,c2-yield,c2_yield_data,5,20,pilot_summary,not_yet_hit,47,0.11477775912435743,0.3843578277521524,0.1276595744680851
0.99,c2-yield,c2_yield_data,5,40,pilot_summary,all,50,0.6730761884854581,2.556324606804118,0.28
0.99,c2-yield,c2_yield_data,5,40,pilot_summary,not_yet_hit,47,0.7160384983887215,2.7194941987277534,0.23404255319148937
0.99,c2-yield,c2_yield_data,10,20,pilot_summary,all,50,0.0754568332356815,0.2778727422614599,0.18
0.99,c2-yield,c2_yield_data,10,20,pilot_summary,not_yet_hit,45,0.0838409258173128,0.3087473802904555,0.08888888888888889
0.99,c2-yield,c2_yield_data,10,40,pilot_summary,all,50,0.6640596756177787,2.367640193751066,0.28
0.99,c2-yield,c2_yield_data,10,40,pilot_summary,not_yet_hit,45,0.7378440840196429,2.6307112152789065,0.2
0.99,c2-yield,c2_yield_data,5,20,prevalence,all,50,0.21432951756679963,0.6101661553553331,0.18
0.99,c2-yield,c2_yield_data,5,20,prevalence,not_yet_hit,47,0.2280101250709996,0.6491128673992589,0.1276595744680851
0.99,c2-yield,c2_yield_data,5,40,prevalence,all,50,0.6978256233772755,3.0009922712088994,0.28
0.99,c2-yield,c2_yield_data,5,40,prevalence,not_yet_hit,47,0.742367684443846,3.1925449055413506,0.23404255319148937
0.99,c2-yield,c2_yield_data,10,20,prevalence,all,50,0.16315093324966118,0.49872984602629056,0.18
0.99,c2-yield,c2_yield_data,10,20,prevalence,not_yet_hit,45,0.18127881472173463,0.5541441622513783,0.08888888888888889
0.99,c2-yield,c2_yield_data,10,40,prevalence,all,50,0.6918647934701692,2.8281101300816998,0.28
0.99,c2-yield,c2_yield_data,10,40,prevalence,not_yet_hit,45,0.7687386594111879,3.1423444778685004,0.2
0.99,suzuki-miyaura,suzuki_miyaura_data,5,20,no_target,all,50,0.37530579877245474,0.9596879702093366,0.72
0.99,suzuki-miyaura,suzuki_miyaura_data,5,20,no_target,not_yet_hit,48,0.39094354038793205,0.9996749273013714,0.7083333333333334
0.99,suzuki-miyaura,suzuki_miyaura_data,5,40,no_target,all,50,0.06760141037113804,0.2917031544235047,0.98
0.99,suzuki-miyaura,suzuki_miyaura_data,5,40,no_target,not_yet_hit,48,0.07041813580322713,0.30385741085779655,0.9791666666666666
0.99,suzuki-miyaura,suzuki_miyaura_data,10,20,no_target,all,50,0.302213282477705,0.786614466911765,0.72
0.99,suzuki-miyaura,suzuki_miyaura_data,10,20,no_target,not_yet_hit,38,0.3976490558914013,1.0350187196205851,0.631578947368421
0.99,suzuki-miyaura,suzuki_miyaura_data,10,40,no_target,all,50,0.07673560114335345,0.28881759306802296,0.98
0.99,suzuki-miyaura,suzuki_miyaura_data,10,40,no_target,not_yet_hit,38,0.1009678962409388,0.38002283298408274,0.9736842105263158
0.99,suzuki-miyaura,suzuki_miyaura_data,5,20,best,all,50,0.40552495166514213,1.0394419289844121,0.72
0.99,suzuki-miyaura,suzuki_miyaura_data,5,20,best,not_yet_hit,48,0.422421824651148,1.0827519676920747,0.7083333333333334
0.99,suzuki-miyaura,suzuki_miyaura_data,5,40,best,all,50,0.07989558308416807,0.3219639691562242,0.98
0.99,suzuki-miyaura,suzuki_miyaura_data,5,40,best,not_yet_hit,48,0.08322456571263341,0.33537909287104606,0.9791666666666666
0.99,suzuki-miyaura,suzuki_miyaura_data,10,20,best,all,50,0.32656585856346526,0.8585207482712391,0.72
0.99,suzuki-miyaura,suzuki_miyaura_data,10,20,best,not_yet_hit,38,0.4296919191621386,1.1296322477251566,0.631578947368421
0.99,suzuki-miyaura,suzuki_miyaura_data,10,40,best,all,50,0.09013058290511462,0.31912885251313095,0.98
0.99,suzuki-miyaura,suzuki_miyaura_data,10,40,best,not_yet_hit,38,0.11859287224325611,0.419906069096067,0.9736842105263158
0.99,suzuki-miyaura,suzuki_miyaura_data,5,20,pilot_summary,all,50,0.236496640853323,0.6597415968086701,0.72
0.99,suzuki-miyaura,suzuki_miyaura_data,5,20,pilot_summary,not_yet_hit,48,0.24635066755550308,0.6872307883423437,0.7083333333333334
0.99,suzuki-miyaura,suzuki_miyaura_data,5,40,pilot_summary,all,50,0.020437555840464174,0.1086340999185145,0.98
0.99,suzuki-miyaura,suzuki_miyaura_data,5,40,pilot_summary,not_yet_hit,48,0.021289120667108512,0.11316047908176512,0.9791666666666666
0.99,suzuki-miyaura,suzuki_miyaura_data,10,20,pilot_summary,all,50,0.2423108851065875,0.6409958667078302,0.72
0.99,suzuki-miyaura,suzuki_miyaura_data,10,20,pilot_summary,not_yet_hit,38,0.3188301119820361,0.8434152982996184,0.631578947368421
0.99,suzuki-miyaura,suzuki_miyaura_data,10,40,pilot_summary,all,50,0.02270183157284562,0.12431127458325776,0.98
0.99,suzuki-miyaura,suzuki_miyaura_data,10,40,pilot_summary,not_yet_hit,38,0.02987083101658634,0.16356715076728645,0.9736842105263158
0.99,suzuki-miyaura,suzuki_miyaura_data,5,20,prevalence,all,50,0.3780690365860578,0.9665820860011405,0.72
0.99,suzuki-miyaura,suzuki_miyaura_data,5,20,prevalence,not_yet_hit,48,0.3938219131104352,1.0068562979178337,0.7083333333333334
0.99,suzuki-miyaura,suzuki_miyaura_data,5,40,prevalence,all,50,0.07631621106374849,0.3146875935300594,0.98
0.99,suzuki-miyaura,suzuki_miyaura_data,5,40,prevalence,not_yet_hit,48,0.079496053191363,0.3277995349271244,0.9791666666666666
0.99,suzuki-miyaura,suzuki_miyaura_data,10,20,prevalence,all,50,0.30267283835113834,0.787931975799799,0.72
0.99,suzuki-miyaura,suzuki_miyaura_data,10,20,prevalence,not_yet_hit,38,0.3982537346722347,1.0367522839469459,0.631578947368421
0.99,suzuki-miyaura,suzuki_miyaura_data,10,40,prevalence,all,50,0.06749261133028873,0.2663361447415797,0.98
0.99,suzuki-miyaura,suzuki_miyaura_data,10,40,prevalence,not_yet_hit,38,0.08880606753953779,0.35044197992297316,0.9736842105263158
